,image_path,metaphor,true,prediction
0,/data/ajaunarena/our_dataset/images/46_3.jpg,Her sobriety crumbled under the heavy load of cocktails.,entailment,"the image and the sentence have a contradictory relationship. the image shows a colorful, abstract pattern that does not depict a person or a cocktail, and there is no text or context that would suggest a connection to the sentence. the sentence, on the other hand, describes a person's sobriety being affected by alcohol, which is a cocktail. the image and the sentence are not related, and the sentence contradicts the visual content of the image."
1,/data/ajaunarena/our_dataset/images/46_3.jpg,Multiple cocktails gradually eroded her ability to maintain clear-headed behavior.,entailment,"the image and the sentence have a relationship of entailment. the image shows a pattern that resembles a cocktail glass, and the sentence describes a situation where multiple cocktails gradually erode someone's ability to maintain clear-headed behavior. the image visually represents the concept of cocktails, which is a key element in the sentence, and thus the sentence can be inferred from the image."
2,/data/ajaunarena/our_dataset/images/46_3.jpg,The cocktails enhanced her sobriety and self-control.,contradiction,"the image and the sentence have a contradictory relationship. the image shows a pattern of shapes and colors that do not depict cocktails or any other objects that could be associated with enhancing sobriety or self-control. the sentence, on the other hand, describes a scenario that is not visually represented in the image. therefore, the sentence contradicts the visual content of the image."
3,/data/ajaunarena/our_dataset/images/1349_1.jpg,"Like a path's gradient, the scale rises steadily upward.",entailment,"the image provided appears to be an abstract or surreal representation of a landscape, with various shapes and colors that may suggest mountains, trees, and possibly a sky. the sentence ""like a path's gradient, the scale rises steadily upward"" is a metaphorical description of a path that ascends gradually.

the relationship between the image and the sentence is one of entailment. the image does not directly depict a path, but the description of the path's gradient in the sentence can be inferred from the shapes and colors in the image that may suggest a landscape with varying elevations. the sentence does not contradict the image; rather, it provides a metaphorical interpretation that can be derived from the visual content."
4,/data/ajaunarena/our_dataset/images/1349_1.jpg,The scale increases consistently from lower to higher values.,entailment,"the image provided appears to be an abstract or surreal representation of a landscape, with various shapes and colors that may suggest mountains, trees, and possibly a body of water. the sentence ""the scale increases consistently from lower to higher values"" is a statement about a numerical or quantitative relationship, which is not directly related to the visual content of the image.

therefore, the relationship between the image and the sentence is one of contradiction, as the sentence describes a numerical or quantitative relationship that is not visually represented in the image."
5,/data/ajaunarena/our_dataset/images/1349_1.jpg,The scale fluctuates erratically with no consistent pattern.,contradiction,"the image you've provided appears to be an abstract or fractal-like pattern with no clear, consistent pattern. the sentence ""the scale fluctuates erratically with no consistent pattern"" is a description of the image itself. therefore, the relationship between the image and the sentence is one of ""entailment,"" as the sentence accurately describes the characteristics of the image."
6,/data/ajaunarena/our_dataset/images/1026_3.jpg,Ovals are cradles of curved harmony.,entailment,"the image and the sentence have a relationship of contradiction. the image shows a pattern of lines and shapes that do not resemble ovals or cradles, and the sentence describes ovals as cradles of curved harmony, which is not a characteristic of the image."
7,/data/ajaunarena/our_dataset/images/1026_3.jpg,"Oval shapes blend curved lines to create smooth, balanced forms.",entailment,"the image and the sentence have an entailment relationship. the sentence describes the shapes in the image, which are indeed oval shapes that blend curved lines to create smooth, balanced forms. the image visually represents the concept described in the sentence."
8,/data/ajaunarena/our_dataset/images/1026_3.jpg,"Ovals are sharp and angular, creating discord in design.",contradiction,"the image and the sentence have a contradictory relationship. the image shows a design that is sharp and angular, which is the opposite of the sentence's description of ovals as being smooth and round."
9,/data/ajaunarena/our_dataset/images/382_0.jpg,His heart was spun from the finest glass.,entailment,"the image and the sentence do not have a direct relationship, so it is not possible to determine if the sentence entails or contradicts the image. the image appears to be an abstract pattern with no clear connection to the sentence provided."
10,/data/ajaunarena/our_dataset/images/382_0.jpg,He was extremely sensitive and emotionally vulnerable to hurt.,entailment,"the image provided is a pattern of light and dark, which does not have a direct relationship with the sentence. it is not possible to determine an inference relationship between the image and the sentence based on the visual content alone. the sentence describes a person's emotional state, which is not visually represented in the image. therefore, the relationship between the image and the sentence is neither entailment nor contradiction."
11,/data/ajaunarena/our_dataset/images/382_0.jpg,He was emotionally tough and completely immune to emotional pain.,contradiction,"the image and the sentence are in a relationship of contradiction. the image depicts a pattern that is visually chaotic and does not convey a sense of emotional toughness or immunity to emotional pain. the sentence, on the other hand, describes a person who is emotionally tough and immune to emotional pain, which is a positive and emotionally stable state. the two are contradictory because the image does not support the idea of emotional toughness or immunity to emotional pain."
12,/data/ajaunarena/our_dataset/images/1240_2.jpg,The light poured through the window like a gentle stream.,entailment,"the image and the sentence have an entailment relationship. the sentence describes the light as a gentle stream, which is a more specific and detailed description of the light in the image. the image itself shows light streaming through a window, and the sentence accurately captures the essence of the image."
13,/data/ajaunarena/our_dataset/images/1240_2.jpg,Sunlight entered the room gradually and smoothly through the window.,entailment,"the image and the sentence have an entailment relationship. the image shows a smooth and gradual transition of colors, which can be inferred to represent sunlight entering a room through a window. the sentence describes the same scene, but in a more abstract and descriptive manner."
14,/data/ajaunarena/our_dataset/images/1240_2.jpg,The light appeared suddenly and harshly through the window in a rigid beam.,contradiction,"the image and the sentence have a contradictory relationship. the image shows a blurry, colorful, and flowing light, which is the opposite of a sudden and harshly rigid beam of light."
15,/data/ajaunarena/our_dataset/images/914_2.jpg,Their vision has reached its home.,entailment,"the image provided appears to be an abstract or artistic representation, possibly of a cityscape or a digital or virtual environment. it is not a literal depiction of a home or a vision reaching a home. therefore, the sentence ""their vision has reached its home"" is a contradiction to the image, as it does not entail the content of the image."
16,/data/ajaunarena/our_dataset/images/914_2.jpg,They have successfully created what they envisioned.,entailment,"the image and the sentence do not have a direct relationship that would allow for a clear inference relationship of entailment or contradiction. the image appears to be an abstract or artistic representation, possibly of a cityscape or a digital glitch, while the sentence is a statement about the success of creating a vision. without more context or a clearer connection between the two, it is not possible to determine if the sentence entails or contradicts the image."
17,/data/ajaunarena/our_dataset/images/914_2.jpg,Their vision remained abstract and unrealized.,contradiction,"the image provided appears to be an abstract digital art piece with a blend of colors and shapes that do not form a clear, recognizable image. the sentence ""their vision remained abstract and unrealized"" describes a concept or idea that is not tangible or concrete, much like the abstract nature of the image.

given the abstract and unrealized nature of both the image and the sentence, the relationship between them could be described as ""entailment,"" as the sentence accurately captures the essence of the image's abstractness."
18,/data/ajaunarena/our_dataset/images/1281_2.jpg,Each idea is a seed that needs fertile soil to grow.,entailment,"the image and the sentence have a relationship of entailment. the image shows a close-up of what appears to be a leafy plant or a collection of leaves, which could be interpreted as a seedling. the sentence, ""each idea is a seed that needs fertile soil to grow,"" is a metaphorical statement that can be inferred from the image, as the leaves could be seen as the beginnings of a plant, which is a common way to describe the growth of an idea. the sentence does not contradict the image; rather, it provides a deeper interpretation or explanation of what is depicted in the image."
19,/data/ajaunarena/our_dataset/images/1281_2.jpg,Ideas require proper nurturing and supportive conditions to develop into something meaningful.,entailment,"the image provided appears to be an abstract or artistic representation, possibly of a natural scene or a conceptualized idea. the sentence provided is a philosophical or motivational statement about the importance of nurturing ideas.

the relationship between the image and the sentence is one of entailment. the image does not directly depict the concept of nurturing ideas, but it could be inferred that the image might represent the idea of growth or development, which is a part of the nurturing process. the image could be seen as a visual metaphor for the idea of nurturing, and the sentence provides a verbal explanation of the concept that the image might be intended to evoke."
20,/data/ajaunarena/our_dataset/images/1281_2.jpg,Ideas emerge fully formed and need no development or supporting environment.,contradiction,"the image you've provided appears to be an abstract or artistic representation, possibly of a natural scene with light and colors. the sentence you've provided, ""ideas emerge fully formed and need no development or supporting environment,"" is a philosophical or psychological statement about the nature of ideas and creativity.

the relationship between the image and the sentence is not one of entailment or contradiction. entailment would imply that the image logically or necessarily implies the sentence, which is not the case. contradiction would imply that the image and the sentence are logically opposed to each other, which is also not the case.

the relationship between the image and the sentence is more metaphorical or symbolic. the image could be seen as a visual representation of the concept of ideas emerging fully formed, with the colors and light possibly symbolizing the spark of creativity or the illumination of a new idea. however, this is a subjective interpretation, and the relationship between the image and the sentence is not a formal logical one."
21,/data/ajaunarena/our_dataset/images/1018_1.jpg,Their arms encircle vast resources.,entailment,"the image and the sentence have a relationship of contradiction. the image depicts a blurry, colorful scene that does not provide any clear indication of arms encircling vast resources. the sentence, on the other hand, describes a specific action and object that are not present or discernible in the image."
22,/data/ajaunarena/our_dataset/images/1018_1.jpg,They control and own extensive assets and materials.,entailment,"the image provided does not contain any text or information that would allow for a direct inference relationship with the sentence. therefore, it is neither entailing nor contradicting the sentence."
23,/data/ajaunarena/our_dataset/images/1018_1.jpg,They have minimal access to resources and materials.,contradiction,"the image provided is a blurry, colorful abstract pattern. it does not depict any specific objects or scenes that would allow for a direct inference relationship with the sentence. therefore, the relationship between the image and the sentence is neither entailment nor contradiction. the sentence is a statement about a situation, while the image is a visual representation that does not convey any information about the situation described in the sentence."
24,/data/ajaunarena/our_dataset/images/552_2.jpg,The new theory is a direct descendant of classical mechanics.,entailment,"the image provided is an abstract and artistic representation of various words and concepts, and it does not have a direct relationship with the sentence you provided. therefore, the relationship between the image and the sentence is neither entailment nor contradiction. the sentence is a statement of fact, while the image is a visual representation that does not convey any specific information or relationship to the sentence."
25,/data/ajaunarena/our_dataset/images/552_2.jpg,The new theory was developed from and builds upon the principles of classical mechanics.,entailment,"the image provided is a visual representation of a word cloud, which is a graphical representation of text data where the size of each word indicates its frequency or importance. the sentence ""the new theory was developed from and builds upon the principles of classical mechanics"" is a statement that describes a relationship between a new theory and classical mechanics.

the relationship between the image and the sentence is one of entailment. the image, being a visual representation of text data, does not directly entail the sentence. however, the sentence describes a relationship that can be inferred from the text data presented in the image. the words ""classical mechanics"" are prominent in the image, suggesting that the principles of classical mechanics are a significant part of the text data. the sentence is a logical conclusion that can be drawn from the information presented in the image."
26,/data/ajaunarena/our_dataset/images/552_2.jpg,The new theory has no connection to or basis in classical mechanics.,contradiction,"the image provided appears to be an abstract or artistic representation, and it is not possible to determine a direct inference relationship between the image and the sentence. the sentence describes a conceptual relationship between a new theory and classical mechanics, which is not visually represented in the image. therefore, the relationship between the image and the sentence is neither entailment nor contradiction, as they are not related in a logical or factual sense."
27,/data/ajaunarena/our_dataset/images/1802_0.jpg,Time is a precious mineral being mined away.,entailment,"the image and the sentence do not have a direct relationship, so it is neither entailment nor contradiction. they are unrelated."
28,/data/ajaunarena/our_dataset/images/1802_0.jpg,Each moment spent is irretrievable and reduces our remaining time.,entailment,"the image provided appears to be an abstract or artistic representation, and it does not have a direct relationship with the sentence provided. the sentence is a philosophical statement about the nature of time and the concept of time being finite. the image, on the other hand, is a visual representation that does not inherently convey the idea of time being finite or the concept of time being irretrievable. therefore, the relationship between the image and the sentence is one of contradiction, as the image does not entail the sentence and the sentence does not contradict the image."
29,/data/ajaunarena/our_dataset/images/1802_0.jpg,Time accumulates and grows the more we use it.,contradiction,"the image provided appears to be an abstract or artistic representation, and it is not possible to determine a direct inference relationship between the image and the sentence you provided. the sentence is a statement about time, while the image is a visual representation that may not have a direct connection to the concept of time or the sentence's meaning. therefore, the relationship between the image and the sentence is neither entailment nor contradiction."
30,/data/ajaunarena/our_dataset/images/1069_3.jpg,The supervisor shifted responsibility to the team leads.,entailment,"the image provided does not have a direct relationship with the sentence. it appears to be an abstract or artistic image, possibly representing a concept or idea, but it does not logically entail or contradict the sentence provided. the sentence describes a management action, while the image is a visual representation that does not convey information about management practices or responsibilities. therefore, the relationship between the image and the sentence is neither entailment nor contradiction."
31,/data/ajaunarena/our_dataset/images/1069_3.jpg,The supervisor delegated management duties to the team leads.,entailment,"the image provided is a visual representation of a word puzzle or a jigsaw puzzle, with various words and letters arranged in a way that does not form a coherent sentence or image. the sentence ""the supervisor delegated management duties to the team leads"" is a statement that describes a specific action or event.

given the nature of the image, it is not possible to infer a relationship of entailment or contradiction between the image and the sentence. the image does not provide any information that would allow for a logical inference relationship to be established with the sentence. the relationship between the image and the sentence is more akin to a visual metaphor or a conceptual representation, but it does not entail or contradict the sentence."
32,/data/ajaunarena/our_dataset/images/1069_3.jpg,The supervisor maintained all responsibilities at their level.,contradiction,"the image provided appears to be a collage of various elements, including what looks like a person's face and some text. however, the text is not clear enough to provide a meaningful inference relationship with the sentence you provided.

without clear text, it is not possible to determine if the image entails or contradicts the sentence. the sentence itself is a statement of fact, and without a clear visual representation of the supervisor's responsibilities, there is no basis for making an inference about the relationship between the image and the sentence."
33,/data/ajaunarena/our_dataset/images/1271_1.jpg,We're just gathering supplies for the long expedition ahead.,entailment,"the image provided appears to be an abstract or abstracted representation of a landscape or natural scene, with various shapes and colors that do not form a clear, recognizable image. the sentence ""we're just gathering supplies for the long expedition ahead"" is a description of an activity or situation, and it does not directly relate to the image.

given that the image does not depict a clear scene that could be associated with gathering supplies for an expedition, the relationship between the image and the sentence is one of contradiction. the image does not entail the sentence, and the sentence does not contradict the image, but they are not related in any way that would allow for either entailment or contradiction."
34,/data/ajaunarena/our_dataset/images/1271_1.jpg,"We're in the preparation phase of this long-term endeavor, collecting necessary resources and tools.",entailment,"the image provided appears to be an abstract or abstracted representation of a scene, possibly a landscape or a collection of objects. it is not a clear, recognizable depiction of a specific scene or object.

the sentence ""we're in the preparation phase of this long-term endeavor, collecting necessary resources and tools"" is a statement about a process or activity.

given the nature of the image and the sentence, there is no direct inference relationship between them. the image does not depict the process of preparing for a long-term endeavor or the collection of resources and tools. therefore, the relationship between the image and the sentence is one of contradiction, as the image does not provide any visual information that supports or contradicts the statement in the sentence."
35,/data/ajaunarena/our_dataset/images/1271_1.jpg,We can start this activity immediately without any preparation or planning.,contradiction,"the image provided appears to be an abstract or abstracted representation of a scene, possibly a landscape or a collection of objects. it is not possible to determine the content of the image with certainty due to its abstract nature.

the sentence ""the sky is blue"" is a factual statement that can be true or false depending on the context. if the image is meant to represent a sky, and the sky in the image is indeed blue, then the sentence ""the sky is blue"" would entail the image. if the image does not depict a sky or the sky in the image is not blue, then the sentence ""the sky is blue"" would be in contradiction to the image.

without more context or a clearer image, it is not possible to definitively determine the relationship between the image and the sentence."
36,/data/ajaunarena/our_dataset/images/1472_0.jpg,They guided the economy toward recovery.,entailment,"the image provided appears to be an abstract or artistic representation, and it does not depict any specific scene or context that would allow for a direct inference relationship with the sentence. therefore, it is neither entailing nor contradicting the sentence. the sentence is a statement about a historical or economic event, while the image is a visual representation that does not convey any information about the economy or recovery."
37,/data/ajaunarena/our_dataset/images/1472_0.jpg,Their actions directly influenced the economic improvement.,entailment,"the image provided appears to be an abstract or artistic representation of various elements, possibly including people, birds, and other shapes. it is not possible to determine the inference relationship between the image and the sentence provided because the sentence is not related to the content of the image. the sentence seems to be a statement about the cause of economic improvement, which is not depicted in the image. therefore, the relationship between the image and the sentence is neither entailment nor contradiction, as they are not related to each other."
38,/data/ajaunarena/our_dataset/images/1472_0.jpg,Their actions had no effect on the economy's direction.,contradiction,"the image provided is an abstract pattern of shapes and colors, and it does not depict any actions or their effects on the economy. therefore, the sentence ""their actions had no effect on the economy's direction"" is neither entailed nor contradicted by the image. the relationship between the image and the sentence is neither entailment nor contradiction, as they are not related in any way."
39,/data/ajaunarena/our_dataset/images/42_1.jpg,The load of inebriation dragged him down with each step.,entailment,"the image and the sentence do not have a direct relationship, so it is not possible to determine if the image entails or contradicts the sentence. the image appears to be an abstract or artistic representation, and the sentence is a description of a person's condition. without a clear connection between the two, it is not possible to make an inference relationship determination."
40,/data/ajaunarena/our_dataset/images/42_1.jpg,Being drunk made it difficult for him to walk and move normally.,entailment,"the image and the sentence are related through an entailment relationship. the image shows a blurry, abstract pattern that could be interpreted as a representation of a person's vision being impaired by alcohol, which is consistent with the sentence's description of a person being drunk and having difficulty walking and moving normally."
41,/data/ajaunarena/our_dataset/images/42_1.jpg,The alcohol made his movements light and graceful.,contradiction,"the image and the sentence have a contradictory relationship. the image shows a blurry, abstract pattern that does not depict any specific subject or action, and there is no indication of alcohol or its effects on a person's movements. the sentence, on the other hand, describes a specific effect of alcohol on a person's movements, which is not visually represented in the image. therefore, the sentence contradicts the visual content of the image."
42,/data/ajaunarena/our_dataset/images/309_0.jpg,Her time portfolio was diversified across multiple activities.,entailment,"the image appears to be a colorful, abstract representation of various activities or interests, possibly representing a person's time portfolio. the sentence ""her time portfolio was diversified across multiple activities"" suggests that the person's time was allocated to a variety of different activities.

inference relationship: entailment

the image entails the sentence because it visually represents the concept of a diverse time portfolio, which is what the sentence is describing. the image does not contradict the sentence; it supports it by providing a visual metaphor for the concept of diversity in time allocation."
43,/data/ajaunarena/our_dataset/images/309_0.jpg,She balanced her time effectively among various tasks and interests.,entailment,"the image appears to be a colorful, abstract representation of various shapes and symbols, which could be interpreted as a visual metaphor for different tasks and interests. the sentence ""she balanced her time effectively among various tasks and interests"" describes a person's ability to manage their time efficiently across multiple activities.

the relationship between the image and the sentence is one of entailment. the image, with its abstract nature, does not directly depict the concept of time management, but it can be inferred that the various shapes and symbols might represent different tasks or interests that a person might be managing. the sentence describes the outcome of effective time management, which is what the image could be seen as symbolizing."
44,/data/ajaunarena/our_dataset/images/309_0.jpg,She focused all her time on a single activity without variety.,contradiction,"the image depicts a colorful, abstract pattern with various shapes and symbols, which could be interpreted in many ways. the sentence ""she focused all her time on a single activity without variety"" is a description of a person's behavior.

in terms of the relationship between the image and the sentence, it is not possible to determine if there is an entailment or contradiction relationship without additional context. the image does not inherently convey information about a person's behavior, and the sentence does not provide any visual information. therefore, there is no direct relationship between the image and the sentence that would allow for a definitive answer regarding entailment or contradiction."
45,/data/ajaunarena/our_dataset/images/906_0.jpg,Her fury radiated like a desert sun.,entailment,"the image and the sentence have a relationship of entailment. the image depicts a fiery, intense scene that could be interpreted as a representation of anger or fury. the sentence ""her fury radiated like a desert sun"" describes a similar intense and fiery emotion, which is a specific type of anger. the image entails the sentence, as it visually represents the concept of anger radiating like a desert sun."
46,/data/ajaunarena/our_dataset/images/906_0.jpg,Her anger was obvious and intensely felt by everyone around her.,entailment,"the image and the sentence do not have a direct relationship, so it is not possible to determine if the image entails or contradicts the sentence. the image appears to be an abstract, colorful pattern, while the sentence describes a person's emotional state. without a clear connection between the two, it is not possible to make an inference relationship determination."
47,/data/ajaunarena/our_dataset/images/906_0.jpg,Her presence was cool and refreshing to those nearby.,contradiction,"the image and the sentence have a contradictory relationship. the image depicts a warm, fiery scene, which is the opposite of the cool and refreshing presence described in the sentence."
48,/data/ajaunarena/our_dataset/images/1712_3.jpg,The bridge across troubled waters led to their transformation.,entailment,"the image and the sentence have a relationship of entailment. the image shows a bridge across water, which could be interpreted as ""troubled waters,"" and the sentence describes the bridge leading to a transformation. the image visually represents the concept of crossing over a body of water, which is a common metaphor for overcoming challenges or difficulties, which aligns with the transformation described in the sentence."
49,/data/ajaunarena/our_dataset/images/1712_3.jpg,A structured approach helped them navigate difficult changes successfully.,entailment,"the image provided appears to be an abstract representation of light and color, possibly resembling a stylized depiction of water or a similar fluid-like substance. the sentence provided describes a process of navigating difficult changes successfully.

the relationship between the image and the sentence is one of ""contradiction."" the image is an abstract visual representation, while the sentence is a description of a conceptual process. the two are not directly related and do not entail each other. the image does not depict a structured approach to navigating difficult changes, and the sentence does not describe the visual content of the image."
50,/data/ajaunarena/our_dataset/images/1712_3.jpg,They remained stuck in their situation with no means of progress or change.,contradiction,"the image you provided appears to be an abstract representation of light and color, possibly resembling a waterfall or a flowing, wavy pattern. the sentence you provided describes a situation where there is no progress or change.

the relationship between the image and the sentence is one of ""contradiction."" the image is abstract and does not depict a situation of being stuck with no means of progress or change. the sentence describes a specific scenario that is not visually represented in the image."
51,/data/ajaunarena/our_dataset/images/295_0.jpg,The checkout counter of commitment awaits our final choices.,entailment,"the image and the sentence do not have a direct relationship that would allow for a clear inference relationship of entailment or contradiction. the image appears to be an abstract pattern with no clear connection to the sentence provided. the sentence seems to be a metaphorical description of a situation, while the image is purely visual and does not convey any specific message or idea that would allow for a direct inference relationship with the sentence."
52,/data/ajaunarena/our_dataset/images/295_0.jpg,"After comparing options, we must ultimately make and commit to our decisions.",entailment,"the image you've provided appears to be an abstract pattern with various shapes and colors, and it does not contain any text or elements that directly relate to the sentence ""say which is the inference relationship between the image and the sentence."" therefore, the relationship between the image and the sentence is neither entailment nor contradiction, as there is no logical relationship between the two. the sentence is a prompt or instruction, and the image is a visual representation that does not logically follow or contradict the sentence."
53,/data/ajaunarena/our_dataset/images/295_0.jpg,Decisions require no commitment and can be endlessly reconsidered.,contradiction,"the image provided appears to be an abstract pattern with various shapes and colors, and it does not contain any text or discernible content that would allow for a direct inference relationship with a sentence. therefore, it is not possible to determine whether the image entails or contradicts a sentence, as there is no sentence to compare it to."
54,/data/ajaunarena/our_dataset/images/1417_0.jpg,Their support was a balm that soothed her anxiety.,entailment,"the image provided does not have a direct relationship with the sentence. it is an abstract image with no clear connection to the sentence. therefore, the relationship between the image and the sentence is neither entailment nor contradiction."
55,/data/ajaunarena/our_dataset/images/1417_0.jpg,Their encouragement helped reduce her stress and worry.,entailment,"the image provided does not contain any text or information that would allow for a direct inference relationship with the sentence. therefore, it is neither entailing nor contradicting the sentence."
56,/data/ajaunarena/our_dataset/images/1417_0.jpg,Their criticism intensified her anxiety and mental distress.,contradiction,"the image provided does not have a direct relationship with the sentence. it is an abstract image with no clear connection to the sentence. therefore, the relationship between the image and the sentence is neither entailment nor contradiction."
57,/data/ajaunarena/our_dataset/images/1949_0.jpg,Their research and development was an arms race for innovation.,entailment,"the image and the sentence have an entailment relationship. the image depicts a group of people running, which could be inferred from the sentence ""their research and development was an arms race for innovation."" the sentence implies a competitive and fast-paced environment, which is visually represented by the people running in the image."
58,/data/ajaunarena/our_dataset/images/1949_0.jpg,Companies competed intensely to develop new products and technologies first.,entailment,"the image depicts a group of people running, which is a visual representation of competition. the sentence ""companies competed intensely to develop new products and technologies first"" is a description of a competitive environment in the business world. the relationship between the image and the sentence is one of entailment, as the image visually conveys the concept of competition, which is a key element of the sentence."
59,/data/ajaunarena/our_dataset/images/1949_0.jpg,Companies were content with existing products and avoided innovation.,contradiction,"the image and the sentence have a contradictory relationship. the image shows a group of people running, which suggests movement and innovation, while the sentence implies a lack of innovation and contentment with existing products."
60,/data/ajaunarena/our_dataset/images/690_0.jpg,Here is the anchor of being.,entailment,"the image you've provided appears to be an abstract or artistic representation, possibly of stars or light effects, with a colorful and somewhat blurred background. the sentence you've provided, ""say which is the inference relationship between the image and the sentence,"" is a request for an explanation of the relationship between the image and the sentence.

given the nature of the image and the sentence, it is not possible to determine an entailment or contradiction relationship between them. the sentence is asking for an explanation of a relationship that does not exist in the image itself. therefore, the relationship between the image and the sentence is neither entailment nor contradiction. it is a request for an explanation of a conceptual relationship that is not inherent in the image."
61,/data/ajaunarena/our_dataset/images/690_0.jpg,The present moment is the fundamental point of our existence.,entailment,"the image and the sentence do not have a direct relationship, so it is not possible to determine if the image entails or contradicts the sentence. the image appears to be an abstract, colorful pattern, while the sentence is a philosophical statement about the nature of existence. without a clear connection between the two, it is not possible to infer a relationship between them."
62,/data/ajaunarena/our_dataset/images/690_0.jpg,The present moment has no connection to our existence.,contradiction,"the image and the sentence have a contradiction relationship. the image depicts a starry night sky, which is a visual representation of the present moment, and it is connected to our existence as it is a part of the natural world that we can observe and appreciate. the sentence, on the other hand, states that the present moment has no connection to our existence, which is a philosophical or metaphysical statement that contradicts the visual representation of the present moment in the image."
63,/data/ajaunarena/our_dataset/images/47_1.jpg,The burden of beer weighed down his eyelids.,entailment,"the image and the sentence have a contradiction relationship. the image depicts a colorful, abstract pattern that does not convey any specific content related to the sentence. the sentence, on the other hand, describes a very specific and concrete scenario involving a person and beer, which is not visually represented in the image."
64,/data/ajaunarena/our_dataset/images/47_1.jpg,The alcohol made him feel very sleepy and drowsy.,entailment,"the image and the sentence do not have a direct relationship, so it is not possible to determine if the sentence entails or contradicts the image. the image appears to be an abstract pattern with no clear connection to the sentence provided."
65,/data/ajaunarena/our_dataset/images/47_1.jpg,The beer made him feel energetic and wide awake.,contradiction,"the image and the sentence do not have a direct relationship, so it is not possible to determine if the sentence entails or contradicts the image. the image appears to be an abstract pattern with no clear connection to the sentence provided."
66,/data/ajaunarena/our_dataset/images/86_3.jpg,Our possessions are the keys to property doors.,entailment,"the image and the sentence have a relationship of contradiction. the image shows a close-up of a door with a key inserted, but the sentence states that our possessions are the keys to property doors, which is not the case in the image. the image does not depict the keys as being the possessions of the viewer, nor does it show the keys being used to open property doors."
67,/data/ajaunarena/our_dataset/images/86_3.jpg,Personal belongings provide opportunities for property acquisition and development.,entailment,"the image and the sentence do not have a direct relationship, so it is neither entailment nor contradiction. they are unrelated."
68,/data/ajaunarena/our_dataset/images/86_3.jpg,Possessions block access to property opportunities and limit advancement.,contradiction,"the image and the sentence have a contradictory relationship. the image shows a blurry, colorful pattern that does not depict any specific objects or actions that would relate to the sentence. the sentence, on the other hand, describes a conceptual relationship between possessions and opportunities for advancement, which is not visually represented in the image."
69,/data/ajaunarena/our_dataset/images/1866_1.jpg,She ran herself into a better situation.,entailment,"the image and the sentence do not have a direct relationship, so it is neither entailment nor contradiction. they are unrelated."
70,/data/ajaunarena/our_dataset/images/1866_1.jpg,She actively created positive changes in her circumstances.,entailment,"the image provided appears to be an abstract pattern with no clear depiction of a person or any specific action. it is not possible to determine the inference relationship between the image and the sentence based on the visual content alone. the sentence describes a person's actions, while the image is a visual representation that does not convey any information about a person or their actions. therefore, the relationship between the image and the sentence is neither entailment nor contradiction, as they are not related in any way."
71,/data/ajaunarena/our_dataset/images/1866_1.jpg,She allowed circumstances to deteriorate without taking action.,contradiction,"the image and the sentence do not have a direct relationship, so it is not possible to determine if the image entails or contradicts the sentence. the image appears to be an abstract pattern with no clear connection to the sentence provided."
72,/data/ajaunarena/our_dataset/images/761_2.jpg,Her missing pieces became poisoned arrows.,entailment,"the image and the sentence have a contradictory relationship. the image shows a pattern of shapes and colors that do not inherently represent anything related to a missing puzzle piece or poisoned arrows. the sentence, on the other hand, describes a scenario that is not visually represented in the image. therefore, the sentence contradicts the visual content of the image."
73,/data/ajaunarena/our_dataset/images/761_2.jpg,The things she lacked in life caused her pain and suffering.,entailment,"the image provided is an abstract pattern with no clear depiction of a person or their experiences. it is not possible to determine the inference relationship between the image and the sentence based on the visual content alone. the sentence is a statement about a person's experiences, which cannot be directly inferred from the image. therefore, the relationship between the image and the sentence is ""contradiction,"" as the image does not provide any information that would support or contradict the statement in the sentence."
74,/data/ajaunarena/our_dataset/images/761_2.jpg,Everything she possessed brought her joy and comfort.,contradiction,"the image and the sentence do not have a direct relationship, so it is not possible to determine if the image entails or contradicts the sentence. the image appears to be an abstract pattern with no clear connection to the sentence provided."
75,/data/ajaunarena/our_dataset/images/1117_3.jpg,Their dominion rocketed skyward.,entailment,"the image depicts a cloudy sky, which is not directly related to the sentence ""their dominion rocketed skyward."" the relationship between the image and the sentence is one of contradiction, as the image does not show a rocket or any other object that would be associated with a dominion or a rocket launching into the sky."
76,/data/ajaunarena/our_dataset/images/1117_3.jpg,Their control expanded rapidly and dramatically.,entailment,"the image depicts a cloudy sky with clouds of various colors and sizes, which could be interpreted as a metaphor for the rapid and dramatic expansion of control. in this context, the image could be said to entail the sentence, as it visually represents the concept of rapid and dramatic expansion."
77,/data/ajaunarena/our_dataset/images/1117_3.jpg,Their dominion collapsed and disappeared entirely.,contradiction,"the image depicts a cloudy sky, which could be interpreted as a metaphor for a situation where something has collapsed or disappeared entirely. in this case, the image might entail the sentence, as the visual representation of a cloudy sky could be seen as a symbolic representation of a situation where something has collapsed or disappeared entirely."
78,/data/ajaunarena/our_dataset/images/166_3.jpg,Her eyes embraced the entire scene.,entailment,"the image and the sentence do not have a direct relationship, so it is neither entailment nor contradiction. the sentence is a description of a person's eyes, while the image is an abstract representation of colors and shapes, which does not necessarily correspond to a scene that could be embraced by eyes."
79,/data/ajaunarena/our_dataset/images/166_3.jpg,She took in and comprehended the whole scene at once.,entailment,"the image and the sentence have an entailment relationship. the sentence describes the ability to perceive and understand the entirety of the image, which is consistent with the visual content of the image."
80,/data/ajaunarena/our_dataset/images/166_3.jpg,She could only process small parts of the scene at a time.,contradiction,"the image and the sentence do not have a direct relationship, so it is neither entailment nor contradiction. they are independent of each other."
81,/data/ajaunarena/our_dataset/images/1919_0.jpg,Each crossroad is a gateway to new adventures.,entailment,"the image and the sentence have a relationship of entailment. the image depicts a colorful, star-like pattern that could be interpreted as a gateway or a path to new adventures. the sentence ""each crossroad is a gateway to new adventures"" is a general statement that could be true of the image, as the star-like pattern might be seen as a metaphor for a crossroad or a junction that leads to new experiences."
82,/data/ajaunarena/our_dataset/images/1919_0.jpg,Decision points in life present opportunities for new experiences and growth.,entailment,"the image and the sentence do not have a direct relationship, so it is neither entailment nor contradiction. they are independent of each other, and the sentence is a general statement that does not necessarily relate to the image."
83,/data/ajaunarena/our_dataset/images/1919_0.jpg,Choices and decisions only limit our potential for new experiences.,contradiction,"the image and the sentence have a relationship of entailment. the image depicts a colorful, abstract pattern, and the sentence is a philosophical statement about choices and decisions. the sentence does not contradict the image; rather, it can be inferred from the image, as the image itself does not provide any specific information about choices and decisions, but the sentence does relate to the concept of choices and decisions in a broader sense."
84,/data/ajaunarena/our_dataset/images/1248_2.jpg,The street lamps' glow pooled beneath each post.,entailment,"the image and the sentence have an entailment relationship. the sentence describes a scene that is a specific case of the image's content. the image shows a blurred, colorful pattern that could be interpreted as a pool of light, and the sentence provides a more detailed description of that scene, specifically mentioning street lamps and their glow pooled beneath each post. the sentence does not contradict the image; it provides additional information that is consistent with the image's content."
85,/data/ajaunarena/our_dataset/images/1248_2.jpg,The light from street lamps created circular illuminated areas on the ground.,entailment,"the image and the sentence have an entailment relationship. the image shows circular illuminated areas on the ground, which is a specific detail that can be inferred from the sentence. the sentence describes the light from street lamps creating circular illuminated areas on the ground, which is a more general description that includes the specific detail in the image."
86,/data/ajaunarena/our_dataset/images/1248_2.jpg,"The street lamps cast sharp, angular shadows without any diffusion.",contradiction,"the image and the sentence have a contradictory relationship. the image shows a blurry, diffused effect with lights and colors, which is the opposite of sharp, angular shadows without any diffusion."
87,/data/ajaunarena/our_dataset/images/134_2.jpg,Good habits are deposits in the bank of success.,entailment,"the image provided appears to be a blurred or distorted collection of words and phrases, which makes it difficult to discern any specific relationship with the sentence you provided. the sentence itself is a metaphorical statement, suggesting that good habits are a form of investment that leads to success.

without a clearer image or more context, it's not possible to determine if the image entails or contradicts the sentence. the relationship between the image and the sentence would need to be more directly related or clearly defined to make such a determination."
88,/data/ajaunarena/our_dataset/images/134_2.jpg,Maintaining good habits leads to achieving success over time.,entailment,"the image provided appears to be a blurred or distorted photograph, making it difficult to discern specific details or objects. as a result, it is not possible to determine the inference relationship between the image and the sentence you provided. the sentence is a statement of cause and effect, suggesting that good habits lead to success over time. this is an example of entailment, as the sentence implies that if good habits are maintained, success will follow."
89,/data/ajaunarena/our_dataset/images/134_2.jpg,Good habits have no connection to achieving success.,contradiction,"the image provided appears to be a blurred or distorted collection of words and phrases, which makes it difficult to discern any specific content or meaning. as a result, it is not possible to determine the inference relationship between the image and the sentence you provided. the sentence itself is a statement of fact, and without a clear understanding of the content of the image, it is not possible to determine if it entails, contradicts, or is otherwise related to the sentence."
90,/data/ajaunarena/our_dataset/images/1008_2.jpg,Their laughter catalyzed a chain reaction of joy.,entailment,"the image provided is an abstract pattern with no clear depiction of people or laughter. it is not possible to determine an inference relationship between the image and the sentence based on the visual content alone. the sentence describes a scenario that is not visually represented in the image. therefore, the relationship between the image and the sentence is ""contradiction."""
91,/data/ajaunarena/our_dataset/images/1008_2.jpg,Their laughter triggered widespread happiness among others.,entailment,"the image provided is an abstract pattern with no clear depiction of people or laughter. it is not possible to determine an inference relationship between the image and the sentence based on the visual content alone. the sentence describes a situation that could be inferred from the image, but without any visual evidence of people or laughter, the relationship between the image and the sentence is neither entailment nor contradiction."
92,/data/ajaunarena/our_dataset/images/1008_2.jpg,Their laughter inhibited others from experiencing joy.,contradiction,"the image provided is an abstract pattern with no clear depiction of people or laughter. it is not possible to determine an inference relationship between the image and the sentence based on the visual content alone. the sentence describes a situation that may or may not be related to the image, but without additional context, it is not possible to determine if the image entails or contradicts the sentence."
93,/data/ajaunarena/our_dataset/images/1356_3.jpg,Being paints itself on the canvas of space.,entailment,"the image and the sentence have a relationship of entailment. the image depicts a colorful, abstract pattern that could be interpreted as a representation of a painting or an artistic expression. the sentence ""being paints itself on the canvas of space"" is a metaphorical statement that could be interpreted as a description of the image or a statement about the nature of art and creativity. the sentence does not contradict the image; rather, it provides a deeper, more philosophical interpretation of the visual content."
94,/data/ajaunarena/our_dataset/images/1356_3.jpg,Existence manifests itself in physical dimensions and locations.,entailment,"the image and the sentence have a relationship of contradiction. the image depicts a colorful, abstract pattern that does not inherently represent physical dimensions or locations. the sentence, on the other hand, makes a statement about the nature of existence, which is not directly related to the visual content of the image."
95,/data/ajaunarena/our_dataset/images/1356_3.jpg,Being exists without spatial dimension or location.,contradiction,"the image and the sentence are related by contradiction. the image depicts a colorful, abstract pattern that does not contain any recognizable objects or spatial dimensions, which is in direct contradiction to the sentence, which states that ""being exists without spatial dimension or location."" the image does not depict ""being"" in the sense of a philosophical concept, nor does it show anything without spatial dimension or location."
96,/data/ajaunarena/our_dataset/images/842_1.jpg,"She's like a battery in power-saving mode, conserving her energy for important moments.",entailment,"the image provided is an abstract, colorful pattern with no clear depiction of a person or a battery. it does not entail or contradict the sentence provided, as the sentence is a metaphorical description of a person's behavior, which is not directly related to the visual content of the image."
97,/data/ajaunarena/our_dataset/images/842_1.jpg,"She carefully manages her energy and resources, using them only when necessary.",entailment,"the image provided is an abstract, colorful pattern with no discernible content that could be related to the sentence. therefore, there is no entailment or contradiction relationship between the image and the sentence. the sentence is a statement about a person's behavior, while the image is purely visual and does not convey any information about a person or their actions."
98,/data/ajaunarena/our_dataset/images/842_1.jpg,She wastes her energy constantly without any regard for conservation or future needs.,contradiction,"the image provided does not have a direct relationship with the sentence. it is an abstract image with no clear connection to the concept of energy conservation or the actions of a person. therefore, the relationship between the image and the sentence is neither entailment nor contradiction."
99,/data/ajaunarena/our_dataset/images/913_1.jpg,The design journeyed into existence.,entailment,"the image and the sentence have an entailment relationship. the image depicts a colorful, star-like pattern, and the sentence ""the design journeyed into existence"" describes a concept or idea that could be associated with the image, such as the idea of a design or pattern coming into being. the sentence does not contradict the image; rather, it provides a conceptual or metaphorical interpretation that could be inferred from the visual content."
100,/data/ajaunarena/our_dataset/images/913_1.jpg,The design was gradually created and completed.,entailment,"the image and the sentence have an entailment relationship. the sentence ""the design was gradually created and completed"" can be inferred from the image, which shows a colorful, star-like pattern that appears to have been created gradually, with each star or design element possibly added one at a time. the image does not contradict the sentence; rather, it supports the idea that the design was created in a step-by-step manner."
101,/data/ajaunarena/our_dataset/images/913_1.jpg,The design failed to materialize and remained conceptual.,contradiction,"the image and the sentence have a contradiction relationship. the image shows a colorful, star-filled design that appears to be a vibrant and visually appealing materialization, while the sentence suggests that the design failed to materialize and remained conceptual. this creates a contradiction between the visual content of the image and the statement in the sentence."
102,/data/ajaunarena/our_dataset/images/1322_2.jpg,Their shared qualities are traded like valuable commodities.,entailment,"the image and the sentence do not have a direct inference relationship. they are not related in terms of entailment or contradiction. the sentence is a description of a concept, while the image is a visual representation of a different concept. the shared qualities mentioned in the sentence are not directly related to the visual content of the image."
103,/data/ajaunarena/our_dataset/images/1322_2.jpg,"People exchange and share their characteristics through social interaction, similar to how possessions are traded.",entailment,"the image provided appears to be an abstract or artistic representation, possibly of stars or other celestial bodies, with various colors and shapes. the sentence provided is a statement about human behavior and social interaction.

the relationship between the image and the sentence is one of ""contradiction."" the image is an artistic representation and does not depict any form of social interaction or the exchange of characteristics. the sentence is a statement about human behavior, which is not directly related to the image."
104,/data/ajaunarena/our_dataset/images/1322_2.jpg,"Their qualities remain isolated and unchangeable, never influenced by social exchange.",contradiction,"the image provided appears to be an abstract or artistic representation, possibly of stars or other celestial bodies, with various colors and shapes. the sentence provided describes a concept or characteristic, which is not directly related to the image.

given that the sentence describes a quality of something that is isolated and unchangeable, and the image is an artistic representation that could be interpreted in many ways, it is not possible to determine an entailment or contradiction relationship between the two. they are not directly related to each other, and the sentence does not provide information that can be inferred from the image."
105,/data/ajaunarena/our_dataset/images/1111_1.jpg,She elevated her position of power.,entailment,"the image provided is too blurry and lacks context to determine if it entails or contradicts the sentence ""she elevated her position of power."" the image appears to be a collage or an abstract representation of people, but it does not provide enough information to infer a relationship with the sentence."
106,/data/ajaunarena/our_dataset/images/1111_1.jpg,She increased her control and authority over the situation.,entailment,"the image provided is a blurry and abstract representation of people, and it does not depict a specific situation or context. therefore, it is not possible to determine the inference relationship between the image and the sentence you provided. the sentence describes a specific action or change in a situation, while the image does not provide enough information to infer or contradict that statement."
107,/data/ajaunarena/our_dataset/images/1111_1.jpg,She lost her influence and became powerless.,contradiction,the image provided is too blurry and lacks clear content to make any inference relationship with the sentence. it is not possible to determine if the image entails or contradicts the sentence without a clearer image or more context.
108,/data/ajaunarena/our_dataset/images/335_0.jpg,The mind's operating system needs occasional rebooting through sleep.,entailment,"the image and the sentence do not have a direct inference relationship. they are not related in a way that one entails the other or contradicts it. the image is a visual representation of a pattern or design, while the sentence is a statement about the human mind and its need for sleep. they are unrelated in terms of their content and meaning."
109,/data/ajaunarena/our_dataset/images/335_0.jpg,The brain requires regular rest through sleep to function properly.,entailment,"the image and the sentence do not have a direct inference relationship. the image appears to be an abstract digital art piece with a grid-like pattern and various colors, while the sentence is a statement about the importance of sleep for brain function. the two are not directly related, and there is no entailment or contradiction between them."
110,/data/ajaunarena/our_dataset/images/335_0.jpg,The mind can function continuously without any need for rest or recovery.,contradiction,"the image provided appears to be an abstract digital art piece with a pattern of shapes and colors. it does not depict a scene or object that directly relates to the sentence provided. therefore, the relationship between the image and the sentence is ""contradiction."" the sentence describes a concept that is not visually represented in the image."
111,/data/ajaunarena/our_dataset/images/1338_3.jpg,Each researcher adds their pieces to the collective knowledge puzzle.,entailment,"the image you've provided appears to be an abstract or fractal-like pattern, which is not directly related to the sentence you've provided. the sentence ""each researcher adds their pieces to the collective knowledge puzzle"" is a statement about a process or activity involving researchers and knowledge.

given that the image and the sentence are not directly related to each other, it is not possible to determine an entailment or contradiction relationship between them. they are independent of each other and do not logically entail or contradict each other."
112,/data/ajaunarena/our_dataset/images/1338_3.jpg,Individual research contributions build upon existing knowledge to expand understanding.,entailment,"the image provided appears to be an abstract or artistic representation, possibly of a puzzle or a complex pattern. it does not directly relate to the sentence provided, which discusses the process of scientific research and the expansion of knowledge. therefore, the relationship between the image and the sentence is one of ""contradiction,"" as the image does not entail the concepts of scientific research or the expansion of knowledge."
113,/data/ajaunarena/our_dataset/images/1338_3.jpg,Research exists in isolation and doesn't contribute to broader scientific knowledge.,contradiction,"the image provided appears to be an abstract or artistic representation, possibly of a puzzle or a complex pattern. it does not depict a specific scene or object that can be directly related to the sentence provided. therefore, the relationship between the image and the sentence is ""contradiction,"" as the image does not entail the sentence and the sentence does not contradict the image."
114,/data/ajaunarena/our_dataset/images/1426_2.jpg,Her hopes subsided into the depths of despair.,entailment,"the image and the sentence do not have a direct relationship, so it is not possible to determine if the sentence entails or contradicts the image. the image appears to be a blurred, colorful photograph, while the sentence is a statement about a person's emotional state. without more context or a clearer understanding of the image's content, it is not possible to make a definitive inference relationship between the two."
115,/data/ajaunarena/our_dataset/images/1426_2.jpg,Her hopes were severely damaged by circumstances.,entailment,the image provided is too abstract and lacks clear content to make a definitive inference relationship with the sentence. it is not possible to determine if the image entails or contradicts the sentence based on the visual information alone.
116,/data/ajaunarena/our_dataset/images/1426_2.jpg,Her hopes rose triumphantly above all obstacles.,contradiction,"the image provided does not contain any text or information that would allow for a direct inference relationship with the sentence. therefore, it is not possible to determine whether the image entails or contradicts the sentence."
117,/data/ajaunarena/our_dataset/images/1449_0.jpg,The temperature between them reached fever pitch.,entailment,"the image and the sentence have a relationship of entailment. the image depicts a pattern that resembles a fever chart, and the sentence describes the temperature reaching a fever pitch, which is a common way to describe a situation where things are getting very hot or intense. the image visually represents the concept of a fever pitch, and the sentence describes the same concept in words."
118,/data/ajaunarena/our_dataset/images/1449_0.jpg,Their mutual sexual attraction reached an extremely intense level.,entailment,"the image provided does not contain any content that would allow for a direct inference relationship with the sentence. the image appears to be an abstract pattern with no discernible objects or actions that could be related to the sentence. therefore, the relationship between the image and the sentence is neither entailment nor contradiction, as there is no logical connection between the two."
119,/data/ajaunarena/our_dataset/images/1449_0.jpg,Their interaction remained completely cold and professional.,contradiction,"the image provided does not contain any text or information that would allow for an inference relationship with a sentence. therefore, it is not possible to determine whether the image entails or contradicts a sentence."
120,/data/ajaunarena/our_dataset/images/1410_0.jpg,The poison of his words seeped into her resolve.,entailment,"al final, el texto es un poco más que el texto es un poco más que el texto es un poco menos que el texto es un poco menos que el texto es un poco menos que el texto es un poco menos que el texto es un poco menos que el texto es un poco menos que el texto es un poco menos que el texto es un poco menos que el texto es un poco menos que el texto es un poco menos que el texto es un poco menos que el texto es un poco menos que el texto es un poco menos que el texto es un poco menos que el texto es un poco menos que el texto es un poco menos que el texto es un poco menos que el texto es un poco menos que el texto es un poco menos que el texto es un poco menos que el texto es un poco menos que el texto es un poco menos que el texto es un poco menos que el texto es un poco menos que el texto es un poco menos que el texto es un poco menos que el texto es un poco menos que el texto es un poco menos que el texto es un poco menos que el texto es un poco menos que el texto es un poco menos que el texto es un poco menos que el texto es un poco menos que el texto es un poco menos que el texto es un poco menos que el texto es un poco menos que el texto es un poco menos que el texto es un poco menos que el texto es un poco menos que el texto es un poco menos que el texto es un poco menos que el texto es un poco menos que el texto es un poco menos que el texto es un poco menos que el texto es un poco menos que el texto es un poco menos que el texto es un poco menos que el texto es un poco menos que el texto es un poco menos que el texto es un poco menos que el texto es un poco menos que el texto es un poco menos que el texto es un poco menos que el texto es un poco menos que el texto es un poco menos que el texto es un poco menos que el texto es un poco menos que el texto es un poco menos que el texto es un poco menos que el texto es un poco menos que el texto es un poco menos que el texto es un poco menos que el texto es un poco menos que el texto es un poco menos que el texto es un poco menos que el texto es un poco menos que el texto es un poco menos que el texto es un poco menos que el texto es un poco menos que el texto es un poco menos que el texto es un poco menos que el texto es un poco menos que el texto es un poco menos que el texto es un poco menos que el texto es un poco menos que el texto es un poco menos que el texto es un poco menos que el texto es un poco menos que el texto es un poco menos que el texto es un poco menos que el texto es un poco menos que el texto es un poco menos que el texto es un poco menos que el texto es un poco menos que el texto es un poco menos que el texto es un poco menos que el texto es un poco menos que el texto es un poco menos que el texto es un poco menos que el texto es un poco menos que el texto es un poco menos que el texto es un poco menos que el texto es un poco menos que el texto es un poco menos que el texto es un poco menos que el texto es un poco menos que el texto es un poco menos que el texto es un poco menos que el texto es un poco menos que el texto es un poco menos que el texto es un poco menos que el texto es un poco menos que el texto es un poco menos que el texto es un poco menos que el texto es un poco menos que el texto es un poco menos que el texto es un poco menos que el texto es un poco menos que el texto es un poco menos que el texto es un poco menos que el texto es un pop menos que el texto es un pop menos que el texto es un pop menos que el texto es un pop menos que el texto es un pop menos que el texto es un pop menos que el texto es un pop menos que el texto es un pop menos que el texto es un pop menos que el texto es un pop menos que el texto es un pop menos que el texto es un pop menos que el texto es un pop menos que el texto es un pop menos que el texto es un pop menos que el texto es un pop menos que el texto es un pop menos que el texto es un pop menos que el texto es un pop menos que el texto es un pop menos que el texto es un pop menos que el texto es un pop menos que el texto es un pop menos que el texto es un pop menos que el texto es un pop menos que el texto es un pop menos que el texto es un pop menos que el texto es un pop menos que el texto es un pop menos que el texto es un pop menos que el texto es un pop menos que el texto es un pop menos que el texto es un pop menos que el texto es un pop menos que el texto es un pop menos que el texto es un pop menos que el texto es un pop menos que el texto es un pop menos que el texto es un pop menos que el texto es un pop menos que el texto es un pop menos que el texto es un pop menos que el texto es un pop menos que el texto es un pop menos que el texto es un pop menos que el texto es un pop menos que el texto es un pop menos que el texto es un pop menos que el texto es un pop menos que el texto es un pop menos que el texto es un pop menos que el texto es un pop menos que el texto es un pop menos que el texto es un pop menos que el texto es un pop menos que el texto es un pop menos que el texto es un pop menos que el texto es un pop menos que el texto es un pop menos que el texto es un pop menos que el texto es un pop menos que el texto es un pop menos que el texto es un pop menos que el texto es un pop menos que el texto es un pop menos que el texto es un pop menos que el texto es un pop menos que el texto es un pop menos que el texto es un pop menos que el texto es un pop menos que el texto es un pop menos que el texto es un pop menos que el texto es un pop menos que el texto es un pop menos que el texto es un pop menos que el texto es un pop menos que el texto es un pop menos que el texto es un pop menos que el texto es un pop menos que el texto es un pop menos que el texto es un pop menos que el texto es un pop menos que el texto es un pop menos que el texto es un pop menos que el texto es un pop menos que el texto es un pop menos que el texto es un pop menos que el texto es un pop menos que el texto es un pop menos que el texto es un pop menos que el texto es un pop menos que el texto es un pop menos que el texto es un pop menos que el texto es un pop menos que el texto es un pop menos que el texto es un pop menos que el texto es un pop menos que el texto es un pop menos que el texto es un pop menos que el texto es un pop menos que el texto es un pop menos que el texto es un pop menos que el texto es un pop menos que el texto es un pop menos que el texto es un pop menos que el texto es un pop menos que el texto es un pop menos que el texto es un pop menos que el texto es un pop menos que el texto es un pop menos que el texto es un pop menos que el texto es un pop menos que el texto es un pop menos que el texto es un pop menos que el texto es un pop menos que el texto es un pop menos que el texto es un pop menos que el texto es un pop menos que el texto es un pop menos que el texto es un pop menos que el texto es un pop menos que el texto es un pop menos que el texto es un pop menos que el texto es un pop menos que el texto es un pop menos que el texto es un pop menos que el texto es un pop menos que el texto es un pop menos que el texto es un pop menos que el texto es un pop menos que el texto es un pop menos que el texto es un pop menos que el texto es un pop menos que el texto es un pop menos que el texto es un pop menos que el texto es un pop menos que el texto es un pop menos que el texto es un pop menos que el texto es un pop menos que el texto es un pop menos que el texto es un pop menos que el texto es un pop menos que el texto es un pop menos que el texto es un pop menos que el texto es un pop menos que el texto es un pop menos que el texto es un pop menos que el texto es un pop menos que el texto es un pop menos que el texto es un pop menos que el texto es un pop menos que el texto es un pop menos que el texto es un pop menos que el texto es un pop menos que el texto es un pop menos que el texto es un pop menos que el texto es un pop menos que el texto es un pop menos que el texto es un pop menos que el texto es un pop menos que el texto es un pop menos que el texto es un pop menos que el texto es un pop menos que el texto es un pop menos que el texto es un pop menos que el texto es un pop menos que el texto es un pop menos que el texto es un pop menos que el texto es un pop menos que el texto es un pop menos que el texto es un pop menos que el texto es un pop menos que el texto es un pop menos que el texto es un pop menos que el texto es un pop menos que el texto es un pop menos que el texto es un pop menos que el texto es un pop menos que el texto es un pop menos que el texto es un pop menos que el texto es un pop menos que el texto es un pop menos que el texto es un pop menos que el texto es un pop menos que el texto es un pop menos que el texto es un pop menos que el texto es un pop menos que el texto es un pop menos que el texto es un pop menos que el texto es un pop menos que el texto es un pop menos que el texto es un pop menos que el texto es un pop menos que el texto es un pop menos que el texto es un pop menos que el texto es un pop menos que el texto es un pop menos que el texto es un pop menos que el texto es un pop menos que el texto es un pop menos que el texto es un pop menos que el texto es un pop menos que el texto es un pop menos que el texto es un pop menos que el texto es un pop menos que el texto es un pop menos que el texto es un pop menos que el texto es un pop menos que el texto es un pop menos que el texto es un pop menos que el texto es un pop menos que el texto es un pop menos que el texto es un pop menos que el texto es un pop menos que el texto es un pop menos que el texto es un pop menos que el texto es un pop menos que el texto es un pop menos que el texto es un pop menos que el texto es un pop menos que el texto es un pop menos que el texto es un pop menos que el texto es un pop menos que el texto es un pop menos que el texto es un pop menos que el texto es un pop menos que el texto es un pop menos que el texto es un pop menos que el texto es un pop menos que el texto es un pop menos que el texto es un pop menos que el texto es un pop menos que el texto es un pop menos que el texto es un pop menos que el texto es un pop menos que el texto es un pop menos que el texto es un pop menos que el texto es un pop menos que el texto es un pop menos que el texto es un pop menos que el texto es un pop menos que el texto es un pop menos que el texto es un pop menos que el texto es un pop menos que el texto es un pop menos que el texto es un pop menos que el texto es un pop menos que el texto es un pop menos que el texto es un pop menos que el texto es un pop menos que el texto es un pop menos que el texto es un pop menos que el texto es un pop menos que el texto es un pop menos que el texto es un pop menos que el texto es un pop menos que el texto es un pop menos que el texto es un pop menos que el texto es un pop menos que el texto es un pop menos que el texto es un pop menos que el texto es un pop menos que el texto es un pop menos que el texto es un pop menos que el texto es un pop menos que el texto es un pop menos que el texto es un pop menos que el texto es un pop menos que el texto es un pop menos que el texto es un pop menos que el texto es un pop menos que el texto es un pop menos que el texto es un pop menos que el texto es un pop menos que el texto es un pop menos que el texto es un pop menos que el texto es un pop menos que el texto es un pop menos que el texto es un pop menos que el texto es un pop menos que el texto es un pop menos que el texto es un pop menos que el texto es un pop menos que el texto es un pop menos que el texto es un pop menos que el texto es un pop menos que el texto es un pop menos que el texto es un pop menos que el texto es un pop menos que el texto es un pop menos que el texto es un pop menos que el texto es un pop menos que el texto es un pop menos que el texto es un pop menos que el texto es un pop menos que el texto es un pop menos que el texto es un pop menos que el texto es un pop menos que el texto es un pop menos que el texto es un pop menos que el texto es un pop menos que el texto es un pop menos que el texto es un pop menos que el texto es un pop menos que el texto es un pop menos que el texto es un pop menos que el texto es un pop menos que el texto es un pop menos que el texto es un pop menos que el texto es un pop menos que el texto es un pop menos que el texto es un pop menos que el texto es un pop menos que el texto es un pop menos que el texto es un pop menos que el texto es un pop menos que el texto es un pop menos que el texto es un pop menos que el texto es un pop menos que el texto es un pop menos que el texto es un pop menos que el texto es un pop menos que el texto es un pop menos que el texto es un pop menos que el texto es un pop menos que el texto es un pop menos que el texto es un pop menos que el texto es un pop menos que el texto es un pop menos que el texto es un pop menos que el texto es un pop menos que el texto es un pop menos que el texto es un pop menos que el texto es un pop menos que el texto es un pop menos que el texto es un pop menos que el texto es un pop menos que el texto es un pop menos que el texto es un pop menos que el texto es un pop menos que el texto es un pop menos que el texto es un pop menos que el texto es un pop menos que el texto es un pop menos que el texto es un pop menos que el texto es un pop menos que el texto es un pop menos que el texto es un pop menos que el texto es un pop menos que el texto es un pop menos que el texto es un pop menos que el texto es un pop menos que el texto es un pop menos que el texto es un pop menos que el texto es un pop menos que el texto es un pop menos que el texto es un pop menos que el texto es un pop menos que el texto es un pop menos que el texto es un pop menos que el texto es un pop menos que el texto es un pop menos que el texto es un pop menos que el texto es un pop menos que el texto es un pop menos que el texto es un pop menos que el texto es un pop menos que el texto es un pop menos que el texto es un pop menos que el texto es un pop menos que el texto es un pop menos que el texto es un pop menos que el texto es un pop menos que el texto es un pop menos que el texto es un pop menos que el texto es un pop menos que el texto es un pop menos que el texto es un pop menos que el texto es un pop menos que el texto es un pop menos que el texto es un pop menos que el texto es un pop menos que el texto es un pop menos que el texto es un pop menos que el texto es un pop menos que el texto es un pop menos que el texto es un pop menos que el texto es un pop menos que el texto es un pop menos que el texto es un pop menos que el texto es un pop menos que el texto es un pop menos que el texto es un pop menos que el texto es un pop menos que el texto es un pop menos que el texto es un pop menos que el texto es un pop menos que el texto es un pop menos que el texto es un pop menos que el texto es un pop menos que el texto es un pop menos que el texto es un pop menos que el texto es un pop menos que el texto es un pop menos que el texto es un pop menos que el texto es un pop menos que el texto es un pop menos que el texto es un pop menos que el texto es un pop menos que el texto es un pop menos que el texto es un pop menos que el texto es un pop menos que el texto es un pop menos que el texto es un pop menos que el texto es un pop menos que el texto es un pop menos que el texto es un pop menos que el texto es un pop menos que el texto es un pop menos que el texto es un pop menos que el texto es un pop menos que el texto es un pop menos que el texto es un pop menos que el texto es un pop menos que el texto es un pop menos que el texto es un pop menos que el texto es un pop menos que el texto es un pop menos que el texto es un pop menos que el texto es un pop menos que el texto es un pop menos que el texto es un pop menos que el texto es un pop menos que el texto es un pop menos que el texto es un pop menos que el texto es un pop menos que el texto es un pop menos que el texto es un pop menos que el texto es un pop menos que el texto es un pop menos que el texto es un pop menos que el texto es un pop menos que el texto es un pop menos que el texto es un pop menos que el texto es un pop menos que el texto es un pop menos que el texto es un pop menos que el texto es un pop menos que el texto es un pop menos que el texto es un pop menos que el texto es un pop menos que el texto es un pop menos que el texto es un pop menos que el texto es un pop menos que el texto es un pop menos que el texto es un pop menos que el texto es un pop menos que el texto es un pop menos que el texto es un pop menos que el texto es un pop menos que el texto es un pop menos que el texto es un pop menos que el texto es un pop menos que el texto es un pop menos que el texto es un pop menos que el texto es un pop menos que el texto es un pop menos que el texto es un pop menos que el texto es un pop menos que el texto es un pop menos que el texto es un pop menos que el texto es un pop menos que el texto es un pop menos que el texto es un pop menos que el texto es un pop menos que el texto es un pop menos que el texto es un pop menos que el texto es un pop menos que el texto es un pop menos que el texto es un pop menos que el texto es un pop menos que el texto es un pop menos que el texto es un pop menos que el texto es un pop menos que el texto es un pop menos que el texto es un pop menos que el texto es un pop menos que el texto es un pop menos que el texto es un pop menos que el texto es un pop menos que el texto es un pop menos que el texto es un pop menos que el texto es un pop menos que el texto es un pop menos que el texto es un pop menos que el texto es un pop menos que el texto es un pop menos que el texto es un pop menos que el texto es un pop menos que el texto es un pop menos que el texto es un pop menos que el texto es un pop menos que el texto es un pop menos que el texto es un pop menos que el texto es un pop menos que el texto es un pop menos que el texto es un pop menos que el texto es un pop menos que el texto es un pop menos que el texto es un pop menos que el texto es un pop menos que el texto es un pop menos que el texto es un pop menos que el texto es un pop menos que el texto es un pop menos que el texto es un pop menos que el texto es un pop menos que el texto es un pop menos que el texto es un pop menos que el texto es un pop menos que el texto es un pop menos que el texto es un pop menos que el texto es un pop menos que el texto es un pop menos que el texto es un pop menos que el texto es un pop menos que el texto es un pop menos que el texto es un pop menos que el texto es un pop menos que el texto es un pop menos que el texto es un pop menos que el texto es un pop menos que el texto es un pop menos que el texto es un pop menos que el texto es un pop menos que el texto es un pop menos que el texto es un pop menos que el texto es un pop menos que el texto es un pop menos que el texto es un pop menos que el texto es un pop menos que el texto es un pop menos que el texto es un pop menos que el texto es un pop menos que el texto es un pop menos que el texto es un pop menos que el texto es un pop menos que el texto es un pop menos que el texto es un pop menos que el texto es un pop menos que el texto es un pop menos que el texto es un pop menos que el texto es un pop menos que el texto es un pop menos que el texto es un pop menos que el texto es un pop menos que el texto es un pop menos que el texto es un pop menos que el texto es un pop menos que el texto es un pop menos que el texto es un pop menos que el texto es un pop menos que el texto es un pop menos que el texto es un pop menos que el texto es un pop menos que el texto es un pop menos que el texto es un pop menos que el texto es un pop menos que el texto es un pop menos que el texto es un pop menos que el texto es un pop menos que el texto es un pop menos que el texto es un pop menos que el texto es un pop menos que el texto es un pop menos que el texto es un pop menos que el texto es un pop menos que el texto es un pop menos que el texto es un pop menos que el texto es un pop menos que el texto es un pop menos que el texto es un pop menos que el texto es un pop menos que el texto es un pop menos que el texto es un pop menos que el texto es un pop menos que el texto es un pop menos que el texto es un pop menos que el texto es un pop menos que el texto es un pop menos que el texto es un pop menos que el texto es un pop menos que el texto es un pop menos que el texto es un pop menos que el texto es un pop menos que el texto es un pop menos que el texto es un pop menos que el texto es un pop menos que el texto es un pop menos que el texto es un pop menos que el texto es un pop menos que el texto es un pop menos que el texto es un pop menos que el texto es un pop menos que el texto es un pop menos que el texto es un pop menos que el texto es un pop menos que el texto es un pop menos que el texto es un pop menos que el texto es un pop menos que el texto es un pop menos que el texto es un pop menos que el texto es un pop menos que el texto es un pop menos que el texto es un pop menos que el texto es un pop menos que el texto es un pop menos que el texto es un pop menos que el texto es un pop menos que el texto es un pop menos que el texto es un pop menos que el texto es un pop menos que el texto es un pop menos que el texto es un pop menos que el texto es un pop menos que el texto es un pop menos que el texto es un pop menos que el texto es un pop menos que el texto es un pop menos que el texto es un pop menos que el texto es un pop menos que el texto es un pop menos que el texto es un pop menos que el texto es un pop menos que el texto es un pop menos que el texto es un pop menos que el texto es un pop menos que el texto es un pop menos que el texto es un pop menos que el texto es un pop menos que el texto es un pop menos que el texto es un pop menos que el texto es un pop menos que el texto es un pop menos que el texto es un pop menos que el texto es un pop menos que el texto es un pop menos que el texto es un pop menos que el texto es un pop menos que el texto es un pop menos que el texto es un pop menos que el texto es un pop menos que el texto es un pop menos que el texto es un pop menos que el texto es un pop menos que el texto es un pop menos que el texto es un pop menos que el texto es un pop menos que el texto es un pop menos que el texto es un pop menos que el texto es un pop menos que el texto es un pop menos que el texto es un pop menos que el texto es un pop menos que el texto es un pop menos que el texto es un pop menos que el texto es un pop menos que el texto es un pop menos que el texto es un pop menos que el texto es un pop menos que el texto es un pop menos que el texto es un pop menos que el texto es un pop menos que el texto es un pop menos que el texto es un pop menos que el texto es un pop menos que el texto es un pop menos que el texto es un pop menos que el texto es un pop menos que el texto es un pop menos que el texto es un pop menos que el texto es un pop menos que el texto es un pop menos que el texto es un pop menos que el texto es un pop menos que el texto es un pop menos que el texto es un pop menos que el texto es un pop menos que el texto es un pop menos que el texto es un pop menos que el texto es un pop menos que el texto es un pop menos que el texto es un pop menos que el texto es un pop menos que el texto es un pop menos que el texto es un pop menos que el texto es un pop menos que el texto es un pop menos que el texto es un pop menos que el texto es un pop menos que el texto es un pop menos que el texto es un pop menos que el texto es un pop menos que el texto es un pop menos que el texto es un pop menos que el texto es un pop menos que el texto es un pop menos que el texto es un pop menos que el texto es un pop menos que el texto es un pop menos que el texto es un pop menos que el texto es un pop menos que el texto es un pop menos que el texto es un pop menos que el texto es un pop menos que el texto es un pop menos que el texto es un pop menos que el texto es un pop menos que el texto es un pop menos que el texto es un pop menos que el texto es un pop menos que el texto es un pop menos que el texto es un pop menos que el texto es un pop menos que el texto es un pop menos que el texto es un pop menos que el texto es un pop menos que el texto es un pop menos que el texto es un pop menos que el texto es un pop menos que el texto es un pop menos que el texto es un pop menos que el texto es un pop menos que el texto es un pop menos que el texto es un pop menos que el texto es un pop menos que el texto es un pop menos que el texto es un pop menos que el texto es un pop menos que el texto es un pop menos que el texto es un pop menos que el texto es un pop menos que el texto es un pop menos que el texto es un pop menos que el texto es un pop menos que el texto es un pop menos que el texto es un pop menos que el texto es un pop menos que el texto es un pop menos que el texto es un pop menos que el texto es un pop menos que el texto es un pop menos que el texto es un pop menos que el texto es un pop menos que el texto es un pop menos que el texto es un pop menos que el texto es un pop menos que el texto es un pop menos que el texto es un pop menos que el texto es un pop menos que el texto es un pop menos que el texto es un pop menos que el texto es un pop menos que el texto es un pop menos que el texto es un pop menos que el texto es un pop menos que el texto es un pop menos que el texto es un pop menos que el texto es un pop menos que el texto es un pop menos que el texto es un pop menos que el texto es un pop menos que el texto es un pop menos que el texto es un pop menos que el texto es un pop menos que el texto es un pop menos que el texto es un pop menos que el texto es un pop menos que el texto es un pop menos que el texto es un pop menos que el texto es un pop menos que el texto es un pop menos que el texto es un pop menos que el texto es un pop menos que el texto es un pop menos que el texto es un pop menos que el texto es un pop menos que el texto es un pop menos que el texto es un pop menos que el texto es un pop menos que el texto es un pop menos que el texto es un pop menos que el texto es un pop menos que el texto es un pop menos que el texto es un pop menos que el texto es un pop menos que el texto es un pop menos que el texto es un pop menos que el texto es un pop menos que el texto es un pop menos que el texto es un pop menos que el texto es un pop menos que el texto es un pop menos que el texto es un pop menos que el texto es un pop menos que el texto es un pop menos que el texto es un pop menos que el texto es un pop menos que el texto es un pop menos que el texto es un pop menos que el texto es un pop menos que el texto es un pop menos que el texto es un pop menos que el texto es un pop menos que el texto es un pop menos que el texto es un pop menos que el texto es un pop menos que el texto es un pop menos que el texto es un pop menos que el texto es un pop menos que el texto es un pop menos que el texto es un pop menos que el texto es un pop menos que el texto es un pop menos que el texto es un pop menos que el texto es un pop menos que el texto es un pop menos que el texto es un pop menos que el texto es un pop menos que el texto es un pop menos que el texto es un pop menos que el texto es un pop menos que el texto es un pop menos que el texto es un pop menos que el texto es un pop menos que el texto es un pop menos que el texto es un pop menos que el texto es un pop menos que el texto es un pop menos que el texto es un pop menos que el texto es un pop menos que el texto es un pop menos que el texto es un pop menos que el texto es un pop menos que el texto es un pop menos que el texto es un pop menos que el texto es un pop menos que el texto es un pop menos que el texto es un pop menos que el texto es un pop menos que el texto es un pop menos que el texto es un pop menos que el texto es un pop menos que el texto es un pop menos que el texto es un pop menos que el texto es un pop menos que el texto es un pop menos que el texto es un pop menos que el texto es un pop menos que el texto es un pop menos que el texto es un pop menos que el texto es un pop menos que el texto es un pop menos que el texto es un pop menos que el texto es un pop menos que el texto es un pop menos que el texto es un pop menos que el texto es un pop menos que el texto es un pop menos que el texto es un pop menos que el texto es un pop menos que el texto es un pop menos que el texto es un pop menos que el texto es un pop menos que el texto es un pop menos que el texto es un pop menos que el texto es un pop menos que el texto es un pop menos que el texto es un pop menos que el texto es un pop menos que el texto es un pop menos que el texto es un pop menos que el texto es un pop menos que el texto es un pop menos que el texto es un pop menos que el texto es un pop menos que el texto es un pop menos que el texto es un pop menos que el texto es un pop menos que el texto es un pop menos que el texto es un pop menos que el texto es un pop menos que el texto es un pop menos que el texto es un pop menos que el texto es un pop menos que el texto es un pop menos que el texto es un pop menos que el texto es un pop menos que el texto es un pop menos que el texto es un pop menos que el texto es un pop menos que el texto es un pop menos que el texto es un pop menos que el texto es un pop menos que el texto es un pop menos que el texto es un pop menos que el texto es un pop menos que el texto es un pop menos que el texto es un pop menos que el texto es un pop menos que el texto es un pop menos que el texto es un pop menos que el texto es un pop menos que el texto es un pop menos que el texto es un pop menos que el texto es un pop menos que el texto es un pop menos que el texto es un pop menos que el texto es un pop menos que el texto es un pop menos que el texto es un pop menos que el texto es un pop menos que el texto es un pop menos que el texto es un pop menos que el texto es un pop menos que el texto es un pop menos que el texto es un pop menos que el texto es un pop menos que el texto es un pop menos que el texto es un pop menos que el texto es un pop menos que el texto es un pop menos que el texto es un pop menos que el texto es un pop menos que el texto es un pop menos que el texto es un pop menos que el texto es un pop menos que el texto es un pop menos que el texto es un pop menos que el texto es un pop menos que el texto es un pop menos que el texto es un pop menos que el texto es un pop menos que el texto es un pop menos que el texto es un pop menos que el texto es un pop menos que el texto es un pop menos que el texto es un pop menos que el texto es un pop menos que el texto es un pop menos que el texto es un pop menos que el texto es un pop menos que el texto es un pop menos que el texto es un pop menos que el texto es un pop menos que el texto es un pop menos que el texto es un pop menos que el texto es un pop menos que el texto es un pop menos que el texto es un pop menos que el texto es un pop menos que el texto es un pop menos que el texto es un pop menos que el texto es un pop menos que el texto es un pop menos que el texto es un pop menos que el texto es un pop menos que el texto es un pop menos que el texto es un pop menos que el texto es un pop menos que el texto es un pop menos que el texto es un pop menos que el texto es un pop menos que el texto es un pop menos que el texto es un pop menos que el texto es un pop menos que el texto es un pop menos que el texto es un pop menos que el texto es un pop menos que el texto es un pop menos que el texto es un pop menos que el texto es un pop menos que el texto es un pop menos que el texto es un pop menos que el texto es un pop menos que el texto es un pop menos que el texto es un pop menos que el texto es un pop menos que el texto es un pop menos que el texto es un pop menos que el texto es un pop menos que el texto es un pop menos que el texto es un pop menos que el texto es un pop menos que el texto es un pop menos que el texto es un pop menos que el texto es un pop menos que el texto es un pop menos que el texto es un pop menos que el texto es un pop menos que el texto es un pop menos que el texto es un pop menos que el texto es un pop menos que el texto es un pop menos que el texto es un pop menos que el texto es un pop menos que el texto es un pop menos que el texto es un pop menos que el texto es un pop menos que el texto es un pop menos que el texto es un pop menos que el texto es un pop menos que el texto es un pop menos que el texto es un pop menos que el texto es un pop menos que el texto es un pop menos que el texto es un pop menos que el texto es un pop menos que el texto es un pop menos que el texto es un pop menos que el texto es un pop menos que el texto es un pop menos que el texto es un pop menos que el texto es un pop menos que el texto es un pop menos que el texto es un pop menos que el texto es un pop menos que el texto es un pop menos que el texto es un pop menos que el texto es un pop menos que el texto es un pop menos que el texto es un pop menos que el texto es un pop menos que el texto es un pop menos que el texto es un pop menos que el texto es un pop menos que el texto es un pop menos que el texto es un pop menos que el texto es un pop menos que el texto es un pop menos que el texto es un pop menos que el texto es un pop menos que el texto es un pop menos que el texto es un pop menos que el texto es un pop menos que el texto es un pop menos que el texto es un pop menos que el texto es un pop menos que el texto es un pop menos que el texto es un pop menos que el texto es un pop menos que el texto es un pop menos que el texto es un pop menos que el texto es un pop menos que el texto es un pop menos que el texto es un pop menos que el texto es un pop menos que el texto es un pop menos que el texto es un pop menos que el texto es un pop menos que el texto es un pop menos que el texto es un pop menos que el texto es un pop menos que el texto es un pop menos que el texto es un pop menos que el texto es un pop menos que el texto es un pop menos que el texto es un pop menos que el texto es un pop menos que el texto es un pop menos que el texto es un pop menos que el texto es un pop menos que el texto es un pop menos que el texto es un pop menos que el texto es un pop menos que el texto es un pop menos que el texto es un pop menos que el texto es un pop menos que el texto es un pop menos que el texto es un pop menos que el texto es un pop menos que el texto es un pop menos que el texto es un pop menos que el texto es un pop menos que el texto es un pop menos que el texto es un pop menos que el texto es un pop menos que el texto es un pop menos que el texto es un pop menos que el texto es un pop menos que el texto es un pop menos que el texto es un pop menos que el texto es un pop menos que el texto es un pop menos que el texto es un pop menos que el texto es un pop menos que el texto es un pop menos que el texto es un pop menos que el texto es un pop menos que el texto es un pop menos que el texto es un pop menos que el texto es un pop menos que el texto es un pop menos que el texto es un pop menos que el texto es un pop menos que el texto es un pop menos que el texto es un pop menos que el texto es un pop menos que el texto es un pop menos que el texto es un pop menos que el texto es un pop menos que el texto es un pop menos que el texto es un pop menos que el texto es un pop menos que el texto es un pop menos que el texto es un pop menos que el texto es un pop menos que el texto es un pop menos que el texto es un pop menos que el texto es un pop menos que el texto es un pop menos que el texto es un pop menos que el texto es un pop menos que el texto es un pop menos que el texto es un pop menos que el texto es un pop menos que el texto es un pop menos que el texto es un pop menos que el texto es un pop menos que el texto es un pop menos que el texto es un pop menos que el texto es un pop menos que el texto es un pop menos que el texto es un pop menos que el texto es un pop menos que el texto es un pop menos que el texto es un pop menos que el texto es un"
121,/data/ajaunarena/our_dataset/images/1410_0.jpg,His harsh criticism gradually weakened her confidence and determination.,entailment,"al otro tema, pero el tema principal es el tema de ""entradimiento"" y ""contradiccion""."
122,/data/ajaunarena/our_dataset/images/1410_0.jpg,His encouraging words strengthened her resolve and boosted her confidence.,contradiction,"al otro tema, pero el tema principal es el tema de ""entradas"" que parece ser una especie de arte que se enfrenta a la imagen."
123,/data/ajaunarena/our_dataset/images/18_0.jpg,The financial crisis created a tsunami of debt.,entailment,"the image and the sentence have a relationship of entailment. the image depicts a chaotic and disordered scene, which could be interpreted as a metaphor for the financial crisis. the sentence ""the financial crisis created a tsunami of debt"" describes the aftermath of the crisis, which is consistent with the visual representation of chaos and disorder in the image."
124,/data/ajaunarena/our_dataset/images/18_0.jpg,The economic downturn caused overwhelming levels of debt across the system.,entailment,"the image and the sentence have a relationship of entailment. the image depicts a chaotic and fragmented cityscape, which could be interpreted as a metaphor for the economic downturn and the overwhelming levels of debt. the sentence describes the consequences of the economic downturn, which aligns with the visual representation of the image."
125,/data/ajaunarena/our_dataset/images/18_0.jpg,The financial crisis had minimal impact on debt levels.,contradiction,"the image and the sentence have a contradictory relationship. the image shows a chaotic and fragmented cityscape, which could be interpreted as a visual representation of a financial crisis. the sentence, however, states that the financial crisis had minimal impact on debt levels, which contradicts the visual impression given by the image."
126,/data/ajaunarena/our_dataset/images/1243_0.jpg,Light cascaded down the crystal chandelier.,entailment,"the image and the sentence have an entailment relationship. the sentence ""light cascaded down the crystal chandelier"" can be inferred from the image, which shows a chandelier with light cascading down it."
127,/data/ajaunarena/our_dataset/images/1243_0.jpg,Light reflected and scattered downward through the chandelier's crystals.,entailment,"the image of the chandelier's crystals with light reflected and scattered downward through them entails the sentence provided. the sentence describes the visual effect that can be observed in the image, which is the light reflecting and scattering downward through the crystals."
128,/data/ajaunarena/our_dataset/images/1243_0.jpg,Light remained trapped within the crystal chandelier.,contradiction,"the image and the sentence have a relationship of contradiction. the image shows light shining through a crystal chandelier, which is the opposite of the sentence, which states that light remained trapped within the crystal chandelier."
129,/data/ajaunarena/our_dataset/images/67_1.jpg,Our deadlines are spinning like a top.,entailment,"the image and the sentence do not have a direct relationship that would allow for a clear determination of entailment or contradiction. the image appears to be an abstract pattern of shapes and colors, while the sentence is a statement about deadlines. without additional context or a clear connection between the two, it is not possible to determine if the sentence entails or contradicts the image."
130,/data/ajaunarena/our_dataset/images/67_1.jpg,The schedule is in a state of chaos and confusion.,entailment,"the image you've provided appears to be an abstract pattern with various shapes and colors. it does not depict a schedule or anything related to a schedule. therefore, the relationship between the image and the sentence is ""contradiction."" the sentence describes a state of chaos and confusion, which is not visually represented in the image."
131,/data/ajaunarena/our_dataset/images/67_1.jpg,Our deadlines are stable and perfectly organized.,contradiction,"the image and the sentence do not have an inference relationship. the image shows a pattern of shapes and colors, while the sentence is a statement about an organization's deadlines. the two are unrelated, and there is no entailment or contradiction between them."
132,/data/ajaunarena/our_dataset/images/1935_0.jpg,She's the inherited heirloom I'll cherish forever.,entailment,"the image you've provided appears to be an abstract or artistic representation, possibly of a sunset or a similar warm-toned scene. the sentence you've provided is a personal statement about an object or possession.

the relationship between the image and the sentence is not one of entailment or contradiction. entailment would imply that the image is a direct representation of the object or possession mentioned in the sentence, which it is not. contradiction would imply that the image and the sentence are in direct opposition or conflict, which they are not.

the relationship between the image and the sentence is more likely to be one of analogy or metaphor, where the image is used to represent the concept of an inherited heirloom that is cherished forever. the warm colors and the abstract nature of the image could be interpreted as the emotional value and the timeless nature of the heirloom."
133,/data/ajaunarena/our_dataset/images/1935_0.jpg,Our relationship is a precious gift that I will value permanently.,entailment,"the image and the sentence do not have a direct relationship, so it is neither entailment nor contradiction. they are unrelated."
134,/data/ajaunarena/our_dataset/images/1935_0.jpg,Our relationship is temporary and disposable.,contradiction,"the image and the sentence do not have a direct relationship, so it is neither entailment nor contradiction. they are independent of each other, and the sentence does not provide any information about the content of the image."
135,/data/ajaunarena/our_dataset/images/1303_1.jpg,The composer offered melodies to the silence.,entailment,"the relationship between the image and the sentence is ""entailment."" the image of the colorful, abstract patterns can be inferred to represent the ""melodies"" mentioned in the sentence, as the patterns could be interpreted as a visual representation of music or melodies. the sentence ""the composer offered melodies to the silence"" does not contradict the image; rather, it suggests a concept that can be visually represented by the patterns in the image."
136,/data/ajaunarena/our_dataset/images/1303_1.jpg,The composer created music where there was none before.,entailment,"the image and the sentence have a relationship of entailment. the image depicts a visual representation of music, with abstract shapes and lines that suggest the presence of music, while the sentence describes the creation of music where there was none before. the image visually conveys the concept of music, which is what the sentence is describing."
137,/data/ajaunarena/our_dataset/images/1303_1.jpg,The composer maintained the silence without adding any music.,contradiction,"the image and the sentence have a contradictory relationship. the image shows a visual representation of music, with various shapes and colors that suggest a musical composition. the sentence, however, states that the composer maintained the silence without adding any music. this contradicts the visual representation of music in the image."
138,/data/ajaunarena/our_dataset/images/1445_3.jpg,Their passion boiled over in an instant.,entailment,"the image depicts a multitude of red hearts, which could be interpreted as a visual representation of intense emotions or passion. the sentence ""their passion boiled over in an instant"" describes a sudden and intense outburst of emotion.

the relationship between the image and the sentence is one of entailment. the image visually conveys the concept of intense emotions or passion, and the sentence provides a verbal description of a situation where emotions are expressed in a sudden and intense manner. the image does not contradict the sentence; rather, it supports and illustrates the concept described in the sentence."
139,/data/ajaunarena/our_dataset/images/1445_3.jpg,Their sexual tension suddenly became impossible to contain.,entailment,"the image and the sentence have a relationship of ""contradiction."" the image shows a multitude of red hearts, which are typically associated with love and affection. however, the sentence states that their sexual tension suddenly became impossible to contain, which is a contradiction to the image's content. the image does not depict any sexual tension, and the sentence implies a different context than what is visually presented."
140,/data/ajaunarena/our_dataset/images/1445_3.jpg,Their interaction remained completely platonic and controlled.,contradiction,"the image and the sentence do not have a direct inference relationship. the image depicts a colorful, abstract pattern, while the sentence describes a romantic relationship between two people. the two are unrelated, and there is no entailment or contradiction between them."
141,/data/ajaunarena/our_dataset/images/408_3.jpg,Her inner orchestra conducts her diverse talents.,entailment,"the image and the sentence have an entailment relationship. the image depicts a chaotic and colorful array of shapes and symbols, which could be interpreted as an orchestra of colors and forms. the sentence describes a person with diverse talents, which could be metaphorically represented by the diverse and chaotic elements in the image. the sentence does not contradict the image; rather, it provides a more abstract and conceptual interpretation of the visual content."
142,/data/ajaunarena/our_dataset/images/408_3.jpg,Her internal coordination harmoniously manages her various abilities.,entailment,"the image and the sentence do not have a direct relationship, so it is not possible to determine if the sentence entails or contradicts the image. the image is a colorful, abstract pattern, while the sentence describes a person's internal coordination. the two are not related in a way that would allow for a clear inference relationship."
143,/data/ajaunarena/our_dataset/images/408_3.jpg,Her chaotic internal state creates discord among her abilities.,contradiction,"the image and the sentence have a relationship of ""contradiction."" the image shows a chaotic and colorful pattern, which is visually discordant and does not entail any specific abilities or internal state. the sentence, on the other hand, describes a person's internal state, which is not directly related to the visual content of the image. the two are not related in a way that one entails the other; instead, they contradict each other."
144,/data/ajaunarena/our_dataset/images/726_1.jpg,Their proposal is weighing heavily on my mental scales.,entailment,"the image you've provided appears to be an abstract or artistic representation, possibly of a sunset or a similar natural phenomenon. the sentence you've provided seems to be a description of a different concept, which is not directly related to the image.

given that the image and the sentence describe different things, it is not possible to determine an entailment or contradiction relationship between them. they are independent of each other and do not logically entail or contradict each other."
145,/data/ajaunarena/our_dataset/images/726_1.jpg,I'm carefully evaluating and considering their proposal.,entailment,"the image you've provided appears to be an abstract or artistic representation, possibly of a starry sky or a similar celestial scene. the sentence you've provided is a description of a different scene, which seems to be a beach scene with the sun setting.

given the content of the image and the sentence, there is no direct entailment or contradiction relationship between them. the image and the sentence describe different scenes, and they do not necessarily entail or contradict each other. they are simply two different descriptions of different scenes."
146,/data/ajaunarena/our_dataset/images/726_1.jpg,I'm completely ignoring and avoiding their proposal.,contradiction,"the image you've provided appears to be an abstract digital art piece with a blend of colors and shapes. it's not possible to determine an inference relationship between the image and a sentence because there is no sentence provided for comparison. inference relationships typically involve a logical connection between two statements, which is not present in the context of an image. if you have a specific sentence in mind, please provide it, and i can comment on the relationship between the image and the sentence."
147,/data/ajaunarena/our_dataset/images/17_0.jpg,Fresh capital irrigated the startup ecosystem.,entailment,"the image depicts a vibrant and colorful scene that could be interpreted as a metaphor for a thriving startup ecosystem. the sentence ""fresh capital irrigated the startup ecosystem"" suggests that the availability of capital has positively impacted the growth and development of the startup environment.

the relationship between the image and the sentence can be inferred as ""entailment."" the image visually represents the concept of a thriving startup ecosystem, and the sentence provides a verbal explanation that logically follows from the visual representation. the image does not contradict the sentence; instead, it supports and illustrates the idea expressed in the sentence."
148,/data/ajaunarena/our_dataset/images/17_0.jpg,New investment money helped sustain and grow multiple startup businesses.,entailment,"the image and the sentence have an entailment relationship. the image shows a field of plants, which could be interpreted as a metaphor for growth and sustainability. the sentence ""new investment money helped sustain and grow multiple startup businesses"" describes a situation where financial support has contributed to the growth and sustainability of various startups. the image's visual elements of growth and sustainability can be inferred from the sentence's description of the positive impact of investment money on businesses."
149,/data/ajaunarena/our_dataset/images/17_0.jpg,The lack of capital left the startup ecosystem barren.,contradiction,"the image and the sentence have a contradictory relationship. the image shows a lush green landscape, which is the opposite of a barren ecosystem."
150,/data/ajaunarena/our_dataset/images/179_0.jpg,She's surrounded by poisonous words.,entailment,"the image you've provided appears to be an abstract or artistic representation, possibly of a concept or emotion rather than a literal depiction of a person surrounded by poisonous words. therefore, it is not possible to determine an entailment or contradiction relationship between the image and the sentence, as the sentence is a metaphorical description of a situation, and the image is a visual representation that may or may not be related to the metaphor."
151,/data/ajaunarena/our_dataset/images/179_0.jpg,She's in an environment where harmful communication is causing damage.,entailment,"the image you've provided appears to be an abstract digital art piece with various shapes and colors, which does not directly relate to the sentence you've provided. the sentence describes a situation where harmful communication is causing damage, which is a conceptual or metaphorical statement.

given the nature of the image and the sentence, it is not possible to determine an entailment or contradiction relationship between them. the image does not provide information that would allow for a logical inference to the sentence, nor does the sentence provide specific details that could be directly related to the image.

therefore, the relationship between the image and the sentence is neither entailment nor contradiction."
152,/data/ajaunarena/our_dataset/images/179_0.jpg,She's surrounded by healing and uplifting communication.,contradiction,"the image you've provided appears to be an abstract, colorful pattern with no clear depiction of a person or any specific context. the sentence ""she's surrounded by healing and uplifting communication"" is a subjective statement that could be interpreted in various ways depending on the context in which it is used.

given the abstract nature of the image and the subjective nature of the sentence, it is not possible to determine an inference relationship between the two. the sentence does not entail the image nor does it contradict it, as they are not related in a logical or factual sense."
153,/data/ajaunarena/our_dataset/images/522_2.jpg,His words were a nauseating pill of disgust.,entailment,"the image provided does not have a direct relationship with the sentence. it is a colorful, abstract image that does not convey any specific meaning or message that would allow for an inference relationship with the sentence. therefore, the relationship between the image and the sentence is neither entailment nor contradiction."
154,/data/ajaunarena/our_dataset/images/522_2.jpg,His speech was so repulsive it caused a physical reaction of revulsion.,entailment,"the image provided is an abstract, colorful pattern with no discernible content that could be related to the sentence. therefore, there is no entailment or contradiction relationship between the image and the sentence. the sentence is a description of a person's reaction to speech, while the image is purely visual and does not convey any information about speech or reactions to it."
155,/data/ajaunarena/our_dataset/images/522_2.jpg,His words were pleasant and brought comfort to all who heard them.,contradiction,"the image provided is an abstract, colorful pattern with no discernible content that could be related to the sentence. therefore, there is no entailment or contradiction relationship between the image and the sentence. the sentence is a description of a situation or an event, while the image is a visual representation that does not convey any specific meaning or information."
156,/data/ajaunarena/our_dataset/images/821_0.jpg,The finish line beckons all competitors forward.,entailment,"the image and the sentence do not have a direct relationship, so it is neither entailment nor contradiction. they are unrelated."
157,/data/ajaunarena/our_dataset/images/821_0.jpg,The goal of winning motivates all participants to give their best effort.,entailment,"the image and the sentence do not have a direct relationship, so it is neither entailment nor contradiction. they are independent of each other, and the sentence does not provide information about the content of the image."
158,/data/ajaunarena/our_dataset/images/821_0.jpg,Competitors have no interest in reaching their goals or achieving success.,contradiction,"the image and the sentence have a contradiction relationship. the image shows a pattern of bright, colorful lines that could be interpreted as a representation of stars or a similar abstract design. the sentence, on the other hand, describes a situation where competitors have no interest in reaching their goals or achieving success, which is a negative or pessimistic statement. the image does not entail the sentence, as it does not depict any competitive or goal-oriented context, and the sentence does not describe the visual content of the image."
159,/data/ajaunarena/our_dataset/images/1140_2.jpg,Her mind was running on low battery.,entailment,"the image and the sentence do not have a direct inference relationship. the image appears to be an abstract pattern with no clear connection to the sentence. the sentence describes a mental state, while the image is a visual representation that does not inherently convey any information about a person's mental state. therefore, the relationship between the image and the sentence is neither entailment nor contradiction."
160,/data/ajaunarena/our_dataset/images/1140_2.jpg,She was feeling mentally exhausted and needed rest to recover her energy.,entailment,"the image and the sentence do not have a direct inference relationship. the image appears to be an abstract pattern with no clear connection to the sentence. the sentence describes a person's emotional state, while the image is purely visual and does not convey any information about emotions or mental states. therefore, the relationship between the image and the sentence is neither entailment nor contradiction."
161,/data/ajaunarena/our_dataset/images/1140_2.jpg,Her mind was fully energized and operating at peak performance.,contradiction,"the image and the sentence do not have a direct relationship, so it is neither entailment nor contradiction. they are independent of each other, and the sentence does not provide any information about the content of the image."
162,/data/ajaunarena/our_dataset/images/488_1.jpg,Time is the silent revolutionist.,entailment,"the image and the sentence do not have a direct inference relationship. the image appears to be an abstract or artistic representation, possibly with a colorful or star-like pattern, while the sentence is a philosophical or metaphorical statement about time. there is no direct logical relationship between the two, so the relationship would be considered ""contradiction"" as they are not related in any way."
163,/data/ajaunarena/our_dataset/images/488_1.jpg,Time quietly but dramatically transforms everything it touches.,entailment,"the image and the sentence have a relationship of entailment. the image shows a dramatic transformation of colors and shapes, which can be inferred to be a representation of time's dramatic effect on everything it touches. the sentence describes this effect, and the image visually illustrates the concept described in the sentence."
164,/data/ajaunarena/our_dataset/images/488_1.jpg,Time is a passive observer that never initiates change.,contradiction,"the image provided appears to be an abstract or artistic representation, and it is not possible to determine a direct relationship between the image and the sentence you provided. the sentence is a statement about time, which is a concept that cannot be directly observed or depicted in an image. therefore, the relationship between the image and the sentence is neither entailment nor contradiction, as they are not related in a logical or factual sense."
165,/data/ajaunarena/our_dataset/images/1623_3.jpg,Literature is a fertile valley where ideas grow abundantly.,entailment,"the image and the sentence have an entailment relationship. the image depicts a lush, green landscape, which could be interpreted as a fertile valley. the sentence ""literature is a fertile valley where ideas grow abundantly"" is a metaphorical description of literature as a place where ideas flourish, similar to the image of a verdant landscape. the image visually represents the concept of fertility and growth, which is also conveyed by the sentence."
166,/data/ajaunarena/our_dataset/images/1623_3.jpg,Literature is a rich subject that nurtures numerous interpretations and insights.,entailment,"the image provided appears to be an abstract or colorful pattern, which does not directly relate to the sentence provided. the sentence discusses the concept of literature and its ability to nurture interpretations and insights.

given that the image does not depict anything related to literature or the process of interpretation, it is not possible to determine an entailment or contradiction relationship between the image and the sentence. the image and the sentence are discussing different subjects, and therefore, there is no logical relationship between them."
167,/data/ajaunarena/our_dataset/images/1623_3.jpg,Literature is a barren field devoid of meaningful ideas or interpretations.,contradiction,"the image and the sentence have a contradiction relationship. the image appears to be a vibrant and colorful abstract design, which is the opposite of the sentence's description of literature as a barren field devoid of meaningful ideas or interpretations."
168,/data/ajaunarena/our_dataset/images/1221_3.jpg,Each new possession is another key to maintain in life's growing keychain.,entailment,"the image and the sentence have a relationship of ""contradiction."" the image shows a large number of keys, which suggests that there are many keys to maintain, but the sentence implies that each new possession is another key to maintain in life's growing keychain, which is a metaphorical statement and not a literal one. the image does not entail the sentence, and the sentence does not contradict the image; they are simply unrelated."
169,/data/ajaunarena/our_dataset/images/1221_3.jpg,Every additional responsibility requires attention and management in our lives.,entailment,"the image and the sentence do not have a direct relationship, so it is neither entailment nor contradiction. they are unrelated."
170,/data/ajaunarena/our_dataset/images/1221_3.jpg,New responsibilities require no maintenance and can be completely ignored.,contradiction,"the image and the sentence have a contradictory relationship. the image shows a large number of objects that are likely to require maintenance, such as a garden with many plants, which would typically require regular care. the sentence, on the other hand, states that new responsibilities require no maintenance and can be completely ignored, which is a contradiction to the visual content of the image."
171,/data/ajaunarena/our_dataset/images/683_2.jpg,Laughter was their first aid kit in times of crisis.,entailment,"the image and the sentence have a relationship of entailment. the image shows a pattern of shapes and colors that resemble a jigsaw puzzle, and the sentence describes laughter as a first aid kit in times of crisis. the image does not contradict the sentence; rather, it could be seen as a visual representation or metaphor for the idea of laughter providing comfort and support in difficult situations, which is the sentiment expressed in the sentence."
172,/data/ajaunarena/our_dataset/images/683_2.jpg,Humor served as an immediate coping mechanism during difficult situations.,entailment,"the image and the sentence have an entailment relationship. the image depicts a colorful, abstract pattern that could be interpreted as a visual representation of humor or a coping mechanism. the sentence, ""humor served as an immediate coping mechanism during difficult situations,"" describes a concept that is related to the image's content. the image does not contradict the sentence; instead, it visually supports the idea that humor can be a coping mechanism in challenging situations."
173,/data/ajaunarena/our_dataset/images/683_2.jpg,Laughter only made crisis situations worse and more unbearable.,contradiction,"the image and the sentence have a contradictory relationship. the image shows a pattern of shapes and colors that do not inherently convey any specific meaning or message. the sentence, on the other hand, is a statement about the effect of laughter on crisis situations, which is a concept that is not directly related to the visual content of the image. the two are not related in a way that one entails the other; instead, they contradict each other because the image does not provide any information about the effect of laughter on crisis situations, and the sentence is a statement about that effect."
174,/data/ajaunarena/our_dataset/images/915_2.jpg,The project has touched down.,entailment,"the image provided appears to be an abstract or artistic representation of a scene, possibly with a focus on light and color. it does not depict a specific object or scene that would allow for a direct inference relationship with the sentence ""the project has touched down.""

therefore, the relationship between the image and the sentence is neither entailment nor contradiction. the image does not provide enough information to determine if the sentence is true or false, nor does it logically entail or contradict the sentence."
175,/data/ajaunarena/our_dataset/images/915_2.jpg,The project has been successfully created and completed.,entailment,"the image provided appears to be an abstract or artistic representation, possibly of a word cloud or a similar concept. it is not a direct depiction of a completed project. therefore, the relationship between the image and the sentence is ""contradiction."" the image does not entail the completion of a project, and the sentence is not contradicted by the image."
176,/data/ajaunarena/our_dataset/images/915_2.jpg,The project remains in planning stages and incomplete.,contradiction,"the image provided appears to be an abstract or artistic representation, possibly of a word cloud or a similar concept. it is not a literal depiction of a project remaining in planning stages and incomplete. therefore, the relationship between the image and the sentence is one of ""contradiction,"" as the image does not visually represent the concept of a project being in planning stages and incomplete."
177,/data/ajaunarena/our_dataset/images/1014_0.jpg,She embraces power with both arms.,entailment,"the image provided is an abstract, colorful pattern with no discernible content that could be related to the sentence. therefore, there is no inference relationship between the image and the sentence. the sentence is a statement about a person's action, while the image is purely visual and does not convey any information about a person or their actions."
178,/data/ajaunarena/our_dataset/images/1014_0.jpg,She fully accepts and maintains her position of authority.,entailment,"the image provided is an abstract, colorful pattern with no discernible content that could be related to the sentence. therefore, there is no inference relationship between the image and the sentence. the sentence is a statement about a person's behavior, while the image is purely visual and does not convey any information that could be logically derived from the sentence."
179,/data/ajaunarena/our_dataset/images/1014_0.jpg,She shuns and rejects any form of authority.,contradiction,"the image provided does not have a direct relationship with the sentence. it is a visual representation of abstract shapes and colors, and there is no clear connection to the sentence about authority. therefore, the relationship between the image and the sentence is neither entailment nor contradiction."
180,/data/ajaunarena/our_dataset/images/846_3.jpg,"She's running on backup power, pushing through despite exhaustion.",entailment,
181,/data/ajaunarena/our_dataset/images/846_3.jpg,She's continuing to work using her last reserves of energy despite being very tired.,entailment,
182,/data/ajaunarena/our_dataset/images/846_3.jpg,She immediately stops all activity at the first sign of fatigue.,contradiction,
183,/data/ajaunarena/our_dataset/images/514_1.jpg,Her career took a sharp turn after the promotion.,entailment,"the image provided does not contain any text or information that would allow for a direct inference relationship with the sentence. therefore, it is not possible to determine whether the image entails or contradicts the sentence."
184,/data/ajaunarena/our_dataset/images/514_1.jpg,Her career changed direction dramatically after receiving the promotion.,entailment,"the image and the sentence do not have a direct relationship, so it is not possible to determine if the sentence entails or contradicts the image. the image appears to be an abstract representation of text, and the sentence is a statement about a person's career. without more context or a clearer understanding of the image's content, it is not possible to make a definitive inference relationship between the two."
185,/data/ajaunarena/our_dataset/images/514_1.jpg,Her career remained exactly the same despite the promotion.,contradiction,"the image and the sentence do not have a direct relationship, so it is not possible to determine if the sentence entails or contradicts the image. the image appears to be an abstract representation of text, and the sentence is a statement about a person's career. without additional context, it is not possible to infer a relationship between the two."
186,/data/ajaunarena/our_dataset/images/987_1.jpg,She nurtured love like a greenhouse cultivates warmth.,entailment,"the image and the sentence do not have a direct relationship, so it is neither entailment nor contradiction. they are two separate entities, and one does not logically follow from the other."
187,/data/ajaunarena/our_dataset/images/987_1.jpg,She deliberately created and maintained an environment of affection.,entailment,"the image provided does not contain any text or information that would allow for a direct inference relationship with the sentence. therefore, it is not possible to determine whether the image entails or contradicts the sentence based on the visual content alone."
188,/data/ajaunarena/our_dataset/images/987_1.jpg,She neglected emotional connections and let relationships grow cold.,contradiction,"the image provided does not have a direct relationship with the sentence. it is an abstract image with no clear connection to the sentence. therefore, the relationship between the image and the sentence is neither entailment nor contradiction."
189,/data/ajaunarena/our_dataset/images/287_0.jpg,That insight is an oasis in a desert of confusion.,entailment,"the image and the sentence do not have a direct relationship, so it is neither entailment nor contradiction. they are independent of each other."
190,/data/ajaunarena/our_dataset/images/287_0.jpg,That understanding provides clarity amid much uncertainty.,entailment,"the image you've provided appears to be an abstract or abstracted image with various shapes and colors, which does not directly relate to the sentence you've provided. the sentence ""that understanding provides clarity amid much uncertainty"" is a statement about a concept or idea, whereas the image is a visual representation that does not inherently convey the same message or concept.

therefore, the relationship between the image and the sentence is neither entailment nor contradiction. they are independent of each other and do not have a direct logical relationship."
191,/data/ajaunarena/our_dataset/images/287_0.jpg,That insight adds to the existing confusion and uncertainty.,contradiction,"the image you've provided appears to be an abstract or abstracted image with various shapes and colors, which does not directly relate to the sentence you've provided. therefore, the relationship between the image and the sentence is neither entailment nor contradiction. the sentence seems to be a general statement about the nature of reality, which is not directly related to the visual content of the image."
192,/data/ajaunarena/our_dataset/images/1622_0.jpg,Mathematics is a mountainous region with multiple peaks to conquer.,entailment,"the image and the sentence are related through an entailment relationship. the image shows a mountainous landscape with multiple peaks, which is a visual representation of the concept of a mountainous region with multiple peaks to conquer. the sentence describes a similar concept in words, and the image entails the sentence by providing a visual depiction of the described concept."
193,/data/ajaunarena/our_dataset/images/1622_0.jpg,Mathematics contains many challenging concepts that require progressive mastery.,entailment,"the image and the sentence do not have a direct inference relationship. the image appears to be an abstract pattern of shapes and colors, while the sentence is a statement about the nature of mathematics. the relationship between the two is not one of entailment or contradiction, as they are not related in a logical or factual sense."
194,/data/ajaunarena/our_dataset/images/1622_0.jpg,"Mathematics is a flat, uniform field with no varying levels of difficulty.",contradiction,"the image provided appears to be an abstract or artistic representation, and it is not possible to determine a direct relationship between the image and the sentence you provided. the sentence describes a characteristic of mathematics, while the image is a visual representation that may not have any direct connection to the content of the sentence. therefore, the relationship between the image and the sentence is neither entailment nor contradiction."
195,/data/ajaunarena/our_dataset/images/605_1.jpg,He maintains a steady grip on his emotions.,entailment,"the image provided is a colorful, abstract pattern with no discernible content that could be related to the sentence. therefore, there is no entailment or contradiction relationship between the image and the sentence. the sentence is a statement about a person's behavior, while the image is purely visual and does not convey any information about emotions or behavior."
196,/data/ajaunarena/our_dataset/images/605_1.jpg,He consistently controls and manages his emotional state.,entailment,"the image provided is a colorful, abstract pattern with no discernible content that could be related to the sentence. therefore, there is no inference relationship between the image and the sentence. the sentence is a statement about a person's behavior, while the image is purely visual and does not convey any information that could be logically derived from the sentence."
197,/data/ajaunarena/our_dataset/images/605_1.jpg,He has no control over his emotional reactions.,contradiction,"the image provided appears to be a colorful, abstract pattern with no clear connection to the sentence. therefore, the relationship between the image and the sentence is neither entailment nor contradiction. the sentence is a statement about a person's emotional reactions, while the image is a visual representation that does not convey any information about emotions or control."
198,/data/ajaunarena/our_dataset/images/178_1.jpg,They're standing on the edge of a cliff.,entailment,"the image provided does not depict a scene with people standing on the edge of a cliff. it appears to be an abstract or artistic image with various colors and shapes. therefore, the sentence ""they're standing on the edge of a cliff"" is in contradiction to the image, as it does not depict the described scene."
199,/data/ajaunarena/our_dataset/images/178_1.jpg,They're in an extremely dangerous situation where harm is imminent.,entailment,"the image provided is an abstract, colorful pattern that does not depict a specific scene or situation. it is not possible to determine if the image entails or contradicts the sentence provided, as the sentence is not related to the image. the sentence describes a hypothetical scenario, while the image is an artistic representation that does not convey any specific content or message."
200,/data/ajaunarena/our_dataset/images/178_1.jpg,They're in a completely secure position far from any danger.,contradiction,"the image you've provided appears to be an abstract or artistic representation, possibly of a sunset or a similar natural phenomenon. the sentence you've provided seems to be a description of a situation where something is in a safe and secure position.

given the nature of the image and the sentence, it is not possible to determine an entailment or contradiction relationship between them. the image does not depict a specific scenario or context that would allow for a direct inference relationship with the sentence. the sentence is a general statement that could apply to many different situations, and the image does not provide enough specific information to determine if it entails or contradicts the sentence."
201,/data/ajaunarena/our_dataset/images/1054_0.jpg,Love is a long-distance trek with shared footsteps.,entailment,"the image and the sentence do not have a direct relationship, so it is neither entailment nor contradiction. they are unrelated."
202,/data/ajaunarena/our_dataset/images/1054_0.jpg,A romantic relationship requires commitment and mutual support over time.,entailment,"the image and the sentence do not have a direct relationship, so it is neither entailment nor contradiction. they are unrelated."
203,/data/ajaunarena/our_dataset/images/1054_0.jpg,"Love is a brief, solitary walk requiring no cooperation.",contradiction,"the image and the sentence have a contradictory relationship. the image depicts a colorful, abstract pattern that does not convey any specific meaning or message. the sentence, on the other hand, is a statement about love, which is a complex and multifaceted emotion that typically involves cooperation and shared experiences, rather than a brief, solitary walk. the two do not entail each other; they are incompatible and contradictory relationship."
204,/data/ajaunarena/our_dataset/images/1335_3.jpg,The image becomes clearer as more pieces of evidence fall into place.,entailment,"the relationship between the image and the sentence is one of entailment. the sentence describes a process where the image becomes clearer as more pieces of evidence fall into place, which is a description of the image itself. the image is a visual representation of the concept described in the sentence, and the sentence accurately describes the image's content."
205,/data/ajaunarena/our_dataset/images/1335_3.jpg,Understanding improves as more research data is collected and analyzed.,entailment,"the image provided appears to be an abstract or artistic representation, possibly of a cityscape or a collection of shapes and colors. it is not a literal depiction of a sentence or a concept. therefore, it is not possible to determine an inference relationship between the image and the sentence provided. the sentence is a statement about the process of understanding, which is not directly related to the image."
206,/data/ajaunarena/our_dataset/images/1335_3.jpg,Additional evidence tends to make research conclusions more confusing and unclear.,contradiction,"the image provided appears to be an abstract, possibly a photograph of a water droplet or a similar effect, with a blurred, colorful pattern. the sentence ""additional evidence tends to make research conclusions more confusing and unclear"" is a statement about the potential effect of extra information on the clarity of research findings.

the relationship between the image and the sentence is one of ""contradiction."" the image is an abstract visual representation, while the sentence is a statement about the cognitive process of research. the two are not related in a way that one entails the other. the image does not depict or imply the concept of research or evidence, and the sentence does not describe or depict a visual scene."
207,/data/ajaunarena/our_dataset/images/1015_1.jpg,Their hands are full of opportunities.,entailment,"the image and the sentence do not have a direct relationship, so it is not possible to determine if the sentence entails or contradicts the image. the sentence is a metaphorical description of a situation, while the image is a visual representation of a colorful, star-like pattern. they do not convey the same information or meaning, so there is no inference relationship between them."
208,/data/ajaunarena/our_dataset/images/1015_1.jpg,They have many available chances and possibilities at their disposal.,entailment,"the image and the sentence do not have a direct relationship that would allow for a clear inference relationship of entailment or contradiction. the sentence describes a situation where there are many available chances and possibilities, while the image appears to be an abstract, colorful pattern with no clear connection to the sentence's content. without additional context, it is not possible to determine if the sentence entails or contradicts the image."
209,/data/ajaunarena/our_dataset/images/1015_1.jpg,They lack any opportunities or prospects.,contradiction,"the image depicts a colorful, star-filled sky, which is a common representation of hope, dreams, and the future. the sentence, ""they lack any opportunities or prospects,"" suggests a lack of hope or potential for the future.

given the visual content of the image, which is often associated with optimism and the future, and the sentence, which implies a lack of opportunities or prospects, the relationship between the image and the sentence is one of contradiction. the image contradicts the sentence by presenting a visual metaphor for hope and potential, while the sentence asserts the opposite."
210,/data/ajaunarena/our_dataset/images/1153_3.jpg,Fellow travelers on this road of change become our mirrors and guides.,entailment,"the image and the sentence do not have a direct inference relationship. they are not related in a way that one entails the other or contradicts it. the sentence is a metaphorical description of a journey, while the image appears to be an abstract representation of a colorful scene, possibly a sunset or a stained glass window. the two do not logically relate to each other."
211,/data/ajaunarena/our_dataset/images/1153_3.jpg,Others undergoing similar transformations help us reflect and learn during our change process.,entailment,"the image and the sentence do not have a direct relationship that would allow for entailment or contradiction. the image appears to be an abstract, colorful pattern, while the sentence is a statement about the process of change. they are not related in a way that would allow for a logical relationship between them."
212,/data/ajaunarena/our_dataset/images/1153_3.jpg,We must isolate ourselves from others to achieve meaningful change.,contradiction,"the image you've provided appears to be an abstract or artistic representation, possibly of a landscape or a pattern, with a spectrum of colors and shapes. the sentence you've provided is a philosophical or political statement about the need for individual action to bring about change.

the relationship between the image and the sentence is one of ""contradiction."" the image is a visual representation that does not inherently convey the concept of isolation or the need for individual action. the sentence, on the other hand, is a statement about the necessity of individual effort for change, which is not directly related to the visual content of the image. therefore, the sentence contradicts the image because it suggests a concept that is not visually represented in the image."
213,/data/ajaunarena/our_dataset/images/1012_1.jpg,Their fingers are intertwined with success.,entailment,"the image and the sentence do not have a direct relationship, so it is neither entailment nor contradiction. they are independent of each other."
214,/data/ajaunarena/our_dataset/images/1012_1.jpg,They have achieved and maintained consistent success in their endeavors.,entailment,"the image provided appears to be an abstract pattern with no clear depiction of a specific subject or scene. it is not possible to determine an inference relationship between the image and the sentence provided, as there is no logical connection between the two. the sentence describes a situation or achievement, while the image is purely visual and does not convey any information that could be inferred from the sentence. therefore, the relationship between the image and the sentence is neither entailment nor contradiction, as there is no logical connection between the two."
215,/data/ajaunarena/our_dataset/images/1012_1.jpg,They consistently fail and cannot grasp success.,contradiction,"the image you provided appears to be an abstract pattern with no clear depiction of anything that could be inferred to have a relationship with the sentence you provided. therefore, it is not possible to determine whether the image entails or contradicts the sentence, as there is no logical relationship between the two."
216,/data/ajaunarena/our_dataset/images/1864_3.jpg,He jogged through the transformation process.,entailment,"the image provided does not contain any text or information that would allow for a direct inference relationship with the sentence. therefore, it is neither entailing nor contradicting the sentence. the image appears to be an abstract or artistic representation, and the sentence is a statement about a person's action. without additional context, it is not possible to determine any relationship between the two."
217,/data/ajaunarena/our_dataset/images/1864_3.jpg,"He maintained steady, self-directed progress in changing himself.",entailment,"the image provided is an abstract and colorful pattern, which does not have a direct relationship with the sentence. it is not possible to determine an inference relationship between the image and the sentence based on the visual content alone. the sentence describes a personal trait or behavior, while the image is purely visual and does not convey any information about a person or their actions. therefore, the relationship between the image and the sentence is neither entailment nor contradiction."
218,/data/ajaunarena/our_dataset/images/1864_3.jpg,He remained unchanged despite external pressures to transform.,contradiction,"the image provided is a visual representation of a fractal pattern, which is a self-similar pattern that repeats itself at every scale. this pattern is often used to represent complexity and self-similarity. the sentence ""he remained unchanged despite external pressures to transform"" is a statement about a person's behavior or character.

the relationship between the image and the sentence is one of ""contradiction."" the image of a fractal pattern represents complexity and self-similarity, which can be seen as a form of transformation or change. however, the sentence states that something remained unchanged despite pressures to transform, which is the opposite of what the image suggests. therefore, the sentence contradicts the visual representation of the fractal pattern."
219,/data/ajaunarena/our_dataset/images/1453_3.jpg,Their shared beliefs were a well-worn comfort blanket.,entailment,"the image and the sentence do not have a direct relationship, so it is not possible to determine if the sentence entails or contradicts the image. the sentence describes a conceptual relationship between beliefs and comfort, while the image is an abstract visual representation with no inherent connection to the sentence."
220,/data/ajaunarena/our_dataset/images/1453_3.jpg,Their common beliefs provided familiar comfort and security.,entailment,"the image provided is an abstract, colorful pattern with no discernible content that could be related to the sentence. therefore, there is no entailment or contradiction relationship between the image and the sentence. the sentence is a description of a concept, while the image is a visual representation that does not convey any specific concept or idea."
221,/data/ajaunarena/our_dataset/images/1453_3.jpg,Their shared beliefs were a source of constant discomfort and anxiety.,contradiction,"the image and the sentence do not have a direct relationship, so it is not possible to determine if the sentence entails or contradicts the image. the sentence describes a psychological state, while the image is an abstract visual representation."
222,/data/ajaunarena/our_dataset/images/354_3.jpg,She's a lighthouse standing steady in emotional tempests.,entailment,"the image and the sentence have a relationship of entailment. the image depicts a blurry, abstract scene that could be interpreted as a metaphor for emotional turmoil, and the sentence describes a lighthouse standing steady in such conditions. the image's abstract nature allows for the viewer to interpret it in various ways, and the sentence provides a specific interpretation that is entailed by the image's visual content."
223,/data/ajaunarena/our_dataset/images/354_3.jpg,She remains emotionally stable and guides others during difficult times.,entailment,"the image provided is an abstract, blurred image with no clear content that could be related to the sentence. therefore, there is no entailment or contradiction relationship between the image and the sentence. the sentence is a description of a person's behavior, while the image is a visual representation that does not convey any information about a person or their behavior."
224,/data/ajaunarena/our_dataset/images/354_3.jpg,"She's easily swept away by emotional currents, offering no guidance.",contradiction,"the image provided is an abstract, blurred image with no clear content that can be directly related to the sentence. therefore, the relationship between the image and the sentence is neither entailment nor contradiction. the sentence is a description of a person's behavior, while the image is a visual representation that does not convey any specific information about a person or their behavior."
225,/data/ajaunarena/our_dataset/images/1855_1.jpg,The truth came into focus like an adjusting lens.,entailment,"the image and the sentence have a relationship of entailment. the image depicts a blurry, out-of-focus view that gradually becomes clearer, which is a metaphor for the sentence describing the truth coming into focus. the image visually represents the concept of clarity and focus, which is what the sentence is describing."
226,/data/ajaunarena/our_dataset/images/1855_1.jpg,The reality of the situation gradually became clear and understood.,entailment,"the image and the sentence have an entailment relationship. the image shows a pattern that gradually becomes clearer, which aligns with the sentence describing the reality of the situation gradually becoming clearer and understood."
227,/data/ajaunarena/our_dataset/images/1855_1.jpg,The truth became more confused and unclear over time.,contradiction,"the image provided appears to be an abstract pattern with no clear or recognizable content. it is not possible to determine an inference relationship between the image and the sentence provided, as there is no logical connection between the two. the sentence describes a situation where the truth becomes more confusing, while the image is purely visual and does not convey any information that could be inferred from the sentence. therefore, the relationship between the image and the sentence is neither entailment nor contradiction, as they are not related in any meaningful way."
228,/data/ajaunarena/our_dataset/images/257_3.jpg,Their chemistry was an arsenal waiting to be deployed.,entailment,"the image provided is an abstract, colorful pattern with no discernible objects or shapes that could be associated with an arsenal or chemistry. therefore, the relationship between the image and the sentence is ""contradiction."" the sentence describes a specific concept, while the image does not depict anything related to an arsenal or chemistry."
229,/data/ajaunarena/our_dataset/images/257_3.jpg,Their sexual attraction had great potential that hadn't yet been acted upon.,entailment,"the image provided is an abstract, colorful pattern with no discernible content that could be related to the sentence. therefore, there is no entailment or contradiction relationship between the image and the sentence. the sentence is a statement about a hypothetical situation, and the image is a visual representation that does not convey any information about the sentence's content."
230,/data/ajaunarena/our_dataset/images/257_3.jpg,Their chemistry was spent and had no potential for development.,contradiction,"the image provided appears to be an abstract or artistic representation of a scene, possibly with a fireworks or explosion theme. the sentence provided is a statement about the chemistry of a substance or process.

the relationship between the image and the sentence is one of ""contradiction."" the image shows a vibrant, dynamic scene that could be interpreted as full of potential and energy, which is the opposite of the sentence's statement that the chemistry was spent and had no potential for development. the visual content of the image contradicts the literal meaning of the sentence."
231,/data/ajaunarena/our_dataset/images/1486_0.jpg,Time is an avalanche cascading down the mountain of existence.,entailment,"the relationship between the image and the sentence is ""contradiction."" the image depicts a chaotic and fragmented visual effect, which does not convey the idea of time as an avalanche cascading down a mountain. the sentence describes a more coherent and organized concept, which is in contrast to the visual content of the image."
232,/data/ajaunarena/our_dataset/images/1486_0.jpg,Time moves forward with increasing momentum and cannot be stopped.,entailment,"the image provided appears to be an abstract or artistic representation, and it does not depict a clear, literal scene that would allow for a direct inference relationship with the sentence. therefore, it is not possible to determine whether the image entails or contradicts the sentence based on the visual content alone. the sentence is a philosophical or conceptual statement, and the image is a visual representation that may or may not be related to the concept of time or momentum."
233,/data/ajaunarena/our_dataset/images/1486_0.jpg,Time is a gentle snowfall that can be caught and held still.,contradiction,"the image and the sentence have a relationship of contradiction. the image shows a chaotic and dynamic scene with no indication of gentle snowfall, while the sentence describes a calm and serene scene of snowfall. the two are in direct contradiction to each other."
234,/data/ajaunarena/our_dataset/images/774_3.jpg,"Time is an unwavering shadow, following our every move.",entailment,"the image and the sentence have a relationship of entailment. the image depicts a shadow that appears to be following the viewer's every move, which is a visual representation of the concept of time as an unwavering shadow. the sentence, ""time is an unwavering shadow, following our every move,"" is a description of the image and thus entails the image."
235,/data/ajaunarena/our_dataset/images/774_3.jpg,"Time consistently accompanies us throughout life, affecting everything we do.",entailment,"the image and the sentence do not have a direct inference relationship. the image is an abstract pattern of colors, and the sentence is a statement about the passage of time. they do not logically entail or contradict each other. the sentence is a factual statement about the nature of time, while the image is an artistic representation that does not inherently convey any information about time."
236,/data/ajaunarena/our_dataset/images/774_3.jpg,Time is completely detached from our actions and has no bearing on our activities.,contradiction,"the image you provided appears to be an abstract pattern with no clear depiction of time or actions. therefore, it is not possible to determine an inference relationship between the image and the sentence you provided. the sentence is a statement about the nature of time and its relationship to human activities, which is not directly related to the visual content of the image."
237,/data/ajaunarena/our_dataset/images/172_0.jpg,They're trapped in quicksand of toxic relationships.,entailment,"the image provided does not have a direct relationship with the sentence. it is an abstract image with a pattern that could be interpreted in various ways, but it does not depict toxic relationships or quicksand. therefore, the relationship between the image and the sentence is neither entailment nor contradiction, as they are not related to each other."
238,/data/ajaunarena/our_dataset/images/172_0.jpg,They're caught in harmful relationships that gradually cause more damage.,entailment,"the image you've provided appears to be an abstract digital art piece with a symmetrical pattern that could be interpreted in various ways. the sentence you've provided, ""they're caught in harmful relationships that gradually cause more damage,"" is a statement about a situation involving people or entities in a harmful relationship that worsens over time.

the relationship between the image and the sentence is one of ""contradiction."" the image is an abstract representation that does not inherently depict relationships or damage, whereas the sentence describes a specific scenario involving relationships and damage. the two are not related in a way that one entails the other; they are simply two different things that can be compared or contrasted."
239,/data/ajaunarena/our_dataset/images/172_0.jpg,They're in nurturing relationships that provide stability and support.,contradiction,"the image provided appears to be an abstract digital art piece with a symmetrical pattern that resembles a crystalline or fractal-like structure. the sentence provided describes a nurturing relationship between two entities that provide stability and support.

the relationship between the image and the sentence is one of ""contradiction."" the image is an abstract representation that does not depict any nurturing relationships or entities that provide stability and support. the sentence describes a concept that is not visually represented in the image."
240,/data/ajaunarena/our_dataset/images/734_2.jpg,Some beliefs are like fast fashion - cheaply made and quickly discarded.,entailment,"the image and the sentence do not have a direct inference relationship. the image appears to be an abstract, colorful pattern that does not inherently relate to the sentence provided. the sentence is a metaphorical statement about beliefs, while the image is purely visual and does not convey any specific meaning or message. therefore, the relationship between the image and the sentence is neither entailment nor contradiction, as they are not related in any meaningful way."
241,/data/ajaunarena/our_dataset/images/734_2.jpg,Certain beliefs are adopted without deep consideration and are easily abandoned.,entailment,"the image you've provided appears to be an abstract or abstracted representation of a scene, possibly a room or a collection of items. it's difficult to determine the exact content of the image without more context.

the sentence you've provided, ""certain beliefs are adopted without deep consideration and are easily abandoned,"" is a general statement about human behavior and decision-making. it does not directly relate to the image and does not entail or contradict any specific details about the image.

therefore, the relationship between the image and the sentence is neither entailment nor contradiction. they are independent of each other, and the sentence could apply to many different images or situations."
242,/data/ajaunarena/our_dataset/images/734_2.jpg,All beliefs are carefully constructed and maintained with lasting dedication.,contradiction,"the image you've provided appears to be an abstract or abstracted representation of a scene, possibly a room or a collection of items. the sentence you've provided is a statement about beliefs and dedication.

the relationship between the image and the sentence is one of ""contradiction."" the image is abstract and does not depict beliefs or dedication in a literal sense. it is not possible to infer the existence of beliefs or dedication from the image alone. the sentence is a statement about human behavior and thought processes, which are not directly represented in the image."
243,/data/ajaunarena/our_dataset/images/644_1.jpg,The vodka razed his rational thoughts to the ground.,entailment,"the image and the sentence do not have a direct relationship, so it is not possible to determine if the sentence entails or contradicts the image. the image appears to be an abstract or artistic representation, while the sentence is a statement about a person's mental state. without more context or a clearer connection between the two, it is not possible to make an inference relationship determination."
244,/data/ajaunarena/our_dataset/images/644_1.jpg,The alcohol severely impaired his ability to think logically and make sound decisions.,entailment,"the image and the sentence are not related enough to determine an inference relationship. the image appears to be an abstract or artistic representation, while the sentence is a statement about a person's behavior. without more context or a clearer connection between the two, it is not possible to determine if the sentence entails or contradicts the image."
245,/data/ajaunarena/our_dataset/images/644_1.jpg,The vodka enhanced his logical thinking and decision-making abilities.,contradiction,"the image and the sentence do not have a direct relationship, so it is not possible to determine if the sentence entails or contradicts the image. the image appears to be an abstract pattern with no clear connection to the sentence provided."
246,/data/ajaunarena/our_dataset/images/487_1.jpg,Time is an eternal chameleon.,entailment,"the image you provided appears to be an abstract or colorful pattern, which does not have a direct relationship with the sentence ""time is an eternal chameleon."" the sentence is a philosophical or metaphorical statement about the nature of time, which is not visually represented in the image. therefore, the relationship between the image and the sentence is one of contradiction, as the image does not depict or convey the concept of time being an eternal chameleon."
247,/data/ajaunarena/our_dataset/images/487_1.jpg,"Time constantly shifts and adapts, bringing different changes to different things.",entailment,"the image and the sentence do not have a direct relationship, so it is not possible to determine if the sentence entails or contradicts the image. the image appears to be an abstract pattern with no specific content that could be related to the sentence. the sentence is a philosophical statement about the nature of time, which does not have a direct visual representation in the image."
248,/data/ajaunarena/our_dataset/images/487_1.jpg,"Time is rigid and uniform, treating everything the same way.",contradiction,"the image you've provided appears to be an abstract or fractal-like pattern with a variety of colors and shapes. the sentence you've provided, ""time is rigid and uniform, treating everything the same way,"" is a philosophical or metaphysical statement about the nature of time.

the relationship between the image and the sentence is one of contradiction. the image is abstract and does not depict anything that is inherently related to the concept of time being rigid and uniform. the sentence is a statement about the nature of time, which is a concept that is not visually represented in the image. therefore, the sentence contradicts the visual content of the image."
249,/data/ajaunarena/our_dataset/images/984_2.jpg,Her heart was a thermal spring of endless affection.,entailment,"the image and the sentence have a relationship of entailment. the image depicts a warm, glowing, and somewhat abstract scene that could be interpreted as a metaphor for a heart full of love and affection. the sentence ""her heart was a thermal spring of endless affection"" uses a similar metaphor, describing the heart as a source of warmth and love. the image visually represents the concept of a heart full of affection, which is what the sentence is describing."
250,/data/ajaunarena/our_dataset/images/984_2.jpg,She had an inexhaustible capacity for showing love and care.,entailment,"the image and the sentence do not have a direct relationship, so it is not possible to determine if the sentence entails or contradicts the image. the image appears to be an abstract, colorful pattern, while the sentence describes a person's emotional capacity. without a clear connection between the two, it is not possible to infer a relationship between them."
251,/data/ajaunarena/our_dataset/images/984_2.jpg,Her emotional capacity was limited and quickly depleted.,contradiction,"the image and the sentence do not have a direct relationship, so it is not possible to determine if the sentence entails or contradicts the image. the image appears to be an abstract, colorful pattern, while the sentence describes a person's emotional state. without a clear connection between the two, it is not possible to make an inference relationship determination."
252,/data/ajaunarena/our_dataset/images/422_3.jpg,The state's economy is a square peg in a round hole.,entailment,"the image and the sentence have a contradiction relationship. the image shows a pattern of shapes that are not squares, and the sentence describes the state's economy as a square peg in a round hole, which is a metaphor for something that does not fit well or is not suitable for a particular situation. the image does not depict a square peg in a round hole, so the sentence contradicts the visual content of the image."
253,/data/ajaunarena/our_dataset/images/422_3.jpg,The state's economic policies are incompatible with current market conditions.,entailment,"the image provided is an abstract pattern with no clear depiction of economic policies or market conditions. therefore, it is not possible to determine the inference relationship between the image and the sentence based on the visual content alone. the sentence describes a relationship between economic policies and market conditions, which is a conceptual or factual relationship, not a visual one."
254,/data/ajaunarena/our_dataset/images/422_3.jpg,The state's economy fits perfectly within the broader economic framework.,contradiction,"the image provided is an abstract pattern with no discernible connection to the sentence. therefore, the relationship between the image and the sentence is neither entailment nor contradiction, as there is no logical relationship between the two."
255,/data/ajaunarena/our_dataset/images/144_0.jpg,Her mind was running a marathon of thoughts.,entailment,"the image and the sentence do not have a direct inference relationship. the image appears to be an abstract, colorful pattern, while the sentence describes a mental state. there is no logical connection between the two, so the relationship is neither entailment nor contradiction."
256,/data/ajaunarena/our_dataset/images/144_0.jpg,She was experiencing an extended period of intense thinking and analysis.,entailment,"the image provided appears to be an abstract or abstracted representation of a scene or concept, rather than a direct depiction of a specific event or object. it is not possible to determine an inference relationship between the image and the sentence provided, as the sentence describes a mental state or experience, which is not visually represented in the image. therefore, the relationship between the image and the sentence is neither entailment nor contradiction, as they are not related in a logical or factual sense."
257,/data/ajaunarena/our_dataset/images/144_0.jpg,Her thoughts were completely still and inactive.,contradiction,"the image provided appears to be an abstract or abstracted representation of a scene or concept, rather than a depiction of a specific, identifiable subject. it is not possible to determine the inference relationship between the image and the sentence based on the visual content alone. the sentence describes a mental state, which is not directly related to the visual content of the image. therefore, the relationship between the image and the sentence is neither entailment nor contradiction."
258,/data/ajaunarena/our_dataset/images/165_0.jpg,His eyes danced across the pages of the book.,entailment,"the image depicts a pattern of musical notes, which are not directly related to the sentence provided. the sentence describes a person's eyes moving across the pages of a book. therefore, the relationship between the image and the sentence is one of contradiction, as the image does not depict a book or a person reading."
259,/data/ajaunarena/our_dataset/images/165_0.jpg,He read the book quickly and enthusiastically.,entailment,"the image and the sentence do not have a direct inference relationship. the image appears to be an abstract pattern with no clear connection to the sentence. the sentence describes an action, while the image is a visual representation that does not convey any information about the action described in the sentence. therefore, the relationship between the image and the sentence is neither entailment nor contradiction."
260,/data/ajaunarena/our_dataset/images/165_0.jpg,He struggled to focus on the words in the book.,contradiction,"the image and the sentence have a relationship of contradiction. the image shows a blurred and abstract representation of music notes, which is not a direct depiction of a book. the sentence, ""he struggled to focus on the words in the book,"" describes a situation where someone is trying to concentrate on the text in a book, which is not the case with the image."
261,/data/ajaunarena/our_dataset/images/1079_2.jpg,She polished her moral compass daily.,entailment,"the image and the sentence do not have a direct relationship, so it is neither entailment nor contradiction. they are unrelated."
262,/data/ajaunarena/our_dataset/images/1079_2.jpg,She consistently reflected on and maintained her ethical principles and values.,entailment,"the image provided does not have a direct relationship with the sentence. it is an abstract image with no clear connection to the sentence. therefore, the relationship between the image and the sentence is neither entailment nor contradiction."
263,/data/ajaunarena/our_dataset/images/1079_2.jpg,She deliberately ignored her moral principles and ethical values.,contradiction,"the image provided does not have a direct relationship with the sentence. it is an abstract image with no clear connection to the sentence. therefore, the relationship between the image and the sentence is neither entailment nor contradiction."
264,/data/ajaunarena/our_dataset/images/1318_0.jpg,The heat of their argument left scorch marks on their friendship.,entailment,"the image and the sentence have a relationship of entailment. the image shows a blurred background with what appears to be scorch marks, which could be interpreted as a visual metaphor for the heat of an argument. the sentence, ""the heat of their argument left scorch marks on their friendship,"" describes a situation where an intense argument has caused damage to a friendship, much like how heat can cause scorch marks on an object. the image visually represents the concept described in the sentence, making the sentence a logical inference from the image."
265,/data/ajaunarena/our_dataset/images/1318_0.jpg,Their intense argument caused lasting damage to their friendship.,entailment,"the image provided is a blurry, abstract image that does not depict a clear scene or object. it is not possible to determine the inference relationship between the image and the sentence based on the visual content alone. the sentence describes a specific event or situation, while the image does not provide any information that would allow for a direct inference or contradiction."
266,/data/ajaunarena/our_dataset/images/1318_0.jpg,Their argument had no lasting effect on their friendship.,contradiction,"the image provided is a blurry, abstract pattern that does not depict any specific scene or objects. it is not possible to determine the inference relationship between the image and the sentence based on the visual content alone. the sentence describes a situation that could be related to the image, but without additional context, it is not possible to determine if the sentence entails or contradicts the image."
267,/data/ajaunarena/our_dataset/images/104_3.jpg,Lightning signed its jagged line across the sky.,entailment,"the image and the sentence have a relationship of entailment. the image shows a sky with jagged lines that resemble lightning, and the sentence describes lightning signing its jagged line across the sky. the sentence is a more specific description of what is depicted in the image."
268,/data/ajaunarena/our_dataset/images/104_3.jpg,"The lightning flash created a sharp, linear path through the clouds.",entailment,"the image and the sentence have an entailment relationship. the sentence describes a specific detail of the image, which is the lightning flash creating a sharp, linear path through the clouds. the image itself shows the clouds with a sharp, linear path through them, which is consistent with the description provided in the sentence."
269,/data/ajaunarena/our_dataset/images/104_3.jpg,"Lightning appeared as a soft, circular glow in the sky.",contradiction,"the image and the sentence have an entailment relationship. the image shows a soft, circular glow in the sky, which is a visual representation of the concept of lightning. the sentence describes the appearance of lightning, which is consistent with the visual content of the image."
270,/data/ajaunarena/our_dataset/images/454_0.jpg,Love is two rivers merging into one mighty stream.,entailment,"the image and the sentence do not have a direct relationship, so it is not possible to determine if the sentence entails or contradicts the image. the image is an abstract representation of colors and shapes, while the sentence is a metaphorical description of love. without a clear connection between the two, it is not possible to make an inference relationship determination."
271,/data/ajaunarena/our_dataset/images/454_0.jpg,"Love combines two separate lives into a stronger, unified journey.",entailment,"the image and the sentence do not have a direct relationship, so it is not possible to determine if the sentence entails or contradicts the image. the image is an abstract representation of colors and shapes, while the sentence is a metaphorical description of love. without a specific context or a clear connection between the two, it is not possible to make a definitive inference relationship between the image and the sentence."
272,/data/ajaunarena/our_dataset/images/454_0.jpg,Love forces one stream to dry up while the other flows freely.,contradiction,"the image and the sentence do not have a direct relationship, so it is not possible to determine if the sentence entails or contradicts the image. the image depicts a colorful, abstract pattern with no clear representation of a stream or water, and the sentence describes a conceptual relationship between love and water, which is not visually represented in the image."
273,/data/ajaunarena/our_dataset/images/1668_1.jpg,Their beliefs are scattered like distant islands in vast seas.,entailment,"the image and the sentence have a relationship of ""contradiction."" the image depicts a clear blue sky with no visible islands, while the sentence describes islands as being scattered in vast seas. the image contradicts the sentence by showing a sky without any islands, which is the opposite of the scattered islands described in the sentence."
274,/data/ajaunarena/our_dataset/images/1668_1.jpg,Their beliefs are disconnected and lack coherent organization or unity.,entailment,"the image and the sentence have a contradiction relationship. the image appears to be a colorful, abstract representation of a landscape, while the sentence describes a belief system that lacks coherent organization or unity. the image does not entail the sentence, and the sentence does not contradict the image; rather, they are unrelated."
275,/data/ajaunarena/our_dataset/images/1668_1.jpg,Their beliefs form a cohesive and well-connected system of thought.,contradiction,"the image provided is an abstract, colorful pattern with no discernible content that could be related to the sentence. therefore, there is no entailment or contradiction relationship between the image and the sentence. the sentence is a statement about a belief system, while the image is a visual representation that does not convey any information that could be related to the sentence."
276,/data/ajaunarena/our_dataset/images/1375_1.jpg,The chill of fear numbed his ability to respond.,entailment,"the image and the sentence do not have a direct relationship, so it is not possible to determine if the sentence entails or contradicts the image. the image is a blurry, abstract pattern, and the sentence describes a psychological state. without more context or a clearer image, it is not possible to make a definitive inference relationship between the two."
277,/data/ajaunarena/our_dataset/images/1375_1.jpg,Fear made him unable to react appropriately to the situation.,entailment,"the image provided does not have a direct relationship with the sentence. it is not possible to determine if the sentence entails or contradicts the image, as the image does not depict a situation or a person's ability to react. the image appears to be an abstract pattern with no clear connection to the sentence."
278,/data/ajaunarena/our_dataset/images/1375_1.jpg,The warmth of fear heightened his reflexes and responses.,contradiction,"the image and the sentence do not have a direct relationship, so it is not possible to determine if the sentence entails or contradicts the image. the image appears to be an abstract pattern with no clear connection to the sentence provided."
279,/data/ajaunarena/our_dataset/images/572_0.jpg,"The winds of change scatter some seeds on fertile soil, while others land on barren rock.",entailment,"the image and the sentence have an entailment relationship. the image depicts seeds being scattered on a surface that includes both fertile soil and barren rock. the sentence describes a similar scenario, where seeds are scattered on different types of terrain. the image entails the sentence, as it visually represents the concept described in the sentence."
280,/data/ajaunarena/our_dataset/images/572_0.jpg,"Changes in circumstances benefit some people while disadvantaging others, creating inequality.",entailment,"the image provided does not have a direct relationship with the sentence. it is an abstract image with no clear connection to the sentence. therefore, the relationship between the image and the sentence is neither entailment nor contradiction."
281,/data/ajaunarena/our_dataset/images/572_0.jpg,"Changes affect everyone equally, providing the same opportunities and outcomes for all.",contradiction,"the image provided does not have a direct relationship with the sentence. it is an abstract image with no clear connection to the sentence. therefore, the relationship between the image and the sentence is neither entailment nor contradiction."
282,/data/ajaunarena/our_dataset/images/1194_2.jpg,The orchestra of self plays different tunes simultaneously.,entailment,"the image and the sentence have a relationship of entailment. the image depicts a chaotic and colorful arrangement of musical notes, which could be interpreted as different tunes being played simultaneously. the sentence ""the orchestra of self plays different tunes simultaneously"" describes a similar concept, where the ""orchestra of self"" refers to the various aspects of a person's mind or emotions, each playing its own ""tune"" or theme. the image visually represents this idea, and the sentence provides a verbal explanation that entails the image's content."
283,/data/ajaunarena/our_dataset/images/1194_2.jpg,Multiple aspects of my personality express themselves at the same time.,entailment,"the image you've provided appears to be a colorful, abstract pattern with various shapes and forms that could be interpreted in many ways. the sentence you've provided, ""multiple aspects of my personality express themselves at the same time,"" is a statement about a person's psychological state.

the relationship between the image and the sentence is not one of entailment or contradiction. entailment would imply that the image directly conveys the idea of multiple aspects of a person's personality being expressed simultaneously, which is not the case. contradiction would imply that the image contradicts the sentence, but since the image is abstract and open to interpretation, it does not inherently contradict the sentence.

the relationship between the image and the sentence is more metaphorical or symbolic. the abstract nature of the image could be seen as a visual representation of the complexity and diversity of a person's personality, which is what the sentence is describing. the image might evoke feelings or thoughts that are related to the concept of multiple aspects of personality, but it does not literally depict this concept."
284,/data/ajaunarena/our_dataset/images/1194_2.jpg,"My personality expresses itself in a single, unchanging way.",contradiction,"the image you've provided appears to be a colorful, abstract pattern with various shapes and forms that could be interpreted in many ways. the sentence ""my personality expresses itself in a single, unchanging way"" is a statement about a person's behavior or character.

given the nature of the image and the sentence, it is not possible to determine an inference relationship between the two. the image does not provide information that would allow for a direct inference about the sentence, nor does the sentence provide information that would allow for a direct inference about the image. therefore, the relationship between the image and the sentence is neither entailment nor contradiction."
285,/data/ajaunarena/our_dataset/images/120_3.jpg,Ideas are seeds that need careful cultivation to bloom into creation.,entailment,"the image and the sentence have an entailment relationship. the image shows a variety of colorful flowers, which are seeds in the process of blooming. the sentence describes the idea that seeds need careful cultivation to bloom into creation, which is a concept that can be inferred from the image. the image visually represents the idea described in the sentence."
286,/data/ajaunarena/our_dataset/images/120_3.jpg,Creative concepts require nurturing and development over time to become fully realized works.,entailment,"the image and the sentence do not have a direct relationship that would allow for a clear inference relationship of entailment or contradiction. the image appears to be an abstract or artistic representation, possibly of a garden or a field of flowers, with a colorful and somewhat blurred effect. the sentence, on the other hand, is a statement about the creative process, which is not directly related to the visual content of the image.

therefore, the relationship between the image and the sentence is not one of entailment or contradiction, as they are discussing different subjects."
287,/data/ajaunarena/our_dataset/images/120_3.jpg,Ideas emerge instantly as finished creations without any need for development or care.,contradiction,"the image depicts a vibrant and colorful abstract pattern, which does not inherently entail or contradict the sentence provided. the sentence describes an idea or concept, while the image is a visual representation that may evoke certain ideas or emotions, but it does not logically entail or contradict the sentence. the relationship between the image and the sentence is neither entailment nor contradiction, but rather a more abstract or metaphorical connection."
288,/data/ajaunarena/our_dataset/images/504_0.jpg,"This problem is a whirlpool, pulling in resources and energy.",entailment,"the image you've provided appears to be an abstract pattern with no clear depiction of a whirlpool or any other specific object or concept. therefore, it is not possible to determine an inference relationship between the image and the sentence you've provided. the sentence describes a whirlpool, which is a natural phenomenon, while the image is an abstract representation that does not correspond to a whirlpool or any other real-world object or concept."
289,/data/ajaunarena/our_dataset/images/504_0.jpg,"The problem consumes excessive time, money, and effort to address.",entailment,"the image and the sentence do not have a direct inference relationship. the image shows a collection of objects, and the sentence describes a problem that is time-consuming and costly. while the image may be related to the problem described in the sentence, it does not entail or contradict the sentence. the relationship between the image and the sentence is more of a thematic or illustrative connection, rather than a logical one."
290,/data/ajaunarena/our_dataset/images/504_0.jpg,The problem requires minimal resources and effort to solve.,contradiction,"the image you've provided appears to be an abstract pattern with various shapes and colors. the sentence you've provided is not related to the image and does not provide any information that can be inferred from the image. therefore, the relationship between the image and the sentence is ""contradiction,"" as the sentence does not follow or relate to the content of the image."
291,/data/ajaunarena/our_dataset/images/1289_3.jpg,Revolutionary ideas are earthquakes shaking old foundations.,entailment,"the image and the sentence have a relationship of entailment. the image depicts a colorful, abstract pattern that could be interpreted as a visual representation of the concept of ""earthquakes shaking old foundations."" the sentence, ""revolutionary ideas are earthquakes shaking old foundations,"" is a metaphorical description of the disruptive and transformative nature of revolutionary ideas, which can be seen as shaking the foundations of existing beliefs or systems. the image, with its abstract and dynamic appearance, visually conveys the idea of upheaval and change, which is what the sentence is describing."
292,/data/ajaunarena/our_dataset/images/1289_3.jpg,Groundbreaking ideas challenge and disrupt established beliefs and systems.,entailment,"the image provided appears to be an abstract, colorful pattern with no clear depiction of a groundbreaking idea or a challenge to established beliefs and systems. therefore, the relationship between the image and the sentence is ""contradiction."" the image does not entail the sentence, as it does not depict anything related to groundbreaking ideas or challenges to established beliefs and systems."
293,/data/ajaunarena/our_dataset/images/1289_3.jpg,Revolutionary ideas maintain and strengthen existing systems.,contradiction,"the image provided does not have a direct relationship with the sentence. it is an abstract image with no clear connection to the sentence. therefore, the relationship between the image and the sentence is neither entailment nor contradiction."
294,/data/ajaunarena/our_dataset/images/975_0.jpg,His happiness rocketed through the atmosphere.,entailment,"the image depicts a colorful, starry sky with various shapes and colors, which does not directly entail or contradict the sentence ""his happiness rocketed through the atmosphere."" the sentence is a metaphorical description of a person's emotional state, while the image is a visual representation of a celestial scene. there is no direct relationship between the two; the sentence is a figurative statement, and the image is a literal depiction of a night sky."
295,/data/ajaunarena/our_dataset/images/975_0.jpg,His joy increased dramatically and intensely.,entailment,"the image and the sentence do not have a direct relationship, so it is neither entailment nor contradiction. they are independent of each other."
296,/data/ajaunarena/our_dataset/images/975_0.jpg,His happiness crashed back to earth.,contradiction,"the image and the sentence do not have a direct relationship, so it is neither entailment nor contradiction. they are unrelated."
297,/data/ajaunarena/our_dataset/images/98_0.jpg,Their argument escalated into verbal nuclear warfare.,entailment,"the image provided appears to be an abstract or artistic representation of colors and shapes, which does not have a direct relationship with the sentence provided. the sentence describes a situation involving two people engaging in a heated argument.

given that the image is not related to the content of the sentence, it is not possible to determine if the sentence entails or contradicts the image. the relationship between the image and the sentence is not inferential because they are not related in any way."
298,/data/ajaunarena/our_dataset/images/98_0.jpg,Their disagreement intensified to extremely destructive levels of communication.,entailment,"the image provided is an abstract, colorful pattern with no discernible content that could be related to the sentence. therefore, there is no entailment or contradiction relationship between the image and the sentence. the sentence describes a situation, while the image is purely visual and does not convey any information that could be related to the sentence."
299,/data/ajaunarena/our_dataset/images/98_0.jpg,Their argument remained contained and constructive throughout.,contradiction,"the image provided appears to be an abstract or artistic representation of a scene, possibly with a focus on light and color. it does not depict a specific, identifiable scene or object.

the sentence you provided seems to be a description of a scene or an event, which could be related to a fire or an explosion.

given the abstract nature of the image and the descriptive nature of the sentence, it is not possible to determine an inference relationship between the two. they do not entail each other nor contradict each other, as they are not related in a logical or factual sense."
300,/data/ajaunarena/our_dataset/images/117_0.jpg,Night's steel grip held the world motionless.,entailment,"the image and the sentence have a contradiction relationship. the image depicts a bright, colorful scene that does not convey a sense of stillness or a steel grip, which are elements of the sentence. the image is more likely to be associated with a sense of freedom or movement, rather than the night holding the world motionless."
301,/data/ajaunarena/our_dataset/images/117_0.jpg,The darkness created a sense of complete stillness and immobility in the environment.,entailment,"the image and the sentence have an entailment relationship. the image depicts a blurry, dark environment that could evoke a sense of stillness and immobility. the sentence, ""the darkness created a sense of complete stillness and immobility in the environment,"" is a logical consequence or entailment of the image's content. the sentence is a more specific and detailed description of the visual impression created by the image."
302,/data/ajaunarena/our_dataset/images/117_0.jpg,The darkness allowed for free movement and did not restrict activity in any way.,contradiction,"the image and the sentence have a relationship of contradiction. the image shows a blurry, dark background, which does not allow for free movement or unrestricted activity. the sentence, on the other hand, suggests that the darkness allows for free movement and does not restrict activity in any way."
303,/data/ajaunarena/our_dataset/images/1196_1.jpg,The actors in my mind perform different roles.,entailment,"the image you've provided appears to be an abstract pattern with various shapes and colors. the sentence you've provided is a philosophical statement about the nature of actors and their roles.

given the abstract nature of the image and the philosophical nature of the sentence, it is not possible to determine an entailment or contradiction relationship between the two. they are not directly related to each other and do not convey information that can be logically inferred from the other."
304,/data/ajaunarena/our_dataset/images/1196_1.jpg,Different aspects of my personality emerge in various situations.,entailment,"the image you've provided appears to be an abstract pattern with various colors and shapes. it does not directly relate to the sentence you've provided, which is a statement about a person's personality. therefore, the relationship between the image and the sentence is one of ""contradiction,"" as the image does not entail the sentence and the sentence does not contradict the image."
305,/data/ajaunarena/our_dataset/images/1196_1.jpg,My personality remains constant regardless of the situation.,contradiction,"the image you've provided appears to be an abstract pattern with various shapes and colors. there is no direct inference relationship between the image and the sentence you've provided. the sentence is a statement about a person's personality, which is not related to the visual content of the image. therefore, the relationship between the image and the sentence is one of contradiction, as the image does not provide any information that can be inferred to be related to the sentence."
306,/data/ajaunarena/our_dataset/images/1357_2.jpg,The world crystallizes into distinct shapes.,entailment,"the image and the sentence have a relationship of entailment. the sentence describes a phenomenon that is visually represented in the image. the image shows a pattern of shapes that could be interpreted as crystallizing into distinct forms, which aligns with the concept described in the sentence."
307,/data/ajaunarena/our_dataset/images/1357_2.jpg,Reality becomes apparent through clearly defined forms and structures.,entailment,"the image and the sentence have a relationship of entailment. the sentence describes a concept that is visually represented in the image. the image shows a pattern of shapes and colors that could be interpreted as forms and structures, which aligns with the concept described in the sentence."
308,/data/ajaunarena/our_dataset/images/1357_2.jpg,"The world remains fluid and formless, never solidifying into distinct entities.",contradiction,"the image and the sentence have a relationship of entailment. the image depicts a fluid, formless, and ever-changing pattern that resembles the concept of fluidity and formlessness described in the sentence. the sentence does not contradict the image; rather, it provides a description that can be inferred from the visual content of the image."
309,/data/ajaunarena/our_dataset/images/1038_1.jpg,The project's actions were gravitating toward failure.,entailment,"the image and the sentence have a relationship of ""contradiction."" the image appears to be an abstract pattern with no clear depiction of gravitation or failure, whereas the sentence describes a specific situation involving project actions gravitating toward failure. the two are not related in a way that one entails the other."
310,/data/ajaunarena/our_dataset/images/1038_1.jpg,The project was increasingly showing signs of inevitable failure.,entailment,"the image and the sentence do not have a direct inference relationship. the image appears to be an abstract pattern of shapes and colors, which does not inherently entail or contradict the sentence provided. the sentence describes a specific situation or observation, while the image is a visual representation that could be interpreted in various ways and does not necessarily relate to the content of the sentence."
311,/data/ajaunarena/our_dataset/images/1038_1.jpg,The project was steadily progressing toward certain success.,contradiction,"the image provided appears to be an abstract pattern with no clear connection to the sentence provided. therefore, the relationship between the image and the sentence is neither entailment nor contradiction. the sentence describes a specific scenario, while the image is a visual representation that does not convey any information about the progression of a project or its success."
312,/data/ajaunarena/our_dataset/images/670_1.jpg,The footsteps of time leave causal footprints behind.,entailment,"the image and the sentence have an entailment relationship. the image of the footprints in the sand can be seen as a metaphorical representation of the ""footsteps of time,"" and the sentence ""the footsteps of time leave causal footprints behind"" is a logical consequence or an explanation of what the image represents. the image entails the concept of time leaving a trace or a pattern, which is what the sentence describes."
313,/data/ajaunarena/our_dataset/images/670_1.jpg,Events that occur earlier in time create conditions that influence later outcomes.,entailment,"the image you've provided appears to be a digital or artistic representation of a scene with various shapes and patterns, possibly suggesting a chaotic or complex environment. the sentence you've provided is a philosophical or metaphorical statement about the nature of cause and effect in the world.

the relationship between the image and the sentence is one of ""entailment."" the image does not directly depict the concept of cause and effect, but it could be inferred that the shapes and patterns might represent a complex system where one element influences another, which aligns with the philosophical concept described in the sentence. the image does not contradict the sentence; rather, it could be seen as an artistic representation that supports or illustrates the idea of cause and effect in a visual form."
314,/data/ajaunarena/our_dataset/images/670_1.jpg,"Later events determine what happened in the past, reversing the natural order of causation.",contradiction,"the image provided appears to be an abstract or artistic representation, possibly of a digital or technological theme, with various shapes and patterns that could be interpreted in different ways. the sentence provided is a philosophical or metaphysical statement about the nature of causation and the relationship between past events and future outcomes.

given the abstract nature of the image and the philosophical nature of the sentence, it is not possible to determine an inference relationship between the two. the sentence does not entail or contradict the image, as they are not related in a logical or factual sense. the relationship between the two is more conceptual or symbolic, and they do not provide enough information to establish a clear inference relationship."
315,/data/ajaunarena/our_dataset/images/1577_0.jpg,Their moral obligations accelerated like objects in free fall.,entailment,"the image provided does not have a direct relationship with the sentence. it is an abstract image of shapes and colors, and there is no clear connection to the sentence about moral obligations. therefore, the relationship between the image and the sentence is neither entailment nor contradiction."
316,/data/ajaunarena/our_dataset/images/1577_0.jpg,Their responsibilities rapidly increased in intensity and urgency.,entailment,"the image provided does not have a direct relationship with the sentence. it is an abstract image with various shapes and colors, and there is no clear connection to the sentence about responsibilities increasing in intensity and urgency. therefore, the relationship between the image and the sentence is neither entailment nor contradiction."
317,/data/ajaunarena/our_dataset/images/1577_0.jpg,Their obligations decreased steadily and became less demanding over time.,contradiction,"the image provided does not have a direct relationship with the sentence. it appears to be an abstract or artistic image, possibly consisting of geometric shapes or patterns, which does not provide any information that can be inferred from the sentence. therefore, the relationship between the image and the sentence is ""contradiction,"" as the image does not convey any information that can be logically derived from the sentence."
318,/data/ajaunarena/our_dataset/images/1302_0.jpg,Nature presents new life to the earth each spring.,entailment,"the image and the sentence do not have a direct relationship, so it is neither entailment nor contradiction. they are independent of each other."
319,/data/ajaunarena/our_dataset/images/1302_0.jpg,New plants and animals are created naturally during springtime.,entailment,"the image and the sentence have an entailment relationship. the image depicts a colorful, abstract pattern that could be interpreted as a representation of nature, possibly suggesting growth and renewal, which aligns with the idea of new plants and animals being created during springtime. the sentence describes a natural process that occurs during spring, and the image, while abstract, could be seen as visually representing that process."
320,/data/ajaunarena/our_dataset/images/1302_0.jpg,Spring brings death and decay to the natural world.,contradiction,"the image and the sentence have a contradictory relationship. the image depicts a vibrant and colorful scene, which is not consistent with the sentence's description of spring as a time of death and decay."
321,/data/ajaunarena/our_dataset/images/1177_2.jpg,Their ideas are sparks in the night sky.,entailment,"the image and the sentence have a relationship of entailment. the image shows a night sky filled with sparkling lights, which can be inferred to represent stars or other celestial bodies. the sentence ""their ideas are sparks in the night sky"" is a metaphorical description of the image, suggesting that the ideas are as bright and noticeable as the stars in the night sky. this is an example of entailment, where the sentence logically follows from the image."
322,/data/ajaunarena/our_dataset/images/1177_2.jpg,"Their intelligent thoughts appear briefly but brilliantly, inspiring others.",entailment,"the image and the sentence have an entailment relationship. the image shows a series of bright, colorful lights that appear to be in motion, creating a sense of inspiration and brilliance. the sentence describes the image as ""their intelligent thoughts appear briefly but brilliantly, inspiring others."" the sentence entails the image, as it accurately describes the visual content and the emotional response it might evoke."
323,/data/ajaunarena/our_dataset/images/1177_2.jpg,Their ideas are dull and fail to inspire or illuminate anything.,contradiction,"the image you've provided appears to be an abstract or artistic representation, possibly of light or stars, with a gradient of colors and a pattern that could be interpreted in various ways. the sentence you've provided seems to be a subjective statement about the content of the image, suggesting that the viewer might not find the image inspiring or illuminating.

the relationship between the image and the sentence is likely to be one of contradiction. the sentence implies that the image does not inspire or illuminate, while the image itself could be interpreted in a way that might inspire or illuminate someone's imagination or mood. the contradiction lies in the subjective nature of the sentence and the potential for different interpretations of the image."
324,/data/ajaunarena/our_dataset/images/1295_0.jpg,Hope is a buoyant force keeping us afloat in troubled waters.,entailment,"the image and the sentence have a relationship of entailment. the image depicts a chaotic and turbulent scene, which can be inferred as ""troubled waters."" the sentence, ""hope is a buoyant force keeping us afloat in troubled waters,"" can be seen as a metaphorical description of the image, where hope serves as a buoyant force that helps people stay afloat and maintain their spirits during difficult times."
325,/data/ajaunarena/our_dataset/images/1295_0.jpg,Hope helps us maintain emotional stability during difficult times.,entailment,"the image and the sentence do not have a direct inference relationship. they are not related in a way that one entails the other or contradicts it. the image is an abstract pattern of colors, while the sentence is a statement about hope and emotional stability. they are unrelated in terms of their content and meaning."
326,/data/ajaunarena/our_dataset/images/1295_0.jpg,Hope drags us down deeper into our troubles.,contradiction,"the image and the sentence do not have a direct relationship, so it is neither entailment nor contradiction. they are independent of each other, and the sentence is a statement about a situation or emotion, while the image is a visual representation that could be interpreted in various ways."
327,/data/ajaunarena/our_dataset/images/901_1.jpg,The heat of her fury scorched everyone in the room.,entailment,"the image depicts a blurred, colorful pattern that does not provide any clear depiction of a person or a room. therefore, it is not possible to determine if the image entails or contradicts the sentence provided. the sentence is a description of a specific event, while the image is an abstract representation of colors and shapes."
328,/data/ajaunarena/our_dataset/images/901_1.jpg,Her intense anger affected everyone present in a negative way.,entailment,"the image and the sentence have a relationship of entailment. the image depicts a chaotic and intense scene, which could be interpreted as a representation of intense anger affecting everyone present in a negative way. the sentence describes the same concept, but in a more abstract and verbal form."
329,/data/ajaunarena/our_dataset/images/901_1.jpg,Her calm demeanor brought peace to everyone in the room.,contradiction,"the image provided is an abstract, colorful pattern that does not depict a person or a scene that would suggest a calm demeanor. therefore, the sentence ""her calm demeanor brought peace to everyone in the room"" is a contradiction to the image, as it describes a situation that is not depicted in the image."
330,/data/ajaunarena/our_dataset/images/176_3.jpg,She's walking through a storm of negativity.,entailment,"the image and the sentence have a relationship of entailment. the image depicts a chaotic and blurry scene, which could be interpreted as a ""storm of negativity."" the sentence ""she's walking through a storm of negativity"" is a description that can be inferred from the visual content of the image."
331,/data/ajaunarena/our_dataset/images/176_3.jpg,She's enduring a period of intense harmful experiences.,entailment,"the image provided appears to be an abstract or artistic representation, and it is not possible to determine a direct inference relationship between the image and the sentence. the sentence describes a person's emotional state, while the image is a visual representation that does not inherently convey any specific emotional state. therefore, the relationship between the image and the sentence would be considered a contradiction, as the image does not provide any information that can be inferred to support or contradict the sentence."
332,/data/ajaunarena/our_dataset/images/176_3.jpg,She's experiencing a period of perfect calm and positivity.,contradiction,"the image provided appears to be an abstract pattern with no clear depiction of a person or a state of calm and positivity. therefore, it is not possible to infer a relationship between the image and the sentence based on the given information. the sentence describes a state of mind, while the image is a visual representation that does not convey any specific emotional state."
333,/data/ajaunarena/our_dataset/images/1329_1.jpg,Their qualities are curated like a museum collection.,entailment,"the image and the sentence do not have a direct inference relationship. they are not related in a way that one entails the other or contradicts it. the sentence is a description of the image, but it does not logically follow from the image itself. the qualities of the image being curated like a museum collection are not directly related to the sentence."
334,/data/ajaunarena/our_dataset/images/1329_1.jpg,"People carefully develop and maintain their characteristics, similar to how museums preserve collections.",entailment,"the image and the sentence have an entailment relationship. the image depicts a collection of various signs and symbols, which can be seen as a metaphor for the diverse characteristics that people develop and maintain. the sentence, ""people carefully develop and maintain their characteristics, similar to how museums preserve collections,"" is an inference that can be drawn from the image, as it describes a process of preservation and care that is similar to the way museums handle their collections."
335,/data/ajaunarena/our_dataset/images/1329_1.jpg,Their qualities develop randomly without any conscious cultivation or maintenance.,contradiction,"the image and the sentence do not have a direct relationship, so it is not possible to determine if the sentence entails or contradicts the image. the sentence describes a process of development, while the image appears to be a random pattern of shapes and colors. without additional context, it is not possible to infer a relationship between the two."
336,/data/ajaunarena/our_dataset/images/285_0.jpg,The solution lies in an underground cavern of possibilities.,entailment,"the image and the sentence do not have a direct relationship, so it is neither entailment nor contradiction. they are independent of each other, and the sentence does not provide any information about the content of the image."
337,/data/ajaunarena/our_dataset/images/285_0.jpg,"The answer can be found by exploring deeper, hidden options.",entailment,"the image provided appears to be an abstract, colorful pattern with no clear, recognizable objects or shapes. the sentence ""the image is a picture of a city at night"" is a statement that can be inferred from the image, as the colors and patterns might suggest a cityscape at night. however, the image itself does not explicitly show a city or nighttime, so the relationship between the image and the sentence is one of entailment. the sentence is a reasonable inference based on the visual content of the image, but it is not a direct depiction of the scene."
338,/data/ajaunarena/our_dataset/images/285_0.jpg,The solution is obvious and visible on the surface.,contradiction,the image and the sentence do not have an inference relationship. they are unrelated.
339,/data/ajaunarena/our_dataset/images/281_0.jpg,Her mind is a bustling metropolis of interconnected thoughts.,entailment,"the image and the sentence have a relationship that can be described as ""entailment."" the image depicts a complex, interconnected pattern that could be interpreted as a metaphor for a busy mind with many thoughts. the sentence, ""her mind is a bustling metropolis of interconnected thoughts,"" describes a similar concept, using the metaphor of a city to represent the complexity and interconnectedness of thoughts in a person's mind. this relationship is one of entailment because the image visually represents the concept described in the sentence."
340,/data/ajaunarena/our_dataset/images/281_0.jpg,She has many complex and related ideas actively working together.,entailment,"the image provided appears to be an abstract digital art piece with various shapes and colors, which may evoke a sense of complexity and relatedness. however, it is not possible to determine the inference relationship between the image and the sentence provided because the sentence is not related to the content of the image. the sentence is a description of a person's thought process, which is not directly related to the visual content of the image. therefore, the relationship between the image and the sentence is neither entailment nor contradiction, as they are not related to each other."
341,/data/ajaunarena/our_dataset/images/281_0.jpg,Her mind is empty and devoid of any meaningful thoughts.,contradiction,"the image and the sentence do not have a direct relationship, so it is not possible to determine if the sentence entails or contradicts the image. the image appears to be an abstract pattern with no clear connection to the sentence."
342,/data/ajaunarena/our_dataset/images/1279_2.jpg,"We've reached base camp, but the summit still towers above.",entailment,"the image and the sentence have a relationship of entailment. the image shows a mountain with a base camp, and the sentence describes a situation where the base camp has been reached, but the summit is still above. the image entails the situation described in the sentence, as it visually represents the base camp and the summit, and the sentence describes the same scene."
343,/data/ajaunarena/our_dataset/images/1279_2.jpg,"We've achieved initial success, but our ultimate goal requires much more effort.",entailment,"the image you've provided appears to be a colorful, abstract pattern with no clear depiction of a scene or objects that would allow for a direct inference relationship with the sentence you've provided. the sentence is a statement about a process or situation, and without any visual elements that relate to the concept of effort or achievement, it's not possible to determine if the image entails or contradicts the sentence. the relationship between the image and the sentence is not inferential because there is no logical connection between the two."
344,/data/ajaunarena/our_dataset/images/1279_2.jpg,Our initial progress represents complete success with no further work needed.,contradiction,"the image provided appears to be a colorful, abstract pattern with various shapes and colors. the sentence ""our initial progress represents complete success with no further work needed"" is a statement about a situation or project.

given the visual content of the image and the textual content of the sentence, there is no direct relationship that would allow for a definitive inference of entailment or contradiction. the image does not provide information that would allow for a logical conclusion about the sentence's statement. therefore, the relationship between the image and the sentence is neither entailment nor contradiction."
345,/data/ajaunarena/our_dataset/images/756_0.jpg,The theory flourished in the scientific community.,entailment,"the image you provided appears to be a colorful, abstract pattern with no clear connection to the sentence you provided. the sentence refers to a theory that flourished in the scientific community, which suggests a historical or factual context. the image, on the other hand, is purely visual and does not convey any information that would allow for a direct inference relationship with the sentence. therefore, the relationship between the image and the sentence is ""contradiction,"" as the image does not provide any information that would support or contradict the sentence."
346,/data/ajaunarena/our_dataset/images/756_0.jpg,The theory gained widespread acceptance and support among scientists.,entailment,"the image and the sentence do not have a direct relationship, so it is not possible to determine if there is an entailment or contradiction between them. they are two separate pieces of information that do not necessarily relate to each other."
347,/data/ajaunarena/our_dataset/images/756_0.jpg,The theory was rejected and dismissed by the scientific community.,contradiction,"the image provided does not have a direct relationship with the sentence. it is not possible to determine the inference relationship between the image and the sentence based on the visual content alone. the sentence is a statement about a scientific theory, while the image appears to be an abstract or artistic representation, which does not provide information that would allow for a direct inference relationship."
348,/data/ajaunarena/our_dataset/images/811_1.jpg,Life breathes color into existence's empty rooms.,entailment,"the image and the sentence have a relationship of entailment. the image depicts a vibrant, colorful abstract design, which can be inferred to represent the concept of life breathing color into existence's empty rooms. the sentence provides a metaphorical interpretation of the image, which is consistent with the visual content."
349,/data/ajaunarena/our_dataset/images/811_1.jpg,Our lived experiences give meaning and richness to our otherwise abstract existence.,entailment,"the image you've provided appears to be an abstract, colorful pattern with no discernible objects or shapes that directly relate to the sentence you've provided. the sentence is a philosophical statement about the human experience and the role of lived experiences in giving meaning to life.

given the abstract nature of the image and the philosophical nature of the sentence, it is not possible to determine an entailment or contradiction relationship between the two. they are not directly related to each other, and the sentence does not provide enough specific information to determine if it is entailed by or contradicts the image."
350,/data/ajaunarena/our_dataset/images/811_1.jpg,"Existence is complete and meaningful on its own, requiring no enrichment from life's experiences.",contradiction,"the image you provided appears to be an abstract, colorful pattern with no discernible meaning or representation. it does not depict anything that can be directly related to the sentence you provided. therefore, the relationship between the image and the sentence is ""contradiction,"" as the image does not entail the sentence and the sentence does not contradict the image."
351,/data/ajaunarena/our_dataset/images/146_1.jpg,Her mind needed proper nutrition through reading.,entailment,"the image provided does not have a direct relationship with the sentence. it is not possible to determine an entailment or contradiction relationship between the two without additional context. the image appears to be an abstract or artistic representation, and the sentence is a statement about a person's mental state and needs. without a clear connection between the two, it is not appropriate to infer a relationship between them."
352,/data/ajaunarena/our_dataset/images/146_1.jpg,She required intellectual stimulation through reading to maintain mental health.,entailment,"the image provided does not have a direct relationship with the sentence. it is an abstract image with no clear connection to the sentence. therefore, the relationship between the image and the sentence is neither entailment nor contradiction."
353,/data/ajaunarena/our_dataset/images/146_1.jpg,Her mind remained healthy without any intellectual input or stimulation.,contradiction,"the image provided is an abstract, colorful pattern that does not depict a specific scene or object. it is not possible to determine an inference relationship between the image and the sentence provided, as the sentence is not related to the content of the image. the sentence is a statement about a person's mental state, which is not visually represented in the image. therefore, the relationship between the image and the sentence is neither entailment nor contradiction, as they are not related to each other."
354,/data/ajaunarena/our_dataset/images/1090_0.jpg,Her ideas were a feast for the mind.,entailment,"the image provided appears to be an abstract or artistic representation, possibly of a digital or pixelated nature. it does not depict a literal feast for the mind, but rather a visual metaphor that could be interpreted in various ways. therefore, the relationship between the image and the sentence is one of ""entailment,"" as the image may evoke the idea of a feast for the mind, even though it does not literally depict one."
355,/data/ajaunarena/our_dataset/images/1090_0.jpg,Her ideas were intellectually satisfying and provided abundant mental stimulation.,entailment,"the image provided does not have a direct relationship with the sentence. it is an abstract image with no clear connection to the content of the sentence. therefore, the relationship between the image and the sentence is neither entailment nor contradiction."
356,/data/ajaunarena/our_dataset/images/1090_0.jpg,Her ideas were intellectually barren and provided no mental nourishment.,contradiction,"the image provided does not have a direct relationship with the sentence. it is an abstract image with no clear connection to the content of the sentence. therefore, the relationship between the image and the sentence is neither entailment nor contradiction."
357,/data/ajaunarena/our_dataset/images/1184_0.jpg,Properties are thermal conductors of wealth.,entailment,"the image and the sentence have a contradictory relationship. the image shows a blurred, colorful pattern that does not depict thermal conductors of wealth. the sentence, on the other hand, describes thermal conductors of wealth, which is not visually represented in the image."
358,/data/ajaunarena/our_dataset/images/1184_0.jpg,Properties effectively transfer and generate wealth through various economic channels.,entailment,"the image provided appears to be an abstract representation of various elements, possibly representing wealth or economic channels. however, it is not possible to determine the inference relationship between the image and the sentence provided because the image does not contain any text or information that directly relates to the sentence. the sentence is a statement about the properties of wealth and economic channels, which is not visually represented in the image. therefore, the relationship between the image and the sentence is neither entailment nor contradiction, as there is no logical relationship between the two."
359,/data/ajaunarena/our_dataset/images/1184_0.jpg,Properties inhibit wealth creation and block economic growth.,contradiction,"the image provided appears to be an abstract representation of various shapes and colors, which do not inherently relate to the sentence provided. therefore, the relationship between the image and the sentence is ""contradiction,"" as the image does not entail the properties mentioned in the sentence."
360,/data/ajaunarena/our_dataset/images/1415_1.jpg,Success injected new energy into the team's morale.,entailment,"the image provided appears to be an abstract or artistic representation, and it is not possible to determine a direct inference relationship between the image and the sentence. the sentence describes a specific scenario or event, while the image is a visual representation that does not inherently convey any specific meaning or relationship to the sentence. therefore, the relationship between the image and the sentence is neither entailment nor contradiction, as they are not related in a logical or inferential sense."
361,/data/ajaunarena/our_dataset/images/1415_1.jpg,Their achievement significantly boosted the team's confidence and motivation.,entailment,"the image and the sentence do not have a direct inference relationship. the image appears to be an abstract pattern with no clear connection to the sentence. the sentence describes a specific situation or outcome, while the image is purely visual and does not convey any information that would allow for a direct inference relationship. therefore, the relationship between the image and the sentence is neither entailment nor contradiction."
362,/data/ajaunarena/our_dataset/images/1415_1.jpg,Failure drained the team's energy and destroyed their morale.,contradiction,"the image provided appears to be an abstract or artistic representation, and it is not possible to determine a direct inference relationship between the image and the sentence. the sentence describes a specific scenario or event, while the image is a visual representation that does not inherently convey any specific meaning or relationship to the sentence. therefore, the relationship between the image and the sentence is neither entailment nor contradiction, as they are not related in a logical or inferential sense."
363,/data/ajaunarena/our_dataset/images/983_3.jpg,Their love wrapped around them like a heated blanket.,entailment,"the image and the sentence do not have a direct relationship, so it is neither entailment nor contradiction. they are two separate entities, and the sentence is a description of a concept, while the image is a visual representation of a pattern or texture."
364,/data/ajaunarena/our_dataset/images/983_3.jpg,Their affection provided mutual comfort and protection.,entailment,"the image and the sentence do not have a direct inference relationship. the image is an abstract, colorful pattern, while the sentence is a description of an emotional state. there is no logical relationship between the two, so the answer is ""contradiction."""
365,/data/ajaunarena/our_dataset/images/983_3.jpg,Their relationship left them feeling exposed and vulnerable.,contradiction,"the image and the sentence do not have a direct relationship, so it is not possible to determine if the sentence entails or contradicts the image. the sentence is a description of a human emotional state, while the image is an abstract visual representation. they do not logically relate to each other."
366,/data/ajaunarena/our_dataset/images/889_0.jpg,Her emotional equilibrium is a master juggler's performance.,entailment,"the image and the sentence do not have a direct relationship, so it is not possible to determine if the sentence entails or contradicts the image. the image is a colorful, abstract pattern, while the sentence is a description of a person's emotional state. without a clear connection between the two, it is not possible to infer a relationship between them."
367,/data/ajaunarena/our_dataset/images/889_0.jpg,She expertly manages multiple emotional demands simultaneously.,entailment,"the image provided is an abstract, colorful pattern with no discernible content that could be related to the sentence. therefore, there is no entailment or contradiction relationship between the image and the sentence. the sentence is a description of a person's ability to handle multiple emotional demands, which is not depicted in the image."
368,/data/ajaunarena/our_dataset/images/889_0.jpg,She drops and mishandles every emotional challenge that comes her way.,contradiction,"the image provided does not have a direct relationship with the sentence. it is a colorful abstract image that does not depict any specific scene or object that could be related to the sentence. therefore, the relationship between the image and the sentence is neither entailment nor contradiction."
369,/data/ajaunarena/our_dataset/images/303_0.jpg,She deposited extra hours into her weekend savings.,entailment,"the image provided does not contain any information that can be directly inferred to relate to the sentence ""she deposited extra hours into her weekend savings."" therefore, the relationship between the image and the sentence is neither entailment nor contradiction. the image is an abstract representation of a clock and does not provide any information about a person depositing extra hours into a savings account."
370,/data/ajaunarena/our_dataset/images/303_0.jpg,She set aside additional time for weekend activities.,entailment,"the image provided is an abstract and blurry representation of a clock, and it does not contain any text or information that would allow for a direct inference relationship with the sentence. therefore, it is not possible to determine whether the image entails or contradicts the sentence based on the visual content alone."
371,/data/ajaunarena/our_dataset/images/303_0.jpg,She completely depleted her weekend time without planning.,contradiction,"the image and the sentence do not have a direct relationship, so it is not possible to determine if the image entails or contradicts the sentence. the image appears to be an abstract or artistic representation, and the sentence is a statement about a person's actions. without a clear connection between the two, it is not appropriate to make an inference relationship determination."
372,/data/ajaunarena/our_dataset/images/167_0.jpg,His gaze climbed the towering building.,entailment,"the image provided is too blurry and abstract to determine any specific inference relationship with the sentence. the sentence describes a person's gaze climbing a building, while the image appears to be a blurry, abstract pattern with no clear depiction of a building or a person's gaze. therefore, it is not possible to determine if the image entails, contradicts, or is neutral with respect to the sentence."
373,/data/ajaunarena/our_dataset/images/167_0.jpg,He looked up the building from bottom to top.,entailment,"the image provided is too blurry and abstract to determine any specific inference relationship with the sentence. the sentence describes an action of looking up a building, while the image appears to be a blurry, abstract representation of a scene, possibly with some architectural elements, but it does not depict the action of looking up a building from bottom to top. therefore, the relationship between the image and the sentence is neither entailment nor contradiction, as the image does not provide enough information to infer a relationship with the sentence."
374,/data/ajaunarena/our_dataset/images/167_0.jpg,He only looked at the base of the building.,contradiction,the image provided is too blurry and abstract to make any inference relationship with a sentence. it is not possible to determine if the image entails or contradicts a sentence without clearer content.
375,/data/ajaunarena/our_dataset/images/94_3.jpg,The debate was a crossfire of verbal artillery.,entailment,"the image provided does not have a direct relationship with the sentence. it is an abstract image with no clear connection to the concept of a ""debate"" or ""crossfire of verbal artillery."" therefore, the relationship between the image and the sentence is neither entailment nor contradiction."
376,/data/ajaunarena/our_dataset/images/94_3.jpg,The discussion involved intense exchanges of aggressive arguments from both sides.,entailment,"the image provided appears to be an abstract digital art piece with a blend of colors and shapes. it does not directly relate to the sentence you provided, which discusses intense exchanges of aggressive arguments. therefore, the relationship between the image and the sentence is ""contradiction,"" as the image does not entail the sentence and the sentence does not contradict the image."
377,/data/ajaunarena/our_dataset/images/94_3.jpg,The debate was a peaceful exchange of gentle suggestions.,contradiction,"the image provided appears to be an abstract or abstracted representation of a scene, possibly a fire or a collection of shapes and colors. the sentence ""the debate was a peaceful exchange of gentle suggestions"" is a description of a specific event or situation.

given the nature of the image and the sentence, it is not possible to determine an inference relationship between them. the image does not provide information that would allow for the derivation of the sentence, nor does the sentence provide information that would allow for the derivation of the image. therefore, the relationship between the image and the sentence is neither entailment nor contradiction. they are independent of each other."
378,/data/ajaunarena/our_dataset/images/772_1.jpg,"Time stalks us through the corridors of life, never losing our trail.",entailment,"the image provided is an abstract pattern with no clear depiction of a stalking figure or a trail. therefore, there is no entailment or contradiction relationship between the image and the sentence. the sentence is a metaphorical description of the passage of time, which is not visually represented in the image."
379,/data/ajaunarena/our_dataset/images/772_1.jpg,"Time consistently follows our life's progression, marking every stage of our journey.",entailment,"the image provided is an abstract pattern with no clear depiction of time or life's progression. it does not entail nor contradict the sentence you provided. the relationship between the image and the sentence is neither entailment nor contradiction, as the image does not convey any information that can be logically related to the sentence."
380,/data/ajaunarena/our_dataset/images/772_1.jpg,"Time frequently loses track of us, allowing us to escape its influence.",contradiction,"the image and the sentence do not have a direct relationship, so it is not possible to determine if the sentence entails or contradicts the image. the image appears to be an abstract pattern with no clear connection to the concept of time or the idea of escaping its influence."
381,/data/ajaunarena/our_dataset/images/1870_2.jpg,Words are bridges connecting minds across the void.,entailment,"the image provided appears to be an abstract digital art piece with a colorful, pixelated design. the sentence ""words are bridges connecting minds across the void"" is a philosophical statement about the role of language in communication and understanding.

the relationship between the image and the sentence is one of ""contradiction."" the image is a visual representation that may evoke thoughts of connection or communication, but it does not depict any literal bridges or voids. the sentence, on the other hand, is a metaphorical statement about the power of words to connect minds, which is not directly related to the visual content of the image. therefore, the sentence and the image contradict each other in terms of their meaning and the concepts they represent."
382,/data/ajaunarena/our_dataset/images/1870_2.jpg,Communication enables people to share thoughts and understanding with each other.,entailment,"the image provided appears to be an abstract digital art piece with a colorful, pixelated design. it does not depict any specific scene or object that would allow for a direct inference relationship with the sentence provided. therefore, the relationship between the image and the sentence is neither entailment nor contradiction. the sentence is a general statement about communication, and the image is an artistic representation that does not necessarily relate to the concept of communication."
383,/data/ajaunarena/our_dataset/images/1870_2.jpg,Words create barriers that prevent understanding between people.,contradiction,"the image provided appears to be a digital or abstract artwork with a colorful, pixelated pattern. it does not depict any specific objects or scenes that would allow for a direct inference relationship with the sentence provided. therefore, the relationship between the image and the sentence is neither entailment nor contradiction, as there is no logical connection between the two."
384,/data/ajaunarena/our_dataset/images/1836_3.jpg,We're standing at the edge of this problem's precipice.,entailment,"the image you've provided appears to be an abstract pattern with various shapes and colors. the sentence ""we're standing at the edge of this problem's precipice"" is a metaphorical statement about being at a critical point in a situation.

given the nature of the image and the sentence, it is not possible to determine an inference relationship between them. the image does not provide any information that would logically lead to the sentence, nor does the sentence provide any information that would logically lead to the image. therefore, the relationship between the image and the sentence is neither entailment nor contradiction. it is a metaphorical statement that does not have a direct logical relationship with the image."
385,/data/ajaunarena/our_dataset/images/1836_3.jpg,We're at a critical point where our decisions about the problem have serious consequences.,entailment,"the image provided appears to be an abstract pattern with no clear depiction of a specific scene or object. the sentence ""we're at a critical point where our decisions about the problem have serious consequences"" is a statement about a situation or decision-making process.

given the nature of the image and the sentence, it is not possible to determine an inference relationship between them. the image does not provide information that would allow for a logical inference to the sentence, nor does the sentence provide information that would allow for a logical inference to the image. therefore, the relationship between the image and the sentence is neither entailment nor contradiction."
386,/data/ajaunarena/our_dataset/images/1836_3.jpg,Our decisions about the problem have no significant impact or consequences.,contradiction,"the image and the sentence do not have a direct relationship, so it is neither entailment nor contradiction. they are independent of each other."
387,/data/ajaunarena/our_dataset/images/1034_1.jpg,The action orbited around the central issue.,entailment,"the image provided appears to be an abstract or artistic representation, and it is not possible to determine a direct inference relationship between the image and the sentence. the sentence describes an action, while the image is a visual composition that does not inherently convey an action or a central issue. therefore, the relationship between the image and the sentence is neither entailment nor contradiction."
388,/data/ajaunarena/our_dataset/images/1034_1.jpg,All activities and decisions were related to and influenced by the main problem.,entailment,"the image provided appears to be an abstract or artistic representation, and it is not possible to determine a direct inference relationship between the image and the sentence. the sentence describes a situation where all activities and decisions were related to and influenced by a main problem, which is not visually represented in the image. therefore, the relationship between the image and the sentence is one of contradiction, as the image does not depict the situation described in the sentence."
389,/data/ajaunarena/our_dataset/images/1034_1.jpg,The actions were completely disconnected from the main issue.,contradiction,"the image provided appears to be an abstract or artistic representation, possibly of a starry night sky or a similar pattern. it does not depict any actions or issues that can be directly related to the sentence provided. therefore, the relationship between the image and the sentence is ""contradiction,"" as the image does not entail the sentence and the sentence does not contradict the image."
390,/data/ajaunarena/our_dataset/images/1794_3.jpg,This problem is a target hidden in the fog.,entailment,the image provided is too blurry and indistinct to make any inference relationship with a sentence. it is not possible to determine if the image entails or contradicts any sentence without clearer visual information.
391,/data/ajaunarena/our_dataset/images/1794_3.jpg,The nature of the problem is unclear and difficult to understand fully.,entailment,"based on the image provided, which appears to be a blurry and indistinct collection of shapes and colors, and the sentence ""the nature of the problem is unclear and difficult to understand fully,"" it is not possible to determine an inference relationship between the image and the sentence. the image does not provide any clear or discernible information that could be inferred from the sentence, and vice versa. therefore, the relationship between the image and the sentence is neither entailment nor contradiction, as there is no logical relationship between the two."
392,/data/ajaunarena/our_dataset/images/1794_3.jpg,The problem is completely transparent and easily understood by everyone.,contradiction,the image provided is too blurry and lacks clear content to make any inference relationship with a sentence. it is not possible to determine if the image entails or contradicts a sentence without a clearer image or more context.
393,/data/ajaunarena/our_dataset/images/33_1.jpg,The manager juggled all the moving pieces.,entailment,"the image and the sentence do not have a direct relationship, so it is not possible to determine if the sentence entails or contradicts the image. the sentence describes an action, while the image shows a collection of abstract shapes and colors. there is no clear connection between the two."
394,/data/ajaunarena/our_dataset/images/33_1.jpg,The manager actively coordinated and controlled multiple aspects simultaneously.,entailment,"the image and the sentence have a relationship of entailment. the image shows a variety of gears and wheels, which can be inferred to represent the concept of coordination and control of multiple aspects simultaneously. the sentence describes a manager actively coordinating and controlling multiple aspects, which is a concept that can be visually represented by the image of gears and wheels."
395,/data/ajaunarena/our_dataset/images/33_1.jpg,The manager allowed events to unfold without coordination or intervention.,contradiction,"the image and the sentence do not have a direct inference relationship. the image shows a colorful abstract pattern, while the sentence describes a managerial decision. there is no logical connection between the two, so the relationship is neither entailment nor contradiction."
396,/data/ajaunarena/our_dataset/images/588_1.jpg,The project was too big to swallow at once.,entailment,"the image you've provided appears to be an abstract or abstracted representation of a project or a collection of items, possibly related to a project. the sentence ""the project was too big to swallow at once"" is a metaphorical statement that means the project was overwhelming or difficult to handle.

the relationship between the image and the sentence is one of ""contradiction."" the image does not depict a literal project that is too big to swallow, but rather an abstract representation that does not entail the literal interpretation of the sentence. the sentence provides a metaphorical interpretation that is not visually represented in the image."
397,/data/ajaunarena/our_dataset/images/588_1.jpg,The project was too complex to handle or acquire in a single attempt.,entailment,"the image provided appears to be an abstract or artistic representation, possibly of a fractal or a complex pattern. the sentence provided is a description of a situation where a project is too complex to handle or acquire in a single attempt.

the relationship between the image and the sentence is one of ""contradiction."" the image is an artistic representation that does not depict a real-world scenario of a project being too complex to handle or acquire in a single attempt. the sentence describes a real-world situation, which is not visually represented in the image."
398,/data/ajaunarena/our_dataset/images/588_1.jpg,The project was simple enough to complete in one quick effort.,contradiction,"the image provided appears to be an abstract or artistic representation, possibly of a digital or graphic nature, with various shapes and colors. the sentence ""the project was simple enough to complete in one quick effort"" is a statement about a specific project or task.

given the nature of the image and the sentence, it is not possible to determine an entailment or contradiction relationship between them. the image does not provide information that would allow for a direct inference about the project described in the sentence. the relationship between the image and the sentence would be more appropriately described as ""irrelevant"" or ""unrelated,"" as the image does not provide any context or information that would allow for a logical inference about the project mentioned in the sentence."
399,/data/ajaunarena/our_dataset/images/1882_0.jpg,She's overdosing on retail therapy.,entailment,the image provided is too blurry and abstract to make any inference relationship with the sentence. it is not possible to determine if the image entails or contradicts the sentence without clearer visual content.
400,/data/ajaunarena/our_dataset/images/1882_0.jpg,Her shopping habit has become excessive and harmful to her wellbeing.,entailment,"the image provided is too abstract and lacks specific content that could be related to the sentence. therefore, it is not possible to determine the inference relationship between the image and the sentence based on the visual content alone."
401,/data/ajaunarena/our_dataset/images/1882_0.jpg,She shops mindfully and always stays within her budget.,contradiction,"the image provided is too abstract and lacks any clear content that could be related to the sentence. therefore, it is not possible to determine an inference relationship between the image and the sentence."
402,/data/ajaunarena/our_dataset/images/1858_3.jpg,Their love glowed like a constant star.,entailment,"the image and the sentence have an entailment relationship. the image depicts a starry sky with a warm, glowing effect, which can be inferred to represent a ""constant star"" as described in the sentence. the image visually conveys the concept of a star that is always shining, which aligns with the description in the sentence."
403,/data/ajaunarena/our_dataset/images/1858_3.jpg,Their relationship maintained a steady and enduring existence.,entailment,"the image and the sentence do not have a direct relationship, so it is neither entailment nor contradiction. the sentence is a description of a concept, while the image is a visual representation of a pattern or design. they do not logically entail or contradict each other."
404,/data/ajaunarena/our_dataset/images/1858_3.jpg,Their relationship was unstable and quickly faded away.,contradiction,"the image and the sentence do not have a direct relationship, so it is neither entailment nor contradiction. they are unrelated."
405,/data/ajaunarena/our_dataset/images/1465_0.jpg,His ideas are raw diamonds needing careful refinement.,entailment,"the image provided appears to be an abstract or abstracted representation of a scene or concept, possibly resembling a close-up of a textured surface or a collection of shapes and colors. the sentence provided is a metaphorical description of ideas, suggesting that they are valuable and require careful consideration to be developed further.

the relationship between the image and the sentence is one of ""entailment."" the image does not directly depict the metaphorical ideas described in the sentence, but the abstract nature of the image can be seen as a visual representation of the concept of ideas being raw and in need of refinement. the image's abstract qualities can be inferred to relate to the metaphorical ideas in the sentence, as they both involve the idea of something being in its initial, unrefined state."
406,/data/ajaunarena/our_dataset/images/1465_0.jpg,His ideas have great potential but require development and polishing to reach their full value.,entailment,"the image provided is an abstract, colorful pattern that does not have a direct relationship with the sentence. it is not possible to determine an inference relationship between the image and the sentence based on the visual content alone. the sentence describes a conceptual idea, while the image is purely visual and does not convey any specific meaning or message that would allow for an inference relationship."
407,/data/ajaunarena/our_dataset/images/1465_0.jpg,His ideas are already perfect and need no improvement or development.,contradiction,"the image provided appears to be an abstract or abstracted image with no clear depiction of a person or their ideas. therefore, it is not possible to determine an inference relationship between the image and the sentence provided. the sentence is a statement about a person's ideas, which is not directly related to the image."
408,/data/ajaunarena/our_dataset/images/1723_1.jpg,His motor was running hot all night long.,entailment,"the image depicts a blurred, abstract pattern with warm colors, which does not provide any direct information about a motor running hot. therefore, the relationship between the image and the sentence is ""contradiction,"" as the image does not entail the sentence."
409,/data/ajaunarena/our_dataset/images/1723_1.jpg,His sexual desire remained intense throughout the night.,entailment,"the image provided does not have a direct relationship with the sentence. it is an abstract image with no clear connection to the sentence. therefore, the relationship between the image and the sentence is neither entailment nor contradiction."
410,/data/ajaunarena/our_dataset/images/1723_1.jpg,He felt no sexual desire whatsoever during the night.,contradiction,"the image provided does not have a direct relationship with the sentence. it is an abstract image with no clear connection to the sentence. therefore, the relationship between the image and the sentence is neither entailment nor contradiction."
411,/data/ajaunarena/our_dataset/images/980_1.jpg,Her affection radiated like a gentle sunbeam.,entailment,"the image and the sentence have an entailment relationship. the image depicts a bright, glowing light that radiates outward, which can be inferred to be similar to the gentle sunbeam described in the sentence. the image does not contradict the sentence; rather, it supports the idea of warmth and light radiating outward."
412,/data/ajaunarena/our_dataset/images/980_1.jpg,She expressed her love and care in a way that made others feel comfortable and appreciated.,entailment,"the image provided is an abstract pattern of light and color, and it does not have a direct relationship with the sentence. therefore, the inference relationship between the image and the sentence is neither entailment nor contradiction. the sentence describes a human emotion and behavior, while the image is purely visual and does not convey any specific message or emotion."
413,/data/ajaunarena/our_dataset/images/980_1.jpg,Her coldness created distance and made others feel unwelcome.,contradiction,"the image provided does not have a direct relationship with the sentence. it is an abstract image with no clear depiction of a person or their emotions. therefore, the relationship between the image and the sentence is neither entailment nor contradiction."
414,/data/ajaunarena/our_dataset/images/1294_0.jpg,Depression is an inertial force resisting all movement forward.,entailment,"the image provided appears to be an abstract or artistic representation, and it does not depict a scene or concept that is directly related to the sentence provided. therefore, the relationship between the image and the sentence is ""contradiction,"" as the image does not entail the sentence and the sentence does not contradict the image."
415,/data/ajaunarena/our_dataset/images/1294_0.jpg,Depression makes it difficult to progress or make positive changes in life.,entailment,"the image provided appears to be an abstract or artistic representation, and it is not directly related to the sentence provided. therefore, the relationship between the image and the sentence is neither entailment nor contradiction. the sentence is a statement about depression, and the image does not provide any information that would allow for a logical inference or contradiction relationship to be established between the two."
416,/data/ajaunarena/our_dataset/images/1294_0.jpg,Depression energizes and propels one forward with great momentum.,contradiction,"the image provided appears to be an abstract or artistic representation, and it is not possible to determine a direct relationship between the image and the sentence you provided. the sentence describes a concept or idea, while the image is a visual representation that may or may not be related to the concept of depression energizing and propelling one forward. therefore, the relationship between the image and the sentence is neither entailment nor contradiction, as they are not directly related to each other."
417,/data/ajaunarena/our_dataset/images/1514_2.jpg,States are neighborhoods in liberty's city.,entailment,"the image provided does not contain any text or information that would allow for a direct inference relationship with the sentence. the image appears to be an abstract pattern of shapes and colors, which does not provide any context or information that could be used to infer a relationship with the sentence. therefore, the relationship between the image and the sentence is neither entailment nor contradiction, as there is no logical relationship between the two."
418,/data/ajaunarena/our_dataset/images/1514_2.jpg,States function as distinct but connected communities within the larger framework of freedom.,entailment,"the image provided is an abstract pattern of shapes and colors, and it does not depict any specific scene or concept. therefore, it is not possible to determine an inference relationship between the image and the sentence provided. the sentence describes a conceptual relationship between states and freedom, which is not visually represented in the image."
419,/data/ajaunarena/our_dataset/images/1514_2.jpg,States are chaotic zones that undermine the concept of liberty.,contradiction,"the image and the sentence have a contradictory relationship. the image appears to be an abstract pattern with no clear representation of states or liberty, whereas the sentence makes a statement about states and liberty. the image does not entail the sentence, and the sentence does not contradict the image; rather, they are unrelated."
420,/data/ajaunarena/our_dataset/images/48_1.jpg,His speech stumbled under the weight of whiskey.,entailment,"the image provided appears to be an abstract pattern of shapes and colors, which does not have a direct relationship with the sentence. therefore, the inference relationship between the image and the sentence is ""contradiction,"" as the image does not entail the sentence and the sentence does not contradict the image."
421,/data/ajaunarena/our_dataset/images/48_1.jpg,The whiskey made it difficult for him to speak clearly and coherently.,entailment,"the image provided does not have a direct relationship with the sentence. it is an abstract image with no clear connection to the sentence. therefore, the relationship between the image and the sentence is neither entailment nor contradiction."
422,/data/ajaunarena/our_dataset/images/48_1.jpg,The whiskey made his speech more articulate and precise.,contradiction,"the image provided does not have a direct relationship with the sentence. it is an abstract image with no clear connection to the sentence. therefore, the relationship between the image and the sentence is neither entailment nor contradiction."
423,/data/ajaunarena/our_dataset/images/883_3.jpg,Her emotions maintain a perfect seesaw equilibrium.,entailment,"the image provided is an abstract pattern with no clear depiction of emotions or a seesaw. it is not possible to determine an inference relationship between the image and the sentence provided, as there is no logical connection between the two. the sentence describes a conceptual relationship, while the image is purely visual and does not convey any specific meaning or relationship to the sentence."
424,/data/ajaunarena/our_dataset/images/883_3.jpg,She keeps her positive and negative emotions in healthy proportion.,entailment,"the image provided does not have a direct relationship with the sentence. it is an abstract image with no clear connection to the sentence. therefore, the relationship between the image and the sentence is neither entailment nor contradiction."
425,/data/ajaunarena/our_dataset/images/883_3.jpg,Her emotions are completely one-sided and unbalanced.,contradiction,"the image provided appears to be an abstract or fractal-like pattern with various colors and shapes. it does not directly depict emotions or a person's emotional state. therefore, it is not possible to infer a relationship between the image and the sentence provided. the sentence describes a person's emotional state, which is not visually represented in the image."
426,/data/ajaunarena/our_dataset/images/1586_1.jpg,The visual field is a basket catching moving objects.,entailment,"the image provided does not depict a visual field or a basket catching moving objects. it appears to be an abstract, colorful pattern with no clear representation of a visual field or a basket. therefore, the relationship between the image and the sentence is contradiction."
427,/data/ajaunarena/our_dataset/images/1586_1.jpg,Our field of vision tracks and captures moving elements in our environment.,entailment,"the image and the sentence have an entailment relationship. the image depicts a visual representation of tracking and capturing moving elements, which aligns with the concept of a field of vision tracking and capturing moving elements in our environment. the sentence describes the function of a field of vision, which is consistent with the visual content of the image."
428,/data/ajaunarena/our_dataset/images/1586_1.jpg,Our vision can only process static objects and is blind to movement.,contradiction,"the image you've provided appears to be a visual representation of a concept, possibly related to motion or change, given the dynamic and flowing patterns. however, the sentence you've provided is about the limitations of human vision, which is not directly related to the content of the image.

therefore, the relationship between the image and the sentence is one of ""contradiction."" the image seems to suggest movement or change, which is contrary to the statement that our vision can only process static objects and is blind to movement."
429,/data/ajaunarena/our_dataset/images/1466_3.jpg,The team's creativity flows like an endless river of resources.,entailment,"the image and the sentence have an entailment relationship. the image depicts a colorful, flowing pattern that could be interpreted as a metaphor for creativity flowing like a river. the sentence ""the team's creativity flows like an endless river of resources"" directly describes the image and is a logical consequence of the visual content."
430,/data/ajaunarena/our_dataset/images/1466_3.jpg,The team consistently generates new ideas without apparent limitation.,entailment,"the image and the sentence do not have a direct relationship, so it is not possible to determine if the image entails or contradicts the sentence. the image appears to be an abstract pattern with no clear connection to the sentence provided."
431,/data/ajaunarena/our_dataset/images/1466_3.jpg,The team struggles to produce even basic ideas and quickly runs out of creativity.,contradiction,"the image and the sentence do not have a direct relationship, so it is not possible to determine if the sentence entails or contradicts the image. the image appears to be an abstract pattern with no clear connection to the sentence provided."
432,/data/ajaunarena/our_dataset/images/976_3.jpg,Her euphoria ascended like a morning sun.,entailment,"the image and the sentence have a relationship of entailment. the image depicts a bright, colorful, and somewhat abstract pattern that could be interpreted as a sunrise or sunset, which is consistent with the idea of euphoria ""ascending"" like a morning sun. the sentence describes a feeling of happiness or joy rising, which is a common metaphor for euphoria. the image visually represents the concept of euphoria rising, which is what the sentence describes."
433,/data/ajaunarena/our_dataset/images/976_3.jpg,"Her happiness gradually increased to a bright, powerful state.",entailment,"the image and the sentence have a relationship of entailment. the image shows a bright, colorful, and blurry pattern that could be interpreted as a representation of happiness or a bright, powerful state. the sentence describes a person's happiness increasing to a bright, powerful state, which is a specific description of what the image might represent. the sentence entails the image, as it provides a more detailed and specific description of what the image could be depicting."
434,/data/ajaunarena/our_dataset/images/976_3.jpg,Her euphoria set like a dying day.,contradiction,"the image and the sentence do not have a direct relationship, so it is not possible to determine if the sentence entails or contradicts the image. the image appears to be an abstract, colorful pattern, while the sentence describes a person's emotional state. without more context or a clearer connection between the two, it is not possible to make an inference relationship determination."
435,/data/ajaunarena/our_dataset/images/1324_2.jpg,She inherits qualities like family heirlooms.,entailment,"the image provided appears to be an abstract or artistic representation, possibly resembling a starry sky or a pattern of shapes and colors. it does not directly depict a family heirloom or the concept of inheritance. therefore, the relationship between the image and the sentence is one of ""contradiction,"" as the image does not entail the sentence."
436,/data/ajaunarena/our_dataset/images/1324_2.jpg,"Her characteristics are passed down through generations, similar to inherited possessions.",entailment,"the image and the sentence do not have a direct relationship, so it is not possible to determine if the sentence entails or contradicts the image. the image appears to be an abstract or artistic representation, and the sentence is a statement about the transmission of traits through generations. without a clear connection between the two, it is not possible to make a definitive inference relationship."
437,/data/ajaunarena/our_dataset/images/1324_2.jpg,"Her qualities emerge spontaneously, completely independent of family influence.",contradiction,"the image provided is an abstract and colorful pattern, which does not have a direct relationship with the sentence. the sentence describes a person's qualities, which are not visible in the image. therefore, the relationship between the image and the sentence is neither entailment nor contradiction, as they are not related to each other."
438,/data/ajaunarena/our_dataset/images/1160_1.jpg,"The scholars entered the intellectual arena, ready for a fierce theoretical battle.",entailment,"the image and the sentence do not have a direct inference relationship. the image appears to be an abstract or artistic representation, possibly of a cityscape or a crowd of people, while the sentence describes a scholarly event. there is no logical connection between the two, so the relationship is neither entailment nor contradiction."
439,/data/ajaunarena/our_dataset/images/1160_1.jpg,The academics prepared to engage in an intense discussion of competing theoretical perspectives.,entailment,"the image provided appears to be an abstract or surrealistic artwork, featuring a multitude of shapes and colors that do not depict any recognizable objects or scenes. the sentence provided, ""the academics prepared to engage in an intense discussion of competing theoretical perspectives,"" is a description of a situation or event involving academics and a discussion.

given the nature of the image and the sentence, there is no direct relationship between the two that would allow for a clear inference relationship of entailment or contradiction. the image does not depict or imply the situation described in the sentence, and the sentence does not describe the content of the image. therefore, the relationship between the image and the sentence is neither entailment nor contradiction."
440,/data/ajaunarena/our_dataset/images/1160_1.jpg,The scholars avoided confrontation and maintained agreement on all theoretical points.,contradiction,"the image and the sentence do not have a direct inference relationship. the image is an abstract, colorful pattern that does not inherently convey any specific information or context that would allow for a direct inference relationship with the sentence. the sentence, on the other hand, describes a situation or a set of conditions, which is not visually represented in the image. therefore, the relationship between the image and the sentence is one of contradiction, as the image does not provide any information that would support or contradict the sentence."
441,/data/ajaunarena/our_dataset/images/1041_2.jpg,The mind's reception desk filters incoming experiences.,entailment,"the image and the sentence do not have a direct relationship, so it is neither entailment nor contradiction. they are unrelated."
442,/data/ajaunarena/our_dataset/images/1041_2.jpg,Our brain selectively processes and organizes sensory information before we become conscious of it.,entailment,"the image you've provided appears to be an abstract or artistic representation, possibly of a digital or electronic nature, with a spectrum of colors and shapes that could be interpreted in various ways. the sentence you've provided is a statement about human perception and cognition.

the relationship between the image and the sentence is one of entailment. the image does not directly depict the process of our brain selectively processing and organizing sensory information, but it could be inferred that the abstract nature of the image might be a visual representation of the complexity and diversity of sensory information that our brains process. the sentence describes a cognitive process, and the image, while not depicting it directly, could be seen as a visual metaphor or analogy for that process."
443,/data/ajaunarena/our_dataset/images/1041_2.jpg,The mind accepts all information without any filtering or organization.,contradiction,"the image you've provided appears to be an abstract, colorful pattern with no discernible objects or shapes that correspond to the sentence you've provided. therefore, the relationship between the image and the sentence is ""contradiction."" the sentence describes a mind that accepts all information without any filtering or organization, which is not visually represented in the image."
444,/data/ajaunarena/our_dataset/images/1881_0.jpg,His addiction to checking social media is a daily dose he can't skip.,entailment,"the image provided does not have a direct relationship with the sentence. it is an abstract image with no clear connection to the sentence. therefore, the relationship between the image and the sentence is neither entailment nor contradiction."
445,/data/ajaunarena/our_dataset/images/1881_0.jpg,"He feels an overwhelming need to check social media every day, like a compulsive ritual.",entailment,"the image and the sentence do not have a direct inference relationship. they are unrelated, and there is no entailment or contradiction between them. the image is an abstract pattern, and the sentence is a description of a person's behavior."
446,/data/ajaunarena/our_dataset/images/1881_0.jpg,He uses social media casually and can easily go days without checking it.,contradiction,"the image provided does not have a direct relationship with the sentence. it is an abstract image with no clear connection to the sentence. therefore, the relationship between the image and the sentence is neither entailment nor contradiction."
447,/data/ajaunarena/our_dataset/images/409_0.jpg,The river of his potential carries his developing skills.,entailment,"the image and the sentence have a relationship of entailment. the image depicts a river with stars, and the sentence describes a river carrying a person's developing skills. the image can be inferred to represent the concept of potential and development, which aligns with the idea of a river carrying a person's skills."
448,/data/ajaunarena/our_dataset/images/409_0.jpg,His natural flow of development supports his growing abilities.,entailment,"the image provided is an abstract pattern with no clear depiction of a natural flow of development or growing abilities. therefore, the relationship between the image and the sentence is ""contradiction."" the sentence describes a concept that is not visually represented in the image."
449,/data/ajaunarena/our_dataset/images/409_0.jpg,His stagnant internal state prevents his abilities from progressing.,contradiction,"the image provided is an abstract pattern of colors and shapes, and it does not have a direct relationship with the sentence. the sentence describes a person's internal state, which is not visually represented in the image. therefore, the relationship between the image and the sentence is neither entailment nor contradiction, as they are not related to each other."
450,/data/ajaunarena/our_dataset/images/1915_1.jpg,Every cleared path leads to a garden of possibilities.,entailment,"the image and the sentence have an entailment relationship. the image depicts a garden with various flowers and plants, and the sentence describes a garden as a place of possibilities. the image entails the idea of a garden as a place of variety and potential, which is consistent with the sentence's description of a garden as a place of possibilities."
451,/data/ajaunarena/our_dataset/images/1915_1.jpg,Each opportunity we pursue can lead to multiple new chances for success.,entailment,"the image and the sentence do not have a direct inference relationship. the image is an abstract, colorful pattern that does not depict any specific scene or concept. the sentence, on the other hand, is a statement about the potential for opportunities to lead to new chances for success.

without a clear connection between the two, it is not possible to determine if the sentence entails or contradicts the image. the relationship between the two is more akin to a metaphorical or conceptual connection, rather than a direct inference."
452,/data/ajaunarena/our_dataset/images/1915_1.jpg,Following opportunities leads to dead ends and limitations.,contradiction,"the image and the sentence have a contradictory relationship. the image depicts a vibrant, colorful scene with flowers and greenery, which is typically associated with growth, life, and opportunities. the sentence, on the other hand, suggests that following opportunities leads to dead ends and limitations, which is a negative and restrictive view of opportunities. this contradiction between the visual content and the message of the sentence creates a contradictory relationship between the two."
453,/data/ajaunarena/our_dataset/images/1314_2.jpg,His temper was a pressure cooker about to explode.,entailment,"the image provided is an abstract pattern with no clear depiction of a pressure cooker or any other object that could be associated with a temper. therefore, the relationship between the image and the sentence is ""contradiction."" the sentence describes a situation that is not visually represented in the image."
454,/data/ajaunarena/our_dataset/images/1314_2.jpg,His anger was building up to a dangerous breaking point.,entailment,"the image provided is an abstract pattern with no clear depiction of a person's emotions or a breaking point. therefore, there is no entailment or contradiction relationship between the image and the sentence. the sentence is a description of a hypothetical situation, and the image does not provide any information that would allow for a direct inference relationship with the sentence."
455,/data/ajaunarena/our_dataset/images/1314_2.jpg,His temper was completely under control and posed no risk.,contradiction,"the image provided is an abstract pattern with no clear depiction of a person or their emotions. therefore, it is not possible to determine the inference relationship between the image and the sentence you provided. the sentence describes a person's temper, which is not visually represented in the image."
456,/data/ajaunarena/our_dataset/images/1657_3.jpg,She scaled the peaks of logical reasoning.,entailment,"the image and the sentence do not have a direct relationship, so it is neither entailment nor contradiction. they are unrelated."
457,/data/ajaunarena/our_dataset/images/1657_3.jpg,She mastered advanced rational thinking methods.,entailment,"the image provided is an abstract pattern of shapes and colors, and it does not contain any text or depict any specific content that would allow for a direct inference relationship with the sentence. therefore, it is neither entailing nor contradicting the sentence. the sentence is a statement about a person's abilities, and the image is purely visual and does not convey any information that would allow for a logical relationship with the sentence."
458,/data/ajaunarena/our_dataset/images/1657_3.jpg,She remained in the valleys of irrational thought.,contradiction,"the image and the sentence do not have a direct inference relationship. the image is an abstract pattern of shapes and colors, while the sentence is a description of a person's mental state. there is no logical connection between the two, so the relationship is neither entailment nor contradiction."
459,/data/ajaunarena/our_dataset/images/1595_2.jpg,Each opportunity is a compass pointing to different destinations.,entailment,"the image provided appears to be a digital or artistic representation of a cityscape or a collection of shapes and colors, possibly resembling a starry sky or a patterned surface. the sentence ""each opportunity is a compass pointing to different destinations"" is a metaphorical statement about the nature of opportunities and the choices they present.

the relationship between the image and the sentence is one of ""contradiction."" the image does not depict a literal compass or a physical cityscape, and the sentence is a metaphorical description of opportunities, which are abstract concepts. the image and the sentence are not related in a way that one entails the other; instead, they are two separate entities that can be compared or contrasted."
460,/data/ajaunarena/our_dataset/images/1595_2.jpg,Different opportunities can lead to various outcomes and life directions.,entailment,"the image and the sentence do not have a direct inference relationship. the image appears to be an abstract or artistic representation, possibly of a cityscape or a collection of shapes and colors, while the sentence is a statement about the nature of opportunities and outcomes. the relationship between the two is not one of entailment or contradiction, as they are not related in a logical or factual sense."
461,/data/ajaunarena/our_dataset/images/1595_2.jpg,All opportunities lead to the same outcome regardless of which you choose.,contradiction,"the image provided appears to be a digital or artistic representation of a scene, possibly a cityscape or a crowd of people, with a starburst effect that creates a sense of depth and movement. the sentence provided is a general statement about opportunities and outcomes.

given the nature of the image and the sentence, it is not possible to determine an inference relationship between the two. the image does not provide specific information that would allow for a direct inference to the sentence. the sentence is a broad statement that could apply to many different situations, including those depicted in the image. therefore, the relationship between the image and the sentence is neither entailment nor contradiction."
462,/data/ajaunarena/our_dataset/images/224_3.jpg,This challenge is a combination safe testing our patience.,entailment,"the image provided appears to be an abstract or abstracted pattern, possibly a digital or artistic creation. it does not depict any specific objects or scenes that can be directly related to the sentence provided. therefore, the relationship between the image and the sentence is neither entailment nor contradiction, as there is no logical connection between the two."
463,/data/ajaunarena/our_dataset/images/224_3.jpg,Solving this problem requires persistent effort and methodical thinking.,entailment,"the image provided appears to be an abstract or abstracted pattern, possibly a digital or artistic creation. it does not depict any specific objects or scenes that can be directly related to the sentence provided. therefore, the relationship between the image and the sentence is neither entailment nor contradiction, as there is no logical connection between the two."
464,/data/ajaunarena/our_dataset/images/224_3.jpg,The problem yields immediately to any casual attempt at solving.,contradiction,"the image you've provided appears to be an abstract or abstracted image, possibly a digital or artistic creation. it does not depict a clear, recognizable scene or object that would allow for a direct inference relationship with a sentence. therefore, it is not possible to determine if the image entails or contradicts a sentence without additional context or information."
465,/data/ajaunarena/our_dataset/images/1397_1.jpg,"Ideas, like children, need guidance but not control.",entailment,"the image provided is a blurry, abstract representation of a scene, and it does not contain any text or clear depiction of an idea or child. therefore, it is not possible to determine an inference relationship between the image and the sentence you provided. the sentence is a philosophical statement about the nature of ideas and children, and it does not have a direct visual representation in the image."
466,/data/ajaunarena/our_dataset/images/1397_1.jpg,Ideas benefit from direction while maintaining their inherent freedom to develop naturally.,entailment,"the image provided appears to be an abstract or blurred photograph, which does not provide enough context to determine if it entails or contradicts the sentence. the sentence is a philosophical or conceptual statement, and without a clear visual representation of the idea of ""ideas,"" it is not possible to infer a relationship between the image and the sentence."
467,/data/ajaunarena/our_dataset/images/1397_1.jpg,Ideas must be strictly controlled and manipulated to be valuable.,contradiction,"the image provided appears to be an abstract or artistic representation, possibly of a crowd or a group of people, with a focus on the interplay of light and shadow. the sentence ""ideas must be strictly controlled and manipulated to be valuable"" is a philosophical or ideological statement about the nature of ideas and their value.

the relationship between the image and the sentence is one of ""contradiction."" the image is a visual representation that may evoke thoughts or emotions, but it does not inherently convey the concept of controlling or manipulating ideas. the sentence, on the other hand, is a statement about the nature of ideas and their value, which is not directly related to the visual content of the image. therefore, the relationship between the two is contradictory, as the image does not entail the sentence and the sentence does not contradict the image."
468,/data/ajaunarena/our_dataset/images/480_2.jpg,Time is a relentless shapeshifter.,entailment,"the image and the sentence have a relationship of ""entailment."" the image shows a variety of shapes and colors that could be interpreted as a representation of time's fluid and ever-changing nature. the sentence ""time is a relentless shapeshifter"" is a metaphorical description of time's constant movement and the way it shapes and changes our experiences. the image visually conveys the concept of time's fluidity, which is what the sentence is describing."
469,/data/ajaunarena/our_dataset/images/480_2.jpg,Time constantly transforms situations and circumstances in our lives.,entailment,"the image and the sentence do not have a direct inference relationship. the image appears to be an abstract, colorful pattern that does not inherently convey the concept of time or transformation. the sentence, on the other hand, is a statement about the nature of time and its impact on life situations. therefore, the relationship between the image and the sentence is more of a conceptual or thematic connection rather than a direct inference relationship, which would be entailment or contradiction."
470,/data/ajaunarena/our_dataset/images/480_2.jpg,Time maintains perfect stability and never alters anything.,contradiction,"the image provided appears to be an abstract or artistic representation of various shapes and colors, which does not have a direct relationship with the sentence provided. the sentence describes a concept of time, which is not visually represented in the image. therefore, the relationship between the image and the sentence is neither entailment nor contradiction, as they are not related to each other."
471,/data/ajaunarena/our_dataset/images/777_1.jpg,"The chase of time knows no rest, no mercy.",entailment,"the image and the sentence do not have a direct inference relationship. the image is an abstract pattern of shapes and colors, while the sentence is a statement about the concept of time. they do not logically entail or contradict each other."
472,/data/ajaunarena/our_dataset/images/777_1.jpg,Time moves forward continuously without pause or consideration for human desires.,entailment,"the image and the sentence do not have an inference relationship. the image is an abstract pattern of shapes and colors, while the sentence is a statement about the nature of time. they do not logically entail or contradict each other."
473,/data/ajaunarena/our_dataset/images/777_1.jpg,Time frequently pauses and adjusts its pace according to our wishes.,contradiction,"the image and the sentence do not have a direct inference relationship. the image shows a blurred, abstract pattern that does not inherently convey the concept of time pausing or adjusting its pace according to our wishes. the sentence, on the other hand, is a statement about the nature of time, which is not visually represented in the image. therefore, the relationship between the image and the sentence is one of contradiction, as the image does not depict the concept described in the sentence."
474,/data/ajaunarena/our_dataset/images/754_0.jpg,The theory evolved to adapt to new evidence.,entailment,"the image you've provided appears to be an abstract or artistic representation, possibly of a starry sky or a similar celestial scene. the sentence you've provided is a statement about the theory of evolution.

given the nature of the image and the sentence, it is not possible to determine an entailment or contradiction relationship between them. the image does not provide information that can be logically deduced from the sentence, nor does the sentence provide information that can be logically deduced from the image. they are two separate pieces of information that do not have a direct logical relationship."
475,/data/ajaunarena/our_dataset/images/754_0.jpg,The theory was modified to accommodate new scientific findings.,entailment,"the image you've provided appears to be an abstract or artistic representation, possibly of stars or a similar celestial theme. it does not directly relate to the sentence you've provided, which discusses the modification of a theory to accommodate new scientific findings.

therefore, the relationship between the image and the sentence is one of ""contradiction,"" as the image does not depict or imply the concept of scientific theories or modifications."
476,/data/ajaunarena/our_dataset/images/754_0.jpg,The theory remained rigid and unchanged despite new evidence.,contradiction,"the image and the sentence do not have a direct relationship, so it is not possible to determine if the image entails or contradicts the sentence. the image is an abstract pattern of shapes and colors, while the sentence is a statement about a theory remaining rigid. without additional context, it is not possible to infer a relationship between the two."
477,/data/ajaunarena/our_dataset/images/681_3.jpg,Her wit was a bandage for their wounded spirits.,entailment,"the image and the sentence do not have a direct relationship, so it is not possible to determine if the sentence entails or contradicts the image. the image appears to be an abstract pattern with no clear connection to the sentence."
478,/data/ajaunarena/our_dataset/images/681_3.jpg,Her humor helped people cope with and recover from emotional difficulties.,entailment,"the image provided is an abstract pattern of colors and shapes, and it does not contain any text or depict any specific subject matter. therefore, it is not possible to determine an inference relationship between the image and the sentence you provided. the sentence describes a person's ability to help others, which is not directly related to the visual content of the image."
479,/data/ajaunarena/our_dataset/images/681_3.jpg,Her wit only deepened people's emotional pain and suffering.,contradiction,"the image provided is an abstract pattern with no clear depiction of a person or their wit. therefore, it is not possible to determine the inference relationship between the image and the sentence you provided. the sentence is a statement about a person's behavior, which is not directly related to the image."
480,/data/ajaunarena/our_dataset/images/1101_1.jpg,Each creation illuminates like a beacon in darkness.,entailment,"the image and the sentence have an entailment relationship. the image depicts a colorful, abstract pattern that could be interpreted as a beacon of light in a dark background. the sentence describes the image as a beacon of light, which is a valid inference from the visual content of the image."
481,/data/ajaunarena/our_dataset/images/1101_1.jpg,New creations stand out and draw attention to themselves.,entailment,"the image and the sentence have an entailment relationship. the image depicts a colorful, abstract pattern that could be interpreted as a representation of new creations standing out and drawing attention to themselves. the sentence describes a phenomenon that is visually represented in the image."
482,/data/ajaunarena/our_dataset/images/1101_1.jpg,Creations blend into obscurity and go unnoticed.,contradiction,"the image and the sentence have a relationship of entailment. the image depicts a colorful, abstract pattern that could be interpreted as a representation of creations blending into obscurity and going unnoticed. the sentence describes a situation where creations are not recognized or appreciated, which is a possible interpretation of the image's visual elements."
483,/data/ajaunarena/our_dataset/images/1291_1.jpg,Joy is an upward force that lifts the spirit skyward.,entailment,"the image and the sentence have a relationship of entailment. the image of colorful clouds in the sky can be inferred to represent the upward force of joy, as the clouds are often associated with uplifting feelings and the skyward direction. the sentence describes joy as an upward force that lifts the spirit skyward, which is a concept that can be visually represented by the image of clouds."
484,/data/ajaunarena/our_dataset/images/1291_1.jpg,Happiness creates a feeling of lightness and elevation in one's mood.,entailment,"the image and the sentence have a relationship of entailment. the image depicts a colorful, light, and airy scene, which can be associated with feelings of happiness and lightness. the sentence describes the effect of happiness on one's mood, which aligns with the visual representation in the image."
485,/data/ajaunarena/our_dataset/images/1291_1.jpg,"Joy weighs heavily on the soul, pulling one downward.",contradiction,"the image and the sentence have a contradictory relationship. the image depicts a colorful, uplifting scene with clouds and rainbows, which are often associated with positive emotions and feelings of joy. the sentence, however, describes joy as weighing heavily on the soul and pulling one downward, which is a negative and depressing description of joy. this contradicts the positive and uplifting imagery in the photo."
486,/data/ajaunarena/our_dataset/images/1125_0.jpg,Life's challenges are like sorting through mixed storage bins.,entailment,"the image and the sentence have a relationship of entailment. the image depicts a chaotic and disorganized collection of words, which visually represents the concept of sorting through mixed storage bins. the sentence, ""life's challenges are like sorting through mixed storage bins,"" is a metaphorical description of the challenges of life, which aligns with the visual representation of the image. the image entails the concept described in the sentence."
487,/data/ajaunarena/our_dataset/images/1125_0.jpg,Dealing with problems requires organization and systematic approach.,entailment,"the image and the sentence have an entailment relationship. the image depicts a chaotic and disorganized collection of words, which is the opposite of the systematic and organized approach required for problem-solving. the sentence describes the necessary conditions for dealing with problems, which are organization and systematic approach, and the image contradicts this description by visually representing the opposite."
488,/data/ajaunarena/our_dataset/images/1125_0.jpg,"Problems can be solved through random, chaotic actions.",contradiction,"the image and the sentence do not have a direct relationship, so it is neither entailment nor contradiction. they are unrelated."
489,/data/ajaunarena/our_dataset/images/375_1.jpg,Market pressures are creating a turbulent atmosphere.,entailment,"the image provided appears to be a digital or abstract representation, possibly of a market or financial data, with various symbols and numbers overlaid on a blue background. the sentence ""market pressures are creating a turbulent atmosphere"" is a statement about a situation or condition in a market or financial context.

the relationship between the image and the sentence is one of ""contradiction."" the image does not depict a turbulent atmosphere in a literal sense, and the sentence describes a situation that is not visually represented in the image. the image does not entail the sentence, as it does not depict the market pressures or the turbulent atmosphere described in the sentence."
490,/data/ajaunarena/our_dataset/images/375_1.jpg,External conditions in the market are causing instability and disruption.,entailment,"the image provided appears to be a digital or abstract representation, possibly of a market or financial data, with various symbols and numbers overlaid on a blue background. the sentence provided describes a situation where external conditions in the market are causing instability and disruption.

given the nature of the image and the sentence, it is not possible to determine an inference relationship between the two. the image does not provide specific information about market conditions or instability, and the sentence does not describe the image itself. therefore, the relationship between the image and the sentence is neither entailment nor contradiction."
491,/data/ajaunarena/our_dataset/images/375_1.jpg,Market conditions are creating a peaceful and stable environment.,contradiction,"the image provided appears to be a digital or abstract representation, possibly of a market or financial data, with various symbols and numbers overlaid on a blue background. the sentence ""market conditions are creating a peaceful and stable environment"" is a statement about the current state of the market, which is subjective and can vary depending on the context and the individual's perception.

given the nature of the image and the subjective nature of the sentence, it is not possible to determine an inference relationship between the two. the image does not provide enough information to entail or contradict the sentence. the relationship between the two would depend on the specific context in which they are being used."
492,/data/ajaunarena/our_dataset/images/1183_2.jpg,Properties are magnetic forces attracting investment.,entailment,"the image you've provided appears to be a colorful, abstract pattern with various shapes and what seem to be coins or circular objects. the sentence you've provided is a statement about magnetic forces and investment.

given the content of the image and the sentence, there is no direct inference relationship between the two. the image does not depict magnetic forces or investment, and the sentence does not describe the image. therefore, the relationship between the image and the sentence is one of contradiction, as the image does not entail the sentence and the sentence does not contradict the image."
493,/data/ajaunarena/our_dataset/images/1183_2.jpg,Properties naturally draw investors and capital due to their inherent value.,entailment,"the image and the sentence have an entailment relationship. the image shows a collection of coins, which are often associated with wealth and investment. the sentence ""properties naturally draw investors and capital due to their inherent value"" is a general statement that could be inferred from the image, as the coins in the image are likely to be considered valuable and thus could attract investors and capital."
494,/data/ajaunarena/our_dataset/images/1183_2.jpg,Properties repel investment and have no natural appeal to investors.,contradiction,"the image and the sentence have a contradictory relationship. the image shows a variety of coins, which are often associated with investment and financial appeal. the sentence, however, states that properties have no natural appeal to investors, which contradicts the visual content of the image."
495,/data/ajaunarena/our_dataset/images/1707_3.jpg,Environmental pollution is a cancer growing in society's organs.,entailment,"the image provided appears to be an abstract or artistic representation, and it is not possible to determine a direct inference relationship between the image and the sentence. the sentence is a metaphorical statement about environmental pollution, and the image does not depict a literal cancer growing in society's organs. therefore, the relationship between the image and the sentence is not one of entailment or contradiction."
496,/data/ajaunarena/our_dataset/images/1707_3.jpg,Environmental degradation progressively damages essential components of social systems.,entailment,"the image provided appears to be an abstract or artistic representation, and it is not possible to determine a direct inference relationship between the image and the sentence. the sentence describes a causal relationship between environmental degradation and social system damage, which is not visually represented in the image. therefore, the relationship between the image and the sentence is ""contradiction,"" as the image does not depict the causal relationship described in the sentence."
497,/data/ajaunarena/our_dataset/images/1707_3.jpg,Environmental pollution strengthens and improves social systems.,contradiction,"the image provided appears to be an abstract or artistic representation, and it is not possible to determine a direct relationship between the image and the sentence you provided. the sentence is a statement about the relationship between environmental pollution and social systems, which is a conceptual or factual relationship that can be evaluated through analysis and evidence. the image, on the other hand, is a visual representation that may evoke certain emotions or interpretations, but it does not provide a clear or direct connection to the sentence. therefore, the relationship between the image and the sentence is neither entailment nor contradiction, as they are not related in a logical or factual sense."
498,/data/ajaunarena/our_dataset/images/21_1.jpg,Antibiotics are the heavy artillery in our battle against infection.,entailment,"the image and the sentence have a relationship of entailment. the image shows a close-up of a colorful, possibly microscopic, scene that could be interpreted as a battle against infection, given the presence of what appears to be bacteria or other microorganisms. the sentence ""antibiotics are the heavy artillery in our battle against infection"" is a statement that logically follows from the image, as it describes the role of antibiotics in combating infections."
499,/data/ajaunarena/our_dataset/images/21_1.jpg,Antibiotics are powerful medications that effectively eliminate bacterial infections.,entailment,"the image and the sentence are not directly related, so there is no entailment or contradiction relationship between them."
500,/data/ajaunarena/our_dataset/images/21_1.jpg,Antibiotics are weak and ineffective against bacterial infections.,contradiction,"the image and the sentence have a contradictory relationship. the image shows a bright, colorful, and somewhat abstract pattern, which does not entail or contradict the sentence about antibiotics. the sentence is a statement about the effectiveness of antibiotics, while the image is a visual representation that does not convey any information about antibiotics or their effectiveness."
501,/data/ajaunarena/our_dataset/images/959_0.jpg,They breathed the same emotional air.,entailment,"the image and the sentence do not have a direct inference relationship. the image appears to be an abstract pattern with no clear connection to the sentence. the sentence describes a concept of shared emotional experience, while the image is purely visual and does not convey any specific emotional content. therefore, the relationship between the image and the sentence is neither entailment nor contradiction."
502,/data/ajaunarena/our_dataset/images/959_0.jpg,They shared a deeply connected emotional experience.,entailment,"the image and the sentence do not have a direct inference relationship. the image is an abstract pattern of colors, and the sentence is a description of a human emotional experience. while the sentence may evoke emotions in the viewer, it does not logically entail or contradict the image. the relationship between the two is more of a metaphorical or associative one, rather than a logical inference."
503,/data/ajaunarena/our_dataset/images/959_0.jpg,Their emotional experiences remained completely separate and distinct.,contradiction,"the image and the sentence are related through entailment. the image depicts a colorful, abstract pattern that could be interpreted as a representation of different emotions or experiences. the sentence describes a situation where individuals' emotional experiences remain separate and distinct. the image's abstract nature allows for multiple interpretations, and the sentence's description of emotional experiences aligns with one possible interpretation of the image."
504,/data/ajaunarena/our_dataset/images/1499_2.jpg,Their compliance grip was beginning to slip.,entailment,"the image provided is an abstract, colorful pattern with no discernible content that could be related to the sentence. therefore, there is no entailment or contradiction relationship between the image and the sentence. the sentence is a statement about a grip, which is not depicted in the image."
505,/data/ajaunarena/our_dataset/images/1499_2.jpg,Their adherence to compliance standards was weakening.,entailment,"the image provided is an abstract, colorful pattern with no discernible content that could be related to the sentence. therefore, there is no entailment or contradiction relationship between the image and the sentence. the sentence is a statement about a specific situation, while the image is purely an artistic representation with no connection to the sentence's content."
506,/data/ajaunarena/our_dataset/images/1499_2.jpg,Their compliance standards were becoming increasingly stringent.,contradiction,"the image provided does not have a direct relationship with the sentence. it is an abstract image with no clear connection to the sentence. therefore, the relationship between the image and the sentence is neither entailment nor contradiction."
507,/data/ajaunarena/our_dataset/images/1933_0.jpg,Our love is a delicate porcelain that must be handled with care.,entailment,"the image and the sentence do not have a direct inference relationship. the image is an abstract pattern of shapes and colors, while the sentence is a metaphorical description of love. there is no logical relationship between the two, so the answer is ""contradiction."""
508,/data/ajaunarena/our_dataset/images/1933_0.jpg,Our relationship requires gentle attention and careful nurturing to maintain.,entailment,"the image provided appears to be an abstract pattern with no clear depiction of a relationship that requires gentle attention and careful nurturing. therefore, the relationship between the image and the sentence is neither entailment nor contradiction. it is a visual representation that does not convey a logical relationship to the sentence."
509,/data/ajaunarena/our_dataset/images/1933_0.jpg,Our relationship is indestructible and requires no maintenance or care.,contradiction,"the image and the sentence do not have a direct relationship, so it is neither entailment nor contradiction. they are unrelated."
510,/data/ajaunarena/our_dataset/images/1013_0.jpg,The knowledge sits firmly in his palm.,entailment,"the image provided is an abstract pattern with no clear depiction of a hand or a palm. therefore, there is no entailment or contradiction relationship between the image and the sentence. the sentence is a metaphorical description of a person holding knowledge, but the image does not visually represent this concept."
511,/data/ajaunarena/our_dataset/images/1013_0.jpg,He has complete mastery and ownership of the information.,entailment,"the image provided appears to be an abstract or artistic representation, possibly of stars or a similar pattern. it is not a literal depiction of a sentence or a statement. therefore, it is not possible to determine an inference relationship between the image and a sentence, as there is no logical relationship between the two. the sentence you provided does not relate to the image in any way, so it is neither entailed nor contradicted by the image."
512,/data/ajaunarena/our_dataset/images/1013_0.jpg,The knowledge constantly eludes his understanding.,contradiction,"the image provided appears to be an abstract or artistic representation, possibly of stars or a similar pattern. it does not contain any text or information that would allow for a direct inference relationship with a sentence. therefore, it is not possible to determine whether the image entails or contradicts a sentence without additional context."
513,/data/ajaunarena/our_dataset/images/666_3.jpg,Each minute is a drop in the bucket of existence.,entailment,"the image and the sentence have a relationship of entailment. the image depicts a colorful, abstract pattern that could be interpreted as a representation of the concept of existence, with each element potentially symbolizing a moment or a drop in the bucket. the sentence, ""each minute is a drop in the bucket of existence,"" is a metaphorical statement that conveys the idea that every moment contributes to the overall experience of life. the image visually represents this concept, and the sentence provides a verbal explanation of the same idea."
514,/data/ajaunarena/our_dataset/images/666_3.jpg,Individual minutes contribute to the finite total of our lifetime.,entailment,"the image and the sentence do not have a direct relationship, so it is not possible to determine whether the image entails or contradicts the sentence. the image appears to be an abstract, colorful pattern, while the sentence is a statement about the concept of time and the finite nature of human life. without a clear connection between the two, it is not possible to infer a relationship between them."
515,/data/ajaunarena/our_dataset/images/666_3.jpg,Minutes are insignificant and have no impact on our total lifetime.,contradiction,"the image provided appears to be an abstract or artistic representation of colors and shapes, which does not have a direct relationship with the sentence provided. the sentence is a statement about the concept of time and its impact on our lives, whereas the image is purely visual and does not convey any specific message or idea. therefore, the relationship between the image and the sentence is neither entailment nor contradiction, as they are not related in any meaningful way."
516,/data/ajaunarena/our_dataset/images/1189_2.jpg,Properties are resonant frequencies of market dynamics.,entailment,"the image provided appears to be an abstract, colorful pattern with no clear depiction of market dynamics or properties. there is no direct inference relationship between the image and the sentence provided. the sentence describes a concept, while the image is a visual representation that does not inherently convey the concept of market dynamics or properties. therefore, the relationship between the image and the sentence is one of contradiction, as the image does not entail the concept described in the sentence."
517,/data/ajaunarena/our_dataset/images/1189_2.jpg,Properties naturally align with and respond to market patterns and cycles.,entailment,"the image provided appears to be an abstract digital art piece with a variety of colors and shapes. it does not depict any specific market patterns or cycles. therefore, the relationship between the image and the sentence is ""contradiction."" the sentence describes a property that naturally aligns with market patterns and cycles, while the image does not depict any such patterns or cycles."
518,/data/ajaunarena/our_dataset/images/1189_2.jpg,Properties are disconnected from and unresponsive to market patterns.,contradiction,"the image provided appears to be an abstract digital art piece with a variety of colors and shapes. it does not depict any specific market patterns or properties. the sentence provided, ""properties are disconnected from and unresponsive to market patterns,"" is a statement about a conceptual relationship between properties and market patterns.

given that the image does not depict any market patterns or properties, it is not possible to infer a relationship between the image and the sentence. therefore, the relationship between the image and the sentence is neither entailment nor contradiction."
519,/data/ajaunarena/our_dataset/images/927_2.jpg,The solution lies in the heart of the tangle.,entailment,"the image and the sentence do not have a direct inference relationship. they are not related in a way that one entails the other or contradicts it. the sentence is a metaphorical description of the image, which is a pattern of lines and shapes that could be interpreted as a tangle or a maze. the sentence does not provide information that can be logically deduced from the image, nor does it contradict any aspect of the image."
520,/data/ajaunarena/our_dataset/images/927_2.jpg,The key to solving this problem is hidden within its most complex part.,entailment,"the image provided appears to be a pattern of lines and shapes, which does not provide any direct information that can be inferred from the sentence. therefore, the relationship between the image and the sentence is ""contradiction,"" as the image does not convey any information that can be logically deduced from the sentence."
521,/data/ajaunarena/our_dataset/images/927_2.jpg,"The solution is obvious and superficial, requiring no deep investigation.",contradiction,the image and the sentence do not have an inference relationship. they are unrelated.
522,/data/ajaunarena/our_dataset/images/800_1.jpg,This mutual fund is a leaky piggy bank draining your savings.,entailment,"the image and the sentence have a relationship of contradiction. the image shows a colorful, abstract pattern that does not depict a piggy bank or savings, and there is no indication of leakage or draining. the sentence, on the other hand, describes a piggy bank that is leaking and draining savings, which is not visually represented in the image."
523,/data/ajaunarena/our_dataset/images/800_1.jpg,This mutual fund has high fees that gradually reduce your investment returns.,entailment,"the image provided is an abstract and colorful pattern, which does not have a direct relationship with the sentence. it is not possible to determine an inference relationship between the image and the sentence based on the visual content alone. the sentence describes a situation or characteristic, while the image is purely visual and does not convey any information that would allow for a logical inference relationship."
524,/data/ajaunarena/our_dataset/images/800_1.jpg,This mutual fund perfectly preserves and maximizes every penny you invest.,contradiction,"the image and the sentence are not related in a way that would allow for an inference relationship of entailment or contradiction. the image appears to be an abstract, colorful pattern with no discernible connection to the sentence about a mutual fund."
525,/data/ajaunarena/our_dataset/images/817_1.jpg,Life weaves patterns in existence's tapestry.,entailment,"the image and the sentence have an entailment relationship. the image depicts a colorful, abstract pattern that could be interpreted as a representation of life weaving patterns in existence's tapestry. the sentence describes a concept that is visually represented in the image."
526,/data/ajaunarena/our_dataset/images/817_1.jpg,Our actions and choices create meaningful designs within the fabric of being.,entailment,"the image and the sentence do not have a direct relationship that would allow for a clear inference relationship of entailment or contradiction. the image is an abstract, colorful pattern, while the sentence is a philosophical statement about the nature of human actions and choices. the two are not directly related, and the sentence does not necessarily entail or contradict the image."
527,/data/ajaunarena/our_dataset/images/817_1.jpg,"Existence's pattern is fixed and unchangeable, immune to life's influence.",contradiction,"the image and the sentence have a contradictory relationship. the image depicts a colorful, abstract pattern that appears to be dynamic and changing, which is in contrast to the sentence's statement that existence's pattern is fixed and unchangeable. this creates a contradiction between the visual content of the image and the conceptual statement in the sentence."
528,/data/ajaunarena/our_dataset/images/1109_1.jpg,The ghost of inspiration materializes through creation.,entailment,"the image and the sentence have a relationship of entailment. the image depicts a vibrant, colorful, and abstract design that could be interpreted as a representation of inspiration or creativity. the sentence, ""the ghost of inspiration materializes through creation,"" suggests that inspiration is a manifestation that occurs during the process of creating something. the image's visual elements, such as the bright colors and dynamic patterns, could be seen as a visual metaphor for the idea of inspiration being brought to life through the act of creation. therefore, the image entails the concept of inspiration being associated with creation, which is expressed in the sentence."
529,/data/ajaunarena/our_dataset/images/1109_1.jpg,Abstract inspiration becomes tangible through creative work.,entailment,"the image and the sentence have an entailment relationship. the image depicts a vibrant, colorful abstract pattern that could be interpreted as an abstract inspiration. the sentence describes how this abstract inspiration can become tangible through creative work, which is a logical consequence or entailment of the image's content."
530,/data/ajaunarena/our_dataset/images/1109_1.jpg,Inspiration remains ethereal and never takes concrete form.,contradiction,"the image and the sentence have a relationship of contradiction. the image depicts a vibrant, colorful, and dynamic scene that appears to be a digital or abstract representation, possibly resembling a galaxy or a fractal pattern. the sentence, on the other hand, describes inspiration as ethereal and never taking concrete form, which is a more abstract and intangible concept. the image's visual complexity and the sentence's description of inspiration as ethereal and abstract are in contrast to each other, suggesting a contradiction between the two."
531,/data/ajaunarena/our_dataset/images/1914_1.jpg,The morning sun illuminates new pathways each day.,entailment,"the image and the sentence have an entailment relationship. the image shows a pattern that could be interpreted as pathways, and the sentence describes the sun illuminating new pathways each day, which is a possible interpretation of the image."
532,/data/ajaunarena/our_dataset/images/1914_1.jpg,Fresh opportunities present themselves daily for those who look for them.,entailment,"the image and the sentence do not have a direct relationship, so it is neither entailment nor contradiction. they are independent of each other, and the sentence is a general statement that does not necessarily relate to the image."
533,/data/ajaunarena/our_dataset/images/1914_1.jpg,Opportunities are fixed and never change or renew themselves.,contradiction,"the image depicts a pattern of lines and shapes that could be interpreted as a representation of a network or a complex system. the sentence provided, ""opportunities are fixed and never change or renew themselves,"" is a statement about the nature of opportunities.

the relationship between the image and the sentence is one of contradiction. the image does not entail the sentence, nor does the sentence contradict the image. the image is a visual representation that could be interpreted in many ways, and the sentence is a statement about a concept that is not directly related to the visual content of the image."
534,/data/ajaunarena/our_dataset/images/977_2.jpg,His bliss lifted him above the clouds.,entailment,"the image and the sentence do not have a direct relationship that would allow for a clear inference relationship of entailment or contradiction. the image appears to be an abstract, colorful pattern that does not inherently convey a specific meaning or concept related to the sentence. the sentence, ""his bliss lifted him above the clouds,"" is a metaphorical description of a person experiencing a state of happiness or joy that allows them to transcend their immediate surroundings. the image could be interpreted in various ways, but it does not entail or contradict the sentence."
535,/data/ajaunarena/our_dataset/images/977_2.jpg,He experienced an extraordinary level of happiness that transcended normal joy.,entailment,"the image and the sentence have an entailment relationship. the image depicts a colorful, vibrant, and dynamic scene that could be interpreted as a visual representation of the extraordinary level of happiness described in the sentence. the colors and patterns in the image might evoke feelings of joy and happiness, which aligns with the sentiment expressed in the sentence."
536,/data/ajaunarena/our_dataset/images/977_2.jpg,His misery sank him beneath the earth.,contradiction,"the image provided does not have a direct relationship with the sentence. it is not possible to determine an entailment or contradiction relationship between the two without additional context. the image appears to be an abstract or artistic representation, and the sentence is a figurative description of a person's emotional state. without a clear connection between the two, it is not appropriate to infer a relationship between them."
537,/data/ajaunarena/our_dataset/images/1418_2.jpg,The tonic of laughter dissolved their tension.,entailment,"the image and the sentence have a relationship of entailment. the image depicts a group of people laughing, which is a visual representation of the tonic of laughter dissolving tension. the sentence describes the effect of laughter, which is what the image visually conveys."
538,/data/ajaunarena/our_dataset/images/1418_2.jpg,Sharing humor helped release their stress and ease the atmosphere.,entailment,"the image provided appears to be a blurry and distorted photograph, which does not provide enough information to determine the relationship between the image and the sentence. the sentence describes a situation where sharing humor helps to alleviate stress, but the image does not depict a situation that would necessarily be related to humor or stress relief. therefore, the relationship between the image and the sentence is neither entailment nor contradiction, as the image does not provide enough context to make a definitive determination."
539,/data/ajaunarena/our_dataset/images/1418_2.jpg,The severity of the situation increased their tension and discomfort.,contradiction,the image provided is too blurry and indistinct to make any inference relationship with the sentence. it is not possible to determine if the image entails or contradicts the sentence without clearer visual information.
540,/data/ajaunarena/our_dataset/images/442_3.jpg,Life is a worn book whose pages tell infinite stories.,entailment,"the image and the sentence have a relationship of entailment. the image depicts a collection of shapes and colors that resemble a worn book, and the sentence describes the concept of life as a worn book with infinite stories. the image visually represents the idea of life as a book, and the sentence provides a metaphorical description of the same concept."
541,/data/ajaunarena/our_dataset/images/442_3.jpg,Each person's existence contains numerous experiences and memories that form their unique narrative.,entailment,"the image and the sentence do not have a direct relationship, so it is not possible to determine if the sentence entails or contradicts the image. the image is an abstract pattern of shapes and colors, while the sentence is a philosophical statement about the nature of human existence. without a clear connection between the two, it is not possible to make a definitive inference relationship."
542,/data/ajaunarena/our_dataset/images/442_3.jpg,"Life is empty and meaningless, with no stories or experiences worth recording.",contradiction,"the image and the sentence do not have a direct inference relationship. the image is an abstract, colorful pattern that does not inherently convey any specific meaning or message. the sentence, on the other hand, is a philosophical statement about the nature of life and its purpose. the relationship between the two is more of a contrast or juxtaposition, as the image is visually rich and vibrant, while the sentence expresses a sense of emptiness and lack of purpose."
543,/data/ajaunarena/our_dataset/images/1715_0.jpg,The stepping stones across the river guided their evolution.,entailment,"the image provided is an abstract, colorful image that does not depict any stepping stones or a river. the sentence, ""the stepping stones across the river guided their evolution,"" is a description of a specific scenario involving stepping stones and a river.

given that the image does not depict the scenario described in the sentence, the relationship between the image and the sentence is one of contradiction. the image does not entail the sentence, and the sentence does not contradict the image, but they are not related in any way."
544,/data/ajaunarena/our_dataset/images/1715_0.jpg,"Small, sequential steps facilitated their gradual transformation.",entailment,"the image and the sentence do not have a direct relationship, so it is not possible to determine if the sentence entails or contradicts the image. the sentence describes a process, while the image shows a colorful, abstract pattern that does not necessarily represent a transformation or sequence of steps."
545,/data/ajaunarena/our_dataset/images/1715_0.jpg,Their change occurred in one giant leap without intermediate stages.,contradiction,"the image and the sentence have a contradictory relationship. the image shows a water surface with ripples and reflections, which suggests a calm and serene environment. the sentence, ""their change occurred in one giant leap without intermediate stages,"" implies a sudden and dramatic change, which is in contrast to the peaceful and gradual appearance of the water in the image."
546,/data/ajaunarena/our_dataset/images/1786_0.jpg,The city's streets teem with living energy.,entailment,"the image and the sentence have an entailment relationship. the image depicts a vibrant, colorful, and dynamic scene that could be interpreted as teeming with energy, which aligns with the description in the sentence. the city's streets are not explicitly shown in the image, but the energy and movement conveyed by the image could be inferred to be related to the city's streets."
547,/data/ajaunarena/our_dataset/images/1786_0.jpg,The city's streets are busy with constant movement and activity.,entailment,"the image and the sentence have an entailment relationship. the image depicts a colorful, abstract pattern that could be interpreted as a representation of a busy city street with constant movement and activity. the sentence describes the city's streets in a way that is consistent with the visual content of the image."
548,/data/ajaunarena/our_dataset/images/1786_0.jpg,The city's streets are empty and devoid of movement.,contradiction,"the image and the sentence have a contradictory relationship. the image shows a vibrant, colorful, and dynamic cityscape with numerous lights and shapes, which suggests movement and activity. the sentence, on the other hand, states that the city's streets are empty and devoid of movement, which contradicts the visual impression given by the image."
549,/data/ajaunarena/our_dataset/images/741_1.jpg,His joy soared like a bird taking flight.,entailment,"the image provided is a blurry, colorful abstract image that does not depict a bird taking flight. therefore, the relationship between the image and the sentence is ""contradiction."" the sentence describes a bird taking flight, which is not visually represented in the image."
550,/data/ajaunarena/our_dataset/images/741_1.jpg,His happiness increased dramatically and made him feel uplifted.,entailment,"the image provided is a blurry, colorful abstract image that does not depict a specific scene or object. it is not possible to determine an inference relationship between the image and the sentence provided, as the sentence describes a subjective emotional experience that cannot be visually represented in the image. therefore, the relationship between the image and the sentence is neither entailment nor contradiction, as they are not related in a logical or factual sense."
551,/data/ajaunarena/our_dataset/images/741_1.jpg,"His happiness remained grounded and subdued, never reaching great heights.",contradiction,"the image provided is a blurry, colorful abstract image that does not depict a specific scene or object. it is not possible to determine an inference relationship between the image and the sentence provided, as the sentence describes a concept or emotion, while the image is purely visual and does not convey any specific meaning or idea. therefore, the relationship between the image and the sentence is neither entailment nor contradiction, as they are not related in any meaningful way."
552,/data/ajaunarena/our_dataset/images/171_3.jpg,He's walking through a minefield of emotions.,entailment,"the image depicts a colorful, abstract pattern that could be interpreted as a visual representation of emotions or a metaphor for navigating through complex or challenging situations. the sentence ""he's walking through a minefield of emotions"" is a metaphorical description of someone facing difficult emotional challenges.

the relationship between the image and the sentence is one of entailment. the image, with its abstract and colorful nature, can be seen as a visual metaphor for the emotional challenges described in the sentence. the sentence provides a narrative context that interprets the image in a specific way, and the image, in turn, supports the narrative by providing a visual representation of the concept of navigating through emotional challenges."
553,/data/ajaunarena/our_dataset/images/171_3.jpg,He's navigating a situation where harm could occur at any moment.,entailment,"the image you've provided appears to be an abstract, colorful pattern with no discernible content that would allow for an inference relationship with a sentence. therefore, it is not possible to determine whether the image entails or contradicts a sentence, as there is no sentence to relate to."
554,/data/ajaunarena/our_dataset/images/171_3.jpg,He's traversing a completely safe and predictable emotional landscape.,contradiction,"the image you've provided appears to be an abstract, colorful pattern with no discernible objects or shapes that would suggest a safe and predictable emotional landscape. the sentence you've provided is a description of a person's emotional state, which is not directly related to the image. therefore, the relationship between the image and the sentence is one of contradiction, as the image does not depict a safe and predictable emotional landscape, and the sentence is a description of such a state."
555,/data/ajaunarena/our_dataset/images/1469_3.jpg,The project's ideas are sustainable forests of innovation.,entailment,"the image depicts a vibrant, colorful forest with a variety of trees and foliage. the sentence ""the project's ideas are sustainable forests of innovation"" is a metaphorical description of the project's concepts, not a literal depiction of the image. therefore, the relationship between the image and the sentence is one of metaphorical entailment, as the image visually represents the concept of a sustainable forest, which is a key element of the metaphor in the sentence."
556,/data/ajaunarena/our_dataset/images/1469_3.jpg,The project generates ideas that can be continuously developed and renewed.,entailment,"the image and the sentence do not have a direct relationship, so it is not possible to determine if the image entails or contradicts the sentence. the image is a colorful, abstract representation of a forest, while the sentence is a statement about a project. without more context or a clearer connection between the two, it is not possible to make an inference relationship determination."
557,/data/ajaunarena/our_dataset/images/1469_3.jpg,The project's ideas are quickly exhausted and cannot be replenished.,contradiction,"the image you've provided appears to be an abstract or artistic representation of a forest or natural environment, with a variety of colors and shapes that could be interpreted in different ways. the sentence you've provided is a statement about the project's ideas, which is a separate concept from the image.

given that the image and the sentence are about different subjects, it is not possible to determine an entailment or contradiction relationship between them. they are independent of each other and do not logically entail or contradict each other."
558,/data/ajaunarena/our_dataset/images/1752_3.jpg,The starving artist devoured every opportunity.,entailment,"the image and the sentence do not have a direct inference relationship. the image depicts a colorful abstract pattern, while the sentence describes a situation involving a starving artist. there is no logical connection between the two, so the relationship is neither entailment nor contradiction."
559,/data/ajaunarena/our_dataset/images/1752_3.jpg,The passionate artist eagerly pursued every chance for advancement.,entailment,"the image and the sentence do not have a direct inference relationship. the image appears to be an abstract pattern of shapes and colors, which does not provide any information that can be directly inferred or contradicted by the sentence. the sentence describes an action or behavior, while the image is a visual representation that does not convey any specific information about the actions or behaviors of any individuals."
560,/data/ajaunarena/our_dataset/images/1752_3.jpg,The artist ignored all opportunities and remained passive.,contradiction,"the image and the sentence have a contradictory relationship. the image depicts a chaotic and dynamic scene with various shapes and colors, which is the opposite of the sentence's description of the artist ignoring all opportunities and remaining passive."
561,/data/ajaunarena/our_dataset/images/1185_1.jpg,Properties are crystalline structures of value.,entailment,"the image depicts a pattern of crystalline structures, which are not inherently of value. the sentence, ""properties are crystalline structures of value,"" is a contradiction to the image, as the image does not show crystalline structures as having value. therefore, the relationship between the image and the sentence is one of contradiction."
562,/data/ajaunarena/our_dataset/images/1185_1.jpg,"Properties have clear, structured frameworks that define their worth and potential.",entailment,"the image and the sentence have a relationship of entailment. the sentence describes a structured framework that defines worth and potential, which is a concept that can be inferred from the image. the image shows a pattern of shapes and colors that could be interpreted as a structured framework, and the sentence provides a clear explanation of what that framework represents."
563,/data/ajaunarena/our_dataset/images/1185_1.jpg,Properties are chaotic and lack any clear structure or value framework.,contradiction,"the image appears to be an abstract pattern with various shapes and colors, which may not have a clear structure or value framework. the sentence, ""properties are chaotic and lack any clear structure or value framework,"" seems to describe the image accurately. therefore, the relationship between the image and the sentence is one of entailment, as the sentence accurately describes the characteristics of the image."
564,/data/ajaunarena/our_dataset/images/1222_0.jpg,Life's belongings are chains that bind us to our commitments.,entailment,"the image and the sentence have a relationship of contradiction. the image shows a variety of objects that are not chains, and the sentence describes chains as life's belongings. the two do not entail each other; instead, they contradict each other."
565,/data/ajaunarena/our_dataset/images/1222_0.jpg,Our responsibilities create obligations that we must fulfill and cannot easily abandon.,entailment,"the image and the sentence do not have a direct inference relationship. the image is an abstract, colorful pattern that does not depict any specific content related to the sentence. the sentence is a statement about human behavior and responsibilities, which is not visually represented in the image. therefore, the relationship between the image and the sentence is one of contradiction, as the image does not provide any information that supports or contradicts the statement in the sentence."
566,/data/ajaunarena/our_dataset/images/1222_0.jpg,Responsibilities are completely optional and can be discarded at any time without consequences.,contradiction,"the image provided appears to be an abstract or abstracted representation of various objects or shapes, possibly with a colorful or blurred effect. the sentence provided is a statement about responsibilities being optional and without consequences.

the relationship between the image and the sentence is one of ""contradiction."" the image does not depict any responsibilities or actions that are completely optional and without consequences. the abstract nature of the image does not provide any information that would allow for a direct inference relationship with the sentence. the sentence is a statement of a concept, while the image is a visual representation that does not inherently convey the concept of responsibilities being optional and without consequences."
567,/data/ajaunarena/our_dataset/images/499_3.jpg,These difficulties bounce around like pinballs in a machine.,entailment,"the image you've provided appears to be a colorful, abstract pattern with no clear depiction of anything specific. the sentence you've provided is a description of a situation where difficulties are bouncing around like pinballs in a machine.

given the nature of the image and the sentence, it is not possible to determine an entailment or contradiction relationship between them. the image does not provide any information that would allow for a logical relationship to be inferred with the sentence. the sentence is a description of a concept, and the image is a visual representation that does not correspond to the concept described in the sentence. therefore, the relationship between the image and the sentence is neither entailment nor contradiction."
568,/data/ajaunarena/our_dataset/images/499_3.jpg,The problems chaotically impact different areas in unpredictable ways.,entailment,"the image and the sentence do not have a direct relationship, so it is not possible to determine if the image entails or contradicts the sentence. the image appears to be an abstract or colorful pattern, while the sentence describes a chaotic and unpredictable situation. without a clear connection between the two, it is not possible to make an inference relationship determination."
569,/data/ajaunarena/our_dataset/images/499_3.jpg,"The challenges follow a straight, predictable path with clear outcomes.",contradiction,"the image provided appears to be a colorful, abstract pattern with no clear, recognizable shapes or objects. the sentence ""the challenges follow a straight, predictable path with clear outcomes"" describes a scenario that is not visually represented in the image.

therefore, the relationship between the image and the sentence is one of contradiction. the image does not entail the sentence, and the sentence does not contradict the image. they are simply unrelated."
570,/data/ajaunarena/our_dataset/images/1703_0.jpg,Education is the backbone of society.,entailment,"the image and the sentence do not have a direct relationship, so it is neither entailment nor contradiction. they are two separate pieces of information, one being a visual representation and the other being a statement."
571,/data/ajaunarena/our_dataset/images/1703_0.jpg,Education provides essential structure and support for social development and progress.,entailment,"the image provided does not have a direct relationship with the sentence. it is an abstract image with no clear connection to the concept of education or social development. therefore, the relationship between the image and the sentence is neither entailment nor contradiction."
572,/data/ajaunarena/our_dataset/images/1703_0.jpg,Education is irrelevant to society's structure and development.,contradiction,"the image and the sentence have a contradictory relationship. the image appears to be a colorful abstract pattern, which does not inherently entail or contradict the sentence. the sentence is a statement about the role of education in society, while the image is a visual representation that does not convey any information about education or society."
573,/data/ajaunarena/our_dataset/images/972_2.jpg,Her happiness took flight like a released balloon.,entailment,"the image and the sentence do not have a direct relationship, so it is not possible to determine if the sentence entails or contradicts the image. the image appears to be a blurred, colorful abstract pattern, while the sentence describes a specific, concrete scenario. without more context or a clearer image, it is not possible to make a meaningful inference relationship between the two."
574,/data/ajaunarena/our_dataset/images/972_2.jpg,Her joy increased rapidly and spontaneously.,entailment,"the image provided is a blurry, abstract image that does not depict a specific scene or object. it is not possible to determine an inference relationship between the image and the sentence ""her joy increased rapidly and spontaneously"" because the image does not provide any information that can be inferred to relate to the sentence. the relationship between the image and the sentence is neither entailment nor contradiction, as there is no logical connection between the two."
575,/data/ajaunarena/our_dataset/images/972_2.jpg,Her happiness deflated like a punctured tire.,contradiction,"the image provided is a blurry, abstract image that does not depict a clear scene or object. it is not possible to determine the inference relationship between the image and the sentence ""her happiness deflated like a punctured tire"" because there is no clear visual content that can be directly related to the sentence. the relationship between the image and the sentence would be considered a ""contradiction"" because the image does not provide any visual information that can be inferred to support or contradict the sentence."
576,/data/ajaunarena/our_dataset/images/835_0.jpg,These possessions are thorny vines that entangle me.,entailment,"the image depicts a collection of various objects, including what appears to be thorny vines. however, the sentence provided does not entail or contradict the image. the sentence is a description of the objects in the image, and it does not provide any additional information or context that would allow for a definitive inference relationship."
577,/data/ajaunarena/our_dataset/images/835_0.jpg,My obligations complicate my life and restrict my movement.,entailment,"the image you've provided appears to be an abstract or surreal artwork with various shapes and forms that are not directly related to the sentence you've provided. the sentence describes a personal experience or feeling, which is not visually represented in the image. therefore, the relationship between the image and the sentence is one of ""contradiction,"" as the image does not depict or convey the sentiment expressed in the sentence."
578,/data/ajaunarena/our_dataset/images/835_0.jpg,My obligations simplify my life and make everything clearer.,contradiction,"the image you've provided appears to be a digital art piece or a photograph with a surreal or abstract quality. it features a collection of various objects and shapes that are interconnected and overlapping in a way that creates a sense of complexity and possibly chaos.

the sentence you've provided, ""my obligations simplify my life and make everything clearer,"" is a statement about the positive effects of simplifying one's obligations. it suggests that by reducing the number of tasks or responsibilities, a person can achieve a clearer and more organized life.

given the nature of the image, which seems to represent complexity and possibly confusion, and the sentence, which describes the benefits of simplicity and clarity, the relationship between the two is likely to be one of contradiction. the image contradicts the idea of simplicity and clarity, as it depicts a chaotic and complex arrangement of objects, while the sentence suggests the opposite."
579,/data/ajaunarena/our_dataset/images/64_1.jpg,The schedule is rolling downhill like a snowball.,entailment,"the image and the sentence have a relationship of ""contradiction."" the image shows a snowball rolling downhill, which is the opposite of a schedule rolling downhill."
580,/data/ajaunarena/our_dataset/images/64_1.jpg,The workload is rapidly accumulating and becoming more overwhelming.,entailment,"the image and the sentence do not have a direct inference relationship. the image appears to be an abstract or artistic representation, possibly of a cityscape or a collection of shapes and colors, while the sentence describes a situation of workload accumulation and overwhelmingness. the two are not directly related, and there is no entailment or contradiction between them."
581,/data/ajaunarena/our_dataset/images/64_1.jpg,The schedule is becoming lighter and more manageable over time.,contradiction,"the image provided appears to be an abstract or abstracted representation of a schedule or timeline, with various elements that could be interpreted as different tasks or events. the sentence ""the schedule is becoming lighter and more manageable over time"" is a description of a situation where the workload or commitments are decreasing and becoming easier to handle.

given the nature of the image and the sentence, it is not possible to definitively determine the relationship between the two. however, if we consider the sentence as a description of the image, we might infer that the image could represent a visual metaphor for the concept of a schedule becoming lighter and more manageable over time. in this case, the relationship could be described as ""entailment,"" as the sentence provides a description that could be visually represented by the image.

if we consider the sentence as a statement about the image, it would be a contradiction, as the image does not provide any direct visual information about the schedule becoming lighter and more manageable over time. the image could represent a schedule that is already light and manageable, but it does not show any changes or progression over time."
582,/data/ajaunarena/our_dataset/images/1299_3.jpg,Contentment is a stabilizing force maintaining emotional equilibrium.,entailment,"the image provided appears to be an abstract or artistic representation, possibly of stars or a similar pattern, with a colorful and somewhat blurred effect. it does not directly relate to the sentence provided, which discusses contentment as a stabilizing force. therefore, the relationship between the image and the sentence is one of contradiction, as the image does not entail the concept of contentment or emotional equilibrium."
583,/data/ajaunarena/our_dataset/images/1299_3.jpg,Feeling content helps maintain balanced and steady emotions.,entailment,"the image and the sentence do not have a direct inference relationship. the image appears to be an abstract or artistic representation, possibly of stars or a similar pattern, and it does not inherently convey the idea of contentment or emotional balance. the sentence, on the other hand, is a statement about the emotional state of a person and is not directly related to the visual content of the image. therefore, the relationship between the image and the sentence is one of contradiction, as the image does not provide information that would logically lead to the conclusion expressed in the sentence."
584,/data/ajaunarena/our_dataset/images/1299_3.jpg,Contentment disrupts emotional balance and creates chaos.,contradiction,"the image provided is a colorful, abstract pattern that does not depict any specific content or scene. it is not possible to determine an inference relationship between the image and the sentence provided, as the sentence is a statement about a concept, and the image does not represent that concept. therefore, the relationship between the image and the sentence is neither entailment nor contradiction, as they are not related in any way."
585,/data/ajaunarena/our_dataset/images/41_1.jpg,He carried his drunkenness like a heavy backpack.,entailment,"the image and the sentence have a relationship of ""contradiction."" the image depicts a colorful, abstract arrangement of objects that do not inherently suggest the concept of carrying a heavy backpack. the sentence, on the other hand, describes a person carrying a heavy backpack, which is a physical action that is not visually represented in the image."
586,/data/ajaunarena/our_dataset/images/41_1.jpg,The state of being drunk felt like a cumbersome responsibility to manage.,entailment,"the image and the sentence are related through an entailment relationship. the image depicts a chaotic and disorganized scene, which could be inferred to represent the feeling of being drunk and the responsibility of managing it. the sentence describes the experience of being drunk as a cumbersome responsibility to manage, which is a specific aspect of the chaotic and disorganized state depicted in the image."
587,/data/ajaunarena/our_dataset/images/41_1.jpg,His intoxication felt effortless and completely manageable.,contradiction,"the image and the sentence do not have a direct relationship, so it is neither entailment nor contradiction. they are unrelated."
588,/data/ajaunarena/our_dataset/images/956_1.jpg,Their hearts beat within arm's reach.,entailment,"the image and the sentence do not have a direct relationship, so it is not possible to determine if the sentence entails or contradicts the image. the image appears to be an abstract representation of colors and shapes, while the sentence describes a human emotion and behavior. without more context or a clearer connection between the two, it is not possible to make an accurate inference relationship."
589,/data/ajaunarena/our_dataset/images/956_1.jpg,They maintained a close emotional connection.,entailment,"the image and the sentence do not have an entailment or contradiction relationship. the image is a colorful abstract design, while the sentence is a statement about a close emotional connection. they are not related in terms of logical relationships between statements or between statements and images."
590,/data/ajaunarena/our_dataset/images/956_1.jpg,Their emotional lives remained distant and unreachable.,contradiction,"the image and the sentence do not have a direct relationship, so it is not possible to determine if the sentence entails or contradicts the image. the image is an abstract representation of colors, and the sentence describes a human emotional state. without a specific context or a clear connection between the two, it is not possible to infer a relationship between them."
591,/data/ajaunarena/our_dataset/images/860_2.jpg,Her happiness was a sunny beach at midday.,entailment,"the image and the sentence have a relationship of entailment. the image depicts a sunny beach scene, which is a visual representation of the concept of a sunny beach at midday. the sentence ""her happiness was a sunny beach at midday"" describes a situation where the person's happiness is associated with the image of a sunny beach at midday. the image entails the sentence, as it visually represents the concept described in the sentence."
592,/data/ajaunarena/our_dataset/images/860_2.jpg,"Her happiness was bright, warm, and brought a sense of peace and contentment.",entailment,"the image and the sentence have an entailment relationship. the image depicts a bright, warm, and colorful scene, which can be inferred to evoke feelings of happiness, peace, and contentment. the sentence describes the person's happiness in terms that are consistent with the visual elements in the image."
593,/data/ajaunarena/our_dataset/images/860_2.jpg,"Her happiness was dark, cold, and brought discomfort and unease.",contradiction,"the image and the sentence have a contradictory relationship. the image appears to be a vibrant and colorful abstract design, which is the opposite of the sentence's description of happiness being dark, cold, and bringing discomfort and unease."
594,/data/ajaunarena/our_dataset/images/847_3.jpg,His positive energy creates a charging station for others.,entailment,"the image provided is an abstract pattern with no clear depiction of a charging station or a person with positive energy. therefore, the relationship between the image and the sentence is ""contradiction."" the sentence describes a specific scenario, while the image does not depict that scenario."
595,/data/ajaunarena/our_dataset/images/847_3.jpg,His optimistic attitude helps motivate and energize other people.,entailment,"the image provided is an abstract, colorful pattern with no discernible content that could be related to the sentence. therefore, there is no inference relationship between the image and the sentence. the sentence is a statement about a person's attitude, while the image is purely visual and does not convey any information about people or their attitudes."
596,/data/ajaunarena/our_dataset/images/847_3.jpg,His negative attitude depletes others' motivation and enthusiasm.,contradiction,"the image provided is an abstract pattern of light and dark shapes, and it does not depict a person or a scene that would allow for a direct inference relationship with the sentence. therefore, it is neither entailing nor contradicting the sentence. the sentence is a statement about a person's behavior, and the image is purely abstract and does not convey any information about a person or their actions."
597,/data/ajaunarena/our_dataset/images/831_0.jpg,Each new possession adds another weight to my shoulders.,entailment,"the image you've provided appears to be an abstract or surreal artwork, and it's not possible to determine a direct inference relationship between the image and the sentence you've provided. the sentence describes a physical action and its effect, which is not visually represented in the image. therefore, the relationship between the image and the sentence is neither entailment nor contradiction, as they are not related in a logical or inferential sense."
598,/data/ajaunarena/our_dataset/images/831_0.jpg,Every additional obligation increases my burden of responsibility.,entailment,"the image and the sentence do not have a direct inference relationship. the image appears to be an abstract or artistic representation, possibly of a collection of objects or a pattern, and it does not inherently entail or contradict the sentence. the sentence is a statement about a specific situation or concept, while the image is a visual representation that could be interpreted in various ways."
599,/data/ajaunarena/our_dataset/images/831_0.jpg,New obligations make life easier and reduce my responsibilities.,contradiction,"the image and the sentence have a contradictory relationship. the image depicts a chaotic and cluttered scene, which is the opposite of the sentence's claim that new obligations make life easier and reduce responsibilities."
600,/data/ajaunarena/our_dataset/images/1447_1.jpg,The heat of their attraction melted all resistance.,entailment,"the image and the sentence have an entailment relationship. the image depicts a blurred, colorful, and abstract representation that could be interpreted as a visual metaphor for the heat of attraction melting all resistance. the sentence describes a situation where the heat of attraction overcomes all obstacles, which is a concept that can be visually represented by the abstract and colorful nature of the image."
601,/data/ajaunarena/our_dataset/images/1447_1.jpg,Their mutual desire overcame any hesitation or barriers between them.,entailment,"the image and the sentence do not have a direct inference relationship. the image is an abstract, colorful pattern, while the sentence is a description of a human emotional experience. they are not related in a way that would allow for entailment or contradiction."
602,/data/ajaunarena/our_dataset/images/1447_1.jpg,Their inhibitions remained firmly in place despite any attraction.,contradiction,"the image and the sentence do not have an entailment or contradiction relationship. the image is an abstract, colorful pattern, while the sentence is a statement about human behavior. they are not related in a way that would allow for an entailment or contradiction."
603,/data/ajaunarena/our_dataset/images/364_2.jpg,He's a territorial tomcat marking his domain.,entailment,"the image provided does not depict a tomcat or any animal, nor does it show any territory or marking. therefore, the sentence ""he's a territorial tomcat marking his domain"" is a contradiction to the image, as it describes a scene that is not present in the image."
604,/data/ajaunarena/our_dataset/images/364_2.jpg,He aggressively pursues multiple partners while trying to ward off competition.,entailment,"the image provided does not have a direct relationship with the sentence. it is an abstract image with no clear connection to the sentence. therefore, the relationship between the image and the sentence is neither entailment nor contradiction."
605,/data/ajaunarena/our_dataset/images/364_2.jpg,"He respects boundaries and maintains exclusive, committed relationships.",contradiction,"the image provided is an abstract pattern of shapes and colors, and it does not contain any text or depict any specific objects or actions. therefore, it is not possible to determine an inference relationship between the image and the sentence you provided. the sentence describes a person's behavior, which is not directly related to the visual content of the image."
606,/data/ajaunarena/our_dataset/images/1930_3.jpg,"She is my most treasured possession, kept safe in the vault of my heart.",entailment,"the image you provided appears to be an abstract or artistic representation, possibly of stars or other celestial bodies, with a colorful and somewhat blurred effect. the sentence you provided is a metaphorical statement about a person's feelings or emotions.

given the nature of the image and the sentence, it is not possible to determine an inference relationship between them. the image does not provide information that would allow for a logical inference to be made about the sentence, nor does the sentence provide information that would allow for a logical inference to be made about the image. therefore, the relationship between the image and the sentence is neither entailment nor contradiction."
607,/data/ajaunarena/our_dataset/images/1930_3.jpg,"This person is extremely important to me, and I protect our relationship carefully.",entailment,"the image you've provided appears to be an abstract or artistic representation, possibly of stars or lights, with a colorful and somewhat blurred effect. it does not contain any text or depict any specific objects or actions that would allow for a direct inference relationship with the sentence you've provided.

the sentence, ""this person is extremely important to me, and i protect our relationship carefully,"" is a statement about a personal relationship and the actions taken to maintain it.

therefore, the relationship between the image and the sentence is neither entailment nor contradiction, as they are not directly related to each other. the image is a visual representation, while the sentence is a statement about a personal experience."
608,/data/ajaunarena/our_dataset/images/1930_3.jpg,"She means nothing to me, and I care little about maintaining our relationship.",contradiction,the image and the sentence do not have an inference relationship. they are unrelated.
609,/data/ajaunarena/our_dataset/images/99_3.jpg,He stockpiled powerful phrases for the confrontation.,entailment,"the image provided appears to be an abstract or artistic representation, possibly of stars or other celestial bodies, with a colorful and somewhat blurred effect. the sentence ""he stockpiled powerful phrases for the confrontation"" is a statement about a person's actions.

given the nature of the image and the sentence, it is not possible to determine an inference relationship between them. the image does not provide information that would allow for the derivation of the sentence, nor does the sentence provide information that would allow for the derivation of the image. therefore, the relationship between the image and the sentence is neither entailment nor contradiction."
610,/data/ajaunarena/our_dataset/images/99_3.jpg,He prepared and saved impactful statements to use in the upcoming discussion.,entailment,"the image provided appears to be an abstract or artistic representation, possibly of stars or other celestial bodies, with a colorful and somewhat blurred effect. it does not contain any text or depict any specific content that would allow for a direct inference relationship with the sentence provided. therefore, it is not possible to determine whether the image entails or contradicts the sentence based on the visual content alone."
611,/data/ajaunarena/our_dataset/images/99_3.jpg,He entered the confrontation unprepared and without any planned responses.,contradiction,"the image and the sentence do not have a direct inference relationship. they are unrelated, and there is no entailment or contradiction between them. the image appears to be an abstract or artistic representation, while the sentence is a statement about a person's actions."
612,/data/ajaunarena/our_dataset/images/1869_3.jpg,She danced her way to a breakthrough.,entailment,"the image provided does not contain any information that can be directly inferred to support or contradict the sentence ""she danced her way to a breakthrough."" the image appears to be an abstract or artistic representation of shapes and colors, which does not provide any specific information about a person dancing or achieving a breakthrough. therefore, the relationship between the image and the sentence is neither entailment nor contradiction, as there is no logical connection between the two."
613,/data/ajaunarena/our_dataset/images/1869_3.jpg,She actively and joyfully worked toward achieving significant personal progress.,entailment,"the image provided does not contain any text or information that would allow for a direct inference relationship with the sentence. therefore, it is not possible to determine whether the image entails or contradicts the sentence based on the visual content alone."
614,/data/ajaunarena/our_dataset/images/1869_3.jpg,"She remained stuck in her situation, refusing to take steps forward.",contradiction,"the image provided does not have a direct relationship with the sentence. it is not possible to determine an inference relationship between the two based on the visual content of the image and the text of the sentence. the image appears to be an abstract or artistic representation, and the sentence describes a personal situation or emotion. there is no logical connection between the two that would allow for an inference relationship to be established."
615,/data/ajaunarena/our_dataset/images/1482_3.jpg,Each moment is an arrow flying straight for our hearts.,entailment,"the image and the sentence have a relationship of entailment. the image of stars and the sentence ""each moment is an arrow flying straight for our hearts"" both evoke a sense of beauty, wonder, and the passage of time. the sentence is a poetic interpretation of the image, and the image can be seen as a visual representation of the concept expressed in the sentence."
616,/data/ajaunarena/our_dataset/images/1482_3.jpg,Every instant of time moves directly and inevitably toward us.,entailment,"the image and the sentence do not have a direct relationship, so it is neither entailment nor contradiction. the image appears to be an abstract pattern of shapes and colors, while the sentence is a philosophical statement about the nature of time. they do not logically relate to each other."
617,/data/ajaunarena/our_dataset/images/1482_3.jpg,Moments float aimlessly around us with no particular direction or purpose.,contradiction,"the image and the sentence have a relationship of ""contradiction."" the image shows a pattern of stars and shapes that appear to be floating around, which could be interpreted as aimless movement. however, the sentence states that moments float aimlessly around us with no particular direction or purpose, which is a generalization that does not necessarily apply to the specific image. the image does not entail the sentence, as it does not depict moments in general, but rather a specific pattern of shapes and stars."
618,/data/ajaunarena/our_dataset/images/1897_2.jpg,Their leadership navigated the team through challenges.,entailment,"the image provided is a blurry and abstract representation of what appears to be a group of people or objects. it is not possible to determine the inference relationship between the image and the sentence based on the visual content alone. the sentence describes a leadership scenario, which is not directly related to the image. therefore, the relationship between the image and the sentence is neither entailment nor contradiction."
619,/data/ajaunarena/our_dataset/images/1897_2.jpg,Their leadership decisions directly helped the team overcome difficulties.,entailment,"the image provided is a blurry and abstract representation of what appears to be a group of people or objects. it is not possible to determine the content of the image with certainty, and therefore, it is not possible to infer any specific relationship between the image and the sentence provided. the sentence describes a situation where leadership decisions directly helped a team overcome difficulties, which is a general statement that could apply to many different scenarios. without more context or a clearer image, it is not possible to determine if the image entails the sentence or if there is a contradiction between the two."
620,/data/ajaunarena/our_dataset/images/1897_2.jpg,Their leadership had no impact on the team's ability to handle challenges.,contradiction,"the image provided does not have a direct relationship with the sentence. it appears to be an abstract or artistic image, possibly representing a concept or idea, but it does not depict a specific scenario or situation that would allow for an inference relationship with the sentence. therefore, the relationship between the image and the sentence is neither entailment nor contradiction, as there is no logical connection between them."
621,/data/ajaunarena/our_dataset/images/177_3.jpg,He's trapped in a cage of abuse.,entailment,"the image provided does not depict a cage or any form of physical confinement. it appears to be an abstract pattern with no clear depiction of a cage or any other object that would suggest entrapment. therefore, the relationship between the image and the sentence is contradiction."
622,/data/ajaunarena/our_dataset/images/177_3.jpg,He's in a situation where he's consistently experiencing harm with no escape.,entailment,"the image provided appears to be an abstract pattern with no clear depiction of a person or a situation. it is not possible to determine the inference relationship between the image and the sentence you provided because there is no logical connection between the two. the sentence describes a hypothetical situation, while the image is purely visual and does not convey any information about a person or a situation. therefore, the relationship between the image and the sentence is neither entailment nor contradiction, as they are not related in any way."
623,/data/ajaunarena/our_dataset/images/177_3.jpg,He's in an environment of complete freedom and safety.,contradiction,"the image provided appears to be an abstract pattern with no clear depiction of a person or an environment. therefore, it is not possible to determine the inference relationship between the image and the sentence you provided. the sentence describes a person in a specific environment, while the image does not provide any information about a person or an environment. consequently, the relationship between the image and the sentence is neither entailment nor contradiction, as they do not relate to each other in any meaningful way."
624,/data/ajaunarena/our_dataset/images/1754_1.jpg,She was famished for affection.,entailment,"the image provided does not have a direct relationship with the sentence. it is not possible to determine an entailment or contradiction relationship between the two without additional context. the image appears to be an abstract or artistic representation, and the sentence is a statement about a person's emotional state. they do not logically relate to each other."
625,/data/ajaunarena/our_dataset/images/1754_1.jpg,She deeply yearned for emotional connection and love.,entailment,"the image provided is an abstract and blurry image, which does not contain any text or clear depiction of a person's emotions. therefore, it is not possible to determine an inference relationship between the image and the sentence. the sentence is a statement about a person's feelings, while the image is a visual representation that does not convey any information about emotions or connections."
626,/data/ajaunarena/our_dataset/images/1754_1.jpg,She felt emotionally fulfilled and needed no additional affection.,contradiction,"the image provided does not contain any text or information that would allow for a direct inference relationship with the sentence. therefore, it is not possible to determine whether the image entails or contradicts the sentence based on the visual content alone."
627,/data/ajaunarena/our_dataset/images/1062_2.jpg,They tossed around ideas during the brainstorming session.,entailment,"the image and the sentence do not have a direct inference relationship. the image appears to be a colorful, abstract pattern, while the sentence describes a group of people brainstorming. the two are not related in a way that would allow for entailment or contradiction. they are simply two different things that do not have a logical relationship to each other."
628,/data/ajaunarena/our_dataset/images/1062_2.jpg,They actively shared and discussed ideas during the meeting.,entailment,"the image provided appears to be a colorful, abstract pattern with no discernible content that would allow for an inference relationship with the sentence. the sentence describes a social situation where people are actively engaged in conversation and idea sharing. the image does not depict any people or a meeting, so there is no entailment or contradiction relationship between the image and the sentence."
629,/data/ajaunarena/our_dataset/images/1062_2.jpg,They kept their ideas to themselves and remained silent.,contradiction,"the image provided is a colorful, abstract pattern with no discernible content that could be related to the sentence. therefore, the relationship between the image and the sentence is ""contradiction,"" as the image does not depict any individuals keeping their ideas to themselves and remaining silent."
630,/data/ajaunarena/our_dataset/images/1701_2.jpg,The heart of society pumps life into its communities.,entailment,"the image provided appears to be an abstract or artistic representation, possibly of a cityscape or a collection of shapes and colors. it does not depict a literal heart or a pump, so it is not a direct visual representation of the sentence. therefore, the relationship between the image and the sentence is one of ""contradiction,"" as the image does not entail the concepts of a heart or a pump."
631,/data/ajaunarena/our_dataset/images/1701_2.jpg,Cultural centers and community gathering places provide vital energy and sustenance to social groups.,entailment,"the image provided appears to be an abstract or artistic representation, possibly of a cityscape or a group of people. it is not a direct depiction of cultural centers or community gathering places. therefore, the relationship between the image and the sentence is ""contradiction."" the sentence describes specific types of places, while the image does not depict those specific types of places."
632,/data/ajaunarena/our_dataset/images/1701_2.jpg,"Communities are disconnected and lifeless, with no central source of vitality or connection.",contradiction,"the image provided appears to be an abstract or fractal-like pattern with various colors and shapes. it does not depict a scene that directly relates to the sentence provided. therefore, the relationship between the image and the sentence is ""contradiction."" the image does not entail the sentence, and the sentence does not contradict the image. the sentence describes a concept or a state of affairs, while the image is a visual representation that does not correspond to the described concept."
633,/data/ajaunarena/our_dataset/images/111_2.jpg,Night crystallized around us like black ice.,entailment,"the image and the sentence have a contradiction relationship. the image depicts a bright, colorful, and lively scene, which is the opposite of the description of ""night crystallized around us like black ice,"" which implies a cold, dark, and still environment."
634,/data/ajaunarena/our_dataset/images/111_2.jpg,"The darkness settled in quickly and firmly, creating an unchangeable environment.",entailment,"the image and the sentence have a contradictory relationship. the image shows a bright and colorful abstract design, which is the opposite of the darkness settling in quickly and firmly, creating an unchangeable environment as described in the sentence."
635,/data/ajaunarena/our_dataset/images/111_2.jpg,"The darkness remained fluid and shifting, never settling into a fixed state.",contradiction,"the image and the sentence have a relationship of entailment. the sentence describes the fluid and shifting nature of the darkness in the image, which is a visual representation of the concept described in the sentence."
636,/data/ajaunarena/our_dataset/images/1247_2.jpg,Light seeped through the forest canopy like morning dew.,entailment,"the image and the sentence have an entailment relationship. the image depicts a forest with light seeping through the canopy, which is a visual representation of the concept of morning dew. the sentence describes the same scene, but in a more abstract and descriptive manner. the image entails the sentence, as it visually represents the concept described in the sentence."
637,/data/ajaunarena/our_dataset/images/1247_2.jpg,Sunlight filtered slowly through the gaps in the tree leaves.,entailment,"the image and the sentence have an entailment relationship. the image depicts a scene of sunlight filtering through the gaps in tree leaves, which is a visual representation of the concept described in the sentence. the sentence is a description of the image, and the image is a visual representation of the concept described in the sentence."
638,/data/ajaunarena/our_dataset/images/1247_2.jpg,The forest canopy completely blocked all light from reaching below.,contradiction,"the image and the sentence have a contradictory relationship. the image shows a forest canopy with light filtering through, which contradicts the sentence that states the canopy completely blocks all light from reaching below."
639,/data/ajaunarena/our_dataset/images/1749_2.jpg,This flesh cabinet stores the treasures of my being.,entailment,"the image and the sentence have a relationship of ""contradiction."" the image shows a collection of various objects, but there is no indication of a ""flesh cabinet"" or any treasures being stored. the sentence is a figurative description of a person's memories or experiences, which is not visually represented in the image."
640,/data/ajaunarena/our_dataset/images/1749_2.jpg,The body houses and protects our valuable personal qualities and experiences.,entailment,"the image provided appears to be an abstract or artistic representation, possibly of a collection of objects or patterns. it is not a literal depiction of a body housing personal qualities and experiences. therefore, the relationship between the image and the sentence is one of ""contradiction."" the sentence describes a concept that is not visually represented in the image."
641,/data/ajaunarena/our_dataset/images/1749_2.jpg,This physical form destroys and devalues my inner wealth.,contradiction,"the image provided appears to be an abstract or artistic representation, and it is not possible to determine a direct inference relationship between the image and the sentence you provided. the sentence describes a personal experience or emotion, while the image is a visual representation that may not have a direct connection to the sentence's content. therefore, the relationship between the image and the sentence is neither entailment nor contradiction."
642,/data/ajaunarena/our_dataset/images/1339_3.jpg,The final picture might not match what was on the box of expectations.,entailment,"the image and the sentence have a relationship of contradiction. the image shows a colorful, abstract pattern that does not match the expectation of a box of tissues, which would typically be a simple, monochromatic design. the sentence implies that the image is of a box of tissues, but the visual content contradicts this expectation."
643,/data/ajaunarena/our_dataset/images/1339_3.jpg,Research outcomes may differ from initial hypotheses or anticipated results.,entailment,"the image provided appears to be an abstract, colorful pattern with no clear depiction of a forest or any other specific subject. the sentence ""research outcomes may differ from initial hypotheses or anticipated results"" is a general statement about the nature of scientific research and is not directly related to the image.

therefore, the relationship between the image and the sentence is neither entailment nor contradiction, as they are not related in a logical or factual sense."
644,/data/ajaunarena/our_dataset/images/1339_3.jpg,Research results always conform exactly to preliminary expectations.,contradiction,"the image you've provided appears to be an abstract or fractal-like pattern with a variety of colors and shapes. the sentence ""research results always conform exactly to preliminary expectations"" is a statement about the consistency of research outcomes with initial hypotheses or predictions.

the relationship between the image and the sentence is one of contradiction. the image is an abstract representation that does not depict any specific research results or expectations, and it does not conform to the sentence's statement about research outcomes. the sentence is a generalization about the nature of research, while the image is a visual representation that does not relate to the content of the sentence."
645,/data/ajaunarena/our_dataset/images/1312_0.jpg,The flames of jealousy scorched their relationship.,entailment,"the image and the sentence have a relationship of entailment. the image depicts a blurred, colorful scene that could be interpreted as a chaotic or tumultuous environment, which might be associated with the ""flames of jealousy."" the sentence, ""the flames of jealousy scorched their relationship,"" describes a situation where jealousy has caused a relationship to be severely damaged or destroyed, which is a possible interpretation of the image's content. the image's visual elements can be seen as supporting the idea of a relationship being negatively affected by jealousy, thus the entailment relationship."
646,/data/ajaunarena/our_dataset/images/1312_0.jpg,Intense jealousy severely damaged their relationship.,entailment,"the image provided is an abstract and colorful pattern, and it does not depict any specific scene or objects that would allow for a direct inference relationship with the sentence. therefore, it is neither entailing nor contradicting the sentence. the sentence is a statement about a relationship, and the image is an unrelated visual representation."
647,/data/ajaunarena/our_dataset/images/1312_0.jpg,Their relationship remained unaffected by any feelings of jealousy.,contradiction,"the image and the sentence do not have a direct relationship, so it is neither entailment nor contradiction. they are independent of each other."
648,/data/ajaunarena/our_dataset/images/403_0.jpg,The wellspring of knowledge flows through his mind.,entailment,"the image provided appears to be an abstract or surreal representation of a mind or thought process, with various shapes and patterns that could be interpreted as a flow of ideas or concepts. the sentence ""the wellspring of knowledge flows through his mind"" is a metaphorical description of a person's thought process, suggesting that the person is a source of knowledge and ideas.

the relationship between the image and the sentence is one of ""entailment."" the image does not directly depict a wellspring of knowledge, but it does visually represent a concept that could be associated with the idea of a wellspring of knowledge. the sentence provides a more concrete and literal interpretation of the abstract image, and it entails the idea that the image represents."
649,/data/ajaunarena/our_dataset/images/403_0.jpg,His intellectual abilities continuously provide new insights and understanding.,entailment,"the image provided appears to be an abstract or abstracted representation of a scene or concept, possibly related to a digital or technological theme. the sentence provided describes a person's intellectual abilities and the continuous growth of their understanding and insights.

given the nature of the image and the sentence, it is not possible to determine an entailment or contradiction relationship between the two. the image does not provide enough context or information to infer a relationship with the sentence. the sentence is a general statement about intellectual growth, which could be related to the image in a broad sense, but without specific content or context, no definitive relationship can be established."
650,/data/ajaunarena/our_dataset/images/403_0.jpg,"His mind is a barren desert, devoid of intellectual capacity.",contradiction,"the image provided appears to be an abstract or surrealistic artwork, consisting of various shapes and patterns that do not form a coherent or recognizable image. the sentence ""his mind is a barren desert, devoid of intellectual capacity"" is a metaphorical description of a person's mental state, suggesting a lack of intelligence or creativity.

the relationship between the image and the sentence is one of ""contradiction."" the image is an artistic representation that may evoke different interpretations, but it does not depict a literal desert or lack of intellectual capacity. the sentence, on the other hand, is a figurative statement about a person's mental state, which is not visually represented in the image. therefore, the image and the sentence contradict each other in terms of their content and the message they convey."
651,/data/ajaunarena/our_dataset/images/804_0.jpg,His cryptocurrency wallet is a glass jar showing every crack.,entailment,"the image and the sentence do not have a direct relationship, so it is neither entailment nor contradiction. they are unrelated."
652,/data/ajaunarena/our_dataset/images/804_0.jpg,His cryptocurrency investments reveal all their vulnerabilities and risks.,entailment,"the image and the sentence do not have a direct relationship, so it is neither entailment nor contradiction. they are unrelated."
653,/data/ajaunarena/our_dataset/images/804_0.jpg,His cryptocurrency investments are completely secure and risk-free.,contradiction,"the image depicts a colorful, star-like pattern that does not have any inherent connection to the sentence provided. therefore, the relationship between the image and the sentence is ""contradiction."" the image does not entail the sentence, and the sentence does not contradict the image."
654,/data/ajaunarena/our_dataset/images/950_3.jpg,Their hearts beat closer with each passing day.,entailment,"the image and the sentence do not have a direct relationship, so it is neither entailment nor contradiction. they are unrelated."
655,/data/ajaunarena/our_dataset/images/950_3.jpg,Their emotional connection grew stronger over time.,entailment,"the image and the sentence do not have a direct inference relationship. the image depicts a colorful, abstract pattern, while the sentence describes an emotional connection between two individuals. the two are not related in terms of their content or meaning. therefore, the relationship between the image and the sentence is neither entailment nor contradiction."
656,/data/ajaunarena/our_dataset/images/950_3.jpg,Their emotional bond weakened and dissolved as time went on.,contradiction,"the image and the sentence do not have a direct relationship, so it is not possible to determine if the sentence entails or contradicts the image. the image is an abstract pattern of shapes and colors, while the sentence describes a human relationship. the two are not related in a way that would allow for an inference relationship."
657,/data/ajaunarena/our_dataset/images/1290_0.jpg,"Her anger was a gravitational pull, drawing everyone into its orbit.",entailment,"the image and the sentence have a relationship of ""entailment."" the image depicts a chaotic and swirling pattern that could be interpreted as a visual representation of a gravitational pull or an orbit. the sentence describes the anger as a gravitational pull, drawing everyone into its orbit, which is a metaphorical description of the emotional impact of anger. the image visually supports the metaphorical description in the sentence, making the sentence a logical consequence of the image's content."
658,/data/ajaunarena/our_dataset/images/1290_0.jpg,Her anger had a strong influence that affected everyone around her.,entailment,"the image and the sentence have a relationship of entailment. the image depicts a chaotic and intense scene, which could be interpreted as a strong influence or a powerful emotion, such as anger. the sentence describes the effect of anger on the people around her, which is consistent with the visual representation of the image."
659,/data/ajaunarena/our_dataset/images/1290_0.jpg,Her anger went unnoticed and had no impact on those around her.,contradiction,"the image and the sentence have a contradictory relationship. the image appears to be a colorful, abstract pattern, which does not inherently convey any specific emotions or actions. the sentence, on the other hand, describes a situation where someone's anger is ignored and has no effect on others. the image does not entail the situation described in the sentence, nor does it contradict it directly. however, the abstract nature of the image could be interpreted in various ways, and the sentence could be seen as a possible interpretation of the image, which is why the relationship is contradictory rather than entailment."
660,/data/ajaunarena/our_dataset/images/1056_1.jpg,Love is a scenic route worth taking.,entailment,"the image and the sentence do not have a direct relationship, so it is neither entailment nor contradiction. they are unrelated."
661,/data/ajaunarena/our_dataset/images/1056_1.jpg,"The experience of being in love, despite its challenges, is rewarding and meaningful.",entailment,"the image and the sentence do not have a direct inference relationship. the image is an abstract, colorful pattern that does not depict anything related to love or relationships. the sentence, on the other hand, is a statement about the emotional experience of being in love. therefore, the relationship between the image and the sentence is one of contradiction, as the image does not convey the concept of love or the emotional experience described in the sentence."
662,/data/ajaunarena/our_dataset/images/1056_1.jpg,Love is a wasteful detour with no value or beauty.,contradiction,"the image and the sentence do not have a direct relationship, so it is not possible to determine if the sentence entails or contradicts the image. the image appears to be an abstract pattern with no specific content that could be related to the sentence."
663,/data/ajaunarena/our_dataset/images/1571_0.jpg,Her duties pushed against her like a strong headwind.,entailment,"the image and the sentence do not have a direct relationship, so it is not possible to determine if the sentence entails or contradicts the image. the image appears to be an abstract pattern with no clear connection to the sentence provided."
664,/data/ajaunarena/our_dataset/images/1571_0.jpg,Her obligations made it difficult for her to move forward with her plans.,entailment,"the image provided does not have a direct relationship with the sentence. it is an abstract image with no clear connection to the sentence. therefore, the relationship between the image and the sentence is neither entailment nor contradiction."
665,/data/ajaunarena/our_dataset/images/1571_0.jpg,Her duties supported and accelerated her progress effortlessly.,contradiction,"the image and the sentence do not have a direct relationship, so it is neither entailment nor contradiction. they are unrelated."
666,/data/ajaunarena/our_dataset/images/1172_1.jpg,Knowledge radiates from her like sunbeams.,entailment,"the image depicts a pattern of light and dark shapes that resemble a starry sky or a kaleidoscopic design. the sentence ""knowledge radiates from her like sunbeams"" is a metaphorical description of a person who is a source of information or insight.

the relationship between the image and the sentence is one of ""entailment."" the image does not directly depict a person, but the metaphorical description in the sentence suggests that the image could be interpreted as a visual representation of the concept of knowledge radiating from a source, similar to how sunbeams radiate from the sun. the image does not contradict the sentence; rather, it provides a visual interpretation that aligns with the metaphorical description."
667,/data/ajaunarena/our_dataset/images/1172_1.jpg,She shares her intelligence freely and influences others with her wisdom.,entailment,"the image provided does not contain any text or information that would allow for an inference relationship to be determined. the sentence you provided is a description of a person's behavior, which is not related to the image. therefore, the relationship between the image and the sentence is neither entailment nor contradiction, as they are unrelated."
668,/data/ajaunarena/our_dataset/images/1172_1.jpg,She keeps her knowledge hidden and refuses to share insights with others.,contradiction,"the image and the sentence do not have a direct relationship, so it is not possible to determine if the sentence entails or contradicts the image. the image is an abstract pattern of shapes and colors, while the sentence is a statement about a person's behavior. without additional context or information about the person in the sentence, it is not possible to make a meaningful comparison between the two."
669,/data/ajaunarena/our_dataset/images/362_1.jpg,His appetite for romance is that of a starved hyena.,entailment,"the image provided is a blurry, abstract pattern with no clear depiction of a hyena or any other animal. it does not entail nor contradict the sentence, as the sentence is a metaphorical description of a person's appetite for romance, and the image does not provide any information that could be related to the metaphor."
670,/data/ajaunarena/our_dataset/images/362_1.jpg,He has an intense and desperate desire for romantic encounters.,entailment,"the image provided appears to be an abstract or artistic representation, and it is not possible to determine a direct relationship between the image and the sentence. the sentence describes a person's emotional state, while the image is a visual representation that may or may not be related to the sentence. therefore, the relationship between the image and the sentence is neither entailment nor contradiction."
671,/data/ajaunarena/our_dataset/images/362_1.jpg,He shows complete disinterest in pursuing romantic relationships.,contradiction,"the image you've provided appears to be an abstract or artistic representation, and it does not provide any direct information about the person's interest in pursuing romantic relationships. therefore, it is neither entailing nor contradicting the sentence. the sentence is a statement about a person's behavior or feelings, which cannot be inferred from the image alone."
672,/data/ajaunarena/our_dataset/images/880_1.jpg,Her emotional stability is a tightrope walker maintaining perfect balance.,entailment,"the image provided is an abstract and colorful pattern of shapes and forms, which does not have a direct relationship with the sentence. the sentence describes a person's emotional stability as a tightrope walker maintaining perfect balance, which is a metaphorical concept. the image does not entail or contradict the sentence, as they are not related to each other."
673,/data/ajaunarena/our_dataset/images/880_1.jpg,She carefully manages her emotions to maintain psychological well-being.,entailment,"the image provided is an abstract and colorful pattern of shapes and forms, which does not have a direct relationship with the sentence. the sentence describes a person's behavior, while the image is a visual representation that does not convey any information about emotions or psychological well-being. therefore, the relationship between the image and the sentence is neither entailment nor contradiction, as they are not related to each other."
674,/data/ajaunarena/our_dataset/images/880_1.jpg,"Her emotions are chaotic and uncontrolled, swinging wildly between extremes.",contradiction,"the image provided appears to be an abstract or artistic representation of various shapes and colors, which do not inherently convey emotions or the concept of swinging wildly between extremes. therefore, the relationship between the image and the sentence is ""contradiction,"" as the image does not entail the sentence's description of emotions."
675,/data/ajaunarena/our_dataset/images/838_0.jpg,These possessions are heavy clouds darkening my sky.,entailment,"the image and the sentence have a relationship of entailment. the image shows a cloudy sky, which is a visual representation of the concept of ""heavy clouds darkening my sky"" described in the sentence. the image entails the sentence, as it visually conveys the idea of a darkened sky due to heavy clouds."
676,/data/ajaunarena/our_dataset/images/838_0.jpg,My obligations cast a shadow over my happiness and peace of mind.,entailment,"the image and the sentence do not have a direct relationship, so it is not possible to determine if the image entails or contradicts the sentence. the image appears to be an abstract pattern, while the sentence is a personal statement about emotions. they do not logically relate to each other."
677,/data/ajaunarena/our_dataset/images/838_0.jpg,My obligations bring sunshine and joy to my life.,contradiction,"the image you've provided appears to be an abstract or artistic representation, possibly of a cloudy sky or a chaotic pattern. it does not have a direct inference relationship with the sentence you've provided. the sentence is a statement about the speaker's experience or feelings, which is not related to the visual content of the image. therefore, the relationship between the image and the sentence is neither entailment nor contradiction, as they are not logically connected."
678,/data/ajaunarena/our_dataset/images/43_0.jpg,His intoxication was a crushing load on his mind.,entailment,"the image provided is an abstract and colorful pattern, which does not depict a specific scene or object. it is not possible to determine an inference relationship between the image and the sentence you provided because the sentence describes a specific concept (intoxication) and the image does not convey that concept. therefore, the relationship between the image and the sentence is neither entailment nor contradiction."
679,/data/ajaunarena/our_dataset/images/43_0.jpg,The alcohol severely impaired his thinking and mental clarity.,entailment,"the image provided appears to be an abstract or abstracted image, and it is not possible to determine a direct relationship between the image and the sentence you provided. the sentence describes a specific scenario involving alcohol impairment, while the image does not depict any specific scenario or object. therefore, the relationship between the image and the sentence is neither entailment nor contradiction, as they are not related in any meaningful way."
680,/data/ajaunarena/our_dataset/images/43_0.jpg,The alcohol enhanced his mental sharpness and cognitive abilities.,contradiction,"the image provided is an abstract, colorful pattern that does not depict any specific scene or object. it is not possible to determine an inference relationship between the image and the sentence you provided because the image does not provide any information that can be logically inferred from the sentence. the sentence describes a specific scenario, while the image is purely abstract and does not convey any information that can be logically derived from the sentence. therefore, the relationship between the image and the sentence is neither entailment nor contradiction, as they are not related in any meaningful way."
681,/data/ajaunarena/our_dataset/images/1567_3.jpg,Their love story was written in asylum walls.,entailment,"the image and the sentence have a relationship of entailment. the image shows a pattern of words and phrases that could be interpreted as a love story, and the sentence ""their love story was written in asylum walls"" is a specific example of a love story that could be inferred from the image. the image entails the sentence, as it provides visual evidence that supports the idea of a love story being written on asylum walls."
682,/data/ajaunarena/our_dataset/images/1567_3.jpg,"Their relationship was marked by intense, sometimes irrational emotions.",entailment,"the image and the sentence have a relationship that can be described as ""contradiction."" the image appears to be a chaotic and abstract pattern, which does not inherently convey emotions or relationships. the sentence, on the other hand, describes a situation involving intense and sometimes irrational emotions. the two do not logically follow each other, and the image does not entail the emotional situation described in the sentence."
683,/data/ajaunarena/our_dataset/images/1567_3.jpg,Their relationship was completely rational and predictable.,contradiction,"the image and the sentence do not have a direct relationship, so it is neither entailment nor contradiction. they are two separate entities, and their relationship is not based on logic or predictability."
684,/data/ajaunarena/our_dataset/images/1716_2.jpg,The tunnel through darkness illuminated their metamorphosis.,entailment,"the image and the sentence have a relationship of entailment. the image depicts a tunnel through darkness illuminated by light, which can be inferred to be a metaphorical representation of the sentence. the sentence describes a process of transformation or change, which is visually represented in the image through the contrast between the darkness and the light."
685,/data/ajaunarena/our_dataset/images/1716_2.jpg,Persevering through difficult times led to meaningful personal change.,entailment,"the image and the sentence do not have a direct relationship, so it is neither entailment nor contradiction. they are unrelated."
686,/data/ajaunarena/our_dataset/images/1716_2.jpg,They avoided all challenges and remained unchanged in their comfort zone.,contradiction,"the image provided does not have a direct relationship with the sentence. it is an abstract image with a pattern of shapes and colors, and there is no clear connection to the sentence about people avoiding challenges and remaining in their comfort zone. therefore, the relationship between the image and the sentence is neither entailment nor contradiction."
687,/data/ajaunarena/our_dataset/images/1094_1.jpg,Her theory was a perfectly seasoned argument.,entailment,"the image provided is an abstract, colorful pattern with no discernible content that could be related to a theory or argument. therefore, there is no inference relationship between the image and the sentence. the sentence is a statement about a theory, and the image does not provide any information that could be used to infer or contradict the statement."
688,/data/ajaunarena/our_dataset/images/1094_1.jpg,Her theory was well-balanced and expertly constructed.,entailment,"the image provided is an abstract, colorful pattern with no discernible content that could be related to a theory or construction. therefore, there is no inference relationship between the image and the sentence. the sentence is a statement about a theory, and the image does not provide any information that could be used to infer or contradict the statement."
689,/data/ajaunarena/our_dataset/images/1094_1.jpg,Her theory was poorly structured and imbalanced.,contradiction,"the image provided is an abstract, colorful pattern with no discernible content that could be related to the sentence. therefore, there is no inference relationship between the image and the sentence. the sentence is a statement about a theory, and the image is a visual representation that does not convey any information that could be inferred from the sentence."
690,/data/ajaunarena/our_dataset/images/1055_2.jpg,Their love found shelter in life's storms.,entailment,"the image and the sentence have a relationship of entailment. the image depicts a pattern that resembles a stormy sky, and the sentence describes a situation where love finds shelter in the midst of life's storms. the image visually represents the concept of shelter in a storm, which is a metaphor for the idea that love can provide comfort and protection during difficult times, as described in the sentence."
691,/data/ajaunarena/our_dataset/images/1055_2.jpg,Their relationship provided comfort and security during difficult times.,entailment,"the image and the sentence have a relationship of entailment. the image depicts a pattern of shapes and colors that could be interpreted as a visual representation of comfort and security. the sentence, ""their relationship provided comfort and security during difficult times,"" describes a situation where the image's content could be applied. the image entails the situation described in the sentence, as it visually represents the concept of comfort and security."
692,/data/ajaunarena/our_dataset/images/1055_2.jpg,Their love offered no protection or support during hardships.,contradiction,"the image and the sentence have a contradictory relationship. the image shows a pattern of shapes and colors that do not inherently convey any specific meaning or message. the sentence, on the other hand, expresses a statement about love and support during hardships. the two are not related in a way that one entails the other; instead, they contradict each other, as the image does not depict love or support, and the sentence suggests that love does not provide protection or support during hardships."
693,/data/ajaunarena/our_dataset/images/331_3.jpg,"Memories are stored in mental hard drives, filed away in precise locations.",entailment,"the image depicts a pattern that resembles a circuit board or a digital display, with various bright spots that could be interpreted as stars or lights. the sentence describes a conceptual model of memory storage, using the metaphor of a mental hard drive with precise locations for filing away memories.

the relationship between the image and the sentence is one of entailment. the image does not directly depict memories or mental hard drives, but it does visually represent a concept that is related to the sentence. the sentence describes a conceptual model, while the image provides a visual representation that could be associated with the concept of memory storage. the image does not contradict the sentence; rather, it complements it by providing a visual interpretation of the concept described in the sentence."
694,/data/ajaunarena/our_dataset/images/331_3.jpg,The brain systematically stores and organizes memories for later retrieval.,entailment,"the image you provided appears to be a digital or abstract representation, possibly resembling a circuit board or a digital display with various colors and patterns. the sentence you provided is a statement about the human brain's ability to store and organize memories.

the relationship between the image and the sentence is one of ""contradiction."" the image does not depict a brain or any biological structures associated with memory storage and retrieval. it is a digital or abstract representation that does not entail the biological processes of the human brain. the sentence describes a biological function, while the image is a non-biological, digital or abstract representation."
695,/data/ajaunarena/our_dataset/images/331_3.jpg,"Memories exist in a constant state of flux, with no fixed location or organization.",contradiction,"the image and the sentence have a relationship of entailment. the image depicts a pattern that resembles a circuit board or a digital display, with various lights and colors that could be interpreted as a representation of digital data or a visual metaphor for memories. the sentence, ""memories exist in a constant state of flux, with no fixed location or organization,"" describes the nature of memories as being dynamic and not having a fixed form or location. the image visually represents this concept, and thus the sentence entails the image."
696,/data/ajaunarena/our_dataset/images/96_3.jpg,He deployed his vocabulary with sniper-like precision.,entailment,"the image and the sentence do not have a direct relationship, so it is neither entailment nor contradiction. they are unrelated."
697,/data/ajaunarena/our_dataset/images/96_3.jpg,He chose and used his words carefully and accurately to achieve specific effects.,entailment,"the image provided appears to be a blurred or abstract photograph, possibly of a cityscape or a collection of objects. the sentence ""he chose and used his words carefully and accurately to achieve specific effects"" is a statement about a person's actions and intentions.

given the nature of the image and the sentence, it is not possible to determine an inference relationship between the two. the sentence does not entail or contradict the image; they are two separate pieces of information that do not logically relate to each other."
698,/data/ajaunarena/our_dataset/images/96_3.jpg,He scattered his words randomly without any thought or accuracy.,contradiction,"the image and the sentence have a contradictory relationship. the image appears to be a blurry, colorful, and abstract representation, which does not entail or contradict the sentence. the sentence describes a specific action of scattering words randomly, which is not visually represented in the image."
699,/data/ajaunarena/our_dataset/images/1195_0.jpg,My inner council of advisors debates each choice.,entailment,"the image you've provided appears to be a collage of various objects, possibly toys or figurines, with a colorful and somewhat abstract presentation. the sentence you've provided is a description of a scene with a group of people.

given the content of the image and the sentence, it is not possible to determine an entailment or contradiction relationship between the two. the image does not depict a scene with people, and the sentence does not describe the objects in the image. therefore, there is no direct relationship between the image and the sentence that would allow for a determination of entailment or contradiction."
700,/data/ajaunarena/our_dataset/images/1195_0.jpg,Different parts of my personality offer varying perspectives on decisions.,entailment,"the image you've provided appears to be a colorful, abstract pattern with no clear depiction of a personality or decision-making process. it does not entail or contradict the sentence you've provided, as the sentence is a statement about a concept (different parts of a personality) and the image is a visual representation that does not inherently relate to the concept of a personality or decision-making process. therefore, the relationship between the image and the sentence is neither entailment nor contradiction."
701,/data/ajaunarena/our_dataset/images/1195_0.jpg,"My decisions come from a single, authoritative inner voice.",contradiction,"the image you've provided appears to be a collage of various objects, possibly toys or figurines, with a colorful and somewhat abstract presentation. the sentence you've provided is a description of a scene with a group of people.

given the content of the image and the sentence, there is no direct entailment or contradiction relationship between the two. the image does not depict a group of people, and the sentence does not describe an image. they are two separate pieces of information that do not logically relate to each other."
702,/data/ajaunarena/our_dataset/images/1833_3.jpg,The fog of this problem obscures our path forward.,entailment,the image provided is too blurry and lacks clear content to make any inference relationship with a sentence. the image does not provide enough information to determine if it entails or contradicts any given sentence.
703,/data/ajaunarena/our_dataset/images/1833_3.jpg,The complexity of the problem makes it difficult to see the solution clearly.,entailment,"based on the image provided, which appears to be a blurred or out-of-focus photograph, and the sentence ""the image is a photograph of a green field,"" the relationship between the image and the sentence is one of contradiction. the image does not depict a clear, focused green field, which is what the sentence describes. the image's content is not consistent with the description provided in the sentence."
704,/data/ajaunarena/our_dataset/images/1833_3.jpg,The solution to the problem is crystal clear and immediately obvious.,contradiction,the image provided is too blurry and lacks clear content to make any inference relationship with a sentence. the image does not provide enough information to determine if it entails or contradicts any given sentence.
705,/data/ajaunarena/our_dataset/images/1313_0.jpg,Love's warmth melted her frozen heart.,entailment,"the image and the sentence do not have a direct relationship, so it is neither entailment nor contradiction. they are unrelated."
706,/data/ajaunarena/our_dataset/images/1313_0.jpg,Strong feelings of love transformed her emotional detachment into openness.,entailment,"the image provided does not have a direct relationship with the sentence. it is an abstract image with no clear connection to the sentence. therefore, the relationship between the image and the sentence is neither entailment nor contradiction."
707,/data/ajaunarena/our_dataset/images/1313_0.jpg,Love had no effect on her emotional barriers.,contradiction,"the image provided does not contain any information that can be inferred to have a relationship with the sentence ""love had no effect on her emotional barriers."" the image is an abstract pattern of colors and shapes, and there is no discernible content that could be related to the concept of love or emotional barriers. therefore, the relationship between the image and the sentence is one of contradiction, as the image does not provide any information that can be used to infer the truth or falsity of the sentence."
708,/data/ajaunarena/our_dataset/images/115_2.jpg,Night's marble columns rose from the earth.,entailment,"the image and the sentence have a relationship of contradiction. the image depicts a colorful, abstract pattern that does not resemble marble columns or any architectural structures. the sentence describes a scene that is not depicted in the image."
709,/data/ajaunarena/our_dataset/images/115_2.jpg,The darkness appeared to have physical structure and permanence as it spread upward.,entailment,"the image and the sentence have a relationship of contradiction. the image shows a pattern of shapes and colors that do not have a physical structure or permanence, while the sentence describes the darkness as having physical structure and permanence."
710,/data/ajaunarena/our_dataset/images/115_2.jpg,"The darkness remained formless and ethereal, lacking any structural quality.",contradiction,"the image and the sentence have a relationship of contradiction. the image shows a structured pattern with various shapes and colors, while the sentence describes the darkness as lacking any structural quality. this creates a contradiction between the visual content of the image and the description provided by the sentence."
711,/data/ajaunarena/our_dataset/images/1704_3.jpg,Cultural traditions are society's DNA.,entailment,"the image depicts a variety of objects that appear to be related to different cultural traditions, such as masks, artifacts, and possibly symbols or icons associated with various cultures. the sentence ""cultural traditions are society's dna"" is a metaphorical statement that suggests that cultural traditions are as fundamental and integral to society as dna is to living organisms.

the relationship between the image and the sentence can be inferred as ""entailment."" this is because the image visually represents the concept of cultural traditions, and the sentence provides a metaphorical explanation of the importance of these traditions to society. the image does not contradict the sentence; rather, it supports and illustrates the idea that cultural traditions are deeply ingrained and essential to the identity and continuity of a society."
712,/data/ajaunarena/our_dataset/images/1704_3.jpg,Cultural traditions contain the essential information that defines and shapes society's identity.,entailment,"the image you provided appears to be a collection of various objects, possibly representing different cultural traditions. the sentence you provided, ""cultural traditions contain the essential information that defines and shapes society's identity,"" is a general statement about the role of cultural traditions in society.

the relationship between the image and the sentence is one of entailment. the image, which shows a diverse array of objects, can be seen as visually representing the concept of cultural traditions. the sentence, on the other hand, provides a definition or explanation of what cultural traditions are and their significance in society. together, they convey a broader understanding of the topic, with the image serving as a visual aid to the concept described in the sentence."
713,/data/ajaunarena/our_dataset/images/1704_3.jpg,Cultural traditions have no role in determining society's characteristics or identity.,contradiction,"the image and the sentence are related by entailment. the image depicts a variety of objects that are likely to represent different cultural traditions. the sentence, however, states that cultural traditions have no role in determining society's characteristics or identity. this implies that the image, which includes various cultural symbols, contradicts the sentence's assertion that cultural traditions are not significant in shaping societal characteristics or identity. therefore, the relationship between the image and the sentence is one of contradiction."
714,/data/ajaunarena/our_dataset/images/225_2.jpg,We're picking the lock of uncertainty.,entailment,"the image provided appears to be a visual representation of a concept or idea, possibly related to light, stars, or a similar theme. the sentence provided is a general statement about the nature of inference relationships.

given the content of the image and the sentence, it is not possible to determine if there is an entailment or contradiction relationship between the two. the image does not provide specific information that would allow for a direct inference to the sentence. the sentence is a general statement about inference relationships, which could apply to a wide range of concepts, including those depicted in the image.

therefore, the relationship between the image and the sentence is neither entailment nor contradiction. it is more of a conceptual or thematic relationship, where the image might be used to illustrate the concept of inference, but it does not directly entail or contradict the sentence."
715,/data/ajaunarena/our_dataset/images/225_2.jpg,We're systematically working through the problem's complexities to find a solution.,entailment,"the image provided appears to be a visual representation of a concept or idea, possibly related to light, stars, or a similar theme. the sentence ""we're systematically working through the problem's complexities to find a solution"" is a description of a process or methodology.

given the nature of the image and the sentence, it is not possible to determine an entailment or contradiction relationship between them. the image does not provide information that would allow for a direct inference to the sentence, nor does the sentence provide information that would allow for a direct inference to the image. they are two separate pieces of information that do not have a direct logical relationship."
716,/data/ajaunarena/our_dataset/images/225_2.jpg,We're randomly guessing without any systematic approach.,contradiction,"based on the image provided, which appears to be a digital or artistic representation of light and color, and the sentence ""the sky is blue,"" the relationship between the image and the sentence is one of contradiction. the image does not depict a blue sky; instead, it shows a variety of colors and light effects that do not correspond to the blue sky described in the sentence."
717,/data/ajaunarena/our_dataset/images/23_1.jpg,Vaccines are our strategic defense shield against disease.,entailment,"the image and the sentence do not have a direct inference relationship. the image appears to be an abstract, colorful pattern with no clear connection to the sentence about vaccines. the sentence is a statement about the role of vaccines in public health, while the image is purely visual and does not convey any information about vaccines or their role in disease prevention. therefore, the relationship between the image and the sentence is one of contradiction, as the image does not entail the sentence and the sentence does not contradict the image."
718,/data/ajaunarena/our_dataset/images/23_1.jpg,Vaccines provide preventive protection by preparing the body's immune system against specific diseases.,entailment,"the image provided does not have a direct inference relationship with the sentence. it is an abstract image with no clear connection to the topic of vaccines or the sentence provided. the relationship between the image and the sentence is neither entailment nor contradiction, as they are unrelated."
719,/data/ajaunarena/our_dataset/images/23_1.jpg,Vaccines leave the body vulnerable and unprepared for disease exposure.,contradiction,"the image and the sentence have a contradictory relationship. the image shows a pattern of shapes and colors that do not inherently relate to the concept of vaccines or the body's vulnerability to disease exposure. the sentence, on the other hand, is a statement about the effects of vaccines on the body, which is not visually represented in the image. therefore, the sentence contradicts the visual content of the image."
720,/data/ajaunarena/our_dataset/images/114_2.jpg,The darkness was a granite fortress surrounding us.,entailment,"the image and the sentence have a relationship of contradiction. the image shows a pattern of shapes and colors that do not resemble a fortress or a granite structure, and there is no indication of darkness or being surrounded. the sentence describes a scene that is not depicted in the image."
721,/data/ajaunarena/our_dataset/images/114_2.jpg,"The darkness enclosed us completely, creating an impenetrable barrier to the outside world.",entailment,"the image and the sentence have a relationship of ""contradiction."" the image shows a pattern of shapes and colors that could be interpreted as a representation of a barrier or a wall, but it does not depict darkness enclosing a space completely, nor does it create an impenetrable barrier to the outside world. the sentence describes a situation that is not visually represented in the image."
722,/data/ajaunarena/our_dataset/images/114_2.jpg,The darkness was a permeable veil that allowed easy passage and visibility.,contradiction,"the image provided appears to be an abstract pattern with various shapes and colors, and it does not depict a veil or any concept related to visibility or passage. therefore, the sentence ""the darkness was a permeable veil that allowed easy passage and visibility"" is in contradiction to the image, as it describes a visual scenario that is not visually represented in the image."
723,/data/ajaunarena/our_dataset/images/693_2.jpg,Here is the root of reality's tree.,entailment,"the image you've provided appears to be an abstract, colorful pattern with no discernible objects or shapes that correspond to the sentence ""here is the root of reality's tree."" the relationship between the image and the sentence is one of contradiction, as the image does not depict a tree or a root, and the sentence describes something that is not present in the image."
724,/data/ajaunarena/our_dataset/images/693_2.jpg,The present location and moment form the foundation of our existence.,entailment,"the image and the sentence do not have a direct relationship, so it is not possible to determine if the image entails or contradicts the sentence. the image appears to be an abstract, colorful pattern, while the sentence is a philosophical statement about the nature of existence. without a clear connection between the two, it is not possible to infer a relationship between them."
725,/data/ajaunarena/our_dataset/images/693_2.jpg,The present moment is disconnected from the foundation of existence.,contradiction,"the image and the sentence do not have a direct relationship, so it is not possible to determine if the sentence entails or contradicts the image. the image appears to be an abstract, colorful pattern, while the sentence is a philosophical statement about the nature of existence. without a clear connection between the two, it is not possible to infer a relationship between them."
726,/data/ajaunarena/our_dataset/images/1250_2.jpg,Her rage was a blinding flash of lightning.,entailment,"the image and the sentence have a relationship of entailment. the image shows a series of lightning bolts, which visually represent a blinding flash of lightning. the sentence describes the rage as a blinding flash of lightning, which is a metaphorical description of the rage being intense and sudden, much like a lightning strike. the image visually represents the metaphor in the sentence, making the sentence entailed by the image."
727,/data/ajaunarena/our_dataset/images/1250_2.jpg,Her anger was so intense that it temporarily overwhelmed her ability to think clearly.,entailment,"the image and the sentence do not have a direct relationship, so it is not possible to determine if the sentence entails or contradicts the image. the image appears to be a visual representation of a phenomenon, possibly related to electricity or energy, while the sentence describes a psychological state. without a clear connection between the two, it is not possible to make an inference relationship determination."
728,/data/ajaunarena/our_dataset/images/1250_2.jpg,Her anger was mild and allowed her to maintain perfect clarity of thought.,contradiction,"the image provided is a visual representation of lightning, which is a natural phenomenon characterized by bright, jagged streaks of electricity. the sentence ""her anger was mild and allowed her to maintain perfect clarity of thought"" is a description of a person's emotional state and cognitive ability.

the relationship between the image and the sentence is one of contradiction. the image depicts a powerful and potentially dangerous natural force, while the sentence describes a calm and controlled emotional state. the two are incompatible, as the image suggests a chaotic and intense situation, while the sentence implies a state of tranquility and mental focus."
729,/data/ajaunarena/our_dataset/images/1483_3.jpg,Time is a relentless wave rolling toward the shore of our present.,entailment,"the image and the sentence have a relationship of entailment. the image depicts a blurred, wavy pattern that could be interpreted as a wave, and the sentence describes time as a relentless wave. the sentence is a metaphorical description of time, and the image visually represents a wave, which entails the concept of time as a wave."
730,/data/ajaunarena/our_dataset/images/1483_3.jpg,Time continuously advances toward us without pause or hesitation.,entailment,"the image and the sentence do not have a direct relationship, so it is neither entailment nor contradiction. they are independent of each other, and the sentence does not provide information about the image."
731,/data/ajaunarena/our_dataset/images/1483_3.jpg,Time is a still pool that never moves or changes.,contradiction,"the image depicts a blurred, colorful scene that appears to be a close-up of a surface with light reflections, possibly water or a reflective surface. the sentence ""time is a still pool that never moves or changes"" is a philosophical statement that describes time as a constant, unchanging entity.

the relationship between the image and the sentence is one of contradiction. the image shows a dynamic, changing scene with light reflections, which is the opposite of the sentence's description of time as a still pool that never moves or changes. the image does not entail the sentence, as it does not depict time itself but rather a visual representation that is not directly related to the concept of time."
732,/data/ajaunarena/our_dataset/images/366_0.jpg,His romantic drive is like a rabbit in spring.,entailment,"the image provided is an abstract, colorful pattern with no clear depiction of a rabbit or spring. therefore, the sentence ""his romantic drive is like a rabbit in spring"" does not entail or contradict the image. the relationship between the image and the sentence is neither entailment nor contradiction, as the sentence is a metaphorical description unrelated to the visual content of the image."
733,/data/ajaunarena/our_dataset/images/366_0.jpg,He has an excessive and constant desire for romantic encounters.,entailment,"the image provided is an abstract and colorful pattern, which does not depict any specific scene or object. it is not possible to determine an inference relationship between the image and the sentence provided, as the sentence describes a person's behavior, which is not visually represented in the image. therefore, the relationship between the image and the sentence is neither entailment nor contradiction, as they are not related in any way."
734,/data/ajaunarena/our_dataset/images/366_0.jpg,He shows restraint and moderation in his romantic pursuits.,contradiction,"the image provided is an abstract, colorful pattern with no discernible content that could be related to the sentence. therefore, there is no entailment or contradiction relationship between the image and the sentence. the sentence is a statement about a person's behavior, while the image is purely visual and does not convey any information about a person's actions or characteristics."
735,/data/ajaunarena/our_dataset/images/1165_2.jpg,The rival theories played a high-stakes game of intellectual chess.,entailment,"the image you've provided appears to be an abstract, possibly digitally altered, pattern with various shapes and numbers. the sentence you've given describes a scenario where two theories are being compared in a high-stakes game.

the relationship between the image and the sentence is one of ""contradiction."" the image does not depict a game of intellectual chess, nor does it contain any elements that would suggest a high-stakes game of any kind. the sentence describes a situation that is not visually represented in the image."
736,/data/ajaunarena/our_dataset/images/1165_2.jpg,The competing theoretical frameworks engaged in complex strategic interactions with significant academic consequences.,entailment,"the image provided appears to be an abstract, colorful pattern with various shapes and numbers overlaid. it does not directly relate to the sentence provided, which discusses theoretical frameworks and their academic consequences. therefore, the relationship between the image and the sentence is one of contradiction, as the image does not entail the sentence and the sentence does not contradict the image."
737,/data/ajaunarena/our_dataset/images/1165_2.jpg,The theoretical exchange was simple and inconsequential.,contradiction,"the image you've provided appears to be an abstract digital art piece with various shapes and patterns, and it's not directly related to the sentence you've provided. therefore, the relationship between the image and the sentence is neither entailment nor contradiction, as they are not logically connected."
738,/data/ajaunarena/our_dataset/images/1593_3.jpg,"Like mirrors, opportunities reflect what you present to them.",entailment,"the image and the sentence do not have a direct inference relationship. the image shows a group of people, and the sentence is a metaphorical statement about opportunities. while the sentence may be related to the image in a general sense, it does not logically follow from the image itself. therefore, the relationship between the image and the sentence is more akin to a ""contradiction"" or a ""non-sequitur,"" as the sentence does not logically follow from the visual content of the image."
739,/data/ajaunarena/our_dataset/images/1593_3.jpg,The outcome of opportunities depends on the effort and attitude you bring to them.,entailment,"the image and the sentence do not have a direct inference relationship. the image is a collage of various people, and the sentence is a statement about the relationship between effort, attitude, and opportunities. while the sentence may be related to the concept of opportunities, it does not directly entail or contradict the content of the image. the relationship between the image and the sentence is more of a thematic or conceptual connection rather than a logical inference relationship."
740,/data/ajaunarena/our_dataset/images/1593_3.jpg,Opportunities yield the same results regardless of your input or attitude.,contradiction,"the image you've provided appears to be a digital art piece or a pattern with various shapes and colors. it does not contain any text or depict any actions or events that would allow for an inference relationship with a sentence. therefore, it is not possible to determine if the image entails or contradicts a sentence, as there is no sentence to relate to."
741,/data/ajaunarena/our_dataset/images/581_2.jpg,She hungrily consumed new experiences.,entailment,"the image depicts a colorful, abstract pattern with various shapes and colors. there is no direct inference relationship between the image and the sentence provided. the sentence describes an action, while the image is a visual representation that does not inherently convey the action described in the sentence. therefore, the relationship between the image and the sentence is ""contradiction,"" as the image does not depict the action of consuming new experiences."
742,/data/ajaunarena/our_dataset/images/581_2.jpg,She actively sought out and embraced new experiences with enthusiasm.,entailment,"the image and the sentence do not have a direct relationship, so it is neither entailment nor contradiction. they are independent of each other, and the sentence does not provide information about the image or vice versa."
743,/data/ajaunarena/our_dataset/images/581_2.jpg,She avoided and feared new experiences.,contradiction,"the image and the sentence do not have a direct inference relationship. the image appears to be an abstract, colorful pattern with no clear connection to the sentence provided. the sentence describes a person's emotional state or behavior, while the image is purely visual and does not convey any specific meaning or context that would allow for a direct inference relationship. therefore, the relationship between the image and the sentence is neither entailment nor contradiction."
744,/data/ajaunarena/our_dataset/images/446_1.jpg,Existence is a compass pointing toward countless destinations.,entailment,"the image and the sentence do not have a direct relationship, so it is neither entailment nor contradiction. the sentence is a philosophical statement that does not correspond to the visual content of the image, which appears to be a colorful, abstract pattern."
745,/data/ajaunarena/our_dataset/images/446_1.jpg,Life provides direction and guidance while offering multiple paths to follow.,entailment,"the image provided appears to be an abstract or artistic representation, possibly resembling a starry night sky or a digital glitch effect. it does not directly relate to the sentence provided, which is a philosophical statement about life.

the relationship between the image and the sentence is not one of entailment or contradiction. instead, it seems to be a more general or metaphorical connection, where the image might evoke feelings or thoughts related to the sentence, but it does not logically entail or contradict the sentence."
746,/data/ajaunarena/our_dataset/images/446_1.jpg,Life is directionless and offers no guidance or purpose.,contradiction,"the image provided appears to be an abstract or artistic representation, possibly resembling a starry night sky or a digital glitch effect. it does not contain any text or depict any specific objects or scenes that would allow for a direct inference relationship with the sentence provided.

the sentence ""life is directionless and offers no guidance or purpose"" is a philosophical statement about the nature of existence and the human experience. it is a subjective viewpoint and does not have a direct visual representation in the image.

therefore, the relationship between the image and the sentence is neither entailment nor contradiction, as they are not directly related to each other. the image is a visual representation, while the sentence is a philosophical statement."
747,/data/ajaunarena/our_dataset/images/1674_3.jpg,His values were refined like precious metals.,entailment,"the image and the sentence have a relationship of entailment. the image shows a blurred, colorful pattern that could be interpreted as a metaphor for refining values, and the sentence provides a clear explanation of what the image might represent. the sentence does not contradict the image; instead, it provides a deeper understanding of the image's potential meaning."
748,/data/ajaunarena/our_dataset/images/1674_3.jpg,His moral principles were carefully developed and free from corruption.,entailment,"the image provided is an abstract, colorful pattern with no discernible content that could be related to the sentence. therefore, there is no inference relationship between the image and the sentence. the sentence is a statement about a person's moral principles, while the image is purely visual and does not convey any information that could be logically derived from the sentence."
749,/data/ajaunarena/our_dataset/images/1674_3.jpg,His values were crude and corrupted by base influences.,contradiction,"the image provided appears to be an abstract or artistic representation, possibly of a flame or a similar phenomenon. it does not directly relate to the sentence provided, which is a statement about a person's values. therefore, the relationship between the image and the sentence is one of contradiction, as the image does not entail the sentence and the sentence does not contradict the image."
750,/data/ajaunarena/our_dataset/images/667_1.jpg,The morning hours are a basket already filled with routine tasks.,entailment,"the image and the sentence have a contradiction relationship. the image shows a chaotic and seemingly random arrangement of shapes and colors, which does not depict a ""basket already filled with routine tasks."" the sentence describes a situation that is orderly and structured, while the image presents a scene that is disordered and unstructured."
751,/data/ajaunarena/our_dataset/images/667_1.jpg,The early hours of the day are predetermined by necessary regular activities.,entailment,"the image and the sentence do not have a direct relationship, so it is neither entailment nor contradiction. they are independent of each other, and the sentence does not provide information about the image."
752,/data/ajaunarena/our_dataset/images/667_1.jpg,Morning hours are completely free and unstructured.,contradiction,"the image and the sentence have no direct relationship, so it is neither entailment nor contradiction. they are independent of each other."
753,/data/ajaunarena/our_dataset/images/1424_1.jpg,Their relationship descended into the abyss.,entailment,"the image and the sentence do not have a direct relationship, so it is not possible to determine if the relationship is one of entailment or contradiction. the sentence is a metaphorical description of the image, which is abstract and does not have a clear meaning that can be directly inferred from the image."
754,/data/ajaunarena/our_dataset/images/1424_1.jpg,Their relationship was severely damaged beyond repair.,entailment,"the image and the sentence do not have a direct relationship, so it is not possible to determine if the relationship is one of entailment or contradiction. the image is an abstract pattern of colors, while the sentence is a statement about a relationship between two entities. without additional context, it is not possible to infer a relationship between the two."
755,/data/ajaunarena/our_dataset/images/1424_1.jpg,Their relationship blossomed into something beautiful and strong.,contradiction,"the image and the sentence do not have a direct relationship, so it is not possible to determine if the relationship is one of entailment or contradiction. the image is an abstract pattern of colors, and the sentence is a description of a romantic relationship. without additional context, it is not possible to infer a relationship between the two."
756,/data/ajaunarena/our_dataset/images/787_3.jpg,The pendulum of force swings between action and reaction.,entailment,"the image and the sentence do not have a direct relationship, so it is not possible to determine if the sentence entails or contradicts the image. the image appears to be an abstract pattern with no clear connection to the concept of a pendulum of force swinging between action and reaction."
757,/data/ajaunarena/our_dataset/images/787_3.jpg,"Force exists in paired opposites, with every action having an equal reaction.",entailment,"the image provided appears to be an abstract pattern with no clear depiction of force or paired opposites. it is not possible to determine an inference relationship between the image and the sentence based on the visual content alone. the sentence describes a concept, and without a visual representation of force or paired opposites, there is no basis for determining whether the image entails or contradicts the sentence."
758,/data/ajaunarena/our_dataset/images/787_3.jpg,Force acts independently without any corresponding reaction or consequence.,contradiction,"the image and the sentence do not have a direct relationship, so it is neither entailment nor contradiction. they are unrelated."
759,/data/ajaunarena/our_dataset/images/1917_1.jpg,Ancient paths intersect with newly carved routes.,entailment,"the image and the sentence have an entailment relationship. the image shows a blurry scene with various lines and shapes that could be interpreted as paths or routes, and the sentence describes a scenario where ancient and newly carved routes intersect. the image does not contradict the sentence; rather, it provides a visual representation that supports the idea of intersecting paths."
760,/data/ajaunarena/our_dataset/images/1917_1.jpg,Traditional opportunities can combine with innovative ones to create new possibilities.,entailment,"the image and the sentence do not have a direct relationship, so it is not possible to determine if the sentence entails or contradicts the image. the image appears to be an abstract or artistic representation, and the sentence is a general statement about opportunities. without more context or a clearer connection between the two, it is not possible to make a definitive inference relationship."
761,/data/ajaunarena/our_dataset/images/1917_1.jpg,Old and new opportunities are completely incompatible and cannot coexist.,contradiction,"the image provided appears to be an abstract or distorted photograph, possibly of a cityscape or a similar scene. the sentence ""old and new opportunities are completely incompatible and cannot coexist"" is a statement about the nature of opportunities, suggesting that they cannot exist simultaneously.

the relationship between the image and the sentence is one of ""contradiction."" the image itself does not depict anything that is inherently old or new, nor does it show opportunities that are incompatible or cannot coexist. the sentence is a statement about a concept, not a depiction of a physical reality. therefore, the image and the sentence are contradictory because the image does not visually represent the concept of old and new opportunities being incompatible and not coexisting."
762,/data/ajaunarena/our_dataset/images/1245_2.jpg,Rays of sunshine flowed between the clouds like liquid gold.,entailment,"the relationship between the image and the sentence is one of entailment. the image depicts a cloudy sky with rays of light shining through, which can be described as ""rays of sunshine flowed between the clouds like liquid gold."" the sentence accurately describes the visual content of the image, and thus the sentence entails the image."
763,/data/ajaunarena/our_dataset/images/1245_2.jpg,"Sunlight streamed through gaps in the clouds in bright, moving beams.",entailment,"the image and the sentence have an entailment relationship. the image shows a cloudy sky with bright, moving beams of light, which can be inferred from the sentence. the sentence describes the visual effect of sunlight streaming through gaps in the clouds, which is exactly what the image depicts."
764,/data/ajaunarena/our_dataset/images/1245_2.jpg,The clouds completely blocked all sunlight from passing through.,contradiction,"the clouds completely blocked all sunlight from passing through.

the image shows a bright, colorful sky with clouds, which suggests that the clouds are blocking the sunlight from passing through. this is an example of entailment, as the sentence logically follows from the image."
765,/data/ajaunarena/our_dataset/images/63_1.jpg,Our deadlines are colliding with each other.,entailment,"the image you've provided appears to be an abstract, colorful pattern with various shapes and textures. it does not contain any text or depict any specific objects that would allow for a direct inference relationship with a sentence. therefore, it is not possible to determine if the image entails or contradicts a sentence without additional context."
766,/data/ajaunarena/our_dataset/images/63_1.jpg,"Multiple tasks are competing for the same time slots, creating conflicts.",entailment,"the image provided appears to be an abstract, colorful pattern with no clear depiction of multiple tasks competing for the same time slots. therefore, there is no entailment or contradiction relationship between the image and the sentence. the sentence describes a specific scenario, while the image is a visual representation that does not convey the same concept."
767,/data/ajaunarena/our_dataset/images/63_1.jpg,Our deadlines are perfectly spaced and have no overlap whatsoever.,contradiction,"the image provided appears to be an abstract, colorful pattern with various shapes and textures. there is no direct inference relationship between the image and the sentence you provided, as the sentence does not describe or relate to the content of the image. therefore, the relationship between the image and the sentence is ""contradiction,"" as the sentence does not follow or logically relate to the visual content of the image."
768,/data/ajaunarena/our_dataset/images/911_1.jpg,The solution finally made its way here.,entailment,"the image provided appears to be a colorful, abstract pattern with no clear depiction of a specific scene or object. the sentence ""the solution finally made its way here"" is a statement about a situation or event.

given the nature of the image and the sentence, there is no direct relationship between them that would allow for a clear inference relationship of entailment or contradiction. the sentence is not describing the image, and the image does not provide information that would allow for a logical inference to the sentence. therefore, the relationship between the image and the sentence is neither entailment nor contradiction."
769,/data/ajaunarena/our_dataset/images/911_1.jpg,The solution was successfully created after some effort.,entailment,"the image provided appears to be a colorful, abstract pattern with no clear depiction of a scene or objects. the sentence ""the solution was successfully created after some effort"" is a statement about a process or outcome, which does not directly relate to the image.

therefore, the relationship between the image and the sentence is neither entailment nor contradiction. they are independent of each other and do not logically relate to one another."
770,/data/ajaunarena/our_dataset/images/911_1.jpg,The solution remained elusive and unsolved.,contradiction,"the image provided appears to be a colorful, abstract pattern with no clear depiction of a scene or objects. the sentence ""the solution remained elusive and unsolved"" is a statement about a situation or problem.

given the nature of the image and the sentence, it is not possible to determine an inference relationship between them. the image does not provide information that would allow for the derivation of the sentence, nor does the sentence provide information that would allow for the identification of the image's content. therefore, the relationship between the image and the sentence is neither entailment nor contradiction."
771,/data/ajaunarena/our_dataset/images/1883_1.jpg,His gaming habit is a potent drug that's taken over his life.,entailment,"the image provided is an abstract, colorful pattern with no discernible content that could be related to the sentence. therefore, there is no entailment or contradiction relationship between the image and the sentence. the sentence is a statement about a person's behavior, while the image is purely visual and does not convey any information that could be logically related to the sentence."
772,/data/ajaunarena/our_dataset/images/1883_1.jpg,His compulsive gaming has become severely disruptive to his daily functioning.,entailment,"the image provided is an abstract, colorful pattern with no discernible content that could be related to the sentence. therefore, there is no entailment or contradiction relationship between the image and the sentence. the sentence is a statement about a person's behavior, while the image is purely visual and does not convey any information that could be logically related to the sentence."
773,/data/ajaunarena/our_dataset/images/1883_1.jpg,He plays games occasionally as a healthy form of entertainment.,contradiction,"the image and the sentence do not have a direct relationship, so it is neither entailment nor contradiction. they are independent of each other."
774,/data/ajaunarena/our_dataset/images/979_2.jpg,His happiness rose like a mighty skyscraper.,entailment,"the image and the sentence have a relationship of ""contradiction."" the image depicts a cloudy sky, which is not consistent with the idea of a ""mighty skyscraper"" rising. skyscrapers are typically associated with urban environments and are not naturally occurring phenomena in the sky. the sentence implies a metaphorical or symbolic interpretation, but the image itself does not depict a skyscraper."
775,/data/ajaunarena/our_dataset/images/979_2.jpg,His joy grew steadily and impressively to great heights.,entailment,"the image provided is an abstract and colorful representation of clouds, and it does not depict a person's emotions. therefore, the relationship between the image and the sentence is ""contradiction."" the sentence describes a person's emotional state, while the image is a visual representation of clouds, which are not capable of experiencing emotions."
776,/data/ajaunarena/our_dataset/images/979_2.jpg,His happiness crumbled like a demolished building.,contradiction,"the image depicts a cloudy sky with a somewhat dark and moody appearance, which could be inferred to relate to the sentence through the relationship of ""entailment."" the image's visual elements, such as the dark clouds and the overall somber atmosphere, could be seen as visually representing the concept of happiness crumbling, which aligns with the sentiment expressed in the sentence."
777,/data/ajaunarena/our_dataset/images/1462_2.jpg,Her mind stockpiles ideas like a squirrel hoarding nuts for winter.,entailment,"the image and the sentence do not have a direct relationship that would allow for a clear determination of entailment or contradiction. the image appears to be an abstract or artistic representation, while the sentence is a metaphorical description of a person's thought process. without a specific context or a clear connection between the two, it is not possible to determine if one entails the other or if they contradict each other."
778,/data/ajaunarena/our_dataset/images/1462_2.jpg,She carefully collects and saves ideas for future use when they might be needed.,entailment,"the image provided appears to be an abstract or artistic representation, possibly of a collection of items or concepts. the sentence you provided describes a person's behavior or activity.

given the nature of the image and the sentence, it is not possible to determine an inference relationship between the two. the image does not provide information that would allow for a direct inference about the sentence, nor does the sentence provide information that would allow for a direct inference about the image. therefore, the relationship between the image and the sentence is neither entailment nor contradiction."
779,/data/ajaunarena/our_dataset/images/1462_2.jpg,She immediately uses or discards every idea without saving any for later.,contradiction,"the image provided is a visual representation of a concept, and it is not possible to determine the relationship between the image and the sentence you provided. the sentence describes a behavior, while the image is a visual representation that could be interpreted in various ways. without additional context, it is not possible to determine if the image entails the behavior described in the sentence or if it contradicts it."
780,/data/ajaunarena/our_dataset/images/78_3.jpg,Causes and effects are handcuffed together by time.,entailment,"the image provided appears to be an abstract or artistic representation, and it is not possible to determine a direct inference relationship between the image and the sentence. the sentence describes a conceptual relationship between causes and effects, which is not visually represented in the image. therefore, the relationship between the image and the sentence is neither entailment nor contradiction."
781,/data/ajaunarena/our_dataset/images/78_3.jpg,Every cause is permanently bound to its effect through temporal progression.,entailment,"the image provided appears to be an abstract or artistic representation, possibly of a concept or idea rather than a literal depiction of a cause and its effect. it is not possible to determine if the image entails or contradicts the sentence provided, as the image does not provide enough context or information to make such a determination. the sentence is a philosophical or metaphysical statement that could be interpreted in various ways, and without additional information, it is not possible to infer a relationship between the image and the sentence."
782,/data/ajaunarena/our_dataset/images/78_3.jpg,Causes and effects are free to occur independently of temporal constraints.,contradiction,"the image provided appears to be an abstract or artistic representation, and it is not possible to determine a direct relationship between the image and the sentence provided. the sentence is a philosophical statement about causality and temporal constraints, which is not directly related to the visual content of the image. therefore, the relationship between the image and the sentence is neither entailment nor contradiction, as they are not related in a logical or factual sense."
783,/data/ajaunarena/our_dataset/images/762_2.jpg,The void in his heart bled continuously.,entailment,"the image provided is abstract and does not depict a literal heart or any form of bleeding. therefore, it is not possible to determine an entailment or contradiction relationship between the image and the sentence. the sentence is a metaphorical description of a person's emotional state, while the image is a visual representation that does not correspond to the literal meaning of the sentence."
784,/data/ajaunarena/our_dataset/images/762_2.jpg,The absence of something crucial caused ongoing emotional pain.,entailment,"the image provided is an abstract, colorful pattern with no discernible content that could be related to the sentence. therefore, the relationship between the image and the sentence is ""contradiction,"" as the image does not entail the sentence and the sentence does not contradict the image."
785,/data/ajaunarena/our_dataset/images/762_2.jpg,His fulfilled needs brought constant happiness and peace.,contradiction,"the image provided is an abstract and colorful pattern, which does not depict a scene or object that can be directly related to the sentence. therefore, the relationship between the image and the sentence is neither entailment nor contradiction. the sentence is a description of a concept or emotion, while the image is a visual representation that does not convey any specific meaning or relationship to the sentence."
786,/data/ajaunarena/our_dataset/images/1556_1.jpg,The transparent containers revealed every obligation within.,entailment,"the image and the sentence have a relationship of contradiction. the image shows a pattern of shapes and colors that do not correspond to the description of ""transparent containers"" or ""every obligation within."" the sentence is describing a visual content that is not present in the image."
787,/data/ajaunarena/our_dataset/images/1556_1.jpg,All of their responsibilities were clearly visible and accountable to others.,entailment,"the image provided is a visual representation of a large number of papers or documents, which are likely to be related to responsibilities or tasks. the sentence, ""all of their responsibilities were clearly visible and accountable to others,"" is a description of a situation or a state of affairs.

the relationship between the image and the sentence is one of entailment. the image entails the sentence because the visual representation of papers or documents suggests the presence of responsibilities that are clearly visible and accountable to others. the image does not contradict the sentence; it supports it by providing a visual metaphor for the concept of responsibilities being clearly visible and accountable."
788,/data/ajaunarena/our_dataset/images/1556_1.jpg,Their responsibilities were hidden and unclear to everyone.,contradiction,"the image provided appears to be an abstract or fractal-like pattern, which does not directly relate to the sentence provided. the sentence describes a situation where the responsibilities of certain individuals are not transparent or easily understood by others.

given the nature of the image, it is not possible to infer a relationship of entailment or contradiction between the image and the sentence. the image does not provide information that would allow for a logical inference or contradiction with the sentence. the relationship between the image and the sentence is more likely to be one of association or analogy, as the abstract nature of the image might evoke a sense of complexity or hiddenness that could be related to the concept of unclear responsibilities in the sentence. however, this is a subjective interpretation, and the relationship between the image and the sentence is not one of logical inference or contradiction."
789,/data/ajaunarena/our_dataset/images/849_1.jpg,"Some people are like solar-powered batteries, drawing strength from nature.",entailment,"the image and the sentence have an entailment relationship. the image depicts a blurry scene with a focus on green and blue colors, which could be interpreted as a representation of nature. the sentence ""some people are like solar-powered batteries, drawing strength from nature"" entails that the image could be related to the concept of drawing strength from nature, as it is a visual representation of nature."
790,/data/ajaunarena/our_dataset/images/849_1.jpg,Some individuals find renewal and energy by connecting with the natural world.,entailment,"the image and the sentence have an entailment relationship. the image depicts a natural scene with greenery, which can be associated with renewal and energy. the sentence describes the experience of finding renewal and energy by connecting with the natural world, which is a concept that can be inferred from the image. the image does not contradict the sentence; rather, it supports the idea expressed in the sentence."
791,/data/ajaunarena/our_dataset/images/849_1.jpg,People are depleted by nature and find no restoration in the natural world.,contradiction,"the image provided is a blurry, colorful photograph that does not depict any people or nature. it is not possible to determine the relationship between the image and the sentence based on the visual content alone. the sentence appears to be a philosophical or metaphorical statement, and without additional context, it is not possible to infer a relationship between the image and the sentence."
792,/data/ajaunarena/our_dataset/images/601_1.jpg,He lost his footing in the midst of crisis.,entailment,"the image and the sentence do not have a direct relationship, so it is neither entailment nor contradiction. they are unrelated."
793,/data/ajaunarena/our_dataset/images/601_1.jpg,He became emotionally unstable during a difficult situation.,entailment,"the image provided does not have a direct relationship with the sentence. it is an abstract image with no clear connection to the sentence. therefore, the relationship between the image and the sentence is neither entailment nor contradiction."
794,/data/ajaunarena/our_dataset/images/601_1.jpg,He remained completely composed and steady during the crisis.,contradiction,"the image provided does not have a direct relationship with the sentence. it is an abstract image with no clear depiction of a person or a crisis. therefore, the relationship between the image and the sentence is neither entailment nor contradiction."
795,/data/ajaunarena/our_dataset/images/1317_1.jpg,His enthusiasm was a flame that ignited the whole team.,entailment,"the image and the sentence have an entailment relationship. the image depicts a bright, fiery, and dynamic scene that could be interpreted as a metaphor for enthusiasm, passion, or energy. the sentence ""his enthusiasm was a flame that ignited the whole team"" describes a similar concept, where enthusiasm is likened to a flame that spreads and motivates others. the image visually represents the idea of enthusiasm as a powerful force, which is consistent with the sentence's description."
796,/data/ajaunarena/our_dataset/images/1317_1.jpg,His strong enthusiasm motivated and inspired the entire team.,entailment,"the image provided does not contain any text or information that would allow for a direct inference relationship with the sentence. therefore, it is neither entailing nor contradicting the sentence. the image is an abstract visual representation, and the sentence is a statement about a person's actions and their effect on a team. they are not related in a way that would allow for a logical relationship such as entailment or contradiction."
797,/data/ajaunarena/our_dataset/images/1317_1.jpg,His lack of enthusiasm left the team unmotivated.,contradiction,"the image provided does not have a direct relationship with the sentence. it is an abstract image with no clear connection to the sentence. therefore, the relationship between the image and the sentence is neither entailment nor contradiction."
798,/data/ajaunarena/our_dataset/images/1581_2.jpg,Our sight is a box with transparent walls.,entailment,"the image provided appears to be an abstract or artistic representation of a box with transparent walls, as it consists of geometric shapes and lines that give the impression of a three-dimensional structure. however, the sentence ""our sight is a box with transparent walls"" is a metaphorical statement that describes the human visual perception as being confined within the boundaries of the physical body, with the ""walls"" being the limitations of the human eye and brain.

the relationship between the image and the sentence is one of metaphorical entailment. the image visually represents the concept of a box with transparent walls, which is a metaphor for the human visual perception. the sentence ""our sight is a box with transparent walls"" entails the idea of a physical limitation or confinement, which is visually represented by the image."
799,/data/ajaunarena/our_dataset/images/1581_2.jpg,Our visual field has clear boundaries that define what we can and cannot see.,entailment,"the image and the sentence do not have a direct relationship, so it is not possible to determine if the sentence entails or contradicts the image. the sentence is a general statement about the visual field, while the image appears to be an abstract or artistic representation that may not directly correspond to the visual field as described in the sentence."
800,/data/ajaunarena/our_dataset/images/1581_2.jpg,Our vision has no boundaries and extends infinitely in all directions.,contradiction,"the image you provided appears to be an abstract digital art piece with a blue and white color scheme, featuring geometric shapes and lines that create a sense of depth and movement. the sentence you provided, ""our vision has no boundaries and extends infinitely in all directions,"" is a philosophical statement about the nature of human perception and the limitations of our visual experience.

the relationship between the image and the sentence is one of ""contradiction."" the image is a visual representation that is finite and limited by the boundaries of the digital art piece, while the sentence describes a concept that is infinite and without boundaries. the two are contradictory because the image is a physical manifestation of a concept that is inherently abstract and limitless."
801,/data/ajaunarena/our_dataset/images/827_0.jpg,The checkered flag waves for all who persist.,entailment,"the image and the sentence do not have a direct relationship, so it is neither entailment nor contradiction. they are unrelated."
802,/data/ajaunarena/our_dataset/images/827_0.jpg,Those who maintain their effort and determination will eventually achieve their competitive goals.,entailment,"the image and the sentence do not have a direct inference relationship. the image appears to be an abstract or artistic representation, possibly of a crowd or a group of people, and it does not inherently convey the idea of maintaining effort and determination to achieve competitive goals. the sentence is a statement about human behavior and motivation, which is not directly related to the visual content of the image. therefore, the relationship between the image and the sentence is one of contradiction, as the image does not entail the sentence and the sentence does not contradict the image."
803,/data/ajaunarena/our_dataset/images/827_0.jpg,"Only immediate success matters, and persistence is worthless in competition.",contradiction,"the image provided appears to be a mosaic of various shapes and colors, which does not have a direct relationship with the sentence provided. the sentence is a philosophical statement about the value of persistence in competition. therefore, the relationship between the image and the sentence is one of contradiction, as the image does not convey any information that would entail the sentence's meaning."
804,/data/ajaunarena/our_dataset/images/1699_2.jpg,The theory's foundation has developed dangerous cracks.,entailment,"the image provided appears to be an abstract pattern of shapes and lines, which does not have a direct relationship with the sentence provided. therefore, the relationship between the image and the sentence is neither entailment nor contradiction. the sentence is a statement about a theory's foundation, while the image is a visual representation that does not convey any information about a theory or its foundation."
805,/data/ajaunarena/our_dataset/images/1699_2.jpg,The basic assumptions of the theory have been shown to have serious flaws.,entailment,"the image provided appears to be an abstract pattern of shapes and colors, which does not have a direct relationship with the sentence provided. therefore, the relationship between the image and the sentence is neither entailment nor contradiction. the sentence is a statement about a theory, while the image is a visual representation that does not convey any information about the theory or its flaws."
806,/data/ajaunarena/our_dataset/images/1699_2.jpg,The theory's fundamental assumptions remain perfectly sound and unquestionable.,contradiction,"the image provided appears to be an abstract pattern of shapes and colors, which does not directly relate to the sentence provided. the sentence discusses the fundamental assumptions of a theory, which is a conceptual or philosophical idea. the relationship between the image and the sentence is not one of entailment or contradiction, as they are not related in a logical or factual sense."
807,/data/ajaunarena/our_dataset/images/900_2.jpg,His anger was a boiling kettle ready to explode.,entailment,"the image and the sentence have a relationship of ""contradiction."" the image shows a blurry, abstract pattern that does not depict a boiling kettle or any other object that could be associated with the sentence. the sentence describes a boiling kettle, which is not present in the image."
808,/data/ajaunarena/our_dataset/images/900_2.jpg,His rage had reached such an intense level that he was about to lose control.,entailment,"the image provided does not have a direct relationship with the sentence. it is an abstract image with no clear connection to the sentence. therefore, the relationship between the image and the sentence is neither entailment nor contradiction."
809,/data/ajaunarena/our_dataset/images/900_2.jpg,His anger was completely controlled and showed no signs of intensifying.,contradiction,"the image provided is an abstract pattern with no clear depiction of a person's emotions or behavior. therefore, it is not possible to determine the inference relationship between the image and the sentence you provided. the sentence describes a person's emotional state, while the image is a visual representation that does not convey any information about emotions or behavior."
810,/data/ajaunarena/our_dataset/images/259_1.jpg,"Their attraction was a long-range missile, spanning continents.",entailment,"the image provided does not contain any text or information that would allow for an inference relationship to be determined between the image and the sentence. the sentence is a description of a missile's range, which is not related to the image content. therefore, the relationship between the image and the sentence is neither entailment nor contradiction."
811,/data/ajaunarena/our_dataset/images/259_1.jpg,Their sexual attraction remained strong despite physical distance between them.,entailment,"the image provided does not have a direct relationship with the sentence. it is an abstract image with no clear depiction of a couple or physical distance. therefore, the relationship between the image and the sentence is neither entailment nor contradiction."
812,/data/ajaunarena/our_dataset/images/259_1.jpg,Their attraction was weak and couldn't survive any physical separation.,contradiction,"the image and the sentence do not have an entailment or contradiction relationship. the image is an abstract, colorful pattern, while the sentence is a statement about a romantic relationship. they are not related in any way that would allow for an entailment or contradiction."
813,/data/ajaunarena/our_dataset/images/1130_1.jpg,Hope is a beacon in the darkness.,entailment,"the image and the sentence have a relationship of entailment. the image depicts a dark, blurry background with what appears to be a bright, glowing light or object in the center, which could be interpreted as a beacon. the sentence ""hope is a beacon in the darkness"" is a metaphorical description of hope as a guiding light in difficult or challenging situations. the image visually represents this metaphor, making the sentence a logical entailment of the image's content."
814,/data/ajaunarena/our_dataset/images/1130_1.jpg,Hope provides guidance and comfort during difficult times.,entailment,"the image provided is an abstract, blurry image that does not depict a hopeful scene or any specific content that would directly relate to the sentence. therefore, the relationship between the image and the sentence is ""contradiction."" the image does not entail the sentence, and the sentence does not contradict the image."
815,/data/ajaunarena/our_dataset/images/1130_1.jpg,Hope misleads and confuses people during their darkest moments.,contradiction,"the image provided appears to be a digital or abstract artwork with a blurred, possibly water-like texture. the sentence ""hope misleads and confuses people during their darkest moments"" is a statement about the human experience and emotions.

the relationship between the image and the sentence is one of ""contradiction."" the image itself does not depict anything that inherently contradicts the sentence. however, the sentence is a statement about human emotions and experiences, which are not directly represented in the image. the image is abstract and does not provide any information that would contradict the sentence."
816,/data/ajaunarena/our_dataset/images/363_0.jpg,She flutters from partner to partner like a restless butterfly.,entailment,"the image of the butterflies does not entail or contradict the sentence provided. the sentence is a metaphorical description of a person's behavior, while the image shows actual butterflies. the two are not related in a logical or inferential sense."
817,/data/ajaunarena/our_dataset/images/363_0.jpg,"She frequently changes romantic partners, never settling with one person.",entailment,"the image and the sentence do not have a direct relationship, so it is not possible to determine if the sentence entails or contradicts the image. the image is a colorful abstract pattern, and the sentence is a statement about a person's behavior. without more context or a clear connection between the two, it is not possible to make an inference relationship between them."
818,/data/ajaunarena/our_dataset/images/363_0.jpg,"She maintains long-term, committed relationships with careful consideration.",contradiction,"the image of a variety of flowers does not have an inference relationship with the sentence provided. the sentence describes a person's behavior, while the image depicts a collection of flowers, which are not related to the behavior described in the sentence. therefore, the relationship between the image and the sentence is one of contradiction."
819,/data/ajaunarena/our_dataset/images/1169_0.jpg,The winning theory took home the gold medal of peer acceptance.,entailment,"the image provided is a visual representation of a mosaic or a collage, and it does not contain any text or information that would allow for a direct inference relationship with the sentence. therefore, it is neither entailing nor contradicting the sentence. the sentence is a statement about a specific event or outcome, while the image is a visual representation that does not convey any information about the event or outcome described in the sentence."
820,/data/ajaunarena/our_dataset/images/1169_0.jpg,The most convincing theoretical framework gained widespread recognition and approval from the academic community.,entailment,"the image provided appears to be an abstract or abstracted representation of a scene or objects, possibly with a focus on light and shadow or a particular color scheme. the sentence provided is a statement about a theoretical framework gaining widespread recognition and approval from the academic community.

the relationship between the image and the sentence is one of ""contradiction."" the image does not depict a theoretical framework or academic community, and it does not provide information that would allow for an inference about the recognition or approval of a theoretical framework by the academic community. the image is purely abstract and does not contain any elements that would logically entail the sentence or be contradicted by it."
821,/data/ajaunarena/our_dataset/images/1169_0.jpg,No theory achieved significant recognition or acceptance from peers.,contradiction,"the image provided appears to be an abstract or abstracted representation of a scene or objects, possibly with a focus on light and shadow or a particular color scheme. the sentence provided is a statement about the recognition or acceptance of a theory.

the relationship between the image and the sentence is one of ""contradiction."" the image does not depict a scene or objects that would be directly related to the sentence, which is about the recognition or acceptance of a theory. the image is an abstract representation that does not inherently entail or contradict the sentence."
822,/data/ajaunarena/our_dataset/images/1372_2.jpg,The cold grip of fear froze her thoughts in place.,entailment,"the image and the sentence do not have a direct relationship, so it is not possible to determine if the image entails or contradicts the sentence. the image appears to be an abstract or artistic representation, while the sentence is a descriptive phrase. without a clear connection between the two, it is not possible to make an inference relationship determination."
823,/data/ajaunarena/our_dataset/images/1372_2.jpg,Fear prevented her from thinking clearly or making decisions.,entailment,"the image provided is a visual representation of a pixelated or glitchy effect, which does not have a direct relationship with the sentence. the sentence describes a psychological state or condition, whereas the image is an abstract visual representation. therefore, the relationship between the image and the sentence is neither entailment nor contradiction, as they are not related in a logical or factual sense."
824,/data/ajaunarena/our_dataset/images/1372_2.jpg,The warm embrace of fear freed her mind to explore possibilities.,contradiction,"the image and the sentence do not have a direct relationship, so it is not possible to determine if the image entails or contradicts the sentence. the image appears to be an abstract or artistic representation, while the sentence is a description of a person's emotional state and thought process. without a clear connection between the two, it is not possible to infer a relationship between them."
825,/data/ajaunarena/our_dataset/images/1440_2.jpg,Her lust burned like a raging inferno.,entailment,"the image and the sentence have a relationship of entailment. the image depicts a swirling, fiery pattern that could be interpreted as a visual metaphor for intense emotions or passion, which aligns with the description of a person's lust burning like a raging inferno in the sentence."
826,/data/ajaunarena/our_dataset/images/1440_2.jpg,Her sexual desire was extremely intense and overwhelming.,entailment,"the image provided does not depict anything related to sexual desire or intensity. it is an abstract image with swirling colors and patterns, which does not convey any specific content or message. therefore, the relationship between the image and the sentence is one of contradiction, as the sentence describes a specific concept that is not present in the image."
827,/data/ajaunarena/our_dataset/images/1440_2.jpg,Her desires were cold and completely absent.,contradiction,"the image and the sentence have a contradiction relationship. the image depicts a warm, colorful, and vibrant scene, which is the opposite of the sentence's description of desires being cold and completely absent."
828,/data/ajaunarena/our_dataset/images/921_2.jpg,This problem is a Gordian knot of complications.,entailment,"the image you've provided appears to be an abstract pattern with no clear depiction of a gordian knot. the term ""gordian knot"" typically refers to a complex problem or situation that is difficult to solve or untangle.

given that the image does not depict a gordian knot, there is no direct inference relationship between the image and the sentence. the sentence is a metaphorical description of the image, which is a common way to describe complex or abstract patterns.

therefore, the relationship between the image and the sentence is more accurately described as a metaphorical or figurative relationship, rather than an inference relationship."
829,/data/ajaunarena/our_dataset/images/921_2.jpg,This problem is extremely complex and seems impossible to resolve through conventional means.,entailment,"the image provided appears to be an abstract pattern with no clear relationship to the sentence ""the cat is on the mat."" the relationship between the image and the sentence is neither entailment nor contradiction. the image does not provide any information that can be inferred to be related to the sentence, and the sentence does not describe the image in any way. therefore, the relationship between the image and the sentence is neither entailment nor contradiction."
830,/data/ajaunarena/our_dataset/images/921_2.jpg,This problem is straightforward and has an obvious solution.,contradiction,"the image provided appears to be an abstract pattern with no clear depiction of a sentence or any text. therefore, it is not possible to determine an inference relationship between the image and a sentence, as there is no sentence to relate to."
831,/data/ajaunarena/our_dataset/images/973_3.jpg,His elation climbed to the summit of bliss.,entailment,"the image and the sentence do not have a direct relationship, so it is neither entailment nor contradiction. the image is an abstract pattern of colors, while the sentence is a description of a person's emotional state. they do not logically relate to each other."
832,/data/ajaunarena/our_dataset/images/973_3.jpg,He reached the highest possible state of happiness.,entailment,"the image and the sentence do not have a direct relationship, so it is neither entailment nor contradiction. they are independent of each other, and the sentence does not provide any information about the content of the image."
833,/data/ajaunarena/our_dataset/images/973_3.jpg,His elation descended to the valley of sorrow.,contradiction,"the image and the sentence have a relationship of ""contradiction."" the image is a colorful, abstract pattern that does not depict a valley or sorrow. the sentence describes a person's emotional state, which is not visually represented in the image."
834,/data/ajaunarena/our_dataset/images/1244_0.jpg,The dawn tide washed over the sleeping city.,entailment,"the image and the sentence have a relationship of contradiction. the image depicts a cityscape at night, with bright lights and a blurred, colorful appearance, which is not consistent with the description of a city being washed over by a dawn tide. the dawn tide typically occurs in the morning, and the image does not show the city in a morning light."
835,/data/ajaunarena/our_dataset/images/1244_0.jpg,Morning light gradually spread across the city as the sun rose.,entailment,"the image and the sentence have an entailment relationship. the image depicts a cityscape with a warm, orange glow, which suggests that the sun is rising and the morning light is gradually spreading across the city. the sentence describes this exact scenario, so the sentence entails the image."
836,/data/ajaunarena/our_dataset/images/1244_0.jpg,Darkness persisted over the city despite the sunrise.,contradiction,"the image and the sentence have a contradictory relationship. the image shows a cityscape with a bright and colorful sky, which suggests that the sun is rising and the city is well-lit. the sentence, however, states that ""darkness persisted over the city despite the sunrise,"" which implies that the city was still dark even after the sun had risen. this contradicts the visual information provided by the image."
837,/data/ajaunarena/our_dataset/images/1190_3.jpg,The committee members in my mind debate each decision.,entailment,"the image provided appears to be an abstract or abstracted representation of a group of people, possibly in a meeting or discussion. the sentence you provided does not seem to have a direct relationship with the image. it is not possible to determine an inference relationship between the image and the sentence based on the information provided. the sentence does not entail or contradict the image, as it does not provide any specific information that can be inferred from the image."
838,/data/ajaunarena/our_dataset/images/1190_3.jpg,Different aspects of my personality contribute to my decision-making process.,entailment,"the image provided appears to be an abstract or artistic representation, and it is not possible to determine a direct relationship between the image and the sentence you provided. the sentence describes a personal experience or trait, while the image is a visual representation that does not inherently convey any information about decision-making processes or personalities. therefore, the relationship between the image and the sentence is neither entailment nor contradiction, as they are not related in a logical or factual sense."
839,/data/ajaunarena/our_dataset/images/1190_3.jpg,"My decisions come from a single, unified source without internal dialogue.",contradiction,"the image provided appears to be an abstract or abstracted representation of a group of people, possibly in a social or public setting. the sentence ""my decisions come from a single, unified source without internal dialogue"" is a statement about a person's decision-making process.

the relationship between the image and the sentence is one of ""contradiction."" the image depicts a group of people, which suggests a social or public setting where multiple individuals are present and likely making decisions. the sentence, on the other hand, describes a single, unified source of decision-making without internal dialogue, which is in contrast to the image's depiction of multiple people. therefore, the sentence contradicts the visual information presented in the image."
840,/data/ajaunarena/our_dataset/images/1888_0.jpg,She's hooked on the high of constant productivity.,entailment,"the image and the sentence do not have a direct inference relationship. the image appears to be an abstract pattern of shapes and colors, while the sentence is a statement about a person's behavior. there is no logical connection between the two, so the relationship is neither entailment nor contradiction."
841,/data/ajaunarena/our_dataset/images/1888_0.jpg,"She compulsively overworks herself, unable to slow down or rest.",entailment,"the image and the sentence do not have a direct inference relationship. the image appears to be an abstract pattern with no clear connection to the sentence provided. the sentence describes a person's behavior, while the image is a visual representation that does not convey any information about a person's behavior. therefore, the relationship between the image and the sentence is neither entailment nor contradiction."
842,/data/ajaunarena/our_dataset/images/1888_0.jpg,She maintains a healthy work-life balance and knows when to take breaks.,contradiction,"the image and the sentence do not have a direct inference relationship. the image is a pattern of shapes and colors, while the sentence is a statement about a person's behavior. they do not logically entail or contradict each other."
843,/data/ajaunarena/our_dataset/images/594_3.jpg,Causal roots nourish the tree of logical reasoning.,entailment,"the image and the sentence do not have a direct relationship, so it is neither entailment nor contradiction. they are unrelated."
844,/data/ajaunarena/our_dataset/images/594_3.jpg,Causal relationships provide the essential foundation for logical thinking.,entailment,"the image you've provided appears to be an abstract representation of a forest or natural landscape, with a colorful and star-like pattern that could be interpreted as a night sky or a dream-like scene. the sentence you've provided, ""causal relationships provide the essential foundation for logical thinking,"" is a statement about the importance of cause-and-effect relationships in understanding and reasoning about the world.

the relationship between the image and the sentence is one of ""contradiction."" the image is an artistic representation that may evoke feelings or thoughts, but it does not depict a causal relationship in the way the sentence describes. the sentence is discussing the concept of causality in a philosophical or logical sense, while the image is a visual representation that does not directly relate to the concept of causality."
845,/data/ajaunarena/our_dataset/images/594_3.jpg,Logical reasoning flourishes without any causal basis or support.,contradiction,"the image you've provided appears to be an abstract, colorful pattern with no discernible content or meaning. it does not depict any specific scene or object that could be inferred from the sentence. therefore, the relationship between the image and the sentence is one of contradiction, as the sentence suggests a logical reasoning process that is not visually represented in the image."
846,/data/ajaunarena/our_dataset/images/1639_0.jpg,The meeting spiraled into chaos.,entailment,"the image and the sentence do not have a direct inference relationship. the image is an abstract pattern of shapes and colors, while the sentence describes a specific event or situation. the relationship between the two is not one of entailment or contradiction, as they are not related in a logical or factual sense."
847,/data/ajaunarena/our_dataset/images/1639_0.jpg,The organized meeting gradually transformed into a disorderly situation.,entailment,"the image and the sentence have a relationship of contradiction. the image shows a pattern of shapes and colors that is orderly and organized, while the sentence describes a situation that is the opposite, becoming disorderly."
848,/data/ajaunarena/our_dataset/images/1639_0.jpg,The meeting maintained perfect order and structure throughout.,contradiction,"the image and the sentence have a relationship of contradiction. the image shows a chaotic and disordered pattern, which is the opposite of the sentence's description of a meeting maintaining perfect order and structure throughout."
849,/data/ajaunarena/our_dataset/images/830_2.jpg,These possessions are chains that bind me.,entailment,"the image you've provided appears to be an abstract or artistic representation, possibly of a collection of items or patterns. the sentence you've provided seems to be a metaphorical statement about feelings of constraint or obligation.

given the nature of the image and the sentence, it is not possible to determine a direct entailment or contradiction relationship between them. the sentence is a subjective interpretation of the image, and without additional context, it is not possible to definitively say whether the sentence entails or contradicts the image. the relationship between the two is more likely to be one of interpretation or symbolism, rather than a logical relationship."
850,/data/ajaunarena/our_dataset/images/830_2.jpg,My obligations restrict my freedom like physical belongings that weigh me down.,entailment,"the image you've provided appears to be an abstract or abstracted image, possibly a digital art piece or a photograph with a filter applied. it's difficult to provide a direct inference relationship between the image and the sentence you've provided because the sentence is a metaphorical statement about feelings of restriction or burden.

the image itself does not inherently entail or contradict the sentence. the relationship between the two would depend on the context in which they are used or the interpretation of the viewer. if the image is meant to visually represent the concept of being weighed down by obligations, then it could be seen as entailing the sentence. however, without additional context, it's not possible to definitively say whether the image entails or contradicts the sentence."
851,/data/ajaunarena/our_dataset/images/830_2.jpg,My obligations give me complete freedom and lightness of being.,contradiction,"the image you've provided appears to be an abstract or surreal artwork with various shapes and colors. the sentence you've provided is a philosophical statement about freedom and lightness of being.

the relationship between the image and the sentence is not one of entailment or contradiction. entailment would mean that the image logically follows from the sentence, which is not the case. contradiction would mean that the image logically contradicts the sentence, which is also not the case.

the relationship between the image and the sentence is more metaphorical or symbolic. the abstract nature of the image could be interpreted in many ways, and it might evoke feelings of freedom or lightness of being, which aligns with the sentiment expressed in the sentence. however, there is no direct logical relationship between the two."
852,/data/ajaunarena/our_dataset/images/744_2.jpg,Anger accelerated through him like a rocket launch.,entailment,"the image provided appears to be an abstract or artistic representation, and it is not possible to determine a direct inference relationship between the image and the sentence. the sentence describes a feeling of anger, while the image is a visual representation that may not have a direct connection to the emotions described in the sentence. therefore, the relationship between the image and the sentence is likely to be one of contradiction, as the image does not depict a literal rocket launch, and the sentence does not describe the image itself."
853,/data/ajaunarena/our_dataset/images/744_2.jpg,"His anger built up rapidly and explosively, reaching intense levels quickly.",entailment,"the image you provided appears to be an abstract or artistic representation, and it is not possible to determine a direct inference relationship between the image and the sentence you provided. the sentence describes a rapid and explosive buildup of anger, while the image is an abstract visual that does not depict a specific scene or emotion. therefore, the relationship between the image and the sentence is neither entailment nor contradiction, as they are not related in a way that would allow for such a relationship."
854,/data/ajaunarena/our_dataset/images/744_2.jpg,"His anger developed slowly and remained mild, never reaching significant intensity.",contradiction,"the image provided is a visual representation of colors and shapes, and it does not have a direct relationship with the sentence. therefore, the inference relationship between the image and the sentence is ""contradiction,"" as the image does not convey any information about the intensity of anger or its development over time."
855,/data/ajaunarena/our_dataset/images/1476_0.jpg,Her leadership navigated the team through the crisis.,entailment,"the image provided is a blurry and abstract representation of various shapes and colors, which does not depict a specific scene or context. it is not possible to determine an inference relationship between the image and the sentence provided, as the sentence describes a specific scenario that is not visually represented in the image. therefore, the relationship between the image and the sentence is ""contradiction,"" as the image does not depict the scenario described in the sentence."
856,/data/ajaunarena/our_dataset/images/1476_0.jpg,Her leadership caused the team to successfully manage the crisis.,entailment,"the image provided does not contain any text or information that would allow for a direct inference relationship with the sentence. therefore, it is not possible to determine whether the image entails or contradicts the sentence based on the visual content alone."
857,/data/ajaunarena/our_dataset/images/1476_0.jpg,Her leadership had no effect on the team's ability to handle the crisis.,contradiction,"the image provided does not have a direct relationship with the sentence. it is not possible to determine the inference relationship between the image and the sentence based on the visual content alone. the image appears to be a blurred or abstract representation of various shapes and colors, which does not provide any information that would allow for a logical inference relationship with the sentence."
858,/data/ajaunarena/our_dataset/images/505_2.jpg,The solution lies beneath these turbulent waters.,entailment,"the image and the sentence do not have a direct inference relationship. the image shows a pattern of light and dark, which could be interpreted as turbulent waters, but it does not provide any information about the solution to a problem. the sentence, ""the solution lies beneath these turbulent waters,"" is a metaphorical statement that does not logically follow from the image. therefore, the relationship between the image and the sentence is one of contradiction, as the image does not provide the information necessary to infer the truth of the sentence."
859,/data/ajaunarena/our_dataset/images/505_2.jpg,The answer exists but is hidden by the problem's challenging aspects.,entailment,the image and the sentence do not have an inference relationship. they are unrelated.
860,/data/ajaunarena/our_dataset/images/505_2.jpg,The solution is clearly visible and easily accessible.,contradiction,"the image and the sentence do not have a direct inference relationship. they are not related in a way that one entails the other or contradicts it. the image is a visual representation of light reflections, while the sentence is a statement about the color of the sky. they are independent of each other and do not logically entail or contradict each other."
861,/data/ajaunarena/our_dataset/images/24_0.jpg,The body mobilizes its forces to fight off the viral invasion.,entailment,"the image and the sentence do not have a direct relationship, so it is not possible to determine if the sentence entails or contradicts the image. the image appears to be an abstract or artistic representation, possibly of cells or some other organic or natural structure, while the sentence refers to the body's response to a viral infection. without a clear connection between the two, it is not possible to infer a relationship of entailment or contradiction."
862,/data/ajaunarena/our_dataset/images/24_0.jpg,The immune system activates various mechanisms to combat viral infections.,entailment,"the image and the sentence do not have a direct relationship, so it is not possible to determine if the image entails or contradicts the sentence. the image appears to be an abstract or artistic representation, while the sentence is a factual statement about the immune system."
863,/data/ajaunarena/our_dataset/images/24_0.jpg,The body remains passive and unresponsive when confronted with viral infections.,contradiction,"the image and the sentence have a contradictory relationship. the image shows a close-up of a plant with many small flowers, which is not related to the sentence about the body remaining passive and unresponsive when confronted with viral infections. the sentence is about the human body's response to viral infections, while the image depicts a plant, which is not capable of having a response to viral infections."
864,/data/ajaunarena/our_dataset/images/1249_1.jpg,Candlelight swirled through the room like a gentle current.,entailment,"the image and the sentence have an entailment relationship. the image depicts a swirling, light-filled scene that could be interpreted as candlelight, and the sentence describes a similar scene with candlelight swirling through a room. the sentence is a more specific description of the image, and thus it entails the image."
865,/data/ajaunarena/our_dataset/images/1249_1.jpg,The flickering candlelight created moving patterns of illumination in the space.,entailment,"the image of the flickering candlelight creating moving patterns of illumination in the space entails the sentence provided. the sentence describes the visual effect of the candlelight, which is clearly depicted in the image."
866,/data/ajaunarena/our_dataset/images/1249_1.jpg,The candlelight remained perfectly still and unchanging in the room.,contradiction,"the image and the sentence have a contradictory relationship. the image shows a dynamic and constantly changing pattern of light and color, which is inconsistent with the sentence's description of the candlelight remaining perfectly still and unchanging."
867,/data/ajaunarena/our_dataset/images/884_3.jpg,His emotional stability is a masterful balancing act.,entailment,"the image provided is an abstract and colorful pattern, which does not have a direct relationship with the sentence. the sentence describes a person's emotional stability, which is a concept and not an image. therefore, the relationship between the image and the sentence is neither entailment nor contradiction, as they are not related in any way."
868,/data/ajaunarena/our_dataset/images/884_3.jpg,He skillfully manages various emotional demands and pressures.,entailment,"the image provided does not contain any text or information that would allow for a direct inference relationship with the sentence. therefore, it is not possible to determine whether the image entails or contradicts the sentence based on the visual content alone."
869,/data/ajaunarena/our_dataset/images/884_3.jpg,He fails to handle emotional challenges and loses control easily.,contradiction,"the image provided does not have a direct relationship with the sentence. it is an abstract image with no clear connection to the sentence. therefore, the relationship between the image and the sentence is neither entailment nor contradiction."
870,/data/ajaunarena/our_dataset/images/1010_3.jpg,His grip on the business empire is unshakeable.,entailment,"the image provided does not contain any text or information that would allow for a direct inference relationship with the sentence. therefore, it is neither entailing nor contradicting the sentence. the image is an abstract pattern of shapes and colors, and the sentence is a statement about a person's control over a business. they are unrelated."
871,/data/ajaunarena/our_dataset/images/1010_3.jpg,He maintains complete control and ownership of his business enterprises.,entailment,"the image provided does not have a direct relationship with the sentence. it is an abstract image and does not depict any specific business enterprises or control. therefore, the relationship between the image and the sentence is neither entailment nor contradiction."
872,/data/ajaunarena/our_dataset/images/1010_3.jpg,His control over the business empire is weak and uncertain.,contradiction,"the image provided does not have a direct relationship with the sentence. it is an abstract image and does not depict a business empire or any control over it. therefore, the relationship between the image and the sentence is ""contradiction."""
873,/data/ajaunarena/our_dataset/images/377_2.jpg,A rainbow of opportunities emerges after the economic storm.,entailment,"the image depicts a colorful, abstract scene with a variety of shapes and colors, including blues, purples, yellows, and reds. the sentence ""a rainbow of opportunities emerges after the economic storm"" is a metaphorical description of a positive outcome following a difficult or challenging period.

the relationship between the image and the sentence is one of entailment. the image does not directly depict an economic storm or a rainbow, but the vibrant colors and abstract shapes could be interpreted as a visual representation of the metaphorical concept of a rainbow emerging after a storm. the image does not contradict the sentence; rather, it provides a visual complement that can be associated with the idea of hope and renewal after a period of difficulty."
874,/data/ajaunarena/our_dataset/images/377_2.jpg,New possibilities appear when difficult external conditions improve.,entailment,"the image depicts a colorful, abstract scene with various shapes and colors that could be interpreted as a sky or a dream-like landscape. the sentence ""new possibilities appear when difficult external conditions improve"" is a general statement about the positive outcomes that can result from overcoming challenges.

the relationship between the image and the sentence is one of entailment. the image does not directly depict the sentence, but it can be inferred that the image might evoke feelings of hope, optimism, or the idea of overcoming obstacles, which are themes that could be associated with the sentence. the image does not contradict the sentence; rather, it complements it by providing a visual representation that could be linked to the concept of improvement and new possibilities."
875,/data/ajaunarena/our_dataset/images/377_2.jpg,Opportunities disappear when external conditions improve.,contradiction,"the image depicts a colorful, abstract background with various shapes and colors, which does not have a direct relationship with the sentence provided. the sentence is a statement about a situation or phenomenon, while the image is a visual representation that does not inherently convey the meaning of the sentence. therefore, the relationship between the image and the sentence is neither entailment nor contradiction, as they are not related in a logical or factual sense."
876,/data/ajaunarena/our_dataset/images/1807_2.jpg,Time is an eroding coastline.,entailment,"the image and the sentence have a relationship of entailment. the image shows a blurred, abstract representation of a coastline, and the sentence describes time as an eroding coastline. the concept of time eroding a coastline is a metaphorical representation of the passage of time, which is a common theme in abstract art. the image visually conveys this concept, making the sentence a logical inference from the image."
877,/data/ajaunarena/our_dataset/images/1807_2.jpg,"Time constantly diminishes at a steady rate, regardless of our actions.",entailment,"the image and the sentence do not have an entailment or contradiction relationship. they are two separate entities, and the sentence is a statement about time, while the image is a visual representation that may or may not be related to the concept of time."
878,/data/ajaunarena/our_dataset/images/1807_2.jpg,Time expands and grows stronger with each passing moment.,contradiction,"the image provided appears to be an abstract or artistic representation, and it is not possible to determine a direct inference relationship between the image and the sentence. the sentence describes a conceptual relationship between time and its perceived strength, which is not visually represented in the image. therefore, the relationship between the image and the sentence is neither entailment nor contradiction."
879,/data/ajaunarena/our_dataset/images/587_2.jpg,They chewed through the competition.,entailment,"the image provided is a colorful abstract pattern, and it does not contain any text or depict any actions that could be inferred to relate to the sentence ""they chewed through the competition."" therefore, there is no inference relationship between the image and the sentence. the sentence is a statement that could be true or false, depending on the context, but it does not entail or contradict the image."
880,/data/ajaunarena/our_dataset/images/587_2.jpg,They systematically overcame and surpassed their competitors.,entailment,"the image provided appears to be an abstract or artistic representation, and it is not possible to determine a direct inference relationship between the image and the sentence. the sentence describes a competitive scenario, while the image is an abstract visual composition. there is no clear connection or relationship between the two that would allow for a definitive inference."
881,/data/ajaunarena/our_dataset/images/587_2.jpg,They struggled to compete and fell behind their rivals.,contradiction,"the image provided appears to be an abstract or artistic representation, and it is not possible to determine a direct inference relationship between the image and the sentence. the sentence describes a competitive situation, while the image is a visual representation that does not inherently convey a competitive scenario. therefore, the relationship between the image and the sentence is neither entailment nor contradiction."
882,/data/ajaunarena/our_dataset/images/1066_2.jpg,They exchanged authority over the department.,entailment,"the image provided is a blurry, abstract pattern of shapes and colors, which does not depict any specific scene or objects. it is not possible to determine an inference relationship between the image and the sentence provided, as the sentence describes a specific scenario involving authority exchange, which is not visually represented in the image. therefore, the relationship between the image and the sentence is ""contradiction,"" as the image does not depict the scenario described in the sentence."
883,/data/ajaunarena/our_dataset/images/1066_2.jpg,They transferred leadership responsibilities between themselves.,entailment,"the image provided is a blurry and abstract representation of shapes and colors, which does not depict any specific scene or action. it is not possible to determine the inference relationship between the image and the sentence based on the visual content alone. the sentence describes an action, but without any context or visual cues that relate to leadership or the transfer of responsibilities, it is not possible to infer a relationship between the image and the sentence. therefore, the relationship between the image and the sentence is neither entailment nor contradiction."
884,/data/ajaunarena/our_dataset/images/1066_2.jpg,"They maintained separate, unchanging spheres of authority.",contradiction,"the image provided does not have a direct relationship with the sentence. it is an abstract image with no clear connection to the concept of separate, unchanging spheres of authority. therefore, the relationship between the image and the sentence is neither entailment nor contradiction."
885,/data/ajaunarena/our_dataset/images/806_2.jpg,That hedge fund is a golden purse with holes in its lining.,entailment,"the image and the sentence have a contradictory relationship. the image shows a blurry, colorful pattern that does not depict a golden purse with holes in its lining. the sentence describes a specific object that is not present in the image."
886,/data/ajaunarena/our_dataset/images/806_2.jpg,That hedge fund has hidden fees that diminish its apparent high returns.,entailment,"the image and the sentence do not have a direct relationship, so it is not possible to determine if the sentence entails or contradicts the image. the image is a blurry, abstract pattern, and the sentence is a statement about a hedge fund's financial practices. without a clear connection between the two, there is no inference relationship that can be confidently determined."
887,/data/ajaunarena/our_dataset/images/806_2.jpg,That hedge fund is completely transparent with no hidden costs.,contradiction,"the image provided is an abstract pattern with no clear depiction of a hedge fund or any financial institution. it is not possible to determine the inference relationship between the image and the sentence based on the visual content alone. the sentence is a statement about a hedge fund, and the image does not provide any information that would allow for a determination of whether the statement is true or false. therefore, the relationship between the image and the sentence is neither entailment nor contradiction."
888,/data/ajaunarena/our_dataset/images/451_1.jpg,Love is a dance of yin and yang.,entailment,"the image provided appears to be an abstract pattern with no clear depiction of a dance or yin and yang. therefore, it is not possible to determine an inference relationship between the image and the sentence. the sentence is a metaphorical description of love, and the image does not provide any visual information that would allow for a direct inference relationship."
889,/data/ajaunarena/our_dataset/images/451_1.jpg,Love is the harmonious balance between two different but complementary personalities.,entailment,"the image provided does not have a direct relationship with the sentence. it is an abstract image with no clear depiction of love or personalities. therefore, the relationship between the image and the sentence is neither entailment nor contradiction."
890,/data/ajaunarena/our_dataset/images/451_1.jpg,Love is a competition where both partners fight for dominance and similarity.,contradiction,"the image provided does not have a direct relationship with the sentence. it is not possible to determine the inference relationship between the image and the sentence based on the visual content alone. the sentence appears to be a statement about love, which is a concept that cannot be directly inferred from the image."
891,/data/ajaunarena/our_dataset/images/861_3.jpg,His anger was a volcanic wasteland.,entailment,"the image and the sentence have a relationship of ""contradiction."" the image depicts a colorful, abstract pattern that does not resemble a volcanic wasteland. the sentence describes a scene that is the opposite of the image's appearance."
892,/data/ajaunarena/our_dataset/images/861_3.jpg,"His anger was destructive, intense, and threatened to erupt at any moment.",entailment,"the image provided is an abstract and colorful visual representation, and it does not have a direct relationship with the sentence. it is not possible to determine an inference relationship between the image and the sentence based on the visual content alone. the sentence describes a person's emotional state, while the image is an artistic expression that does not convey any specific meaning or emotion. therefore, the relationship between the image and the sentence is neither entailment nor contradiction."
893,/data/ajaunarena/our_dataset/images/861_3.jpg,"His anger was gentle, controlled, and completely harmless to others.",contradiction,"the image provided is an abstract, colorful pattern that does not depict any specific scene or object. it is not possible to determine an inference relationship between the image and the sentence provided, as the sentence describes a concept or emotion, whereas the image is purely visual and does not convey any specific meaning or message. therefore, the relationship between the image and the sentence is neither entailment nor contradiction, as they are not related in any meaningful way."
894,/data/ajaunarena/our_dataset/images/519_1.jpg,The company is navigating through troubled waters.,entailment,"the image provided appears to be a visual representation of a chaotic or turbulent environment, which could be interpreted as ""troubled waters"" in a metaphorical sense. the sentence ""the company is navigating through troubled waters"" describes a situation where a company is facing challenges or difficulties.

given the visual content and the sentence, the relationship between the image and the sentence can be inferred as ""entailment."" this means that the image entails the sentence, as the visual representation of turbulent waters can be understood as a metaphor for the challenges faced by a company navigating through difficult times."
895,/data/ajaunarena/our_dataset/images/519_1.jpg,The company is dealing with difficult circumstances and changes.,entailment,"the image provided appears to be a visual representation of chaos or a chaotic state, with various shapes and lines that seem to be in motion or overlapping. the sentence ""the company is dealing with difficult circumstances and changes"" describes a situation where a company is facing challenges and alterations.

the relationship between the image and the sentence can be inferred as ""entailment."" this is because the image of chaos or change can be seen as a visual metaphor for the difficult circumstances and changes that the company is dealing with. the image does not contradict the sentence; rather, it visually represents the concept of dealing with difficult circumstances and changes."
896,/data/ajaunarena/our_dataset/images/519_1.jpg,The company is experiencing perfectly smooth and stable conditions.,contradiction,"the image depicts a chaotic and dynamic scene with lightning bolts and a blurred background, which is the opposite of perfectly smooth and stable conditions. therefore, the relationship between the image and the sentence is one of contradiction."
897,/data/ajaunarena/our_dataset/images/374_1.jpg,The economic forecast shows sunny skies ahead.,entailment,"the image depicts a cloudy sky, which is the opposite of sunny skies. therefore, the relationship between the image and the sentence is ""contradiction."""
898,/data/ajaunarena/our_dataset/images/374_1.jpg,External conditions indicate positive developments in the near future.,entailment,"based on the image provided, which appears to be an abstract or artistic representation of shapes and colors, it is not possible to determine an inference relationship between the image and the sentence. the sentence is a statement about external conditions, which is not directly related to the visual content of the image. therefore, the relationship between the image and the sentence is neither entailment nor contradiction, as they are not related in a logical or inferential sense."
899,/data/ajaunarena/our_dataset/images/374_1.jpg,External conditions suggest difficult times ahead.,contradiction,"the image depicts a colorful, abstract pattern that does not inherently convey any specific message or information about external conditions. therefore, the relationship between the image and the sentence is ""contradiction,"" as the image does not entail the sentence and the sentence does not contradict the image."
900,/data/ajaunarena/our_dataset/images/45_3.jpg,The weight of drinks stacked up like bricks on his consciousness.,entailment,"the image provided does not have a direct relationship with the sentence. it is not possible to determine if the image entails or contradicts the sentence, as the sentence is not related to the content of the image."
901,/data/ajaunarena/our_dataset/images/45_3.jpg,Each additional drink made him progressively more intoxicated and less aware.,entailment,"the image provided does not have a direct relationship with the sentence. it appears to be a blurred image of a cityscape, which does not entail or contradict the sentence. the sentence describes a person's behavior after consuming alcohol, while the image shows a different subject matter. therefore, the relationship between the image and the sentence is neither entailment nor contradiction."
902,/data/ajaunarena/our_dataset/images/45_3.jpg,Each drink made him more alert and mentally sharper.,contradiction,"the image provided does not contain any information that can be directly inferred to relate to the sentence provided. therefore, the relationship between the image and the sentence is ""contradiction,"" as the image does not provide any evidence or information that supports the sentence."
903,/data/ajaunarena/our_dataset/images/95_2.jpg,Their words were landmines scattered throughout the conversation.,entailment,"the image provided appears to be an abstract or artistic representation, possibly of stars or some other pattern, with a colorful and somewhat pixelated appearance. the sentence ""their words were landmines scattered throughout the conversation"" is a description of a situation where someone's words were metaphorically dangerous or harmful, like landmines.

the relationship between the image and the sentence is one of ""contradiction."" the image is an artistic representation that does not depict landmines or a conversation, and the sentence describes a situation that is not visually represented in the image. the two are not related in a way that one entails the other; instead, they are in contrast to each other."
904,/data/ajaunarena/our_dataset/images/95_2.jpg,"Their potentially hurtful comments were hidden throughout the discussion, ready to cause damage.",entailment,"the image provided is a pixelated, abstract pattern with no clear representation of anything specific. it does not contain any text or depict any actions or events. therefore, it is not possible to determine an inference relationship between the image and the sentence provided. the sentence is a statement about a discussion, which is not related to the image."
905,/data/ajaunarena/our_dataset/images/95_2.jpg,Their words were clearly visible beacons of safety in the conversation.,contradiction,"the image provided is a pixelated, abstract pattern with no clear, recognizable shapes or objects. it does not depict any beacons of safety or any other specific objects or elements. therefore, the relationship between the image and the sentence is ""contradiction,"" as the image does not entail the presence of beacons of safety in the conversation."
906,/data/ajaunarena/our_dataset/images/174_3.jpg,He's dancing on thin ice.,entailment,"the image and the sentence do not have a direct relationship, so it is neither entailment nor contradiction. they are unrelated."
907,/data/ajaunarena/our_dataset/images/174_3.jpg,He's in a precarious situation where harm is likely to occur.,entailment,"the image provided is an abstract pattern of shapes and colors, and it does not depict a specific scene or situation. therefore, it is not possible to determine the inference relationship between the image and the sentence you provided. the sentence describes a scenario that is not visually represented in the image."
908,/data/ajaunarena/our_dataset/images/174_3.jpg,He's on completely solid and safe ground.,contradiction,"the image provided appears to be an abstract or artistic representation of a scene, possibly with a focus on light and shadow or a particular color palette. the sentence ""he's on completely solid and safe ground"" is a statement about a person's situation or position.

given the nature of the image and the sentence, it is not possible to determine an inference relationship between the two. the image does not provide information that would allow for a direct inference about the person's situation, and the sentence does not describe the content of the image. therefore, the relationship between the image and the sentence is neither entailment nor contradiction."
909,/data/ajaunarena/our_dataset/images/1640_1.jpg,Their relationship is a well-tuned symphony.,entailment,"the relationship between the image and the sentence is one of entailment. the image depicts a colorful, abstract pattern that could be interpreted as a visual representation of a symphony. the sentence, ""their relationship is a well-tuned symphony,"" is an inference that describes the relationship between the image and the sentence as harmonious and well-coordinated, much like the different elements of a symphony."
910,/data/ajaunarena/our_dataset/images/1640_1.jpg,Their relationship functions smoothly with all parties working together in perfect balance.,entailment,"the image and the sentence do not have a direct relationship, so it is not possible to determine if the relationship is one of entailment or contradiction. the image is a colorful abstract pattern, while the sentence is a statement about the relationship between the image and the sentence. without additional context, it is not possible to infer a relationship between the two."
911,/data/ajaunarena/our_dataset/images/1640_1.jpg,"Their relationship is chaotic and discordant, with constant conflict and misalignment.",contradiction,"the relationship between the image and the sentence is ""contradiction."" the image is described as having a chaotic and discordant relationship, which is the opposite of the sentence, which is a description of the relationship between the image and the sentence itself."
912,/data/ajaunarena/our_dataset/images/918_2.jpg,The artwork has reached its final destination.,entailment,"the image and the sentence have a relationship of contradiction. the image depicts a colorful, abstract pattern that does not provide any information about an artwork reaching its final destination. the sentence is a statement that is not supported by the visual content of the image."
913,/data/ajaunarena/our_dataset/images/918_2.jpg,The artwork has been completely created and finished.,entailment,"the image and the sentence do not have a direct relationship that would allow for a clear inference relationship of entailment or contradiction. the image appears to be an abstract artwork with various shapes and colors, while the sentence is a simple statement about the completion of a work of art. without additional context, it is not possible to determine if the sentence entails or contradicts the image."
914,/data/ajaunarena/our_dataset/images/918_2.jpg,The artwork remains incomplete and unfinished.,contradiction,"the relationship between the image and the sentence is one of entailment. the sentence ""the artwork remains incomplete and unfinished"" is a logical consequence of the image, which appears to be a close-up of a colorful, abstract pattern that is not fully visible or clear. the incompleteness of the image suggests that it is not finished, which is what the sentence describes."
915,/data/ajaunarena/our_dataset/images/941_0.jpg,Darkness wore its velvet cover like a cloak.,entailment,"the image and the sentence have a contradictory relationship. the image depicts a bright, starry sky, which is the opposite of darkness. the sentence describes darkness as wearing a velvet cover, which is a metaphorical way of describing the night sky, but the image does not match the description of darkness."
916,/data/ajaunarena/our_dataset/images/941_0.jpg,The darkness was smooth and complete in its encompassing nature.,entailment,"the image and the sentence have a contradictory relationship. the image shows a starry sky with numerous stars, which is the opposite of the sentence's description of the darkness being smooth and complete in its encompassing nature. the presence of stars contradicts the idea of complete darkness."
917,/data/ajaunarena/our_dataset/images/941_0.jpg,"The darkness was rough and patchy, leaving gaps of light everywhere.",contradiction,"the image and the sentence have a contradictory relationship. the image shows a starry sky with a smooth and continuous distribution of stars, whereas the sentence describes the darkness as rough and patchy, which is the opposite of the image's appearance."
918,/data/ajaunarena/our_dataset/images/404_0.jpg,Her inner light illuminates her musical talents.,entailment,"the image provided appears to be an abstract or artistic representation, possibly of light or stars, and does not directly depict a person or their inner light. therefore, it is not possible to determine an inference relationship between the image and the sentence provided. the sentence describes a person's inner light illuminating their musical talents, which is a metaphorical concept that cannot be visually represented in the image."
919,/data/ajaunarena/our_dataset/images/404_0.jpg,Her natural understanding enhances her musical abilities.,entailment,"the image provided is an abstract, colorful pattern with no discernible content that could be related to the sentence. therefore, there is no entailment or contradiction relationship between the image and the sentence. the sentence is a statement about a person's abilities, while the image is purely visual and does not convey any information that could be related to the sentence."
920,/data/ajaunarena/our_dataset/images/404_0.jpg,Her internal darkness obscures her musical potential.,contradiction,"the image provided does not have a direct relationship with the sentence. it is an abstract image with no clear connection to the sentence. therefore, the relationship between the image and the sentence is neither entailment nor contradiction."
921,/data/ajaunarena/our_dataset/images/1612_2.jpg,We need to quarantine these toxic ideas before they spread further.,entailment,"the image you've provided appears to be an abstract pattern with various shapes and colors. it does not contain any text or depict any specific objects that would allow for a direct inference relationship with a sentence. therefore, it is not possible to determine if the image entails or contradicts a sentence without additional context.

the sentence you've provided, ""we need to quarantine these toxic ideas before they spread further,"" is a statement that could be interpreted in various ways depending on the context in which it is used. without additional information, it is not possible to determine if this sentence entails or contradicts the image.

in general, to determine the inference relationship between an image and a sentence, one would need to consider the content of both the image and the sentence, as well as the context in which they are presented. if the image and the sentence are related in a way that the sentence can be logically derived from the image, then the sentence entails the image. if the sentence contradicts the image, then the sentence contradicts the image. if the sentence does not logically follow from the image and the image does not contradict the sentence, then the relationship is neither entailment nor contradiction."
922,/data/ajaunarena/our_dataset/images/1612_2.jpg,We must isolate and prevent these harmful beliefs from influencing more people.,entailment,"the image provided appears to be an abstract pattern with various shapes and colors. it does not contain any text or depict any specific objects or actions that would allow for a direct inference relationship with a sentence. therefore, it is not possible to determine if the image entails or contradicts any sentence without additional context."
923,/data/ajaunarena/our_dataset/images/1612_2.jpg,We should freely allow all ideas to circulate without any restrictions or concerns.,contradiction,"the image provided appears to be an abstract pattern with various shapes and colors. the sentence ""we should freely allow all ideas to circulate without any restrictions or concerns"" is a statement about the promotion of free thought and expression.

the relationship between the image and the sentence is not one of entailment or contradiction. entailment would imply that the image somehow logically implies the sentence, which it does not. contradiction would imply that the image and the sentence are logically opposed to each other, which they are not.

the image and the sentence are unrelated in terms of their content and meaning. the image is a visual representation, while the sentence is a statement in natural language. they do not logically entail or contradict each other."
924,/data/ajaunarena/our_dataset/images/1678_2.jpg,Their reputation sparkled like polished diamond.,entailment,"the image and the sentence have an entailment relationship. the sentence ""their reputation sparkled like polished diamond"" can be inferred from the image, which shows a sparkling, diamond-like pattern. the image does not contradict the sentence; rather, it supports it by visually representing the sparkling, diamond-like quality described in the sentence."
925,/data/ajaunarena/our_dataset/images/1678_2.jpg,Their moral standing in society was impeccable and beyond reproach.,entailment,"the image provided is an abstract pattern with no discernible content that could be related to the sentence. therefore, there is no inference relationship between the image and the sentence. the sentence is a statement about moral standing, while the image is purely visual and does not convey any information that could be inferred from the sentence."
926,/data/ajaunarena/our_dataset/images/1678_2.jpg,Their reputation was sullied by numerous ethical scandals.,contradiction,"the image provided does not contain any text or information that would allow for an inference relationship to be determined between the image and the sentence. the sentence is a statement about a reputation being sullied by ethical scandals, while the image appears to be an abstract pattern with no discernible content that would relate to the sentence. therefore, there is no entailment or contradiction relationship between the image and the sentence."
927,/data/ajaunarena/our_dataset/images/301_1.jpg,She invested her morning hours wisely.,entailment,"the image provided does not have a direct relationship with the sentence. it is an abstract image with no clear connection to the sentence. therefore, the relationship between the image and the sentence is neither entailment nor contradiction."
928,/data/ajaunarena/our_dataset/images/301_1.jpg,She used her morning hours productively and efficiently.,entailment,"the image provided does not have a direct relationship with the sentence. it is an abstract image with no clear connection to the sentence. therefore, the relationship between the image and the sentence is neither entailment nor contradiction."
929,/data/ajaunarena/our_dataset/images/301_1.jpg,She carelessly wasted her morning hours without purpose.,contradiction,"the image provided does not have a direct relationship with the sentence. it is an abstract image with no clear connection to the sentence. therefore, the relationship between the image and the sentence is neither entailment nor contradiction."
930,/data/ajaunarena/our_dataset/images/163_2.jpg,His eyes stretched across the vast horizon.,entailment,"the image and the sentence do not have a direct relationship, so it is neither entailment nor contradiction. the sentence is a description of a scene that could be depicted in the image, but it is not a logical relationship between the two."
931,/data/ajaunarena/our_dataset/images/163_2.jpg,He looked at the entire expanse of the horizon.,entailment,"the image and the sentence have an entailment relationship. the image depicts a colorful, abstract horizon, and the sentence describes a person looking at the entire expanse of the horizon. the image can be inferred to represent the horizon that the person is looking at, and the sentence provides additional context about the person's action."
932,/data/ajaunarena/our_dataset/images/163_2.jpg,He could only see a small portion of the horizon.,contradiction,"the image and the sentence have a relationship of contradiction. the image shows a vast and expansive horizon, while the sentence implies that the person could only see a small portion of it. this creates a contradiction between the visual content of the image and the statement in the sentence."
933,/data/ajaunarena/our_dataset/images/1310_2.jpg,Her anger was a raging inferno that consumed everything in its path.,entailment,"the image and the sentence have an entailment relationship. the image depicts a chaotic and intense scene that could be described as a raging inferno, which is a visual representation of the concept of anger consuming everything in its path. the sentence uses the metaphor of a raging inferno to describe the intensity and destructive nature of the person's anger, which is a valid interpretation of the image."
934,/data/ajaunarena/our_dataset/images/1310_2.jpg,Her intense anger was overwhelming and affected everyone around her.,entailment,"the image provided appears to be an abstract or artistic representation of a scene, possibly with a warm or fiery color palette. it does not depict a specific person or emotion, such as intense anger. therefore, the relationship between the image and the sentence is ""contradiction,"" as the image does not entail the sentence's content."
935,/data/ajaunarena/our_dataset/images/1310_2.jpg,Her anger was mild and had no impact on those around her.,contradiction,"the image provided does not have a direct relationship with the sentence. it is an abstract image with various shapes and colors, and there is no clear connection to the sentence describing a person's anger. therefore, the relationship between the image and the sentence is neither entailment nor contradiction."
936,/data/ajaunarena/our_dataset/images/79_3.jpg,The bridge of causality spans between action and reaction.,entailment,"the image provided appears to be a collage of various elements, including what looks like a bridge, but it is not clear how it relates to the sentence provided. the sentence describes a conceptual relationship between action and reaction, which is not directly visible in the image. therefore, the relationship between the image and the sentence is one of contradiction, as the image does not depict the conceptual relationship described in the sentence."
937,/data/ajaunarena/our_dataset/images/79_3.jpg,There is a direct connection linking every action to its consequence.,entailment,"the image you've provided appears to be a collage of various elements, possibly representing different actions and their consequences. however, without a clear understanding of the specific content of the image and the sentence, it's difficult to determine the exact relationship between them.

if the sentence is a statement that describes the content of the image, then the relationship could be one of entailment, where the sentence logically follows from the image. for example, if the image shows a series of actions leading to a specific consequence, and the sentence states that there is a direct connection linking every action to its consequence, then the sentence would entail the image.

on the other hand, if the sentence is a general statement that does not directly relate to the content of the image, then the relationship could be one of contradiction, where the sentence contradicts the content of the image. for example, if the sentence states that there is no direct connection linking every action to its consequence, and the image shows a series of actions leading to a specific consequence, then the sentence would contradict the image.

without more context, it's not possible to definitively determine the relationship between the image and the sentence."
938,/data/ajaunarena/our_dataset/images/79_3.jpg,Actions and reactions exist on separate shores with no connecting pathway.,contradiction,"the image and the sentence do not have a direct relationship, so it is not possible to determine if the sentence entails or contradicts the image. the sentence describes a conceptual relationship between actions and reactions, while the image appears to be a collage of various elements, possibly representing different things. without a clear connection between the two, it is not possible to make a definitive inference relationship."
939,/data/ajaunarena/our_dataset/images/93_1.jpg,His words were a shield against criticism.,entailment,"the image you've provided appears to be an abstract or artistic representation of letters and words, rather than a literal depiction of a shield against criticism. therefore, it is not possible to determine an entailment or contradiction relationship between the image and the sentence you've provided. the sentence is a metaphorical statement, and the image is a visual metaphor, but they do not logically entail or contradict each other."
940,/data/ajaunarena/our_dataset/images/93_1.jpg,He used careful language to protect himself from negative feedback.,entailment,"the image and the sentence do not have a direct relationship, so it is not possible to determine if the image entails or contradicts the sentence. the image appears to be a colorful, abstract pattern, while the sentence is a statement about language use. without additional context, it is not possible to infer a relationship between the two."
941,/data/ajaunarena/our_dataset/images/93_1.jpg,His words left him completely vulnerable to attacks.,contradiction,"the image you've provided appears to be an abstract or artistic representation of letters and words, rather than a depiction of a specific sentence or text. therefore, it is not possible to determine an inference relationship between the image and the sentence you've provided. the sentence you've given is a statement about a person's vulnerability, which is not directly related to the visual content of the image."
942,/data/ajaunarena/our_dataset/images/1423_1.jpg,The economy plummeted into a bottomless pit.,entailment,"the image and the sentence do not have a direct relationship, so it is not possible to determine if the sentence entails or contradicts the image. the image appears to be an abstract pattern with no clear connection to the sentence about the economy."
943,/data/ajaunarena/our_dataset/images/1423_1.jpg,The economy suffered severe and lasting damage.,entailment,"the image provided does not contain any information that can be directly inferred to have a relationship with the sentence. the image appears to be an abstract pattern with no discernible content that could be related to the economy or any other specific topic. therefore, the relationship between the image and the sentence is neither entailment nor contradiction, as there is no logical connection between the two."
944,/data/ajaunarena/our_dataset/images/1423_1.jpg,The economy rose to unprecedented heights of prosperity.,contradiction,"the image provided does not have a direct relationship with the sentence. it is an abstract image with no clear connection to the sentence about the economy. therefore, the relationship between the image and the sentence is neither entailment nor contradiction."
945,/data/ajaunarena/our_dataset/images/1598_2.jpg,Opportunities are seeds requiring fertile soil and care.,entailment,"the image and the sentence have a relationship of entailment. the image shows a close-up of what appears to be seeds, and the sentence describes seeds as opportunities that require fertile soil and care. the image visually represents the concept of seeds, which are indeed opportunities for growth, and the sentence provides a verbal description of the same concept."
946,/data/ajaunarena/our_dataset/images/1598_2.jpg,Opportunities need nurturing and favorable conditions to grow into success.,entailment,"the image provided appears to be an abstract or artistic representation, and it is not possible to determine a direct inference relationship between the image and the sentence. the sentence describes a conceptual relationship between opportunities and their growth into success, which is not visually represented in the image. therefore, the relationship between the image and the sentence is neither entailment nor contradiction, as they are not related in a logical or factual sense."
947,/data/ajaunarena/our_dataset/images/1598_2.jpg,Opportunities succeed automatically without any cultivation or favorable conditions.,contradiction,"the image provided appears to be a colorful, abstract pattern with no clear depiction of opportunities or their success. the sentence provided is a statement about opportunities and their success.

given the nature of the image and the sentence, it is not possible to determine an inference relationship between the two. the image does not provide any information that would allow for a logical inference to be made about the sentence. therefore, the relationship between the image and the sentence is neither entailment nor contradiction."
948,/data/ajaunarena/our_dataset/images/995_0.jpg,The judge within me sentences my heart to solitary confinement.,entailment,"the image and the sentence do not have a direct relationship, so it is neither entailment nor contradiction. they are unrelated."
949,/data/ajaunarena/our_dataset/images/995_0.jpg,My self-criticism causes me to suppress and isolate my emotions.,entailment,"the image you've provided appears to be an abstract pattern with no clear depiction of a person or their emotions. therefore, it is not possible to infer a relationship between the image and the sentence you've provided. the sentence describes a psychological state, which is not visually represented in the image. the relationship between the image and the sentence is neither entailment nor contradiction, as they are not related in any way."
950,/data/ajaunarena/our_dataset/images/995_0.jpg,My self-assessment always leads to emotional freedom and expression.,contradiction,"the image you've provided appears to be an abstract pattern with no clear depiction of anything that could be inferred to relate to the sentence you've provided. therefore, the relationship between the image and the sentence is neither entailment nor contradiction, as there is no logical relationship between the two."
951,/data/ajaunarena/our_dataset/images/1082_3.jpg,Vision's container holds our visual world captive.,entailment,"the image and the sentence have a relationship of entailment. the image depicts a colorful, abstract pattern that could be interpreted as a visual representation of a container holding a visual world captive. the sentence describes a concept that is visually represented in the image."
952,/data/ajaunarena/our_dataset/images/1082_3.jpg,Our visual field is confined within specific limits that contain everything we can see.,entailment,"the image you've provided appears to be an abstract or fractal-like pattern with a variety of colors and shapes. the sentence you've provided is a philosophical statement about the nature of our visual perception and the limitations of our field of vision.

the relationship between the image and the sentence is one of entailment. the image, being an abstract representation, does not directly depict the concept of our visual field being confined within specific limits. however, the abstract nature of the image can be seen as a metaphorical representation of the limitations of our visual perception, which is what the sentence is discussing. the image, therefore, entails the concept of the limitations of our visual field, as suggested by the sentence."
953,/data/ajaunarena/our_dataset/images/1082_3.jpg,Our visual perception flows freely beyond any containment or restriction.,contradiction,"the image and the sentence do not have a direct relationship that would allow for a clear inference relationship of entailment or contradiction. the sentence is a philosophical statement about the nature of visual perception, while the image is an abstract, colorful pattern that does not inherently relate to the concept of visual perception being free from containment or restriction. therefore, it is neither entailing nor contradicting the sentence."
954,/data/ajaunarena/our_dataset/images/1937_3.jpg,He's my most guarded treasure in life's safe.,entailment,"the image provided appears to be an abstract or abstracted image, possibly a digital or artistic creation. it does not depict a literal scene or object that can be directly related to the sentence provided. therefore, the relationship between the image and the sentence is neither entailment nor contradiction. the sentence is a metaphorical statement, and the image does not provide enough context to determine if it entails or contradicts the sentence."
955,/data/ajaunarena/our_dataset/images/1937_3.jpg,I protect and value this relationship above all else in my life.,entailment,"the image you've provided appears to be an abstract or abstracted image with various shapes and colors. the sentence you've provided is a personal statement about the importance of a relationship.

given the nature of the image and the sentence, it is not possible to determine an entailment or contradiction relationship between them. the sentence is a subjective statement about the speaker's feelings, and the image is a visual representation that does not inherently relate to the sentiment expressed in the sentence. therefore, the relationship between the image and the sentence is neither entailment nor contradiction."
956,/data/ajaunarena/our_dataset/images/1937_3.jpg,I take this relationship for granted and make no effort to protect it.,contradiction,"the image provided appears to be an abstract or abstracted pattern with various shapes and colors. the sentence provided is not directly related to the image and does not entail or contradict any aspect of the image. therefore, the relationship between the image and the sentence is neither entailment nor contradiction."
957,/data/ajaunarena/our_dataset/images/989_3.jpg,Their love was a perpetual flame that never cooled.,entailment,"the image and the sentence have a relationship of entailment. the image depicts a bright, warm, and glowing scene that could be interpreted as a perpetual flame, and the sentence describes a love that never cools, which is a metaphor for a love that is always passionate and intense. the image visually represents the concept of a perpetual flame, which is what the sentence is describing."
958,/data/ajaunarena/our_dataset/images/989_3.jpg,Their affection remained constant and unwavering over time.,entailment,"the image and the sentence do not have a direct inference relationship. the image appears to be an abstract or artistic representation, possibly of a fireworks display or a similar effect, with no clear connection to the sentence about affection remaining constant. the sentence is a statement of fact or emotion, while the image is a visual representation that may evoke feelings or emotions but does not logically entail or contradict the sentence."
959,/data/ajaunarena/our_dataset/images/989_3.jpg,Their relationship was temporary and quickly grew cold.,contradiction,"the image and the sentence do not have a direct relationship, so it is not possible to determine if the sentence entails or contradicts the image. the sentence appears to describe a situation or a feeling, while the image is an abstract representation of light and color, which does not inherently relate to the sentence's content."
960,/data/ajaunarena/our_dataset/images/1407_3.jpg,Events sprint forward like Olympic runners.,entailment,"the image provided appears to be a visual representation of a sequence of events or actions, possibly related to a game or a process. the sentence ""events sprint forward like olympic runners"" is a metaphorical description of events occurring rapidly or at a fast pace.

the relationship between the image and the sentence is one of entailment. the image visually represents the concept of events happening quickly or in rapid succession, which is what the sentence is describing metaphorically. the image does not contradict the sentence; instead, it provides a visual interpretation of the concept described in the sentence."
961,/data/ajaunarena/our_dataset/images/1407_3.jpg,External circumstances progress rapidly and purposefully toward a goal.,entailment,"the image provided appears to be an abstract or artistic representation of various shapes and colors, which do not inherently convey the concept of external circumstances progressing rapidly and purposefully toward a goal. therefore, the relationship between the image and the sentence is one of contradiction. the image does not entail the sentence, and the sentence does not contradict the image."
962,/data/ajaunarena/our_dataset/images/1407_3.jpg,"Events collapse exhausted, making no progress toward any destination.",contradiction,"the image provided appears to be an abstract or artistic representation, and it is not possible to determine a direct relationship between the image and the sentence you provided. the sentence describes a scenario, while the image is a visual composition that does not inherently convey a specific scenario or relationship to the sentence. therefore, the relationship between the image and the sentence is neither entailment nor contradiction, as they are not related in a meaningful way."
963,/data/ajaunarena/our_dataset/images/1454_3.jpg,His ideologies were hand-me-down clothes that never quite fit.,entailment,"the image and the sentence do not have a direct relationship, so it is not possible to determine if the sentence entails or contradicts the image. the image appears to be a collage of various words and phrases, while the sentence is a description of a person's ideologies. without more context or a clearer connection between the image and the sentence, it is not possible to make a definitive determination about the relationship between the two."
964,/data/ajaunarena/our_dataset/images/1454_3.jpg,His adopted beliefs from others didn't align with his true personality.,entailment,"the image and the sentence do not have a direct inference relationship. they are not related in a way that one can be logically derived from the other. the image appears to be an abstract pattern of shapes and colors, while the sentence is a statement about a person's beliefs and personality. the relationship between the two is not one of entailment or contradiction, as they are not related in a logical or factual sense."
965,/data/ajaunarena/our_dataset/images/1454_3.jpg,His personal beliefs were perfectly tailored to his individual nature.,contradiction,"the image and the sentence do not have a direct relationship, so it is not possible to determine if the sentence entails or contradicts the image. the image appears to be a colorful, abstract pattern, while the sentence is a statement about a person's beliefs. without more context or a clearer connection between the two, it is not possible to make an inference relationship determination."
966,/data/ajaunarena/our_dataset/images/1021_1.jpg,Squares are boxes of perfect symmetry.,entailment,"the image and the sentence have a relationship of contradiction. the image shows a pattern of squares that are not necessarily boxes of perfect symmetry. the sentence, on the other hand, states that squares are boxes of perfect symmetry, which is not true for all squares. therefore, the sentence contradicts the visual content of the image."
967,/data/ajaunarena/our_dataset/images/1021_1.jpg,"Square shapes have equal sides and angles, creating balanced proportions.",entailment,"the image and the sentence have an entailment relationship. the image shows a pattern of shapes that are likely to be squares, and the sentence describes the properties of squares, which include having equal sides and angles. the sentence is a logical consequence of the properties of squares, which are visually represented in the image."
968,/data/ajaunarena/our_dataset/images/1021_1.jpg,Squares are irregular and chaotic in their dimensions.,contradiction,"the image and the sentence have a contradictory relationship. the image shows a pattern of squares that are regular and orderly in their dimensions, which contradicts the sentence's description of the squares being irregular and chaotic in their dimensions."
969,/data/ajaunarena/our_dataset/images/891_3.jpg,The building's facade flows like a river.,entailment,"the relationship between the image and the sentence is one of entailment. the image shows a building facade that has a flowing, river-like appearance, which is a visual representation of the concept described in the sentence. the sentence does not contradict the image; rather, it accurately describes the visual content of the image."
970,/data/ajaunarena/our_dataset/images/891_3.jpg,"The building's exterior design features continuous, smooth transitions between its structural elements.",entailment,"the image and the sentence have an entailment relationship. the sentence describes the building's exterior design, which is visually represented in the image. the image shows smooth transitions between the building's structural elements, which is a specific detail that the sentence entails."
971,/data/ajaunarena/our_dataset/images/891_3.jpg,The building's facade is angular and abruptly segmented.,contradiction,"the image and the sentence have a contradictory relationship. the image shows a building facade with angular and abruptly segmented lines, which is the opposite of the sentence's description of the building's facade as ""curved and smoothly segmented."""
972,/data/ajaunarena/our_dataset/images/1161_1.jpg,Their opposing theories raced neck-and-neck toward the finish line of academic consensus.,entailment,"the image and the sentence are related through an entailment relationship. the image is a visual representation of the sentence, which describes the academic consensus on the theories of inference. the sentence entails the image, as it provides a clear explanation of what the image is meant to represent."
973,/data/ajaunarena/our_dataset/images/1161_1.jpg,Their competing theoretical frameworks were equally compelling and closely matched in explanatory power.,entailment,"the image provided does not have a direct relationship with the sentence. it appears to be an abstract or artistic image, possibly representing a concept or idea, but it does not logically entail or contradict the sentence. the sentence describes a theoretical framework, which is not visually represented in the image. therefore, the relationship between the image and the sentence is neither entailment nor contradiction."
974,/data/ajaunarena/our_dataset/images/1161_1.jpg,"Their theories were clearly unequal, with one obviously superior to the other.",contradiction,"the image provided is an abstract, colorful pattern with no clear depiction of a sentence or text. therefore, it is not possible to determine an inference relationship between the image and the sentence you provided. the sentence you provided is a statement about theories being unequal and one being superior to the other. this is a statement that can be true or false, depending on the context and the specific theories being referred to."
975,/data/ajaunarena/our_dataset/images/368_0.jpg,He's a lone wolf howling at every moon.,entailment,"the image provided is a blurry, abstract image with no clear depiction of a wolf or a moon. therefore, it is not possible to determine an inference relationship between the image and the sentence. the sentence is a metaphorical description of a person, and the image does not provide any visual information that would allow for a direct inference relationship."
976,/data/ajaunarena/our_dataset/images/368_0.jpg,He constantly seeks romantic attention from anyone available.,entailment,"the image provided does not contain any information that can be inferred to have a relationship with the sentence. the image appears to be an abstract or artistic representation, and there is no discernible content that could be related to the sentence. therefore, the relationship between the image and the sentence is neither entailment nor contradiction, as there is no logical connection between the two."
977,/data/ajaunarena/our_dataset/images/368_0.jpg,He is selective and particular about his romantic interests.,contradiction,"the image provided does not have a direct relationship with the sentence. it is a visual representation of a pattern or texture, which does not inherently entail or contradict the sentence about romantic interests. the sentence is a statement about a person's behavior or preferences, while the image is purely abstract and does not convey any specific meaning or information. therefore, the relationship between the image and the sentence is neither entailment nor contradiction."
978,/data/ajaunarena/our_dataset/images/1511_1.jpg,Each state is a room in America's house.,entailment,"the image depicts a collage of various rooms, each with its own unique design and decor. the sentence ""each state is a room in america's house"" is a metaphorical statement that does not literally describe the image. therefore, the relationship between the image and the sentence is one of metaphorical entailment, as the sentence conveys a concept that is not directly visible in the image but is related to it through the metaphor."
979,/data/ajaunarena/our_dataset/images/1511_1.jpg,States are interconnected yet distinct units that together form the complete nation.,entailment,"the image and the sentence have an entailment relationship. the image depicts a cityscape with many buildings, which can be inferred to represent a nation or a group of states. the sentence describes states as interconnected yet distinct units that together form a nation. the image visually represents the concept of states as distinct yet interconnected parts of a nation, which is the meaning conveyed by the sentence."
980,/data/ajaunarena/our_dataset/images/1511_1.jpg,States are completely isolated entities with no relationship to the whole nation.,contradiction,"the image depicts a densely packed urban area with many buildings, suggesting a high level of urbanization and possibly a high population density. the sentence, ""states are completely isolated entities with no relationship to the whole nation,"" is a statement about the political and geographical structure of the united states, which is composed of individual states that are part of a larger federal system.

the relationship between the image and the sentence is one of contradiction. the image shows a highly interconnected urban environment, which is in contrast to the sentence's assertion that states are completely isolated. this contradiction suggests that the image and the sentence are not related in terms of their content or the message they convey."
981,/data/ajaunarena/our_dataset/images/1693_0.jpg,"The researchers are architects, designing theoretical skyscrapers.",entailment,"the image provided appears to be an abstract digital art piece with no clear connection to the sentence provided. the sentence describes a scenario where researchers are architects designing theoretical skyscrapers. the image does not entail or contradict the sentence, as it does not depict any architects or skyscrapers, nor does it provide any information that would allow for a logical inference relationship between the image and the sentence."
982,/data/ajaunarena/our_dataset/images/1693_0.jpg,"The researchers are creating complex, comprehensive theories that build upon each other.",entailment,"the image provided appears to be an abstract digital art piece with a blend of colors and shapes that do not have a clear, recognizable subject. the sentence provided describes a process of scientific research where theories are built upon each other.

the relationship between the image and the sentence is one of ""contradiction."" the image does not depict a process of scientific research or the creation of comprehensive theories, and it does not convey the idea of building upon each other. the image is purely abstract and does not relate to the concept of scientific research or theory building."
983,/data/ajaunarena/our_dataset/images/1693_0.jpg,"The researchers are producing simple, disconnected ideas with no structural complexity.",contradiction,"the image you've provided appears to be an abstract digital art piece with a glitchy, pixelated aesthetic. the sentence you've provided describes a process of idea generation, which seems to be the opposite of the image's visual complexity.

given the content of the image and the sentence, the relationship between them is likely to be ""contradiction."" the image shows a complex, interconnected structure that is the opposite of ""simple, disconnected ideas with no structural complexity."" the sentence describes a process that is more straightforward and less visually intricate than the image itself."
984,/data/ajaunarena/our_dataset/images/62_2.jpg,The project schedule is drifting aimlessly.,entailment,"the image provided appears to be an abstract representation of water, with no clear connection to a project schedule or drifting aimlessly. therefore, the relationship between the image and the sentence is ""contradiction,"" as the image does not entail the sentence and the sentence does not contradict the image."
985,/data/ajaunarena/our_dataset/images/62_2.jpg,The project lacks clear direction and proper time management.,entailment,"the image provided appears to be an abstract representation of water, with no clear direction or time management visible. the sentence ""the project lacks clear direction and proper time management"" is a statement about a project, which is not directly related to the image. therefore, the relationship between the image and the sentence is ""contradiction,"" as the image does not depict a project or any lack of direction or time management."
986,/data/ajaunarena/our_dataset/images/62_2.jpg,The project schedule is firmly anchored and maintains perfect focus.,contradiction,"the image provided appears to be an abstract representation of water, with no clear depiction of a project schedule or focus. therefore, it is not possible to determine an inference relationship between the image and the sentence. the sentence is a statement about a project schedule, while the image is a visual representation unrelated to the sentence."
987,/data/ajaunarena/our_dataset/images/1390_3.jpg,"Like children learning to walk, ideas take their first wobbly steps into existence.",entailment,"the image and the sentence have an entailment relationship. the image depicts a blurry, colorful, and abstract scene that could be interpreted as a representation of ideas or concepts taking shape. the sentence, ""like children learning to walk, ideas take their first wobbly steps into existence,"" is a metaphorical description of the process of forming new ideas or concepts, which aligns with the visual representation in the image. the sentence does not contradict the image; instead, it provides a conceptual explanation that is consistent with the visual content."
988,/data/ajaunarena/our_dataset/images/1390_3.jpg,"New ideas initially emerge in an uncertain, unrefined form before becoming fully developed.",entailment,"the image and the sentence have an entailment relationship. the image depicts a blurry, abstract scene with various shapes and colors, which could be interpreted as a representation of new ideas emerging in an uncertain, unrefined form. the sentence describes the process of new ideas initially emerging in an uncertain, unrefined state before becoming fully developed. the image visually conveys the concept described in the sentence, making the sentence a logical entailment of the image."
989,/data/ajaunarena/our_dataset/images/1390_3.jpg,Ideas emerge fully formed and perfect from the moment of conception.,contradiction,"the image you've provided appears to be an abstract or surreal representation of a space or environment, possibly with a cosmic or dream-like quality. the sentence you've provided, ""ideas emerge fully formed and perfect from the moment of conception,"" is a philosophical or psychological statement about the nature of creativity and the origin of ideas.

the relationship between the image and the sentence is one of ""contradiction."" the image does not depict ideas emerging fully formed and perfect from the moment of conception. instead, it shows a chaotic, abstract, and possibly dynamic scene that does not align with the idea of ideas being perfect and fully formed at the moment of conception. the image and the sentence are contradictory because the image does not support the idea expressed in the sentence."
990,/data/ajaunarena/our_dataset/images/292_0.jpg,Window shopping through life's opportunities reveals endless possibilities.,entailment,"the image and the sentence have an entailment relationship. the image depicts a collage of various scenes and objects, which can be interpreted as a representation of the endless possibilities that one might encounter while window shopping through life's opportunities. the sentence describes the act of window shopping as a way to explore various opportunities, which aligns with the visual content of the image."
991,/data/ajaunarena/our_dataset/images/292_0.jpg,Exploring and considering various options helps discover potential choices without immediate commitment.,entailment,"the image provided appears to be an abstract pattern with various shapes and colors, which does not directly relate to the sentence ""the cat is on the mat."" the relationship between the image and the sentence is one of contradiction, as the image does not depict a cat or a mat, and the sentence describes a scene that is not present in the image."
992,/data/ajaunarena/our_dataset/images/292_0.jpg,Opportunities are limited and must be seized immediately without exploration.,contradiction,"the image provided appears to be an abstract or fractal-like pattern, which does not directly relate to the sentence provided. the sentence is a statement about the nature of opportunities, suggesting that they are limited and must be seized immediately.

given the nature of the image, which is abstract and does not depict any specific scene or concept, it is not possible to infer a direct relationship with the sentence. the sentence is a statement of fact or opinion, while the image is a visual representation that does not convey any specific message or idea.

therefore, the relationship between the image and the sentence is one of ""contradiction,"" as the image does not provide any information that supports or contradicts the statement in the sentence."
993,/data/ajaunarena/our_dataset/images/106_2.jpg,Stars connect their light in celestial dotted lines.,entailment,"the image and the sentence are related by entailment. the sentence describes a phenomenon that is depicted in the image, which shows a pattern of dots that resemble stars connected by lines, suggesting a celestial theme. the sentence does not contradict the image; rather, it provides a description that is consistent with the visual content of the image."
994,/data/ajaunarena/our_dataset/images/106_2.jpg,Stars appear to form linear patterns in the night sky.,entailment,"the image and the sentence have a relationship of entailment. the image shows a pattern of stars that could be interpreted as forming linear patterns, which is consistent with the sentence's description of stars appearing to form linear patterns in the night sky."
995,/data/ajaunarena/our_dataset/images/106_2.jpg,Stars appear randomly scattered with no apparent patterns.,contradiction,"the image of the stars and the sentence ""stars appear randomly scattered with no apparent patterns"" have an entailment relationship. the sentence is a logical consequence of the image's content, as the image itself shows stars scattered randomly without any discernible pattern."
996,/data/ajaunarena/our_dataset/images/214_1.jpg,We're dismantling this problem brick by brick.,entailment,"the image you've provided appears to be a blurred or distorted text, making it difficult to read the individual words. however, based on the context of the sentence ""we're dismantling this problem brick by brick,"" it seems that the image is meant to represent a process of breaking down a complex issue or problem into smaller, more manageable parts.

in this case, the relationship between the image and the sentence could be described as ""entailment,"" as the image visually represents the concept of breaking down a problem into smaller parts, which is the meaning conveyed by the sentence. the image does not contradict the sentence; instead, it supports the idea of problem-solving by visual metaphor."
997,/data/ajaunarena/our_dataset/images/214_1.jpg,"We're solving this problem by breaking it down into smaller, manageable components.",entailment,"the image provided appears to be a blurred or distorted text, making it difficult to read the individual words. however, based on the visible text, it seems to be a list of words that could be related to a specific theme or category, such as a list of names, places, or concepts.

the sentence ""the image is a blurry list of words"" is a description of the image itself. it is not a statement that can be inferred from the image. therefore, the relationship between the image and the sentence is one of description, not inference.

since the sentence is a description of the image, there is no entailment or contradiction relationship between the image and the sentence."
998,/data/ajaunarena/our_dataset/images/214_1.jpg,"We're tackling this problem as one massive, inseparable unit.",contradiction,"the image you've provided appears to be a blurred or distorted text, making it difficult to read the individual words. however, if we were to infer a relationship between the image and a sentence, it would likely be a contradiction, as the image does not provide clear, legible text that could be used to entail or contradict a sentence. the distortion and blurriness make it impossible to determine the content of the text, which is necessary for any inference relationship."
999,/data/ajaunarena/our_dataset/images/128_3.jpg,Creative success blooms from the compost of failure.,entailment,"the image and the sentence do not have a direct inference relationship. the image appears to be an abstract pattern with no clear connection to the sentence. the sentence is a philosophical statement about the nature of success and failure, which is not visually represented in the image. therefore, the relationship between the image and the sentence is one of contradiction, as the image does not provide any information that would logically entail the sentence or contradict it."
1000,/data/ajaunarena/our_dataset/images/128_3.jpg,Previous mistakes and failures contribute to eventual creative achievements.,entailment,"the image and the sentence have an entailment relationship. the image shows a colorful, abstract pattern that could be interpreted as a representation of creativity or artistic expression. the sentence describes a process where previous mistakes and failures contribute to eventual creative achievements, which aligns with the idea of the image. the image does not contradict the sentence; rather, it supports the concept of creativity and the idea that mistakes and failures can lead to success."
1001,/data/ajaunarena/our_dataset/images/128_3.jpg,Creative success only comes from perfect execution without any prior failures.,contradiction,"the image and the sentence have a contradictory relationship. the image shows a colorful, abstract pattern that could be interpreted as a representation of creativity or art, which often involves experimentation and learning from mistakes. the sentence, on the other hand, implies that creativity or success can only come from perfect execution without any prior failures, which is a simplistic and unrealistic view of the creative process. this contradiction suggests that the sentence is not entailed by the image and is in fact contradictory to it."
1002,/data/ajaunarena/our_dataset/images/1331_0.jpg,"Like sorting puzzle pieces, researchers must organize their data methodically.",entailment,"the image provided appears to be an abstract pattern with various shapes and colors, which does not directly relate to the sentence provided. therefore, the relationship between the image and the sentence is neither entailment nor contradiction. the sentence is a general statement about the process of research, which is not directly related to the visual content of the image."
1003,/data/ajaunarena/our_dataset/images/1331_0.jpg,Researchers need to systematically categorize and arrange their collected information.,entailment,"the image provided appears to be an abstract pattern with various shapes and colors, which does not directly relate to the sentence provided. the sentence describes a process of categorizing and arranging information systematically. therefore, the relationship between the image and the sentence is one of contradiction, as the image does not depict the process of categorizing and arranging information systematically."
1004,/data/ajaunarena/our_dataset/images/1331_0.jpg,"Researchers can work with their data in a random, disorganized manner without any system.",contradiction,"the image provided appears to be an abstract pattern with various shapes and colors, which does not directly relate to the sentence provided. the sentence describes a scenario where researchers can work with their data in a random, disorganized manner without any system.

given the visual content of the image, it is not possible to infer a relationship of entailment or contradiction between the image and the sentence. the image does not provide information that would allow for a logical inference or contradiction to be drawn with the sentence. the relationship between the image and the sentence is more likely to be one of irrelevance or lack of connection."
1005,/data/ajaunarena/our_dataset/images/427_3.jpg,Their democracy is an octagon with missing sides.,entailment,"the image provided appears to be an abstract or fractal-like pattern, which does not provide a clear or direct inference relationship with the sentence. the sentence describes a specific shape, an octagon with missing sides, which is not a description of the image. therefore, the relationship between the image and the sentence is one of contradiction."
1006,/data/ajaunarena/our_dataset/images/427_3.jpg,The state's democratic system is flawed and incomplete in several aspects.,entailment,"the image provided appears to be an abstract or fractal-like pattern with no clear relationship to the sentence provided. therefore, the inference relationship between the image and the sentence is neither entailment nor contradiction. the sentence describes a political or social concept, while the image is purely visual and does not convey any information that would allow for a logical relationship with the sentence."
1007,/data/ajaunarena/our_dataset/images/427_3.jpg,Their democracy is complete and functions perfectly in all aspects.,contradiction,"the image provided appears to be an abstract or fractal-like pattern, which does not have a direct relationship with the sentence provided. the sentence describes a political system, while the image is an artistic or mathematical representation that does not inherently relate to democracy or its functions. therefore, the relationship between the image and the sentence is neither entailment nor contradiction, as they are unrelated."
1008,/data/ajaunarena/our_dataset/images/155_0.jpg,Love is an enchanted garden that grows with care.,entailment,"the image and the sentence have a relationship of entailment. the image depicts a colorful, vibrant garden, which can be inferred to be an enchanted garden that grows with care. the sentence describes love as an enchanted garden that grows with care, and the image visually represents this concept."
1009,/data/ajaunarena/our_dataset/images/155_0.jpg,Love flourishes when nurtured and tended to with attention and effort.,entailment,"the image and the sentence do not have a direct relationship, so it is neither entailment nor contradiction. they are unrelated."
1010,/data/ajaunarena/our_dataset/images/155_0.jpg,Love withers despite care and attention.,contradiction,"the image and the sentence do not have a direct relationship, so it is not possible to determine if the sentence entails or contradicts the image. the image appears to be an abstract, colorful pattern with no discernible content that would allow for a meaningful comparison to the sentence."
1011,/data/ajaunarena/our_dataset/images/1011_1.jpg,She cradles her memories like precious jewels.,entailment,"the image and the sentence do not have a direct relationship, so it is neither entailment nor contradiction. they are unrelated."
1012,/data/ajaunarena/our_dataset/images/1011_1.jpg,She cherishes and protects her memories as valuable possessions.,entailment,"the image of stars does not have a direct inference relationship with the sentence provided. the sentence is about a person's memories, while the image is of stars. there is no entailment or contradiction between the two."
1013,/data/ajaunarena/our_dataset/images/1011_1.jpg,She carelessly discards her memories as worthless things.,contradiction,"the image of stars does not have a direct inference relationship with the sentence provided. the sentence is a statement about a person's behavior, while the image is a visual representation of stars. there is no logical connection between the two, so the relationship is neither entailment nor contradiction."
1014,/data/ajaunarena/our_dataset/images/369_0.jpg,She's a magpie chasing after every shiny thing.,entailment,"the image and the sentence do not have a direct relationship, so it is neither entailment nor contradiction. they are unrelated."
1015,/data/ajaunarena/our_dataset/images/369_0.jpg,She pursues every attractive person she encounters without discrimination.,entailment,"the image and the sentence do not have a direct relationship, so it is neither entailment nor contradiction. they are unrelated."
1016,/data/ajaunarena/our_dataset/images/369_0.jpg,She carefully evaluates potential partners based on compatibility rather than appearance.,contradiction,"the image and the sentence do not have a direct relationship, so it is not possible to determine if the image entails or contradicts the sentence. the image is a colorful, abstract pattern, while the sentence is a statement about human behavior. without a clear connection between the two, it is not possible to make an inference relationship determination."
1017,/data/ajaunarena/our_dataset/images/1128_2.jpg,Life's struggles are like overpacked suitcases that need careful unpacking.,entailment,"the image provided appears to be an abstract or artistic representation, and it is not directly related to the sentence provided. therefore, the relationship between the image and the sentence is neither entailment nor contradiction. they are independent of each other, and the sentence is a metaphorical description of life's challenges, while the image is a visual representation that may not have any specific connection to the sentence."
1018,/data/ajaunarena/our_dataset/images/1128_2.jpg,"Complex problems require patient, methodical handling to resolve.",entailment,"the image provided appears to be an abstract or artistic representation, possibly of stars or other celestial bodies, with a colorful and somewhat blurred effect. the sentence ""complex problems require patient, methodical handling to resolve"" is a statement about problem-solving strategies.

the relationship between the image and the sentence is not one of entailment or contradiction. entailment would imply that the image somehow logically implies the sentence, which it does not. contradiction would imply that the image and the sentence are logically opposed to each other, which they are not.

the image and the sentence are unrelated in terms of their content and meaning. the image is a visual representation, while the sentence is a statement in natural language. they do not logically entail or contradict each other."
1019,/data/ajaunarena/our_dataset/images/1128_2.jpg,Difficulties can be solved by rushing through them haphazardly.,contradiction,"the image provided appears to be a visual representation of a word list, possibly from a crossword puzzle or a similar type of word game. the sentence ""difficulties can be solved by rushing through them haphazardly"" is a statement about a strategy for solving problems.

the relationship between the image and the sentence is one of contradiction. the image shows a list of words, which are typically associated with careful consideration and thoughtful arrangement, whereas the sentence suggests a more impulsive and haphazard approach to problem-solving. this contradiction is intentional, as the image is likely meant to represent the words that could be used to fill in a crossword puzzle, and the sentence is a humorous or ironic commentary on the process of solving such puzzles."
1020,/data/ajaunarena/our_dataset/images/412_2.jpg,Her ideas are always perfectly tailored to the occasion.,entailment,"the image and the sentence do not have a direct inference relationship. the image shows a collection of variously sized and colored rectangles, which does not inherently relate to the sentence describing a person's ideas being tailored to occasions. the relationship between the image and the sentence is more of a metaphorical or conceptual connection, as the rectangles could be interpreted as ""ideas"" in a visual sense, but this is a creative or abstract interpretation. therefore, the relationship between the image and the sentence is not one of entailment or contradiction, but rather a more abstract or metaphorical connection."
1021,/data/ajaunarena/our_dataset/images/412_2.jpg,Her thoughts and suggestions are consistently appropriate and well-suited to the situation.,entailment,"the image and the sentence do not have a direct inference relationship. the image shows a collection of various objects, while the sentence describes a person's thoughts and suggestions. the two are not related in a way that would allow for entailment or contradiction."
1022,/data/ajaunarena/our_dataset/images/412_2.jpg,Her ideas are typically inappropriate and mismatched to the circumstances.,contradiction,"the image and the sentence do not have a direct relationship, so it is not possible to determine if the sentence entails or contradicts the image. the sentence is a statement about a person's ideas, while the image is a visual representation of various shapes and colors. there is no logical connection between the two."
1023,/data/ajaunarena/our_dataset/images/1000_1.jpg,Laughter is an intoxicating elixir that flows through the room.,entailment,"the image and the sentence do not have a direct relationship, so it is neither entailment nor contradiction. the image appears to be an abstract, colorful pattern, while the sentence is a description of laughter. they do not logically relate to each other."
1024,/data/ajaunarena/our_dataset/images/1000_1.jpg,"Laughter creates a contagious, uplifting atmosphere that affects everyone present.",entailment,"the image provided is an abstract, colorful pattern that does not depict a scene or object that is directly related to laughter or an atmosphere. therefore, the relationship between the image and the sentence is ""contradiction."" the sentence describes a specific scenario, while the image does not depict that scenario."
1025,/data/ajaunarena/our_dataset/images/1000_1.jpg,Laughter is a dampening force that brings down the mood of everyone around.,contradiction,"the image provided is an abstract, colorful pattern that does not depict any specific scene or object. it is not possible to determine an inference relationship between the image and the sentence you provided because the image does not convey any information that could be inferred to be related to the sentence. the sentence is a statement about laughter and its effect on mood, which is not visually represented in the image. therefore, the relationship between the image and the sentence is neither entailment nor contradiction, as they are not related in any way."
1026,/data/ajaunarena/our_dataset/images/192_2.jpg,Her movements were carefully inventoried treasures.,entailment,"the image and the sentence do not have a direct relationship, so it is neither entailment nor contradiction. they are unrelated."
1027,/data/ajaunarena/our_dataset/images/192_2.jpg,She monitored and regulated each of her actions with precision.,entailment,"the image provided is an abstract and colorful pattern, which does not depict a specific scene or object. it is not possible to determine an inference relationship between the image and the sentence you provided, as the sentence describes a specific action and context that is not present in the image. therefore, the relationship between the image and the sentence is neither entailment nor contradiction, as they are not related in any way."
1028,/data/ajaunarena/our_dataset/images/192_2.jpg,Her movements were random and unaccounted for.,contradiction,"the image provided is an abstract pattern with no clear depiction of a person or their movements. it is not possible to determine the relationship between the image and the sentence based on the visual content alone. the sentence appears to describe a situation or behavior, while the image is a visual representation that does not provide information about a person or their actions. therefore, the relationship between the image and the sentence is neither entailment nor contradiction, as they are not related in any meaningful way."
1029,/data/ajaunarena/our_dataset/images/1399_2.jpg,"Ideas need healthy environments to grow, just as children need nurturing homes.",entailment,"the image you've provided appears to be an abstract or artistic representation, possibly of stars or some other pattern, with a colorful and somewhat blurred effect. the sentence you've provided is a statement about the importance of healthy environments for growth, which could be interpreted in various ways, such as in the context of plant growth, human development, or the growth of ideas.

given the abstract nature of the image and the general nature of the sentence, it is not possible to determine a direct entailment or contradiction relationship between the two. they are not logically related in a way that would allow for a definitive answer. the image could be used as a metaphor for the growth of ideas, but without additional context, it's not possible to make a definitive statement about the relationship between the image and the sentence."
1030,/data/ajaunarena/our_dataset/images/1399_2.jpg,Ideas require supportive conditions and environments to develop successfully.,entailment,"the image you've provided appears to be an abstract or artistic representation, possibly of stars or some other pattern, with a colorful and somewhat blurred effect. the sentence you've provided is a statement about the conditions necessary for ideas to develop successfully.

the relationship between the image and the sentence is one of ""contradiction."" the image is an artistic representation and does not depict any specific conditions or environments. the sentence, on the other hand, is a statement about the conditions that are necessary for ideas to develop successfully. the two are not related in a way that one entails the other; they are simply two different things that do not logically relate to each other."
1031,/data/ajaunarena/our_dataset/images/1399_2.jpg,"Ideas thrive equally well in any environment, regardless of conditions.",contradiction,"the image you've provided appears to be an abstract or artistic representation, possibly of stars or some other pattern, with a colorful and somewhat blurred effect. the sentence you've provided is a philosophical or motivational statement about the adaptability of ideas.

given the nature of the image and the sentence, it is not possible to determine an inference relationship between them. the image does not provide any information that would allow for a direct inference to the sentence. the sentence is a general statement about the nature of ideas, which is not directly related to the visual content of the image. therefore, the relationship between the image and the sentence is neither entailment nor contradiction."
1032,/data/ajaunarena/our_dataset/images/195_3.jpg,His gestures were stored in a locked cabinet.,entailment,"the image and the sentence have a relationship of contradiction. the image shows a pattern of hands and fingers, but there is no indication of a locked cabinet or any reference to storing gestures. the sentence is a statement that contradicts the visual content of the image."
1033,/data/ajaunarena/our_dataset/images/195_3.jpg,He kept strict control over his physical expressions and movements.,entailment,"the image provided appears to be an abstract or artistic representation, possibly of hands or fingers, with a blurred or distorted background. it is not a clear depiction of a person keeping strict control over their physical expressions and movements. therefore, the relationship between the image and the sentence is ""contradiction."" the sentence describes a specific action or behavior, while the image does not provide enough information to support or contradict that description."
1034,/data/ajaunarena/our_dataset/images/195_3.jpg,His gestures were unrestricted and freely displayed without thought.,contradiction,"the image and the sentence have a relationship of contradiction. the image shows a pattern of hands and fingers that appear to be restricted and confined within a grid-like structure, which is the opposite of the sentence's description of unrestricted and freely displayed gestures."
1035,/data/ajaunarena/our_dataset/images/170_1.jpg,She's standing in the line of fire.,entailment,"the image provided appears to be an abstract or artistic representation of light and color, with no clear depiction of a person or a line of fire. therefore, it is not possible to determine an inference relationship between the image and the sentence ""she's standing in the line of fire"" because there is no visual content that could logically entail or contradict the sentence."
1036,/data/ajaunarena/our_dataset/images/170_1.jpg,She's in a situation where she's likely to be hurt or damaged.,entailment,"the image you've provided appears to be an abstract or artistic representation of light and color, possibly resembling a digital or glitch art style. it does not depict a person or a situation where someone is likely to be hurt or damaged. therefore, the relationship between the image and the sentence is one of contradiction. the sentence does not entail the content of the image, and the image does not contradict the sentence."
1037,/data/ajaunarena/our_dataset/images/170_1.jpg,She's in a completely safe and protected position.,contradiction,"the image provided appears to be an abstract or artistic representation of light and color, with no clear depiction of a person or a position. therefore, it is not possible to determine an inference relationship between the image and the sentence you provided. the sentence describes a situation, while the image is a visual representation that does not convey any information about a person's safety or position."
1038,/data/ajaunarena/our_dataset/images/1793_2.jpg,Multiple targets overlap in this problem's shooting gallery.,entailment,"the image and the sentence do not have an entailment or contradiction relationship. the image is a visual representation of a shooting gallery, while the sentence is a description of a different scenario involving multiple targets. the two are not related in a way that would allow for an entailment or contradiction to be determined."
1039,/data/ajaunarena/our_dataset/images/1793_2.jpg,The problem contains several interconnected issues that must be addressed simultaneously.,entailment,"the image you've provided appears to be an abstract or distorted pattern, possibly a digital or artistic creation. it does not depict a clear, recognizable scene or object.

the sentence you've provided is a description of a situation where multiple interconnected issues need to be addressed simultaneously.

given the nature of the image and the sentence, there is no direct inference relationship between them. the sentence describes a concept or situation, while the image is an abstract visual representation. therefore, the relationship between the image and the sentence is neither entailment nor contradiction. they are two separate entities that do not directly relate to each other."
1040,/data/ajaunarena/our_dataset/images/1793_2.jpg,"The problem is singular and isolated, with no connection to other issues.",contradiction,"the image provided appears to be an abstract pattern with no clear depiction of a cityscape. the sentence ""the image is of a cityscape"" is a contradiction to the image, as the image does not depict a cityscape. therefore, the relationship between the image and the sentence is one of contradiction."
1041,/data/ajaunarena/our_dataset/images/841_1.jpg,"His energy levels are running low, time to recharge.",entailment,"the image provided appears to be an abstract or artistic representation, and it is not possible to determine a direct inference relationship between the image and the sentence. the sentence describes a person's energy levels, while the image is a visual representation that does not inherently convey information about energy levels or the need to recharge. therefore, the relationship between the image and the sentence is neither entailment nor contradiction."
1042,/data/ajaunarena/our_dataset/images/841_1.jpg,He is feeling exhausted and needs rest to regain his strength.,entailment,"the image provided appears to be an abstract or artistic representation, and it does not depict a person or a situation that would allow for a direct inference relationship with the sentence. therefore, it is not possible to determine whether the image entails or contradicts the sentence based on the visual content alone."
1043,/data/ajaunarena/our_dataset/images/841_1.jpg,He never needs rest and can maintain peak energy indefinitely.,contradiction,"the image provided does not contain any text or information that would allow for a direct inference relationship with the sentence. therefore, it is not possible to determine whether the image entails or contradicts the sentence based on the visual content alone."
1044,/data/ajaunarena/our_dataset/images/118_0.jpg,The darkness crystallized into an obsidian dome.,entailment,"the image and the sentence do not have a direct relationship, so it is not possible to determine if the sentence entails or contradicts the image. the image appears to be an abstract, possibly digital, art piece with various colors and shapes, while the sentence describes a specific, concrete object. without more context or a clearer connection between the two, it is not possible to make a definitive determination about the relationship between the image and the sentence."
1045,/data/ajaunarena/our_dataset/images/118_0.jpg,"The darkness formed a complete, solid covering that enclosed everything beneath it.",entailment,"the image and the sentence are in a relationship of contradiction. the image shows a pattern of light and dark, with no solid, complete covering that encloses everything beneath it. the sentence describes a scene that is not depicted in the image."
1046,/data/ajaunarena/our_dataset/images/118_0.jpg,"The darkness remained open and scattered, never forming a coherent covering.",contradiction,"the image and the sentence have a contradictory relationship. the image shows a pattern that appears to be coherent and forming a covering, while the sentence states that the darkness remained open and scattered, never forming a coherent covering. this creates a contradiction between the visual content of the image and the description provided by the sentence."
1047,/data/ajaunarena/our_dataset/images/1587_2.jpg,Our sight is a jar storing visual memories.,entailment,"the image and the sentence do not have a direct relationship that would allow for a clear inference relationship of entailment or contradiction. the image appears to be a colorful, abstract pattern, while the sentence is a metaphorical description of memory. the two are not directly related, and there is no clear entailment or contradiction between them."
1048,/data/ajaunarena/our_dataset/images/1587_2.jpg,Our visual field temporarily holds images before they become stored memories.,entailment,"the image you've provided appears to be a colorful, abstract pattern with no clear, recognizable objects or shapes. the sentence you've provided is a philosophical statement about the nature of perception and memory.

given the abstract nature of the image and the philosophical nature of the sentence, it is not possible to determine an entailment or contradiction relationship between the two. they are not directly related to each other in a way that would allow for a clear entailment or contradiction.

if you are asking about the relationship between the visual experience of the image and the philosophical concept of memory, that is a complex topic that would require a deeper analysis of both the image and the sentence."
1049,/data/ajaunarena/our_dataset/images/1587_2.jpg,Visual information disappears instantly without any temporary retention.,contradiction,"the image provided appears to be a visual representation of a concept or idea, possibly related to the concept of visual information disappearing instantly without any temporary retention. however, the image itself does not provide enough information to determine if it entails or contradicts the sentence. the sentence is a statement about the nature of visual information, while the image is a visual representation that may or may not be related to the concept of visual information disappearing instantly without any temporary retention.

to determine the relationship between the image and the sentence, one would need to consider the context in which the sentence is being used and the specific content of the image. without additional context, it is not possible to definitively say whether the image entails or contradicts the sentence."
1050,/data/ajaunarena/our_dataset/images/702_1.jpg,She inventoried her beliefs like items in a storage room.,entailment,"the image provided appears to be an abstract or artistic representation, possibly of a cityscape or a collection of shapes and colors. it does not directly relate to the sentence provided, which is a metaphorical description of someone organizing their thoughts or beliefs.

therefore, the relationship between the image and the sentence is one of ""contradiction,"" as the image does not depict a storage room or the act of inventorying, which are the elements described in the sentence."
1051,/data/ajaunarena/our_dataset/images/702_1.jpg,She carefully examined and evaluated each of her beliefs systematically.,entailment,"the image provided appears to be an abstract or artistic representation, possibly of a cityscape or a collection of shapes and patterns. it does not contain any text or depict any specific content that would allow for a direct inference relationship with the sentence provided. therefore, it is not possible to determine whether the image entails or contradicts the sentence based on the visual content alone."
1052,/data/ajaunarena/our_dataset/images/702_1.jpg,"She never questioned or examined her beliefs, letting them accumulate randomly.",contradiction,"the image provided appears to be an abstract or artistic representation, and it is not possible to determine a direct relationship between the image and the sentence you provided. the sentence describes a person's behavior or thought process, while the image is a visual representation that does not inherently convey any information about beliefs or actions. therefore, the relationship between the image and the sentence is neither entailment nor contradiction, as they are not related in a logical or factual sense."
1053,/data/ajaunarena/our_dataset/images/1644_2.jpg,Their partnership orchestrates perfect harmony.,entailment,"the image and the sentence do not have a direct relationship, so it is not possible to determine if the sentence entails or contradicts the image. the sentence is a metaphorical description of the image, which is a visual representation of a chaotic and complex pattern. the sentence does not provide enough information to determine if it accurately describes the image or not."
1054,/data/ajaunarena/our_dataset/images/1644_2.jpg,Their partnership demonstrates excellent coordination and mutual support.,entailment,"the image and the sentence do not have a direct relationship, so it is not possible to determine if the sentence entails or contradicts the image. the sentence is a description of a relationship between two entities, while the image is a visual representation of a chaotic or disordered scene. the two are not directly related, so there is no inference relationship between them."
1055,/data/ajaunarena/our_dataset/images/1644_2.jpg,Their partnership lacks coordination and undermines each other's efforts.,contradiction,"the image and the sentence do not have a direct inference relationship, as they do not share any logical connection. the sentence describes a situation or relationship, while the image is a visual representation that does not inherently convey the same meaning or context as the sentence. therefore, the relationship between the image and the sentence is more likely to be ""contradiction"" or ""irrelevance,"" as they do not logically entail each other."
1056,/data/ajaunarena/our_dataset/images/1705_1.jpg,Social media is society's nervous system.,entailment,"the image you've provided appears to be an abstract pattern of lines and shapes, which does not directly relate to the sentence ""social media is society's nervous system."" the relationship between the image and the sentence is not one of entailment or contradiction, as the image does not convey any information that can be logically inferred or contradicted by the sentence. the sentence is a metaphorical statement about the role of social media in society, which is not visually represented in the image."
1057,/data/ajaunarena/our_dataset/images/1705_1.jpg,Social media networks transmit information and connect different parts of society.,entailment,"the image you've provided appears to be an abstract, possibly digital or artistic, representation of interconnectedness or networks. the sentence you've provided describes the function of social media networks, which are indeed a form of interconnectedness that allows for the transmission of information and the connection of different parts of society.

given the visual content and the sentence, the relationship between the image and the sentence can be inferred as ""entailment."" this is because the image visually represents the concept of interconnectedness, which is a key aspect of social media networks as described in the sentence. the image does not contradict the sentence; rather, it provides a visual metaphor for the concept of social media networks."
1058,/data/ajaunarena/our_dataset/images/1705_1.jpg,Social media isolates and disconnects different parts of society.,contradiction,"the image you've provided appears to be an abstract, possibly digital or artistic, representation of various shapes and lines that could be interpreted in many ways. it does not directly relate to the sentence you've provided, which discusses the impact of social media on society.

therefore, the relationship between the image and the sentence is one of ""contradiction,"" as the image does not depict or convey the concept of social media isolating and disconnecting different parts of society. the image is purely abstract and does not provide any information that would allow for an inference relationship with the sentence."
1059,/data/ajaunarena/our_dataset/images/1242_1.jpg,The sunset melted into the horizon.,entailment,"the image and the sentence have an entailment relationship. the image depicts a sunset with the sun's rays melting into the horizon, which is a visual representation of the concept described in the sentence. the sentence accurately describes the visual content of the image."
1060,/data/ajaunarena/our_dataset/images/1242_1.jpg,The sunlight gradually faded as the sun descended below the horizon.,entailment,"the image and the sentence have an entailment relationship. the image shows a cloudy sky with the sun setting, which is consistent with the sentence describing the sunlight gradually fading as the sun descends below the horizon. the image visually represents the concept of the sun setting and the sunlight fading, which is the meaning conveyed by the sentence."
1061,/data/ajaunarena/our_dataset/images/1242_1.jpg,The sunset abruptly vanished at the horizon line.,contradiction,"the image and the sentence have a contradictory relationship. the image shows a beautiful sunset with clouds, and there is no abrupt vanishing of the sunset at the horizon line. the sentence, however, implies that the sunset disappeared suddenly, which is not depicted in the image."
1062,/data/ajaunarena/our_dataset/images/1103_0.jpg,The curtain rises on each new creation.,entailment,"the image and the sentence do not have a direct relationship, so it is neither entailment nor contradiction. they are unrelated."
1063,/data/ajaunarena/our_dataset/images/1103_0.jpg,New creations are revealed to the world when completed.,entailment,"the image and the sentence have an entailment relationship. the image depicts a colorful, abstract pattern that could be interpreted as a representation of new creations being revealed to the world when completed. the sentence ""new creations are revealed to the world when completed"" is a general statement that could be true of the image, as it shows a completed piece of art that is being revealed to the viewer."
1064,/data/ajaunarena/our_dataset/images/1103_0.jpg,"Creations remain hidden behind closed curtains, never shown.",contradiction,"the image and the sentence have a contradictory relationship. the image shows a close-up of a colorful, abstract pattern that appears to be a digital or artistic creation, and it is clearly visible and shown. the sentence, on the other hand, states that creations remain hidden behind closed curtains, never shown, which is the opposite of what the image depicts."
1065,/data/ajaunarena/our_dataset/images/1227_0.jpg,My collection of belongings requires constant inventory checks.,entailment,"the image and the sentence do not have a direct relationship, so it is neither entailment nor contradiction. they are independent of each other."
1066,/data/ajaunarena/our_dataset/images/1227_0.jpg,Responsibilities need regular monitoring and assessment to ensure nothing is neglected.,entailment,"the image and the sentence do not have a direct relationship, so it is not possible to determine if the sentence entails or contradicts the image. the image shows a colorful, abstract pattern, while the sentence discusses the importance of monitoring and assessing responsibilities. the two are unrelated, and there is no inference relationship between them."
1067,/data/ajaunarena/our_dataset/images/1227_0.jpg,Responsibilities never need to be monitored or checked on.,contradiction,"the image and the sentence have a contradictory relationship. the image shows a large number of puzzle pieces, which suggests that there is a need to put them together to form a complete picture. this implies that there is a need for monitoring and checking on the puzzle pieces to ensure they fit together correctly. the sentence, however, states that responsibilities never need to be monitored or checked on, which contradicts the idea that there is a need to ensure that puzzle pieces fit together correctly."
1068,/data/ajaunarena/our_dataset/images/689_0.jpg,Comedy was the rehabilitation therapy for their troubled minds.,entailment,"the image provided appears to be an abstract or abstracted representation of a group of objects or figures, possibly with a colorful or artistic quality. the sentence provided is a statement about the use of comedy as a form of therapy for mental health issues.

the relationship between the image and the sentence is one of ""contradiction."" the image does not depict a scene that would naturally be associated with comedy as a form of rehabilitation therapy, nor does it provide any visual cues that would suggest a connection to mental health issues. the sentence is a statement about a real-world phenomenon, while the image is an artistic or abstract representation that does not directly relate to the sentence's content."
1069,/data/ajaunarena/our_dataset/images/689_0.jpg,Humor helped people recover and maintain mental well-being over time.,entailment,"the image depicts a colorful, abstract pattern that does not have a direct relationship to the sentence provided. the sentence is a statement about the psychological benefits of humor, which is not visually represented in the image. therefore, the relationship between the image and the sentence is one of contradiction, as the image does not entail the sentence."
1070,/data/ajaunarena/our_dataset/images/689_0.jpg,Comedy only hindered mental recovery and created more psychological problems.,contradiction,"the image provided is an abstract, colorful pattern that does not depict any specific scene or objects. it is not possible to determine an inference relationship between the image and the sentence because the image does not convey any information that can be logically inferred or contradicted by the sentence. the sentence is a statement about the effects of comedy on mental recovery, which is not related to the visual content of the image."
1071,/data/ajaunarena/our_dataset/images/124_0.jpg,Innovation is harvested from well-nurtured experience.,entailment,"the image provided is a visual representation of a colorful, abstract pattern, and it does not have a direct relationship with the sentence you provided. the sentence is a statement about the concept of innovation and its relationship with experience. therefore, the relationship between the image and the sentence is neither entailment nor contradiction, as they are not related in any way."
1072,/data/ajaunarena/our_dataset/images/124_0.jpg,New ideas come from carefully developed knowledge and accumulated experience.,entailment,"the image provided appears to be an abstract or artistic representation, and it is not possible to determine a direct inference relationship between the image and the sentence. the sentence describes a process of generating new ideas, which is a conceptual or cognitive process, whereas the image is a visual representation that may not have a direct connection to the concept of generating new ideas. therefore, the relationship between the image and the sentence is likely to be one of contradiction, as the image does not depict the process of generating new ideas as described in the sentence."
1073,/data/ajaunarena/our_dataset/images/124_0.jpg,Innovation appears randomly without any connection to experience or knowledge.,contradiction,"the image provided appears to be a colorful, abstract pattern with no clear connection to the sentence provided. the sentence describes a concept of innovation being unrelated to experience or knowledge. based on this information, the relationship between the image and the sentence is ""contradiction."" the image does not depict anything that can be directly inferred from the sentence, and the sentence does not describe anything that can be directly inferred from the image."
1074,/data/ajaunarena/our_dataset/images/677_3.jpg,Time's train carries passengers from cause to effect.,entailment,"the image and the sentence have a relationship of entailment. the image depicts a train, and the sentence describes a train carrying passengers from cause to effect. the sentence is a logical consequence of the image's content, and the image does not contradict the sentence."
1075,/data/ajaunarena/our_dataset/images/677_3.jpg,Events move forward in time from causes to their subsequent effects.,entailment,"the image you've provided appears to be a collage or a piece of abstract art, and it's not possible to determine a direct inference relationship between the image and the sentence you've provided. the sentence describes a causal relationship between events moving forward in time from causes to their subsequent effects, which is a conceptual or philosophical idea rather than a visual or literal one. therefore, the relationship between the image and the sentence is more likely to be ""contradiction"" because the image does not depict a causal relationship in a literal sense, and the sentence describes a concept that is not visually represented in the image."
1076,/data/ajaunarena/our_dataset/images/677_3.jpg,"Causes and effects travel randomly, regardless of temporal direction or sequence.",contradiction,"the image you've provided appears to be a colorful, abstract representation of various shapes and forms, which does not directly relate to the sentence you've provided. the sentence discusses the concept of causality and temporal direction, which is not visually represented in the image. therefore, the relationship between the image and the sentence is one of contradiction, as the image does not entail the concept of causality or temporal direction as described in the sentence."
1077,/data/ajaunarena/our_dataset/images/1596_3.jpg,Opportunities are lightbulbs that need the right current to shine.,entailment,"the image provided appears to be an abstract or artistic representation, possibly of light or energy, with no clear depiction of opportunities or lightbulbs. therefore, it is not possible to determine an inference relationship between the image and the sentence provided. the sentence is a metaphorical statement, and the image does not visually represent the concept of opportunities or lightbulbs."
1078,/data/ajaunarena/our_dataset/images/1596_3.jpg,Opportunities require proper resources and conditions to be successful.,entailment,"the image provided appears to be an abstract or artistic representation, and it does not directly relate to the sentence provided. therefore, the relationship between the image and the sentence is neither entailment nor contradiction. the sentence is a statement about opportunities, while the image is a visual representation that does not convey any specific message or information that would allow for a direct inference relationship with the sentence."
1079,/data/ajaunarena/our_dataset/images/1596_3.jpg,Opportunities succeed regardless of available resources or conditions.,contradiction,"the image provided appears to be an abstract or artistic representation, and it does not contain any text or information that would allow for a direct inference relationship with the sentence provided. therefore, it is not possible to determine whether the image entails or contradicts the sentence based on the visual content alone."
1080,/data/ajaunarena/our_dataset/images/1228_2.jpg,Each possession in my vault demands its share of attention.,entailment,"the image and the sentence do not have a direct relationship, so it is neither entailment nor contradiction. they are unrelated."
1081,/data/ajaunarena/our_dataset/images/1228_2.jpg,Every responsibility requires its own time and attention to be properly managed.,entailment,"the image and the sentence do not have a direct inference relationship. the image appears to be an abstract or artistic representation, possibly of a cityscape or a collection of shapes and colors, while the sentence is a statement about the nature of responsibility. the two are not directly related, and the sentence does not entail or contradict the content of the image."
1082,/data/ajaunarena/our_dataset/images/1228_2.jpg,Responsibilities can all be handled simultaneously without individual attention.,contradiction,"the image and the sentence have a contradictory relationship. the image depicts a large number of hands reaching out towards a central point, which suggests that individual attention is required to handle the responsibilities. the sentence, on the other hand, states that responsibilities can all be handled simultaneously without individual attention, which is contrary to the visual content of the image."
1083,/data/ajaunarena/our_dataset/images/463_3.jpg,They drew a straight line between right and wrong.,entailment,"the image provided appears to be an abstract pattern with no clear depiction of a straight line between right and wrong. therefore, there is no entailment or contradiction relationship between the image and the sentence. the sentence is a description of an action, while the image is a visual representation that does not correspond to the sentence's description."
1084,/data/ajaunarena/our_dataset/images/463_3.jpg,They maintained clear and distinct boundaries between ethical and unethical behavior.,entailment,"the image provided is an abstract pattern of black and white squares, and it does not contain any text or depict any specific content that would allow for a direct inference relationship with the sentence. therefore, it is not possible to determine whether the image entails or contradicts the sentence based on the visual content alone."
1085,/data/ajaunarena/our_dataset/images/463_3.jpg,"They blurred the boundaries between right and wrong, making them indistinguishable.",contradiction,"the image provided appears to be an abstract pattern with no clear boundaries or recognizable shapes. the sentence provided seems to be a philosophical or metaphorical statement about the blurring of moral or ethical lines.

given the abstract nature of the image and the subjective nature of the sentence, it is difficult to determine a direct inference relationship between the two. however, if we consider the sentence to be a description of the image, we might say that the image ""entails"" the sentence, as the abstract nature of the image could be interpreted as blurring the boundaries between different elements, which aligns with the concept of right and wrong being indistinguishable.

if we consider the sentence to be a statement about a different concept or context, the relationship would be more ambiguous, as the image does not provide enough context to directly relate to the sentence. in this case, the relationship would be more of a ""contradiction"" or ""irrelevance,"" as the image does not depict a clear moral or ethical landscape."
1086,/data/ajaunarena/our_dataset/images/1790_1.jpg,The problem is a bullseye waiting to be hit.,entailment,"the image provided appears to be an abstract pattern with no clear depiction of a bullseye or anything that could be associated with a target or aiming. therefore, there is no entailment or contradiction relationship between the image and the sentence. the sentence is a metaphorical description of the image, but it does not logically follow from the visual content of the image."
1087,/data/ajaunarena/our_dataset/images/1790_1.jpg,The problem has a clear solution that needs to be identified and addressed precisely.,entailment,"the image you've provided appears to be an abstract pattern with various shapes and colors, and it does not contain any text or discernible content that would allow for a direct inference relationship with a sentence. therefore, it is not possible to determine whether the image entails or contradicts a sentence, as there is no sentence to relate to."
1088,/data/ajaunarena/our_dataset/images/1790_1.jpg,The problem is chaotic and has no definable solution or approach.,contradiction,"the image you've provided appears to be an abstract pattern with various shapes and colors, which does not directly relate to the sentence you've provided. the sentence ""the problem is chaotic and has no definable solution or approach"" is a statement about a situation or concept, whereas the image is a visual representation that does not inherently convey information about a problem or its solution.

therefore, the relationship between the image and the sentence is neither entailment nor contradiction. they are two separate entities that do not logically relate to each other."
1089,/data/ajaunarena/our_dataset/images/1785_2.jpg,His career flourishes like a well-nourished plant.,entailment,"the image depicts a variety of plants and flowers, which are often associated with growth, vitality, and success. the sentence ""his career flourishes like a well-nourished plant"" is a metaphorical description of a person's career thriving and growing, much like a plant that is well-taken care of.

the relationship between the image and the sentence is one of entailment. the image of plants and flowers can be said to entail the idea of growth and vitality, which is a key aspect of the metaphor in the sentence. the sentence, in turn, can be said to entail the idea of a successful and thriving career, which is a common interpretation of the phrase ""flourishes like a well-nourished plant."""
1090,/data/ajaunarena/our_dataset/images/1785_2.jpg,His career progresses steadily with constant activity and growth.,entailment,"the image provided is a collage of various elements, including plants, flowers, and possibly other natural or artistic elements. it does not directly relate to the sentence provided, which is about a person's career progression. therefore, the relationship between the image and the sentence is ""contradiction,"" as the image does not entail the sentence and the sentence does not contradict the image."
1091,/data/ajaunarena/our_dataset/images/1785_2.jpg,His career withers from lack of engagement and development.,contradiction,"the image provided appears to be a colorful, abstract pattern with various shapes and forms that could be interpreted in many ways. it does not directly relate to the sentence provided, which is a statement about a person's career. therefore, the relationship between the image and the sentence is ""contradiction,"" as the image does not entail the sentence and the sentence does not contradict the image."
1092,/data/ajaunarena/our_dataset/images/1257_3.jpg,Their hatred was a blinding sandstorm of bitter words.,entailment,"the image and the sentence do not have a direct relationship, so it is not possible to determine if the sentence entails or contradicts the image. the image appears to be an abstract or artistic representation, while the sentence is a figurative description of a situation. without a clear connection between the two, it is not possible to make an inference relationship determination."
1093,/data/ajaunarena/our_dataset/images/1257_3.jpg,Their intense mutual dislike prevented them from communicating rationally or seeing each other's perspective.,entailment,"the image and the sentence do not have an inference relationship, as they are not related in any way. the image is an abstract, blurred photograph, while the sentence is a statement about two people's behavior. they do not entail or contradict each other, as they are not connected in any logical or semantic sense."
1094,/data/ajaunarena/our_dataset/images/1257_3.jpg,Their hatred led to clear communication and mutual understanding.,contradiction,"the image provided is an abstract, blurred image with no clear depiction of a scene or objects. it does not contain any text or information that would allow for a direct inference relationship with the sentence provided. therefore, it is not possible to determine if the image entails or contradicts the sentence based on the visual content alone."
1095,/data/ajaunarena/our_dataset/images/1170_2.jpg,Her mind is a brilliant beacon in the darkness.,entailment,"the image provided is an abstract, colorful pattern with no discernible content that could be related to a mind or a beacon. therefore, there is no entailment or contradiction relationship between the image and the sentence. the sentence is a metaphorical description, and the image does not depict anything that could be inferred from the sentence."
1096,/data/ajaunarena/our_dataset/images/1170_2.jpg,Her intelligence helps solve complex problems and guides others to understanding.,entailment,"the image provided is an abstract, colorful pattern with no discernible content that could be related to intelligence or problem-solving. therefore, there is no entailment or contradiction relationship between the image and the sentence. the sentence describes a concept, and the image is a visual representation that does not convey any information about the concept."
1097,/data/ajaunarena/our_dataset/images/1170_2.jpg,Her mind is dim and provides no guidance or insight to others.,contradiction,"the image provided is an abstract, colorful pattern with no discernible content or meaning. it does not depict a mind or any cognitive function. therefore, there is no inference relationship between the image and the sentence. the sentence is a description of a person's mental state, while the image is a visual representation that does not convey any information about a person's mind or cognitive abilities."
1098,/data/ajaunarena/our_dataset/images/141_3.jpg,His mind was suffering from emotional bruises.,entailment,"the image provided does not contain any text or information that would allow for a direct inference relationship with the sentence. therefore, it is not possible to determine whether the image entails or contradicts the sentence based on the visual content alone."
1099,/data/ajaunarena/our_dataset/images/141_3.jpg,He was experiencing psychological pain from emotional trauma.,entailment,"the image provided does not contain any text or information that would allow for a direct inference relationship with the sentence. therefore, it is not possible to determine whether the image entails or contradicts the sentence based on the visual content alone."
1100,/data/ajaunarena/our_dataset/images/141_3.jpg,His emotional experiences left no lasting impact on his mental state.,contradiction,"the image provided does not have a direct relationship with the sentence. it is not possible to determine the inference relationship between the image and the sentence based on the visual content alone. the sentence describes a psychological or emotional concept, while the image appears to be an abstract or artistic representation that does not convey any specific emotional experience or mental state."
1101,/data/ajaunarena/our_dataset/images/127_3.jpg,Inspiration requires a well-tended greenhouse of focus.,entailment,"the image and the sentence do not have a direct relationship that would allow for a clear determination of entailment or contradiction. the image appears to be an abstract, colorful pattern, while the sentence is a statement about inspiration and focus. without additional context, it is not possible to determine if the image entails or contradicts the sentence."
1102,/data/ajaunarena/our_dataset/images/127_3.jpg,Creative inspiration needs a protected and maintained environment of concentration.,entailment,"the image and the sentence have a relationship of entailment. the image depicts a colorful, abstract pattern that could be interpreted as a visual representation of a protected and maintained environment of concentration. the sentence, ""creative inspiration needs a protected and maintained environment of concentration,"" is a statement that describes the concept of concentration as essential for creative inspiration. the image visually conveys the idea of concentration, which is a key element in the sentence."
1103,/data/ajaunarena/our_dataset/images/127_3.jpg,Inspiration flourishes in chaos and constant distraction.,contradiction,"the image and the sentence have a relationship of contradiction. the image depicts a chaotic and colorful scene, which is the opposite of the sentence's description of inspiration flourishing in chaos and constant distraction. the sentence suggests that inspiration can thrive in such conditions, while the image shows a chaotic and distracting environment that is likely to hinder creativity and focus."
1104,/data/ajaunarena/our_dataset/images/151_2.jpg,Love is a magical potion brewing in life's cauldron.,entailment,"the image and the sentence do not have a direct relationship, so it is neither entailment nor contradiction. the image appears to be an abstract, colorful pattern, while the sentence is a metaphorical description of love. they do not logically relate to each other."
1105,/data/ajaunarena/our_dataset/images/151_2.jpg,Love develops gradually through a complex mixture of experiences and emotions.,entailment,"the image and the sentence do not have a direct relationship, so it is not possible to determine if the image entails or contradicts the sentence. the image appears to be an abstract, colorful pattern with no discernible connection to the concept of love or its development."
1106,/data/ajaunarena/our_dataset/images/151_2.jpg,Love appears instantly without any development or complexity.,contradiction,"the image provided appears to be an abstract, colorful pattern with no discernible objects or shapes that could be associated with the concept of love. therefore, it is not possible to determine an inference relationship between the image and the sentence provided. the sentence is a statement about love, while the image is a visual representation that does not convey any information about love or its nature."
1107,/data/ajaunarena/our_dataset/images/1193_3.jpg,My internal jury weighs the evidence of each emotion.,entailment,"the image you've provided appears to be an abstract or abstracted representation of a scene, possibly a collection of objects or a pattern. it's difficult to determine the exact nature of the image without more context.

as for the sentence, it seems to be a description of a scene or a collection of objects, which could be related to the image in some way. however, without more information, it's not possible to definitively say whether the sentence entails the image or if there is a contradiction.

to determine the relationship between the image and the sentence, one would need to know the specific content of the image and the intended meaning of the sentence. if the sentence accurately describes the image, it would be an entailment. if the sentence contradicts the image, it would be a contradiction. if the sentence is ambiguous or does not describe the image, it would be neither entailment nor contradiction."
1108,/data/ajaunarena/our_dataset/images/1193_3.jpg,Different parts of myself evaluate and judge my emotional responses.,entailment,"the image you've provided appears to be an abstract or abstracted representation of various shapes and colors, which could be interpreted in many ways depending on the viewer's perspective. the sentence you've provided, ""different parts of myself evaluate and judge my emotional responses,"" is a statement about a person's introspective process of self-evaluation and emotional regulation.

the relationship between the image and the sentence is not one of entailment or contradiction. instead, it seems to be a metaphorical or symbolic relationship, where the abstract shapes and colors might be seen as representing the complexity and diversity of a person's emotional responses, and the sentence describes the cognitive process of self-awareness and emotional regulation.

in summary, the relationship is more akin to a metaphor or a symbolic representation, rather than a logical entailment or contradiction."
1109,/data/ajaunarena/our_dataset/images/1193_3.jpg,My emotions are accepted without any internal assessment.,contradiction,"the image you've provided appears to be a colorful, abstract pattern with no clear depiction of anything specific. the sentence you've provided is a statement about emotions and internal assessment.

given the nature of the image and the sentence, it is not possible to determine an entailment or contradiction relationship between them. the image does not provide any information that would allow for a logical relationship to be inferred with the sentence. the sentence is a general statement about emotions and internal assessment, which is not directly related to the image."
1110,/data/ajaunarena/our_dataset/images/1241_2.jpg,Moonbeams rippled across the lake's surface.,entailment,"the image and the sentence have an entailment relationship. the image shows ripples on the surface of a body of water, which can be inferred to be a lake. the sentence ""moonbeams rippled across the lake's surface"" describes a scene that is consistent with the image, and the image can be said to entail the sentence."
1111,/data/ajaunarena/our_dataset/images/1241_2.jpg,The moonlight created moving patterns of illumination on the water.,entailment,"the image and the sentence have an entailment relationship. the sentence describes a specific scenario that is depicted in the image. the image shows moving patterns of illumination on the water, which is a direct result of moonlight. the sentence accurately describes the content of the image."
1112,/data/ajaunarena/our_dataset/images/1241_2.jpg,The moonlight remained static and unchanging on the lake's surface.,contradiction,"the image and the sentence have a relationship of contradiction. the image shows ripples and waves on the water, which implies movement and change, whereas the sentence states that the moonlight remained static and unchanging on the lake's surface, which implies a lack of movement or change."
1113,/data/ajaunarena/our_dataset/images/131_3.jpg,The investment in better education purchased a brighter future for the community.,entailment,"the image and the sentence do not have a direct relationship, so it is not possible to determine if the sentence entails or contradicts the image. the image appears to be an abstract pattern with no clear connection to the sentence provided."
1114,/data/ajaunarena/our_dataset/images/131_3.jpg,Improving education led to better outcomes for the community's future.,entailment,"the image provided is an abstract pattern with no discernible connection to the sentence. therefore, the relationship between the image and the sentence is ""contradiction,"" as the image does not entail or contradict the sentence. the sentence is a statement about a cause-and-effect relationship between education and community outcomes, while the image is purely an abstract visual representation with no inherent meaning or connection to the sentence."
1115,/data/ajaunarena/our_dataset/images/131_3.jpg,Educational improvements had no effect on the community's future conditions.,contradiction,"the image provided does not have a direct relationship with the sentence. it is an abstract image with no clear connection to the sentence. therefore, the relationship between the image and the sentence is neither entailment nor contradiction."
1116,/data/ajaunarena/our_dataset/images/1009_0.jpg,Laughter distilled the essence of their friendship.,entailment,"the image and the sentence have a relationship of entailment. the image depicts a colorful, abstract pattern that could be interpreted as a representation of laughter or joy, which are emotions often associated with friendship. the sentence, ""laughter distilled the essence of their friendship,"" describes a situation where laughter is a key element of the friendship, which is a possible interpretation of the image. therefore, the sentence entails the image, as it provides a specific description of what the image might represent."
1117,/data/ajaunarena/our_dataset/images/1009_0.jpg,Shared laughter revealed the pure nature of their relationship.,entailment,"the image and the sentence do not have an entailment or contradiction relationship. the image is a colorful, abstract pattern, while the sentence is a description of a social situation. they are not related in a logical or semantic sense."
1118,/data/ajaunarena/our_dataset/images/1009_0.jpg,Laughter diluted and weakened their friendship's foundation.,contradiction,"the image provided does not have a direct relationship with the sentence. it is not possible to determine if the image entails or contradicts the sentence, as the image does not provide any information that can be logically related to the sentence. the image appears to be an abstract or artistic representation, and there is no clear connection to the sentence provided."
1119,/data/ajaunarena/our_dataset/images/81_1.jpg,Our possessions are the footprints of our property journey.,entailment,"the image and the sentence have an entailment relationship. the image shows a blurry, abstract pattern that could be interpreted as a representation of footprints, and the sentence describes footprints as the ""footprints of our property journey."" the image visually conveys the concept of footprints, which is the central idea expressed in the sentence."
1120,/data/ajaunarena/our_dataset/images/81_1.jpg,The items we own mark our progress and history in acquiring and managing properties.,entailment,"the image provided appears to be an abstract or blurred photograph, which does not provide a clear depiction of any specific items or properties. therefore, it is not possible to determine if the image entails or contradicts the sentence provided. the sentence is a general statement about the nature of personal possessions, and without a clear visual representation of those items, it is not possible to make a definitive inference relationship between the image and the sentence."
1121,/data/ajaunarena/our_dataset/images/81_1.jpg,Our possessions have no relation to our property acquisition history or development.,contradiction,"the image provided appears to be an abstract or distorted representation of various objects, making it difficult to determine a specific relationship with the sentence. however, based on the sentence, it seems to suggest that the image could be interpreted as a visual metaphor for the concept of ""possession"" in the context of the sentence.

in this sense, the image might be said to ""entail"" the sentence, as it could be inferred that the objects in the image represent possessions, and the sentence describes the nature of those possessions. however, without a clearer image or more context, it's challenging to definitively say whether the relationship is entailment or contradiction."
1122,/data/ajaunarena/our_dataset/images/912_2.jpg,His masterpiece has landed.,entailment,"the image provided appears to be an abstract or artistic representation, possibly of a cityscape or a similar subject. the sentence ""his masterpiece has landed"" is a statement about a specific event or accomplishment.

given the nature of the image and the sentence, it is not possible to determine an inference relationship between them. the image does not provide information that would allow for the logical deduction of the sentence, nor does the sentence provide information that would allow for the logical deduction of the image. therefore, the relationship between the image and the sentence is neither entailment nor contradiction."
1123,/data/ajaunarena/our_dataset/images/912_2.jpg,He has completed creating his masterpiece.,entailment,"the image provided appears to be an abstract or artistic representation, possibly of a cityscape or a similar scene, with a focus on light and color. the sentence ""he has completed creating his masterpiece"" is a statement about a person's accomplishment.

the relationship between the image and the sentence is one of ""contradiction."" the image does not depict a person or any action related to creating a masterpiece. the sentence is about a person's achievement, while the image is an inanimate representation of a scene that does not involve a person or their creation."
1124,/data/ajaunarena/our_dataset/images/912_2.jpg,His masterpiece remains incomplete and unrealized.,contradiction,"the image provided appears to be an abstract or artistic representation, possibly of a cityscape or a similar subject. it is not possible to determine the content of the image with certainty, as it is highly stylized and lacks clear, recognizable features.

the sentence ""his masterpiece remains incomplete and unrealized"" is a statement about a hypothetical situation or a person's work. it does not directly relate to the image provided.

therefore, the relationship between the image and the sentence is neither entailment nor contradiction, as they are not logically related to each other."
1125,/data/ajaunarena/our_dataset/images/486_1.jpg,Time is the great metamorphosis master.,entailment,"the image and the sentence do not have a direct relationship, so it is neither entailment nor contradiction. the sentence is a philosophical statement that does not correspond to the visual content of the image, which consists of a colorful, abstract pattern."
1126,/data/ajaunarena/our_dataset/images/486_1.jpg,Time causes profound transformations in all things.,entailment,"the image depicts a colorful, abstract pattern that appears to be a blend of various shapes and colors. the sentence ""time causes profound transformations in all things"" is a general statement about the passage of time and its impact on the world.

the relationship between the image and the sentence is one of entailment. the image does not directly depict time or transformation, but it can be inferred that the abstract patterns and colors might represent the concept of change over time. the sentence provides a broader context that can be applied to the image, suggesting that the transformations described in the sentence could be metaphorically represented by the abstract patterns."
1127,/data/ajaunarena/our_dataset/images/486_1.jpg,Time never causes any changes or transformations.,contradiction,"the image you provided appears to be an abstract or artistic representation of various shapes and colors, possibly resembling a butterfly or a similar organic form. the sentence you provided is a statement about the nature of time, which is a concept that is not directly related to the visual content of the image.

given that the image is not depicting a specific moment in time and does not contain any elements that would suggest the passage of time, it is not possible to infer a relationship of entailment or contradiction between the image and the sentence. the sentence is a philosophical or scientific statement about the nature of time, while the image is a visual representation that does not inherently convey information about time."
1128,/data/ajaunarena/our_dataset/images/586_0.jpg,She had an insatiable appetite for knowledge.,entailment,"the image provided does not contain any information that can be directly inferred to relate to the sentence ""she had an insatiable appetite for knowledge."" therefore, the relationship between the image and the sentence is neither entailment nor contradiction. the image is a visual representation of a pattern, and the sentence is a statement about a person's behavior or interest. they are not related in a logical or inferential sense."
1129,/data/ajaunarena/our_dataset/images/586_0.jpg,She constantly sought to acquire new information and learning.,entailment,"the image provided does not contain any text or information that would allow for a direct inference relationship with the sentence. therefore, it is neither entailing nor contradicting the sentence."
1130,/data/ajaunarena/our_dataset/images/586_0.jpg,She showed no interest in learning or gaining new knowledge.,contradiction,"the image provided does not contain any information that can be directly inferred to relate to the sentence. therefore, the relationship between the image and the sentence is ""contradiction,"" as the image does not provide any information that can be used to support or contradict the sentence."
1131,/data/ajaunarena/our_dataset/images/1150_0.jpg,Every step on this journey of change leaves footprints in the sands of progress.,entailment,"the image and the sentence have an entailment relationship. the image shows a wavy pattern that could be interpreted as a metaphor for change and progress, and the sentence provides a description of the image that is consistent with the visual content. the sentence does not contradict the image; instead, it provides a conceptual interpretation that is supported by the visual elements in the image."
1132,/data/ajaunarena/our_dataset/images/1150_0.jpg,Each action taken during long-term change creates lasting evidence of advancement and development.,entailment,"the image and the sentence do not have a direct relationship, so it is not possible to determine if the sentence entails or contradicts the image. the image appears to be an abstract representation of light and water, while the sentence is a philosophical or motivational statement about the effects of long-term change. without a clear connection between the two, it is not possible to make a definitive inference relationship."
1133,/data/ajaunarena/our_dataset/images/1150_0.jpg,Actions taken during change leave no trace and have no lasting impact on progress.,contradiction,"the image and the sentence have a contradictory relationship. the image shows a close-up of water with light reflections, which suggests that the water is still and the light is reflecting off the surface. this implies that the actions taken during change, such as the movement of the water, do have a lasting impact on the progress of the light reflections. the sentence, on the other hand, states that actions taken during change leave no trace and have no lasting impact on progress, which is contrary to the visual information presented in the image."
1134,/data/ajaunarena/our_dataset/images/1300_2.jpg,She handed life to her characters on blank pages.,entailment,"the image and the sentence have a relationship of contradiction. the image is a colorful, abstract pattern that does not depict any characters or pages, and it does not convey the idea of life being handed to characters on blank pages. the sentence, on the other hand, describes a creative process where a writer brings characters to life on blank pages, which is not visually represented in the image."
1135,/data/ajaunarena/our_dataset/images/1300_2.jpg,She created compelling fictional characters through her writing.,entailment,"the image provided is an abstract, colorful pattern with no discernible content that could be related to the sentence. therefore, there is no entailment or contradiction relationship between the image and the sentence. the sentence describes a specific action or result, while the image is purely visual and does not convey any information that could be related to the sentence."
1136,/data/ajaunarena/our_dataset/images/1300_2.jpg,Her characters remained lifeless and undeveloped in her writing.,contradiction,"the image provided is an abstract, colorful pattern with no discernible content that could be related to the sentence. therefore, there is no entailment or contradiction relationship between the image and the sentence. the sentence is a statement about a person's writing, while the image is a visual representation unrelated to the sentence."
1137,/data/ajaunarena/our_dataset/images/516_1.jpg,Their ideas have reached a dead end.,entailment,"the image and the sentence do not have a direct inference relationship. the image is an abstract pattern with no inherent meaning, while the sentence is a statement about the ideas of two individuals. the relationship between the two is not one of entailment or contradiction, as they are not related in a logical or semantic sense."
1138,/data/ajaunarena/our_dataset/images/516_1.jpg,Their ideas can no longer progress or develop further.,entailment,"the image you've provided appears to be an abstract pattern with various shades of blue and orange, possibly representing a brick wall or a similar textured surface. the sentence you've provided, ""their ideas can no longer progress or develop further,"" is a statement about a hypothetical situation or a group of people.

the relationship between the image and the sentence is one of ""contradiction."" the image is an abstract representation and does not depict any people or their ideas. the sentence is a statement about a conceptual situation, which is not visually represented in the image. therefore, the image and the sentence contradict each other because they describe different things."
1139,/data/ajaunarena/our_dataset/images/516_1.jpg,Their ideas have unlimited potential for development.,contradiction,"the image and the sentence do not have a direct inference relationship, as they are not related in terms of content. the image is an abstract pattern with no discernible meaning, while the sentence is a statement about the potential for development. therefore, the relationship between the image and the sentence is neither entailment nor contradiction, but rather a lack of relationship."
1140,/data/ajaunarena/our_dataset/images/1757_2.jpg,Success fed his appetite for more challenges.,entailment,"the image and the sentence do not have a direct relationship, so it is not possible to determine if the image entails or contradicts the sentence. the image appears to be an abstract or artistic representation, while the sentence is a statement about a person's actions. without a clear connection between the two, it is not possible to infer a relationship between them."
1141,/data/ajaunarena/our_dataset/images/1757_2.jpg,Achievement increased his desire to tackle more difficult tasks.,entailment,"the image provided does not have a direct relationship with the sentence. it is not possible to determine an inference relationship between the two based on the visual content alone. the sentence describes a causal relationship between achievement and desire, which is not visually represented in the image. therefore, the relationship between the image and the sentence is neither entailment nor contradiction."
1142,/data/ajaunarena/our_dataset/images/1757_2.jpg,Success made him complacent and unwilling to face new challenges.,contradiction,"the image provided is an abstract and colorful pattern, which does not have a direct relationship with the sentence. it is not possible to determine an inference relationship between the image and the sentence based on the visual content alone. the sentence describes a person's behavior, while the image is purely visual and does not convey any information about a person's behavior or actions. therefore, the relationship between the image and the sentence is neither entailment nor contradiction."
1143,/data/ajaunarena/our_dataset/images/836_2.jpg,Each possession is an anchor dragging me down.,entailment,"the image and the sentence have a relationship of contradiction. the image shows a colorful, abstract pattern that does not inherently depict anchors or dragging, whereas the sentence describes a situation where each possession is an anchor dragging the person down. the two are not related in a way that one entails the other."
1144,/data/ajaunarena/our_dataset/images/836_2.jpg,Every obligation prevents me from moving forward freely.,entailment,"the image and the sentence do not have a direct relationship, so it is not possible to determine if the sentence entails or contradicts the image. the image appears to be an abstract pattern with no clear connection to the sentence provided."
1145,/data/ajaunarena/our_dataset/images/836_2.jpg,Each obligation lifts me up and helps me advance more quickly.,contradiction,"the image and the sentence do not have a direct inference relationship. the image appears to be an abstract, colorful pattern with no clear connection to the sentence provided. the sentence is a statement about obligations and their impact on personal progress, while the image is purely visual and does not convey any specific meaning or message. therefore, the relationship between the image and the sentence is one of contradiction, as the image does not entail the sentence and the sentence does not contradict the image."
1146,/data/ajaunarena/our_dataset/images/907_3.jpg,His anger was a pressure cooker building steam.,entailment,"the image you've provided appears to be an abstract or artistic representation, possibly of a fire or a process that involves heat or energy. the sentence you've provided is a metaphorical description of a situation where someone's anger is building up, much like steam in a pressure cooker.

the relationship between the image and the sentence is one of ""entailment."" the image does not directly depict a pressure cooker, but it does convey a sense of energy, heat, or pressure that could be metaphorically related to the pressure cooker in the sentence. the image entails the concept of pressure or energy buildup, which is a part of the metaphor in the sentence."
1147,/data/ajaunarena/our_dataset/images/907_3.jpg,His rage was gradually increasing and likely to burst forth suddenly.,entailment,"the image provided appears to be an abstract or artistic representation, and it is not possible to determine a direct inference relationship between the image and the sentence. the sentence describes a person's emotional state, while the image is a visual representation that may not have a direct connection to the emotional state described in the sentence. therefore, the relationship between the image and the sentence is neither entailment nor contradiction."
1148,/data/ajaunarena/our_dataset/images/907_3.jpg,His emotions were stable and showed no signs of building pressure.,contradiction,"the image provided appears to be an abstract pattern with no clear representation of emotions or pressure. therefore, it is not possible to determine an inference relationship between the image and the sentence provided. the sentence describes a person's emotional state, while the image is a visual representation that does not convey any information about emotions or pressure."
1149,/data/ajaunarena/our_dataset/images/1727_0.jpg,The machine's pressure gauge was in the red zone.,entailment,"the image and the sentence do not have a direct relationship, so it is neither entailment nor contradiction. they are unrelated."
1150,/data/ajaunarena/our_dataset/images/1727_0.jpg,His sexual tension had reached dangerous levels.,entailment,the image provided does not have a direct relationship with the sentence. it is not possible to determine an inference relationship between the two based on the visual content of the image and the text of the sentence. the image appears to be an abstract pattern with no discernible connection to the sentence.
1151,/data/ajaunarena/our_dataset/images/1727_0.jpg,His sexual tension was minimal and manageable.,contradiction,"the image and the sentence do not have a direct relationship, so it is not possible to determine if the sentence entails or contradicts the image. the image appears to be an abstract pattern with no clear connection to the sentence provided."
1152,/data/ajaunarena/our_dataset/images/1904_0.jpg,Achievement climbs its own mountain.,entailment,"the image and the sentence do not have a direct relationship, so it is not possible to determine if the sentence entails or contradicts the image. the image appears to be an abstract or artistic representation, and the sentence is a metaphorical statement. without more context or a clearer connection between the two, it is not possible to make a definitive inference relationship."
1153,/data/ajaunarena/our_dataset/images/1904_0.jpg,Success comes from self-initiated action and personal effort.,entailment,"the image provided is an abstract, colorful pattern with no discernible content that could be related to the sentence. therefore, there is no entailment or contradiction relationship between the image and the sentence. the sentence is a statement of a concept, while the image is a visual representation that does not convey any specific meaning or message."
1154,/data/ajaunarena/our_dataset/images/1904_0.jpg,Achievement requires constant external assistance and support.,contradiction,"the image provided is an abstract, colorful pattern with no discernible content that could be related to the sentence. therefore, there is no inference relationship between the image and the sentence. the sentence is a statement that could be true or false, depending on the context, but it does not entail or contradict the image."
1155,/data/ajaunarena/our_dataset/images/1889_1.jpg,His anger is a bitter pill he keeps swallowing.,entailment,"the image provided does not have a direct relationship with the sentence. it is an abstract image with no clear connection to the sentence. therefore, the relationship between the image and the sentence is neither entailment nor contradiction."
1156,/data/ajaunarena/our_dataset/images/1889_1.jpg,He repeatedly gives in to destructive angry outbursts despite knowing better.,entailment,"the image provided does not have a direct relationship with the sentence. it is an abstract image with no clear connection to the sentence. therefore, the relationship between the image and the sentence is neither entailment nor contradiction."
1157,/data/ajaunarena/our_dataset/images/1889_1.jpg,He manages his emotions well and responds to frustration calmly.,contradiction,"the image provided is an abstract pattern with no clear depiction of a person managing emotions or responding to frustration. therefore, there is no inference relationship between the image and the sentence. the sentence is a description of a person's behavior, while the image is a visual representation that does not convey any information about emotions or behavior."
1158,/data/ajaunarena/our_dataset/images/467_1.jpg,Their values stood as straight as a pillar.,entailment,"the image and the sentence do not have a direct inference relationship. the image appears to be an abstract pattern with no clear connection to the sentence. the sentence describes a pillar standing straight, which is a physical concept, while the image is a visual representation that does not inherently convey the concept of a pillar or its straightness. therefore, the relationship between the image and the sentence is one of contradiction, as the image does not entail the sentence and the sentence does not contradict the image."
1159,/data/ajaunarena/our_dataset/images/467_1.jpg,Their moral values were strong and unwavering.,entailment,"the image provided is an abstract visual representation with no direct connection to the sentence. it is not possible to determine an inference relationship between the image and the sentence based on the visual content alone. the sentence describes a moral value, while the image is an artistic representation of light and color. there is no logical relationship between the two."
1160,/data/ajaunarena/our_dataset/images/467_1.jpg,Their values were weak and easily toppled.,contradiction,"the image and the sentence do not have a direct inference relationship. the image appears to be an abstract, possibly artistic representation of text or words, with a cloudy or misty background. the sentence, ""their values were weak and easily toppled,"" is a statement about people or entities, and it does not logically follow from the image. therefore, the relationship between the image and the sentence is one of contradiction, as the image does not provide any information that would logically lead to the conclusion expressed in the sentence."
1161,/data/ajaunarena/our_dataset/images/896_2.jpg,The shapes drift like autumn leaves.,entailment,"the relationship between the image and the sentence is one of entailment. the image depicts shapes that resemble autumn leaves, and the sentence describes the shapes as drifting like autumn leaves. the sentence is a more specific description of the shapes in the image, so it entails the image's content."
1162,/data/ajaunarena/our_dataset/images/896_2.jpg,The forms appear to float and arrange themselves naturally within the design.,entailment,"the image and the sentence do not have a direct inference relationship. the sentence describes the forms in the image as floating and arranging themselves naturally within the design, which is a subjective observation that may or may not be true depending on the viewer's interpretation. however, the image itself does not inherently entail or contradict the sentence. it is a visual representation that could be interpreted in various ways, and the sentence is a description that could be applied to the image or not, depending on the viewer's perspective."
1163,/data/ajaunarena/our_dataset/images/896_2.jpg,The shapes appear forced and artificially positioned within the design.,contradiction,"the relationship between the image and the sentence is ""contradiction."" the sentence describes the shapes as appearing forced and artificially positioned, which is the opposite of what the image shows. the shapes in the image appear to be naturally occurring and not forced or artificially positioned."
1164,/data/ajaunarena/our_dataset/images/727_0.jpg,The question has become a permanent tenant in my thoughts.,entailment,"the image you've provided appears to be an abstract pattern with various shapes and colors. the sentence ""the question has become a permanent tenant in my thoughts"" is a statement about a personal experience or emotion.

given the nature of the image and the sentence, it is not possible to determine an entailment or contradiction relationship between them. entailment and contradiction are logical relationships that can be established between statements or propositions, whereas the image is a visual representation and the sentence is a statement of a subjective experience or emotion.

therefore, the relationship between the image and the sentence is neither entailment nor contradiction."
1165,/data/ajaunarena/our_dataset/images/727_0.jpg,I'm consistently dedicating serious thought to the question.,entailment,"the image you've provided appears to be an abstract pattern with various shapes and colors. the sentence you've provided is a description of a sunset.

given the visual content of the image, it is not possible to determine if it entails or contradicts the sentence. the image does not provide enough context or information to make a definitive inference relationship with the sentence. the relationship between the image and the sentence would depend on the specific context in which they are being used or the intended meaning of the sentence."
1166,/data/ajaunarena/our_dataset/images/727_0.jpg,The question has been evicted from my thoughts entirely.,contradiction,"the image you've provided appears to be an abstract pattern with various shapes and colors. the sentence you've provided is not related to the image and does not provide any information that can be inferred from the image. therefore, the relationship between the image and the sentence is ""contradiction,"" as the sentence does not follow or relate to the content of the image."
1167,/data/ajaunarena/our_dataset/images/878_0.jpg,She maintains her image like a carefully preserved manuscript cover.,entailment,"the relationship between the image and the sentence is one of entailment. the image depicts a manuscript cover, and the sentence describes the way the manuscript cover is maintained, which is consistent with the visual content of the image."
1168,/data/ajaunarena/our_dataset/images/878_0.jpg,She meticulously maintains her external appearance to prevent any signs of aging or wear.,entailment,"the image provided is an abstract and stylized representation of a person's face, and it does not depict a real person or their actual appearance. therefore, it is not possible to determine if the image entails or contradicts the sentence provided. the sentence is a description of a person's behavior, which is not directly related to the image."
1169,/data/ajaunarena/our_dataset/images/878_0.jpg,She allows her appearance to naturally age and change without intervention.,contradiction,"the image provided appears to be an abstract or artistic representation, and it is not possible to determine a direct relationship between the image and the sentence you provided. the sentence describes a person's behavior or attitude, while the image is a visual composition that does not inherently convey any specific behavior or attitude. therefore, the relationship between the image and the sentence is neither entailment nor contradiction, as they are not related in a meaningful way."
1170,/data/ajaunarena/our_dataset/images/825_0.jpg,The pit stops of preparation fuel victory.,entailment,"the image and the sentence do not have a direct relationship, so it is neither entailment nor contradiction. they are unrelated."
1171,/data/ajaunarena/our_dataset/images/825_0.jpg,Proper planning and preparation are essential elements for competitive success.,entailment,"the image provided appears to be an abstract or colorful pattern, which does not have a direct relationship with the sentence. the sentence is a statement about the importance of planning and preparation for success in competition. therefore, the relationship between the image and the sentence is one of ""contradiction,"" as the image does not convey any information about planning and preparation, which are the main subjects of the sentence."
1172,/data/ajaunarena/our_dataset/images/825_0.jpg,"Success in competition comes purely from luck, without any need for preparation.",contradiction,"the image and the sentence have a contradictory relationship. the image shows a colorful, abstract pattern that does not convey any specific meaning or message. the sentence, on the other hand, makes a statement about success in competition, suggesting that it is solely due to luck and does not require preparation. the two are contradictory because the image does not provide any information that would support or contradict the statement in the sentence."
1173,/data/ajaunarena/our_dataset/images/1315_1.jpg,Their romance sparked and blazed like a wildfire.,entailment,"the image and the sentence have an entailment relationship. the image depicts a bright, fiery, and dynamic pattern that could be interpreted as a visual representation of a spark or a fire. the sentence describes a romance that is intense and passionate, which could be metaphorically compared to a wildfire. the image visually conveys the intensity and passion described in the sentence, making the sentence a logical inference from the image."
1174,/data/ajaunarena/our_dataset/images/1315_1.jpg,Their romantic feelings developed quickly and intensely.,entailment,"the image and the sentence do not have a direct relationship, so it is not possible to determine if the image entails or contradicts the sentence. the image appears to be an abstract pattern with no clear connection to the sentence provided."
1175,/data/ajaunarena/our_dataset/images/1315_1.jpg,Their romance developed slowly and remained lukewarm.,contradiction,"the image and the sentence do not have a direct relationship, so it is neither entailment nor contradiction. they are unrelated."
1176,/data/ajaunarena/our_dataset/images/1149_0.jpg,Their friendship needed a software patch.,entailment,"the image provided appears to be a digital art piece with a colorful, abstract design. it does not have a direct relationship with the sentence ""their friendship needed a software patch."" the sentence is a statement about a situation involving two people and a software patch, while the image is a visual representation with no inherent connection to the sentence. therefore, the relationship between the image and the sentence is one of contradiction, as the image does not entail the sentence and the sentence does not contradict the image."
1177,/data/ajaunarena/our_dataset/images/1149_0.jpg,Their relationship required some adjustments and improvements to function better.,entailment,"the image provided appears to be a digital art piece with a colorful, abstract design. it does not contain any text or depict any specific objects or scenes that would allow for a direct inference relationship with a sentence. therefore, it is not possible to determine if the image entails or contradicts a sentence without additional context."
1178,/data/ajaunarena/our_dataset/images/1149_0.jpg,Their friendship was perfect and required no modifications.,contradiction,"the image provided appears to be a digital art piece with a colorful, abstract design. it does not contain any text or depict any specific content that would allow for a direct inference relationship with the sentence provided. therefore, it is not possible to determine whether the image entails or contradicts the sentence based on the visual content alone."
1179,/data/ajaunarena/our_dataset/images/1067_1.jpg,The team leader distributed power among the members.,entailment,"the image and the sentence do not have a direct relationship, so it is neither entailment nor contradiction. they are unrelated."
1180,/data/ajaunarena/our_dataset/images/1067_1.jpg,The team leader shared decision-making authority with team members.,entailment,"the image and the sentence do not have a direct relationship, so it is not possible to determine if the image entails or contradicts the sentence. the image appears to be an abstract or artistic representation, and there is no clear connection between the content of the image and the meaning of the sentence."
1181,/data/ajaunarena/our_dataset/images/1067_1.jpg,The team leader concentrated all power in their own position.,contradiction,"the image and the sentence have a contradictory relationship. the image shows a group of people, and it is not possible to determine from the image alone whether the team leader concentrated all power in their own position. the sentence, however, makes a definitive statement about the team leader's actions, which is not supported by the visual information in the image."
1182,/data/ajaunarena/our_dataset/images/943_1.jpg,The lid of darkness closed over the landscape.,entailment,"the image and the sentence have a contradiction relationship. the image shows a brightly colored sky, which is the opposite of the ""darkness"" described in the sentence."
1183,/data/ajaunarena/our_dataset/images/943_1.jpg,"Darkness descended completely, concealing the view of the terrain.",entailment,"the image and the sentence have a contradictory relationship. the image shows a colorful and vibrant scene, which is the opposite of the darkness described in the sentence."
1184,/data/ajaunarena/our_dataset/images/943_1.jpg,"The landscape remained visible, resisting the approach of darkness.",contradiction,"the image and the sentence have an entailment relationship. the image shows a landscape with colors that suggest the sun is setting, and the sentence describes the landscape remaining visible as the sun sets. this is a logical entailment, as the image visually represents the concept of the landscape remaining visible during the sunset."
1185,/data/ajaunarena/our_dataset/images/142_3.jpg,Her mind needed time to stretch after waking.,entailment,"the image and the sentence do not have a direct relationship, so it is neither entailment nor contradiction. they are unrelated."
1186,/data/ajaunarena/our_dataset/images/142_3.jpg,She required time to become mentally alert and focused after sleep.,entailment,"the image and the sentence do not have a direct relationship, so it is not possible to determine if the image entails or contradicts the sentence. the image appears to be an abstract pattern with no clear connection to the sentence provided."
1187,/data/ajaunarena/our_dataset/images/142_3.jpg,Her mind was instantly sharp and ready the moment she woke up.,contradiction,"the image and the sentence do not have a direct relationship, so it is neither entailment nor contradiction. they are unrelated."
1188,/data/ajaunarena/our_dataset/images/775_2.jpg,"Like a skilled tracker, time never loses sight of its prey.",entailment,"the image provided appears to be an abstract or artistic representation, possibly of a forest or natural scene, with a colorful and somewhat blurred effect. the sentence ""like a skilled tracker, time never loses sight of its prey"" is a metaphorical statement about the relentless nature of time and its ability to move forward and not forget or lose track of events or moments.

the relationship between the image and the sentence is one of ""contradiction."" the image is an artistic representation that does not depict a literal tracker or prey, whereas the sentence is a metaphorical statement that uses the concept of a tracker to describe the nature of time. the two are not directly related and do not entail each other."
1189,/data/ajaunarena/our_dataset/images/775_2.jpg,Time consistently monitors and affects every aspect of existence without fail.,entailment,"the image provided is an abstract pattern with no clear depiction of a consistent, time-monitoring entity. the sentence ""time consistently monitors and affects every aspect of existence without fail"" is a statement about the concept of time and its influence on the world.

given the abstract nature of the image and the conceptual nature of the sentence, there is no direct inference relationship between the two. the sentence is not contradicted by the image, nor does it entail any specific aspect of the image. the relationship between the image and the sentence is more metaphorical or conceptual, as the image could be interpreted as a representation of the passage of time or the interconnectedness of all things, which might be related to the sentence's description of time's influence on existence. however, this is a subjective interpretation, and the relationship between the image and the sentence is not a direct inference relationship."
1190,/data/ajaunarena/our_dataset/images/775_2.jpg,Time is easily distracted and frequently overlooks significant moments in life.,contradiction,"the image provided appears to be an abstract pattern with no clear depiction of a clock or time. therefore, it is not possible to determine an inference relationship between the image and the sentence you provided. the sentence is a statement about time, but the image does not provide any visual information that would allow for a direct inference or contradiction."
1191,/data/ajaunarena/our_dataset/images/589_0.jpg,She tasted sweet success at last.,entailment,"the image provided is an abstract and colorful pattern, which does not have a direct relationship with the sentence. it is not possible to determine an entailment or contradiction relationship between the two, as they are unrelated."
1192,/data/ajaunarena/our_dataset/images/589_0.jpg,She finally achieved and experienced the pleasure of success.,entailment,"the image provided is an abstract and colorful pattern, which does not depict a specific scene or object. it is not possible to determine an inference relationship between the image and the sentence provided, as there is no logical connection between the two. the sentence describes a personal experience or emotion, while the image is purely visual and does not convey any information that could be inferred from the sentence. therefore, the relationship between the image and the sentence is neither entailment nor contradiction, as they are not related in any way."
1193,/data/ajaunarena/our_dataset/images/589_0.jpg,She continued to face failure and disappointment.,contradiction,"the image provided is an abstract and colorful pattern, which does not have a direct relationship with the sentence. it is not possible to determine an inference relationship between the image and the sentence, as they do not share any logical connection. the sentence describes a situation, while the image is purely visual and does not convey any information that could be inferred from the sentence. therefore, the relationship between the image and the sentence is neither entailment nor contradiction."
1194,/data/ajaunarena/our_dataset/images/1084_2.jpg,Our eyes' territory has strict borders.,entailment,"the image and the sentence do not have a direct relationship, so it is not possible to determine if the sentence entails or contradicts the image. the sentence is a general statement about the eyes' territory, while the image appears to be an abstract or artistic representation that may not have a direct connection to the sentence."
1195,/data/ajaunarena/our_dataset/images/1084_2.jpg,The area we can see at any moment is confined within definite limits.,entailment,"the image provided appears to be an abstract pattern with no clear depiction of a confined area within definite limits. therefore, the relationship between the image and the sentence is ""contradiction."" the sentence describes a concept that is not visually represented in the image."
1196,/data/ajaunarena/our_dataset/images/1084_2.jpg,Our vision knows no borders and extends infinitely in all directions.,contradiction,"the image provided appears to be an abstract pattern with no clear depiction of a border or an infinite extension. the sentence ""our vision knows no borders and extends infinitely in all directions"" is a description of a concept or a metaphorical statement about human perception.

given that the image does not visually represent the concept of borders or infinity, the relationship between the image and the sentence is one of ""contradiction."" the image does not entail the sentence, and the sentence does not contradict the image, but they are not related in a way that one can be inferred from the other."
1197,/data/ajaunarena/our_dataset/images/1277_2.jpg,We're following the trail markers of those who succeeded before us.,entailment,"the image provided appears to be an abstract pattern with various shapes and stars, and it does not contain any text or information that would allow for a direct inference relationship with a sentence. therefore, it is not possible to determine whether the image entails or contradicts a sentence based on the image alone."
1198,/data/ajaunarena/our_dataset/images/1277_2.jpg,We're learning from the examples and experiences of previous successful endeavors.,entailment,"the image provided appears to be an abstract pattern with no clear connection to the sentence. therefore, the relationship between the image and the sentence is ""contradiction,"" as the image does not entail the sentence and the sentence does not contradict the image."
1199,/data/ajaunarena/our_dataset/images/1277_2.jpg,We're completely ignoring all previous examples and starting from scratch.,contradiction,"the image you've provided appears to be an abstract pattern with various shapes and stars, set against a blue background. the sentence you've provided is ""the cat is on the mat.""

the relationship between the image and the sentence is one of contradiction. the image does not depict a cat or a mat, and there is no context or content in the image that would entail the sentence. the sentence describes a specific scene or object that is not present in the image."
1200,/data/ajaunarena/our_dataset/images/1174_0.jpg,Their minds are dim candles in a vast hall.,entailment,"the image and the sentence have a relationship of ""contradiction."" the image depicts bright, colorful lights, which is the opposite of dim candles."
1201,/data/ajaunarena/our_dataset/images/1174_0.jpg,Their intelligence is limited and inadequate for the scale of the challenge.,entailment,"the image provided appears to be an abstract pattern with no clear depiction of intelligence or a challenge. it is not possible to determine an inference relationship between the image and the sentence provided because the sentence is not related to the content of the image. the sentence seems to be a statement about artificial intelligence, which is not directly related to the visual content of the image. therefore, the relationship between the image and the sentence is neither entailment nor contradiction, as they are not related to each other."
1202,/data/ajaunarena/our_dataset/images/1174_0.jpg,Their minds are powerful enough to handle any intellectual challenge.,contradiction,"the image provided appears to be an abstract pattern with no clear depiction of a mind or any intellectual challenge. it is not possible to determine an inference relationship between the image and the sentence provided because there is no logical connection between the two. the sentence is a general statement about the capabilities of minds, which does not relate to the visual content of the image. therefore, the relationship between the image and the sentence is neither entailment nor contradiction, as they are not logically connected."
1203,/data/ajaunarena/our_dataset/images/743_2.jpg,Their love danced like leaves in the autumn wind.,entailment,"the image of colorful leaves in the autumn wind does not entail nor contradict the sentence ""their love danced like leaves in the autumn wind."" the image can be associated with the concept of love, but it does not depict a specific couple or their love. the sentence is a metaphorical description of the leaves' movement, which can be interpreted as a representation of love, but it is not a literal depiction of the leaves. therefore, the relationship between the image and the sentence is neither entailment nor contradiction."
1204,/data/ajaunarena/our_dataset/images/743_2.jpg,Their romantic feelings were playful and moved in unpredictable but beautiful ways.,entailment,"the image of the leaves in various colors and the sentence describing romantic feelings as playful and moving in unpredictable but beautiful ways are related through the inference relationship of ""entailment."" the image of the leaves can be seen as a metaphor for the unpredictable and beautiful nature of romantic feelings, and the sentence describes the essence of what the image represents."
1205,/data/ajaunarena/our_dataset/images/743_2.jpg,"Their love was rigid and predictable, following a fixed pattern.",contradiction,"the image of the leaves in various colors and the sentence describing a love relationship as rigid and predictable do not have a direct inference relationship. they are not related in terms of entailment or contradiction. the image of leaves is a visual representation and does not convey any information about love relationships. the sentence is a statement about a love relationship and does not provide any visual information. therefore, there is no inference relationship between the image and the sentence."
1206,/data/ajaunarena/our_dataset/images/953_3.jpg,They orbited each other like binary stars.,entailment,"the image and the sentence have a relationship of entailment. the image depicts a blurry, colorful, and somewhat abstract representation of what appears to be a celestial scene, possibly resembling a galaxy or nebula. the sentence describes a binary star system, which is a type of celestial object where two stars orbit each other. the image could be interpreted as a visual representation of a binary star system, and thus the sentence entails the image."
1207,/data/ajaunarena/our_dataset/images/953_3.jpg,Their emotional lives were deeply intertwined and mutually dependent.,entailment,"the image provided does not have a direct relationship with the sentence. it is an abstract image with no clear depiction of emotional lives or intertwined relationships. therefore, the relationship between the image and the sentence is neither entailment nor contradiction."
1208,/data/ajaunarena/our_dataset/images/953_3.jpg,They maintained complete emotional independence and separation.,contradiction,"the image provided does not have a direct relationship with the sentence. it is an abstract image with no clear connection to the sentence. therefore, the relationship between the image and the sentence is neither entailment nor contradiction."
1209,/data/ajaunarena/our_dataset/images/1301_2.jpg,The artist bestowed colors to the empty canvas.,entailment,"the image and the sentence have an entailment relationship. the sentence describes the process of creating the image, which is a colorful abstract pattern. the colors on the canvas are a result of the artist's actions, so the sentence logically follows from the image."
1210,/data/ajaunarena/our_dataset/images/1301_2.jpg,The artist created a painting by applying paint to the canvas.,entailment,"the image and the sentence have an entailment relationship. the sentence ""the artist created a painting by applying paint to the canvas"" is a logical consequence of the image, which depicts a painting with visible brushstrokes and a canvas. the image entails the sentence, as it provides visual evidence that supports the statement about the creation of the painting."
1211,/data/ajaunarena/our_dataset/images/1301_2.jpg,The canvas remained blank and untouched by the artist.,contradiction,"the image and the sentence have a contradictory relationship. the image shows a colorful, abstract pattern that appears to be a painting or artwork, which is the opposite of a blank canvas. the sentence implies that the canvas is blank and untouched, which contradicts the visual content of the image."
1212,/data/ajaunarena/our_dataset/images/1539_0.jpg,Understanding clicks into place like perfect puzzle pieces.,entailment,"the image and the sentence do not have a direct relationship that would allow for a clear inference relationship of entailment or contradiction. the image is a colorful, abstract pattern that does not inherently convey any specific meaning or concept that could be directly related to the sentence. the sentence, ""understanding clicks into place like perfect puzzle pieces,"" is a metaphorical description of a process or experience, which does not have a direct visual representation in the image. therefore, the relationship between the image and the sentence is neither entailment nor contradiction, as they are not related in a way that would allow for such a relationship."
1213,/data/ajaunarena/our_dataset/images/1539_0.jpg,Comprehension occurs when new information aligns with existing knowledge structures.,entailment,"the image provided appears to be an abstract, colorful pattern with no discernible objects or shapes that could be associated with the concept of ""puzzle."" therefore, the inference relationship between the image and the sentence is ""contradiction."" the sentence ""the puzzle is colorful"" is not entailed by the image, as the image does not depict a puzzle."
1214,/data/ajaunarena/our_dataset/images/1539_0.jpg,Understanding occurs randomly without any connection to previous knowledge.,contradiction,"the image you've provided appears to be an abstract pattern with various shapes and colors, which does not directly relate to the sentence you've provided. the sentence discusses the concept of understanding occurring randomly without any connection to previous knowledge.

given that the image is abstract and does not depict a scene or objects that are directly related to the concept of understanding or knowledge, it is not possible to infer a relationship of entailment or contradiction between the image and the sentence. the relationship, if any, would be more accurately described as a lack of connection or relevance."
1215,/data/ajaunarena/our_dataset/images/1088_1.jpg,Vision's chamber holds our perceptual universe.,entailment,"the image and the sentence have a relationship of entailment. the image depicts a colorful, abstract pattern that could be interpreted as a visual representation of a ""vision's chamber"" or a perceptual universe. the sentence, ""vision's chamber holds our perceptual universe,"" is a description that could be inferred from the image, as it is a plausible interpretation of the visual content."
1216,/data/ajaunarena/our_dataset/images/1088_1.jpg,Our visual field is enclosed within a defined space that contains all we can see.,entailment,"the image and the sentence are related through entailment. the sentence describes a visual field that is enclosed within a defined space, which is a concept that can be inferred from the image, which shows a close-up view of a colorful, abstract pattern that appears to be contained within a frame or border. the image visually represents the concept of a defined space containing all that can be seen."
1217,/data/ajaunarena/our_dataset/images/1088_1.jpg,"Our visual perception exists in an unlimited, boundless space.",contradiction,"the image and the sentence have a relationship of contradiction. the sentence describes a concept of space that is unlimited and boundless, while the image appears to be a close-up of a pattern or texture that does not depict an open, unlimited space. the visual content of the image contradicts the concept of space described in the sentence."
1218,/data/ajaunarena/our_dataset/images/1167_3.jpg,Their competing frameworks entered the intellectual Olympics.,entailment,"the image provided appears to be an abstract or abstracted representation of various elements, possibly representing different frameworks or concepts. the sentence provided, ""their competing frameworks entered the intellectual olympics,"" is a statement about two or more frameworks or concepts being in competition.

the relationship between the image and the sentence is one of ""contradiction."" the image does not depict any direct competition or the intellectual olympics, which are concepts that are not visually represented in the image. the image is more of a visual metaphor or a representation of various elements that could be interpreted in different ways, whereas the sentence is a clear statement about a specific event or competition."
1219,/data/ajaunarena/our_dataset/images/1167_3.jpg,Their theoretical perspectives underwent rigorous evaluation against the highest academic standards.,entailment,"the image provided appears to be an abstract or abstracted representation of various elements, possibly objects or words, arranged in a way that creates a visually interesting pattern. the sentence provided is a statement about the evaluation of academic standards.

given the nature of the image and the sentence, it is not possible to determine an inference relationship between the two. the image does not provide information that would logically lead to the sentence, nor does the sentence provide information that would logically lead to the image. therefore, the relationship between the image and the sentence is neither entailment nor contradiction."
1220,/data/ajaunarena/our_dataset/images/1167_3.jpg,"Their theories received casual, uncritical consideration without any formal evaluation.",contradiction,"the image provided appears to be an abstract or abstracted representation of various elements, possibly objects or concepts, arranged in a way that creates a visually interesting pattern. the sentence provided describes a situation where theories were not subjected to formal evaluation.

the relationship between the image and the sentence is one of ""contradiction."" the image is an abstract representation that does not inherently relate to the content of the sentence. the sentence describes a situation where theories were not formally evaluated, which is a conceptual or factual statement that is not visually represented in the image. the two are not related in a way that one entails the other; they are simply two different things."
1221,/data/ajaunarena/our_dataset/images/557_3.jpg,The theory's family tree branches into multiple disciplines.,entailment,"the image depicts a tree with branches that represent various disciplines, such as literature, science, and art. the sentence ""the theory's family tree branches into multiple disciplines"" is a description of the image, which shows a tree with many branches, each representing a different discipline. therefore, the relationship between the image and the sentence is one of entailment, as the sentence accurately describes the content of the image."
1222,/data/ajaunarena/our_dataset/images/557_3.jpg,The theory's influence extends into various different academic fields and areas of study.,entailment,"the image you've provided appears to be a colorful, artistic representation of a tree with branches that are labeled with various academic fields and areas of study. the sentence you've provided describes the influence of a theory extending into different academic fields.

the relationship between the image and the sentence is one of entailment. the image visually represents the concept of a theory's influence on different academic fields, which is what the sentence is describing. the image does not contradict the sentence; rather, it provides a visual metaphor for the concept described in the sentence."
1223,/data/ajaunarena/our_dataset/images/557_3.jpg,"The theory remains confined to a single, narrow field of study.",contradiction,"the image depicts a tree with branches that are labeled with various words, including ""theory"" and ""study."" the sentence provided states that ""the theory remains confined to a single, narrow field of study.""

the relationship between the image and the sentence is one of entailment. the image visually represents the concept of a theory being confined to a single, narrow field of study, which is what the sentence is describing. the image does not contradict the sentence; it supports the idea presented in the sentence."
1224,/data/ajaunarena/our_dataset/images/844_0.jpg,"He's a high-capacity battery, always ready to take on more tasks.",entailment,"the image provided appears to be an abstract or artistic representation of various shapes and patterns, which do not inherently relate to the sentence provided. the sentence describes a high-capacity battery, which is a physical object with specific characteristics. the relationship between the image and the sentence is one of contradiction, as the image does not depict a battery or any related objects or concepts."
1225,/data/ajaunarena/our_dataset/images/844_0.jpg,He has exceptional endurance and can handle multiple responsibilities effectively.,entailment,"the image provided does not have a direct relationship with the sentence. it is an abstract image with various shapes and colors, and there is no clear connection to the sentence about endurance and handling multiple responsibilities. therefore, the relationship between the image and the sentence is neither entailment nor contradiction."
1226,/data/ajaunarena/our_dataset/images/844_0.jpg,He has very limited energy and can barely handle basic tasks.,contradiction,"the image provided appears to be an abstract or fractal-like pattern with no clear depiction of a person or their energy levels. therefore, it is not possible to infer a relationship between the image and the sentence provided. the sentence describes a person's condition, while the image is a visual representation that does not convey any information about a person's energy levels or their ability to handle tasks."
1227,/data/ajaunarena/our_dataset/images/658_2.jpg,These facts orbit around the main argument.,entailment,"the image provided appears to be an abstract or artistic representation, possibly of a concept or idea, rather than a literal depiction of a sentence. therefore, it is not possible to determine an entailment or contradiction relationship between the image and a sentence, as the image does not convey a clear, logical relationship to any specific sentence. the image may be used to visually represent a concept or idea, but it does not logically entail or contradict any sentence."
1228,/data/ajaunarena/our_dataset/images/658_2.jpg,The supporting evidence relates to and reinforces the central claim.,entailment,"the image provided appears to be an abstract or artistic representation, possibly of a cityscape or a digital glitch, with various colors and shapes. the sentence provided is a list of words that seem to be unrelated to the image.

given the nature of the image and the sentence, it is not possible to determine an inference relationship between the two. the sentence does not provide any information that can be logically derived from the image, nor does the image provide any visual cues that would allow one to infer the meaning of the sentence. therefore, the relationship between the image and the sentence is neither entailment nor contradiction, as there is no logical connection between the two."
1229,/data/ajaunarena/our_dataset/images/658_2.jpg,The evidence has no relation to or bearing on the main argument.,contradiction,"the image provided appears to be an abstract or artistic representation, possibly of a cityscape or a digital glitch, with various colors and shapes. it does not depict a specific scene or object that can be directly related to the sentence provided. therefore, the relationship between the image and the sentence is neither entailment nor contradiction, as there is no logical connection between the two."
1230,/data/ajaunarena/our_dataset/images/1053_0.jpg,Their love crossed many bridges.,entailment,"the image provided does not have a direct relationship with the sentence. it is an abstract image with no clear connection to the sentence. therefore, the relationship between the image and the sentence is neither entailment nor contradiction."
1231,/data/ajaunarena/our_dataset/images/1053_0.jpg,Their relationship overcame numerous challenges and obstacles together.,entailment,"the image and the sentence do not have a direct relationship that would allow for a clear inference relationship of entailment or contradiction. the image appears to be an abstract or artistic representation, while the sentence is a statement about a group of people or entities. without additional context, it is not possible to determine if the sentence entails or contradicts the image."
1232,/data/ajaunarena/our_dataset/images/1053_0.jpg,Their love never faced any difficulties or challenges.,contradiction,"the image and the sentence have a contradictory relationship. the image depicts a chaotic and disordered scene, which is the opposite of the sentence's description of a love that never faced difficulties or challenges."
1233,/data/ajaunarena/our_dataset/images/84_3.jpg,Our possessions are the chapters in our property story.,entailment,"the image and the sentence have an entailment relationship. the image shows a chaotic and cluttered collection of objects, which could be interpreted as a visual representation of a property story with many different chapters. the sentence, ""our possessions are the chapters in our property story,"" is a metaphorical statement that entails the idea that the various items in the image could be seen as the different experiences or events that make up a person's life or history."
1234,/data/ajaunarena/our_dataset/images/84_3.jpg,Each possession represents a distinct part of our overall property ownership narrative.,entailment,"the image you've provided appears to be a collage of various objects, but it does not directly relate to the sentence you've provided. the sentence seems to be describing a conceptual relationship between different parts of property ownership, which is not visually represented in the image. therefore, the relationship between the image and the sentence is one of contradiction, as the image does not entail the concept of property ownership or the idea that each possession represents a distinct part of a narrative."
1235,/data/ajaunarena/our_dataset/images/84_3.jpg,Possessions are meaningless and disconnected from our property ownership history.,contradiction,"the image you've provided appears to be a collage of various objects, possibly representing different types of possessions. the sentence you've provided seems to be a philosophical statement about the nature of possessions and their relationship to our history of property ownership.

in terms of the inference relationship between the image and the sentence, it is not possible to definitively determine whether the image entails or contradicts the sentence. the image could be seen as visually representing the concept of possessions, but it does not provide a direct connection to the sentence's statement about the meaninglessness of possessions in relation to property ownership history.

the relationship between the image and the sentence is more abstract and conceptual, rather than a direct entailment or contradiction. the image might be used to visually support the philosophical idea expressed in the sentence, but it does not logically entail or contradict the sentence."
1236,/data/ajaunarena/our_dataset/images/564_3.jpg,Love's lunacy dances in wisdom's grave.,entailment,"the image provided appears to be an abstract or artistic representation, possibly of a dream or a surreal scene. it is not a literal depiction of the sentence ""love's lunacy dances in wisdom's grave."" therefore, the relationship between the image and the sentence is one of ""contradiction."" the image does not entail the sentence, and the sentence does not describe the image."
1237,/data/ajaunarena/our_dataset/images/564_3.jpg,Romance often triumphs over wisdom and good judgment.,entailment,"the image provided appears to be an abstract or artistic representation, and it does not have a direct relationship with the sentence provided. the sentence is a statement about human behavior or emotions, while the image is a visual composition that does not inherently convey the meaning of the sentence. therefore, the relationship between the image and the sentence is neither entailment nor contradiction, as they are not related in a logical or factual sense."
1238,/data/ajaunarena/our_dataset/images/564_3.jpg,Love always follows the path of wisdom and sound judgment.,contradiction,"the image provided does not contain any text or information that would allow for a direct inference relationship with the sentence. therefore, it is neither entailing nor contradicting the sentence. the image is an abstract visual representation and does not convey any specific message or information that could be inferred to relate to the sentence."
1239,/data/ajaunarena/our_dataset/images/1756_3.jpg,The crowd's hunger for entertainment grew ravenous.,entailment,"the image and the sentence have an entailment relationship. the image depicts a large crowd of people, which could be inferred to be a representation of a group of people who are hungry for entertainment. the sentence ""the crowd's hunger for entertainment grew ravenous"" describes the intensity of the crowd's desire for entertainment, which is visually represented in the image."
1240,/data/ajaunarena/our_dataset/images/1756_3.jpg,The audience's desire for amusement became increasingly intense.,entailment,"the image and the sentence have an entailment relationship. the image shows a crowd of people with various expressions, which could be interpreted as a desire for amusement. the sentence ""the audience's desire for amusement became increasingly intense"" is a more specific description of the emotions displayed by the people in the image."
1241,/data/ajaunarena/our_dataset/images/1756_3.jpg,The crowd was indifferent to entertainment and showed no interest.,contradiction,"the image and the sentence have a contradictory relationship. the image shows a crowd of people who appear to be engaged and interested, which contradicts the sentence's claim that they were indifferent to entertainment."
1242,/data/ajaunarena/our_dataset/images/1443_3.jpg,Their desire sparked like a match striking flint.,entailment,"the image and the sentence do not have a direct inference relationship. the image is an abstract, colorful pattern with no clear depiction of a match striking flint. the sentence, ""their desire sparked like a match striking flint,"" is a metaphorical description of an intense or sudden ignition of desire or passion. the image does not entail or contradict the sentence, as they are not related in terms of content or context."
1243,/data/ajaunarena/our_dataset/images/1443_3.jpg,Their attraction ignited suddenly and intensely.,entailment,"the image and the sentence have a relationship of entailment. the image depicts a bright, colorful, and sparkling scene that could be interpreted as an intense and sudden attraction or connection. the sentence describes an attraction that ignites suddenly and intensely, which is a description that could be inferred from the visual elements of the image."
1244,/data/ajaunarena/our_dataset/images/1443_3.jpg,Their interaction was devoid of any chemistry or attraction.,contradiction,"the image and the sentence have a contradictory relationship. the image depicts a close-up of a colorful, sparkling substance that could be interpreted as a representation of a chemical reaction or a visual metaphor for attraction or chemistry. however, the sentence states that their interaction was devoid of any chemistry or attraction, which contradicts the visual impression given by the image."
1245,/data/ajaunarena/our_dataset/images/1561_0.jpg,His rage was a straitjacket of burning sensations.,entailment,"the inference relationship between the image and the sentence is ""contradiction."" the image depicts a bright, fiery pattern, which is visually intense and does not convey the idea of a ""straitjacket of burning sensations."" the sentence describes a metaphorical experience of being trapped or overwhelmed by intense emotions, which is not visually represented in the image."
1246,/data/ajaunarena/our_dataset/images/1561_0.jpg,His anger was so intense it made him feel physically restrained and uncomfortable.,entailment,"the image and the sentence do not have a direct relationship, so it is not possible to determine if the sentence entails or contradicts the image. the image appears to be a blurred, abstract pattern with no clear connection to the sentence provided."
1247,/data/ajaunarena/our_dataset/images/1561_0.jpg,His anger was mild and gave him a sense of freedom.,contradiction,"the image and the sentence do not have a direct relationship, so it is not possible to determine if the sentence entails or contradicts the image. the image appears to be a blurred, abstract pattern with no clear connection to the sentence provided."
1248,/data/ajaunarena/our_dataset/images/25_1.jpg,White blood cells are the soldiers patrolling our bloodstream.,entailment,"the image and the sentence have a relationship of contradiction. the image shows a close-up of what appears to be a flower or a plant, which is not related to white blood cells or the concept of soldiers patrolling a bloodstream. the sentence, on the other hand, is a metaphorical description of white blood cells, which are part of the immune system and do not have a direct connection to soldiers or patrolling."
1249,/data/ajaunarena/our_dataset/images/25_1.jpg,White blood cells continuously monitor the body for harmful substances and organisms.,entailment,"the image provided does not depict white blood cells or any biological content. it appears to be an abstract or artistic image with no direct relation to the sentence provided. therefore, the relationship between the image and the sentence is ""contradiction."""
1250,/data/ajaunarena/our_dataset/images/25_1.jpg,White blood cells are inactive and ignore harmful substances in the bloodstream.,contradiction,"the image provided does not depict white blood cells or any biological content. it appears to be an abstract or artistic image with no direct relation to the sentence provided. therefore, the relationship between the image and the sentence is neither entailment nor contradiction, as they are not related to each other."
1251,/data/ajaunarena/our_dataset/images/289_1.jpg,Their hypothesis is a lighthouse guiding future research.,entailment,"the image provided appears to be an abstract pattern with no clear depiction of a lighthouse or any other specific subject matter. therefore, the relationship between the image and the sentence is ""contradiction."" the sentence suggests a lighthouse, which is not present in the image."
1252,/data/ajaunarena/our_dataset/images/289_1.jpg,Their hypothesis provides direction for subsequent studies.,entailment,"the image and the sentence do not have a direct relationship that would allow for an inference of entailment or contradiction. the image is a visual representation of a pattern, while the sentence is a statement about the direction of subsequent studies. without additional context, it is not possible to determine if the hypothesis in the sentence is related to the image or not."
1253,/data/ajaunarena/our_dataset/images/289_1.jpg,Their hypothesis misleads and confuses future research efforts.,contradiction,"the image provided appears to be an abstract pattern with no clear depiction of a specific scene or object. the sentence provided is a statement about the quality of a hypothesis.

given the nature of the image and the sentence, it is not possible to determine an inference relationship between the two. the sentence is a statement about the quality of a hypothesis, which is not directly related to the image. therefore, the relationship between the image and the sentence is neither entailment nor contradiction."
1254,/data/ajaunarena/our_dataset/images/1642_2.jpg,Their friendship resonates at the same frequency.,entailment,"the image and the sentence do not have a direct relationship, so it is neither entailment nor contradiction. they are unrelated."
1255,/data/ajaunarena/our_dataset/images/1642_2.jpg,Their friendship is based on mutual understanding and shared values.,entailment,"the image and the sentence do not have a direct relationship, so it is not possible to determine if the sentence entails or contradicts the image. the sentence describes a concept or a relationship, while the image is a visual representation that does not inherently convey the same concept or relationship."
1256,/data/ajaunarena/our_dataset/images/1642_2.jpg,Their friendship is filled with misunderstandings and conflicting values.,contradiction,"the image and the sentence do not have a direct relationship, so it is not possible to determine if the sentence entails or contradicts the image. the image is an abstract pattern of colors, and the sentence describes a relationship between two individuals. without a clear connection between the two, it is not possible to make an inference relationship between them."
1257,/data/ajaunarena/our_dataset/images/1120_0.jpg,Life's difficulties are sealed jars that require strength to open.,entailment,"the image provided appears to be an abstract or artistic representation, and it is not possible to determine a direct inference relationship between the image and the sentence you provided. the sentence is a metaphorical description of life's challenges, while the image is a visual composition that does not inherently convey the concept of life's difficulties being sealed jars. therefore, the relationship between the image and the sentence is neither entailment nor contradiction, as they are not directly related to each other."
1258,/data/ajaunarena/our_dataset/images/1120_0.jpg,Overcoming challenges requires determination and effort.,entailment,"the image provided appears to be an abstract or artistic representation, and it does not directly relate to the sentence provided. therefore, the relationship between the image and the sentence is neither entailment nor contradiction. the sentence is a statement about the nature of overcoming challenges, while the image is a visual representation that does not convey any specific message or information related to the sentence."
1259,/data/ajaunarena/our_dataset/images/1120_0.jpg,Problems are easily solved without any effort or persistence.,contradiction,"the image provided appears to be a visual representation of a word puzzle or a game of word association, where the goal is to find the correct word to fit into a given space. the sentence ""problems are easily solved without any effort or persistence"" is a statement that could be true or false depending on the context.

in the context of the image, which seems to be a visual representation of a word puzzle, the sentence could be considered a statement that is true or false depending on the specific words that are meant to fit into the puzzle. if the puzzle is designed to test the ability to solve problems with minimal effort or persistence, then the sentence could be considered true. however, if the puzzle is designed to test the ability to solve problems with significant effort or persistence, then the sentence could be considered false.

therefore, the relationship between the image and the sentence is neither entailment nor contradiction. it is a statement that could be true or false depending on the specific context of the word puzzle."
1260,/data/ajaunarena/our_dataset/images/905_0.jpg,The temperature of the argument rose to dangerous levels.,entailment,"the image provided appears to be an abstract or artistic representation, and it is not possible to determine a direct inference relationship between the image and the sentence. the sentence describes a situation, while the image is a visual representation that may or may not be related to the situation described in the sentence. therefore, the relationship between the image and the sentence is neither entailment nor contradiction."
1261,/data/ajaunarena/our_dataset/images/905_0.jpg,The conflict became increasingly intense and potentially destructive.,entailment,"the image provided does not have a direct relationship with the sentence. it appears to be an abstract or artistic image, possibly representing a chaotic or intense situation, but it does not entail or contradict the sentence. the sentence describes a conflict, while the image seems to depict a different concept or emotion. therefore, the relationship between the image and the sentence is neither entailment nor contradiction."
1262,/data/ajaunarena/our_dataset/images/905_0.jpg,The discussion remained calm and productive throughout.,contradiction,"the image provided appears to be an abstract or artistic representation, possibly of a flame or a similar dynamic pattern. it is not possible to determine an inference relationship between the image and a sentence without additional context or information. the image does not inherently entail or contradict any specific sentence, as it is a visual representation and does not contain any text or symbols that could be interpreted as a sentence."
1263,/data/ajaunarena/our_dataset/images/801_1.jpg,Her stock portfolio is a steel vault protecting her wealth.,entailment,"the image and the sentence have a relationship of entailment. the image depicts a collection of metallic objects that resemble a vault, which is a visual representation of the concept of a ""steel vault."" the sentence, ""her stock portfolio is a steel vault protecting her wealth,"" is an inference that can be drawn from the image, as it describes the stock portfolio as being as secure and impenetrable as a steel vault."
1264,/data/ajaunarena/our_dataset/images/801_1.jpg,Her diversified stock portfolio provides secure and stable long-term returns.,entailment,"the image provided is an abstract digital art piece, and it does not have a direct relationship with the sentence. the sentence describes a financial situation, while the image is an artistic representation that does not convey any specific information about stocks or financial returns. therefore, the relationship between the image and the sentence is ""contradiction,"" as the image does not provide any information that can be inferred from the sentence."
1265,/data/ajaunarena/our_dataset/images/801_1.jpg,Her stock portfolio is extremely volatile and puts her wealth at constant risk.,contradiction,"the image provided appears to be an abstract or artistic representation, possibly of a stock market or financial data, given the presence of what looks like currency symbols and the overall pattern that could be interpreted as a graph or chart.

the sentence provided is a statement about a person's financial situation, specifically their stock portfolio.

given the nature of the image and the sentence, it is not possible to determine an inference relationship between the two. the image does not provide information that would allow for a direct inference about the person's stock portfolio or the level of risk associated with it. the sentence is a general statement about the nature of stock portfolios and does not refer to any specific image or context. therefore, the relationship between the image and the sentence is neither entailment nor contradiction."
1266,/data/ajaunarena/our_dataset/images/770_2.jpg,"Time is a relentless pursuer, always at our heels.",entailment,"the image provided appears to be an abstract or artistic representation, and it is not possible to determine a direct inference relationship between the image and the sentence. the sentence is a metaphorical statement about the passage of time, which is not directly related to the visual content of the image. therefore, the relationship between the image and the sentence is neither entailment nor contradiction."
1267,/data/ajaunarena/our_dataset/images/770_2.jpg,"Time continuously moves forward, following us throughout our lives without stopping.",entailment,"the image and the sentence do not have a direct inference relationship. the image appears to be an abstract or artistic representation, possibly of a cityscape or a collection of shapes and colors, and it does not inherently convey the concept of time continuously moving forward. the sentence, on the other hand, is a statement about the nature of time, which is a philosophical or scientific concept that is not directly related to the visual content of the image. therefore, the relationship between the image and the sentence is one of contradiction, as the image does not depict the concept of time as described in the sentence."
1268,/data/ajaunarena/our_dataset/images/770_2.jpg,"Time stands still, never moving or affecting our existence.",contradiction,"the image you've provided appears to be an abstract or surreal representation of various shapes and forms, which could be interpreted in many ways. however, without a specific context or a clear understanding of the shapes and forms, it's difficult to determine if the image entails or contradicts the sentence ""time stands still, never moving or affecting our existence.""

the sentence itself is a philosophical or metaphorical statement that could be interpreted in different ways depending on the context. it could be seen as a statement about the nature of time, the perception of time, or the impact of time on our lives.

if we were to consider the sentence in a literal sense, it would be a contradiction to the image, as the image is dynamic and composed of shapes and forms that are constantly changing and moving. however, if we interpret the sentence in a more abstract or philosophical sense, it could be seen as a statement that is consistent with the image, as the shapes and forms within the image are in a state of constant change and transformation.

therefore, without a specific context or a clear understanding of the shapes and forms in the image, it's not possible to definitively determine the relationship between the image and the sentence."
1269,/data/ajaunarena/our_dataset/images/1865_0.jpg,They climbed toward their ideal selves.,entailment,"the image and the sentence do not have a direct inference relationship. the image is an abstract, colorful pattern that does not depict any specific action or concept related to the sentence. the sentence describes a personal or philosophical goal, whereas the image is purely visual and does not convey any narrative or message. therefore, the relationship between the image and the sentence is neither entailment nor contradiction."
1270,/data/ajaunarena/our_dataset/images/1865_0.jpg,They actively worked to become their envisioned better versions.,entailment,"the image provided is an abstract, colorful pattern with no discernible content that could be related to the sentence. therefore, there is no entailment or contradiction relationship between the image and the sentence. the sentence is a statement about a person or people, while the image is purely visual and does not convey any information that could be related to the sentence."
1271,/data/ajaunarena/our_dataset/images/1865_0.jpg,They passively accepted their current state without seeking improvement.,contradiction,"the image and the sentence do not have a direct relationship, so it is not possible to determine if the sentence entails or contradicts the image. the image is an abstract pattern of colors, and the sentence is a statement about human behavior. they do not logically relate to each other."
1272,/data/ajaunarena/our_dataset/images/413_2.jpg,"Some ideas, like vintage clothing, never go out of style.",entailment,"the image provided appears to be an abstract or distorted representation of a scene, possibly with a retro or vintage feel. the sentence ""some ideas, like vintage clothing, never go out of style"" is a general statement about the enduring appeal of certain concepts or items, such as vintage clothing.

the relationship between the image and the sentence is not one of entailment or contradiction. instead, it is more of a thematic or conceptual relationship. the image might evoke a sense of nostalgia or vintage charm, which aligns with the idea expressed in the sentence. however, the image itself does not logically entail or contradict the sentence."
1273,/data/ajaunarena/our_dataset/images/413_2.jpg,Certain fundamental concepts remain relevant and valuable regardless of time.,entailment,"the image provided appears to be an abstract or abstracted representation of a scene or object, possibly with a colorful or blurred effect. the sentence provided is a general statement about the relevance of fundamental concepts over time.

given the nature of the image and the sentence, it is not possible to determine a direct inference relationship between the two. the sentence is a statement of fact or principle, while the image is a visual representation that may or may not be related to the concepts mentioned in the sentence.

therefore, the relationship between the image and the sentence is neither entailment nor contradiction. they are independent of each other and do not logically entail or contradict each other."
1274,/data/ajaunarena/our_dataset/images/413_2.jpg,All ideas become obsolete and lose their value over time.,contradiction,"the image provided appears to be an abstract or artistic representation, and it is not possible to determine a direct relationship between the image and the sentence. the sentence is a philosophical statement about the nature of ideas and their value over time. the image does not depict anything that would logically entail or contradict the sentence. the relationship between the image and the sentence is not one of entailment or contradiction, but rather one of unrelatedness."
1275,/data/ajaunarena/our_dataset/images/909_2.jpg,Her rage was a thermal explosion that left only ashes.,entailment,"the image and the sentence have a contradictory relationship. the image shows a beautiful, colorful, and dynamic scene that does not depict a thermal explosion or ashes. the sentence describes a scenario that is in direct contrast to the visual content of the image."
1276,/data/ajaunarena/our_dataset/images/909_2.jpg,"Her extreme anger destroyed everything in its path, leaving nothing positive behind.",entailment,"the image and the sentence have a contradictory relationship. the image shows a beautiful, colorful, and intricate pattern that does not convey any negative emotions or destruction. the sentence, on the other hand, describes a situation of extreme anger causing destruction, which is the opposite of the visual content of the image."
1277,/data/ajaunarena/our_dataset/images/909_2.jpg,Her response was constructive and helped build new opportunities.,contradiction,"the image and the sentence do not have a direct relationship that would allow for an inference of entailment or contradiction. the image is an abstract, colorful pattern, while the sentence is a statement about a person's actions. they are not related in a way that one can be inferred from the other."
1278,/data/ajaunarena/our_dataset/images/837_0.jpg,My possessions are demanding children crying for attention.,entailment,"the image you've provided appears to be a collage of various objects and figures, which does not directly relate to the sentence you've provided. the sentence describes a situation where the speaker's possessions are acting like demanding children, which is a metaphorical statement.

given that the image is not a depiction of the speaker's possessions acting like children, it does not entail the sentence. instead, the relationship between the image and the sentence is more akin to a contradiction, as the image does not depict the situation described in the sentence."
1279,/data/ajaunarena/our_dataset/images/837_0.jpg,My obligations constantly demand my time and energy.,entailment,"the image you've provided appears to be a collage of various objects and figures, which does not directly relate to the sentence you've provided. the sentence is a statement about the speaker's obligations, which is a conceptual or abstract idea. the image is a visual representation of different things, which is not a logical relationship to the sentence. therefore, the relationship between the image and the sentence is ""contradiction,"" as they are not related to each other."
1280,/data/ajaunarena/our_dataset/images/837_0.jpg,My obligations are completely self-sufficient and require no attention.,contradiction,"the image you've provided appears to be a collage of various objects and figures, which could be interpreted in many ways depending on the context. however, without additional context or information about the content of the image, it's not possible to determine the inference relationship between the image and the sentence you've provided.

the sentence ""my obligations are completely self-sufficient and require no attention"" is a statement about a person's responsibilities and the level of attention they demand. this statement is independent of the image and does not directly relate to it.

therefore, the relationship between the image and the sentence is neither entailment nor contradiction, as they are unrelated statements."
1281,/data/ajaunarena/our_dataset/images/1135_0.jpg,The light of hope pierces through storm clouds.,entailment,"the image and the sentence have an entailment relationship. the image shows a bright, colorful light that appears to be piercing through darker areas, which could be interpreted as storm clouds. the sentence ""the light of hope pierces through storm clouds"" describes a similar visual concept, where a bright light is breaking through darker elements. the image visually represents the concept described in the sentence, which is a form of entailment."
1282,/data/ajaunarena/our_dataset/images/1135_0.jpg,Hope persists and remains visible even during challenging circumstances.,entailment,"the image and the sentence have a relationship of entailment. the image depicts a blurred, colorful pattern that could be interpreted as a visual representation of hope persisting and remaining visible even during challenging circumstances. the sentence, ""hope persists and remains visible even during challenging circumstances,"" is a description of the image's content, which is a visual metaphor for the concept described in the sentence."
1283,/data/ajaunarena/our_dataset/images/1135_0.jpg,Hope disappears completely at the first sign of trouble.,contradiction,"the image and the sentence do not have a direct relationship, so it is not possible to determine if the sentence entails or contradicts the image. the sentence is a statement about hope, while the image is a visual representation of light and color. they do not convey the same meaning or information."
1284,/data/ajaunarena/our_dataset/images/833_1.jpg,These belongings are hungry mouths that need constant feeding.,entailment,"the image and the sentence have a relationship of entailment. the image shows a multitude of star-like shapes that are arranged in a way that resembles a mouth, and the sentence describes these shapes as ""mouths that need constant feeding."" the image visually represents the concept of mouths that need constant feeding, which is the meaning conveyed by the sentence."
1285,/data/ajaunarena/our_dataset/images/833_1.jpg,Obligations require continuous attention and resources to maintain.,entailment,"the image you've provided appears to be an abstract or artistic representation, possibly of stars or other celestial bodies, with a variety of colors and patterns. the sentence you've provided is a statement about obligations, which are typically related to human behavior and responsibilities.

the relationship between the image and the sentence is one of ""contradiction."" the image is an artistic representation and does not depict any obligations or the need for continuous attention and resources. the sentence is a statement about human behavior and responsibilities, which are not directly related to the image."
1286,/data/ajaunarena/our_dataset/images/833_1.jpg,Obligations are self-sustaining and require no maintenance or attention.,contradiction,"the image provided is a colorful, abstract pattern with no discernible content that could be related to the sentence. therefore, there is no inference relationship between the image and the sentence. the sentence is a statement about obligations, while the image is purely visual and does not convey any information that could be inferred from the sentence."
1287,/data/ajaunarena/our_dataset/images/1460_3.jpg,Ideas are untapped mines waiting to be excavated.,entailment,"the image and the sentence do not have a direct inference relationship. they are not related in a way that one entails the other or contradicts it. the sentence is a metaphorical statement about ideas, while the image is an abstract visual representation that does not inherently convey any specific meaning or idea."
1288,/data/ajaunarena/our_dataset/images/1460_3.jpg,Ideas are valuable potential opportunities that require effort to discover and develop.,entailment,"the image provided appears to be an abstract or artistic representation, possibly of a sunset or a similar natural phenomenon. the sentence provided is a philosophical or motivational statement about the value of ideas and the effort required to discover and develop them.

the relationship between the image and the sentence is one of ""entailment."" the image does not directly depict the concept of ideas or the effort required to develop them, but it can be inferred that the image might evoke feelings of inspiration, creativity, or the beauty of nature, which could indirectly relate to the value of ideas. the sentence, on the other hand, explicitly states the value of ideas and the effort required to develop them, which can be seen as a broader concept that the image might suggest."
1289,/data/ajaunarena/our_dataset/images/1460_3.jpg,Ideas are completely visible and require no effort to discover or develop.,contradiction,"the image provided appears to be an abstract or artistic representation of light and color, possibly resembling a stained glass window or a digital glitch effect. it does not depict any specific ideas or concepts that are immediately recognizable or discernible. therefore, the relationship between the image and the sentence is neither entailment nor contradiction, as there is no logical relationship between the two. the sentence is a general statement about ideas, while the image is a visual representation that does not inherently convey any ideas or concepts."
1290,/data/ajaunarena/our_dataset/images/76_2.jpg,Each cause hooks into its effect like a zipper's teeth.,entailment,"al final, la imagen parece a mosaico de colores y el final."
1291,/data/ajaunarena/our_dataset/images/76_2.jpg,Causes and effects interlock precisely in a predetermined sequence.,entailment,"al otro tema, pero no otro tema."
1292,/data/ajaunarena/our_dataset/images/76_2.jpg,Causes and effects are mismatched and never properly align.,contradiction,"al imagen, el texto y el lado dereo y el sentido de la imagen."
1293,/data/ajaunarena/our_dataset/images/1396_1.jpg,"Some ideas are mischievous toddlers, refusing to stay within boundaries.",entailment,"the image provided appears to be an abstract pattern with no clear connection to the sentence. therefore, the relationship between the image and the sentence is ""contradiction,"" as the image does not entail the sentence and the sentence does not contradict the image."
1294,/data/ajaunarena/our_dataset/images/1396_1.jpg,Certain ideas naturally challenge conventional limits and established frameworks.,entailment,"the image provided appears to be an abstract pattern with various shapes and colors, which does not directly relate to the sentence provided. the sentence discusses the concept of ideas challenging conventional limits and established frameworks, which is a philosophical or conceptual idea.

given that the image is abstract and does not depict any specific idea or concept, it is not possible to infer a relationship of entailment or contradiction between the image and the sentence. the relationship between the two would be more accurately described as ""irrelevant"" or ""unrelated."""
1295,/data/ajaunarena/our_dataset/images/1396_1.jpg,All ideas naturally conform to existing boundaries and never challenge conventions.,contradiction,"the image provided appears to be an abstract pattern with various shapes and colors, which does not inherently convey any specific message or idea. the sentence, ""all ideas naturally conform to existing boundaries and never challenge conventions,"" is a statement about human thought and behavior, suggesting a certain level of conformity and adherence to established norms.

given that the image is abstract and does not depict any specific idea or concept, it is not possible to infer a direct relationship between the image and the sentence. therefore, the relationship between the image and the sentence is neither entailment nor contradiction. they are two separate entities that do not necessarily relate to each other."
1296,/data/ajaunarena/our_dataset/images/951_1.jpg,She built a bridge across the space between them.,entailment,"the image and the sentence do not have a direct relationship, so it is neither entailment nor contradiction. they are independent of each other, and there is no logical relationship between them."
1297,/data/ajaunarena/our_dataset/images/951_1.jpg,She made efforts to develop emotional understanding and connection.,entailment,"the image provided does not contain any text or information that would allow for a direct inference relationship with the sentence. therefore, it is not possible to determine whether the image entails or contradicts the sentence based on the visual content alone."
1298,/data/ajaunarena/our_dataset/images/951_1.jpg,She erected walls that prevented any emotional connection.,contradiction,"the image and the sentence do not have a direct relationship, so it is not possible to determine if the sentence entails or contradicts the image. the image appears to be an abstract pattern with no clear connection to the sentence provided."
1299,/data/ajaunarena/our_dataset/images/978_0.jpg,Her joy scaled the peaks of ecstasy.,entailment,"the image and the sentence do not have a direct relationship, so it is neither entailment nor contradiction. they are unrelated."
1300,/data/ajaunarena/our_dataset/images/978_0.jpg,She achieved the most intense state of happiness possible.,entailment,"the image and the sentence do not have a direct relationship, so it is neither entailment nor contradiction. they are independent of each other, and the sentence does not provide information about the image."
1301,/data/ajaunarena/our_dataset/images/978_0.jpg,Her joy tumbled into the valleys of despair.,contradiction,"the image and the sentence do not have a direct relationship, so it is neither entailment nor contradiction. they are unrelated."
1302,/data/ajaunarena/our_dataset/images/1441_1.jpg,The temperature of desire rose steadily between them.,entailment,the image provided is too abstract and lacks clear content to make a definitive inference relationship with the sentence. it is not possible to determine if the image entails or contradicts the sentence based on the visual content alone.
1303,/data/ajaunarena/our_dataset/images/1441_1.jpg,Their mutual attraction grew stronger over time.,entailment,"the image provided does not contain any text or information that would allow for a direct inference relationship with the sentence. therefore, it is not possible to determine whether the image entails or contradicts the sentence."
1304,/data/ajaunarena/our_dataset/images/1441_1.jpg,Their attraction diminished and cooled with each passing moment.,contradiction,"the image provided is a blurred and abstract representation of a scene, and it does not contain any text or clear depiction of a relationship between two entities. therefore, it is not possible to determine the inference relationship between the image and the sentence you provided. the sentence describes a relationship between two entities, but the image does not provide any information that would allow for a determination of whether the sentence entails or contradicts the image."
1305,/data/ajaunarena/our_dataset/images/991_1.jpg,The child within me dances with delight.,entailment,"the image and the sentence do not have a direct relationship that would allow for a clear inference relationship of entailment or contradiction. the image appears to be an abstract, colorful pattern, while the sentence is a description of a child's action. they do not logically relate to each other, so there is no entailment or contradiction."
1306,/data/ajaunarena/our_dataset/images/991_1.jpg,"I'm experiencing pure, uninhibited happiness like a young person would.",entailment,"the image you've provided appears to be an abstract, colorful pattern with no clear depiction of a person or happiness. therefore, there is no direct inference relationship between the image and the sentence you've provided. the sentence describes a personal emotional state, which cannot be directly inferred from the image. the relationship between the image and the sentence is more of a metaphorical or associative one, as the colors and patterns might evoke feelings of happiness or youthfulness in the viewer, but this is a subjective interpretation and not a direct inference."
1307,/data/ajaunarena/our_dataset/images/991_1.jpg,My mature self maintains strict emotional control at all times.,contradiction,"the image you've provided appears to be an abstract or abstracted image with a mix of colors and shapes. it does not contain any text or depict any specific objects or actions that would allow for a direct inference relationship with the sentence you've provided. therefore, it is neither entailing nor contradicting the sentence. the sentence is a statement about a person's emotional state, which is not directly related to the visual content of the image."
1308,/data/ajaunarena/our_dataset/images/1480_0.jpg,Time is an unstoppable train barreling towards us on a one-way track.,entailment,"the image and the sentence have a relationship of entailment. the image depicts a colorful, abstract design that could be interpreted as a visual representation of a train or a journey. the sentence, ""time is an unstoppable train barreling towards us on a one-way track,"" is a metaphorical description of the concept of time, which is a continuous and irreversible process. the image, with its abstract and dynamic nature, can be seen as visually representing the idea of time as a force that moves forward and cannot be stopped or reversed."
1309,/data/ajaunarena/our_dataset/images/1480_0.jpg,Time moves forward continuously and cannot be stopped or reversed.,entailment,"the image and the sentence have a relationship of entailment. the image depicts a visual representation of time moving forward continuously, which is consistent with the sentence's description of time as moving forward continuously and not being able to be stopped or reversed."
1310,/data/ajaunarena/our_dataset/images/1480_0.jpg,Time is stationary and can be manipulated to move in any direction we choose.,contradiction,"the image and the sentence have a relationship of contradiction. the image depicts a dynamic and colorful abstract design that suggests movement and change, which is the opposite of the sentence's statement that time is stationary."
1311,/data/ajaunarena/our_dataset/images/294_1.jpg,Browsing through life's aisles reveals unexpected treasures.,entailment,"the image and the sentence have a relationship of entailment. the image depicts a colorful, abstract pattern that could be interpreted as a representation of life's aisles, and the sentence describes the experience of browsing through life's aisles and finding unexpected treasures. the sentence is a more general and metaphorical description of the experience that the image might evoke or represent."
1312,/data/ajaunarena/our_dataset/images/294_1.jpg,Careful exploration and comparison often lead to discovering valuable opportunities.,entailment,"the image provided appears to be an abstract, colorful pattern with no discernible objects or shapes that correspond to the sentence ""careful exploration and comparison often lead to discovering valuable opportunities.""

therefore, the relationship between the image and the sentence is ""contradiction."" the image does not depict a scene that entails the idea of exploration and comparison leading to valuable opportunities. the abstract nature of the image does not provide any context or visual elements that would support the sentence's meaning."
1313,/data/ajaunarena/our_dataset/images/294_1.jpg,Quick decisions without exploration yield the best results.,contradiction,"the image and the sentence do not have a direct relationship, so it is neither entailment nor contradiction. they are independent of each other."
1314,/data/ajaunarena/our_dataset/images/59_0.jpg,The carousel of change revolves eternally.,entailment,"the image and the sentence have a relationship of entailment. the carousel of change is a visual representation of the concept of change, and the sentence ""the carousel of change revolves eternally"" is a description that can be inferred from the image. the image does not contradict the sentence, but rather supports it by visually depicting the concept of change in a continuous, cyclical manner."
1315,/data/ajaunarena/our_dataset/images/59_0.jpg,Change is a recurring process that brings both new and familiar experiences.,entailment,"the image and the sentence have an entailment relationship. the image depicts a colorful, abstract pattern that could be interpreted as a representation of change, with various shapes and colors that might suggest new and familiar experiences. the sentence, ""change is a recurring process that brings both new and familiar experiences,"" is a general statement about change that is consistent with the visual representation in the image."
1316,/data/ajaunarena/our_dataset/images/59_0.jpg,Change is a linear progression that never repeats or returns.,contradiction,"the image provided appears to be an abstract pattern with various colors and shapes, which does not seem to have a direct relationship with the sentence provided. the sentence describes a concept of change as a linear progression that never repeats or returns.

given the visual content of the image, it is not possible to infer a relationship of either entailment or contradiction between the image and the sentence. the image does not depict a linear progression or a concept of change, and the sentence does not describe the image. therefore, the relationship between the image and the sentence is neither entailment nor contradiction."
1317,/data/ajaunarena/our_dataset/images/1563_2.jpg,His jealousy was a padded room with no windows.,entailment,"the image and the sentence do not have a direct relationship, so it is not possible to determine if the sentence entails or contradicts the image. the image appears to be a blurred, abstract pattern, while the sentence is a metaphorical description of jealousy. without more context or a clearer image, it is not possible to make a definitive inference relationship between the two."
1318,/data/ajaunarena/our_dataset/images/1563_2.jpg,His jealous feelings isolated him and prevented clear thinking.,entailment,the image provided is too blurry and indistinct to make any inference relationship with the sentence. it is not possible to determine if the image entails or contradicts the sentence without clearer visual content.
1319,/data/ajaunarena/our_dataset/images/1563_2.jpg,His jealousy provided clarity and connection to others.,contradiction,"the image provided is too blurry and indistinct to make any inference relationship with the sentence. the sentence is a statement about a person's emotions, while the image appears to be an abstract or artistic representation that does not convey any specific content or message. therefore, it is not possible to determine if the image entails or contradicts the sentence."
1320,/data/ajaunarena/our_dataset/images/1186_2.jpg,Properties are pressure vessels containing potential.,entailment,"the image provided appears to be an abstract or artistic representation of various shapes and forms, possibly resembling pressure vessels or other objects. the sentence ""properties are pressure vessels containing potential"" is a statement about the nature of properties, which are not necessarily pressure vessels or contain potential.

given the content of the image and the sentence, the relationship between them is one of contradiction. the image does not entail the sentence, and the sentence does not contradict the image. they are simply two different statements or concepts that do not necessarily relate to each other."
1321,/data/ajaunarena/our_dataset/images/1186_2.jpg,Properties hold significant potential for growth and development under the right conditions.,entailment,"the image provided appears to be an abstract or artistic representation, possibly of a digital or technological theme, given the presence of what looks like circuit patterns and digital elements. the sentence provided is a general statement about properties and their potential for growth and development.

the relationship between the image and the sentence is one of ""entailment."" the image does not contradict the sentence; rather, it could be seen as a visual metaphor or representation that might be associated with the concepts of properties, growth, and development. the image could be used to illustrate the sentence or to provide a visual context for understanding the sentence."
1322,/data/ajaunarena/our_dataset/images/1186_2.jpg,Properties are empty vessels with no potential for growth or development.,contradiction,"the image you've provided appears to be an abstract or artistic representation, possibly of a digital or pixelated nature. it's difficult to infer a specific relationship between the image and the sentence you've provided because the sentence is a philosophical or metaphorical statement about properties, which is not directly related to the visual content of the image.

the sentence seems to be discussing the concept of properties in a philosophical or abstract sense, which is not something that can be directly inferred from an image. therefore, the relationship between the image and the sentence is likely to be one of contradiction, as the image does not inherently convey the concept of properties as empty vessels with no potential for growth or development."
1323,/data/ajaunarena/our_dataset/images/1016_2.jpg,He clutches his principles tightly.,entailment,"the image provided is a visual representation of a concept, and it does not have a direct relationship with the sentence. the sentence is a statement about a person's actions, while the image is an abstract representation of colors and shapes. therefore, the relationship between the image and the sentence is neither entailment nor contradiction. they are unrelated."
1324,/data/ajaunarena/our_dataset/images/1016_2.jpg,He maintains strong adherence to his moral values and beliefs.,entailment,"the image provided is an abstract, colorful pattern with no discernible content that could be related to the sentence. therefore, there is no entailment or contradiction relationship between the image and the sentence. the sentence is a statement about a person's behavior, while the image is purely visual and does not convey any information about a person's actions or beliefs."
1325,/data/ajaunarena/our_dataset/images/1016_2.jpg,He easily abandons his principles and values.,contradiction,"the image provided is a visual representation of a concept, and it does not have a direct relationship with the sentence. therefore, it is neither entailing nor contradicting the sentence. the sentence is a statement about a person's behavior, while the image is an abstract visualization that does not inherently convey information about a person's actions or values."
1326,/data/ajaunarena/our_dataset/images/485_1.jpg,Time is a tireless transformer of landscapes.,entailment,"the image and the sentence have a relationship of entailment. the image depicts a landscape with a variety of colors and shapes, which could be interpreted as a representation of the passage of time and the transformation of landscapes. the sentence ""time is a tireless transformer of landscapes"" is a general statement that could be inferred from the image, as it captures the essence of the image's content."
1327,/data/ajaunarena/our_dataset/images/485_1.jpg,Time continuously reshapes both natural and human environments.,entailment,"the image and the sentence have an entailment relationship. the image depicts a natural environment with a variety of colors and shapes, which can be inferred to be a representation of the continuous reshaping of natural environments. the sentence, ""time continuously reshapes both natural and human environments,"" is a general statement that can be inferred from the image, as it shows the natural environment in a state of change and transformation."
1328,/data/ajaunarena/our_dataset/images/485_1.jpg,Time has no effect on physical environments or landscapes.,contradiction,"the image depicts a colorful, abstract pattern that could be interpreted as a landscape or a natural environment. the sentence ""time has no effect on physical environments or landscapes"" is a general statement about the natural world.

the relationship between the image and the sentence is one of entailment. the image does not contradict the sentence; rather, it supports the idea that landscapes and physical environments are not affected by time. the abstract nature of the image might not directly show landscapes or physical environments, but the colors and patterns could be interpreted as representing such environments. the sentence is a generalization that could be inferred from the image, as it is a common observation that landscapes and physical environments do not change with time in the same way that living organisms do."
1329,/data/ajaunarena/our_dataset/images/1029_2.jpg,Stars are spiky vessels of celestial geometry.,entailment,"the image and the sentence have a contradictory relationship. the image shows a pattern of stars that are not spiky vessels of celestial geometry, but rather a geometric pattern that resembles stars. the sentence, on the other hand, describes stars as spiky vessels of celestial geometry, which is not accurate based on the image."
1330,/data/ajaunarena/our_dataset/images/1029_2.jpg,Star shapes combine multiple points to create complex geometric patterns.,entailment,"the image and the sentence have an entailment relationship. the sentence describes the image, which features star shapes that combine multiple points to create complex geometric patterns. the sentence is a logical consequence of the image's content."
1331,/data/ajaunarena/our_dataset/images/1029_2.jpg,Stars are smooth and rounded without any points or angles.,contradiction,"the image and the sentence have a contradictory relationship. the image shows stars with points and angles, which contradicts the sentence's description of stars being smooth and rounded without any points or angles."
1332,/data/ajaunarena/our_dataset/images/779_0.jpg,The relentless chase of time corners us all in the end.,entailment,"the image and the sentence do not have a direct inference relationship. the image appears to be an abstract or artistic representation, possibly related to the concept of time or the passage of time, but it does not entail or contradict the sentence. the sentence is a philosophical or metaphorical statement about the human experience and the inevitability of time, while the image is a visual representation that may evoke similar themes but does not logically follow or negate the sentence."
1333,/data/ajaunarena/our_dataset/images/779_0.jpg,"Eventually, time's effects catch up with everyone and everything.",entailment,"the image and the sentence do not have a direct inference relationship. the image shows a blurred, abstract pattern that does not inherently convey the concept of time's effects catching up with everyone and everything. the sentence is a statement about the passage of time and its impact on all things. the relationship between the two is more of a conceptual or thematic connection, as the image could be interpreted as a visual metaphor for the passage of time, but it does not entail or contradict the sentence."
1334,/data/ajaunarena/our_dataset/images/779_0.jpg,Some people and things remain forever immune to time's influence.,contradiction,"the image and the sentence have a relationship of contradiction. the image shows a blurred, abstract pattern that does not depict anything that remains immune to time's influence. the sentence, on the other hand, is a statement about the permanence of certain things or people, which is not visually represented in the image."
1335,/data/ajaunarena/our_dataset/images/839_3.jpg,My possessions are relentless creditors demanding payment.,entailment,"the image you've provided appears to be an abstract or surreal artwork with various shapes and colors. it does not depict any specific scene or objects that would directly relate to the sentence you've provided. therefore, the relationship between the image and the sentence is neither entailment nor contradiction. the sentence is a description of a situation, and the image is a visual representation that does not correspond to the described situation."
1336,/data/ajaunarena/our_dataset/images/839_3.jpg,My obligations constantly require fulfillment and never give me rest.,entailment,"the image you've provided appears to be an abstract or surreal artwork with various shapes and colors. the sentence you've given is a description of a situation or feeling, which is not directly related to the image.

given that the sentence describes a state of being constantly required to fulfill obligations and never having rest, it is not possible to determine an entailment or contradiction relationship between the image and the sentence. the image does not depict a situation or feeling that can be directly inferred from the sentence, nor does the sentence describe anything that can be directly observed in the image. therefore, the relationship between the image and the sentence is neither entailment nor contradiction."
1337,/data/ajaunarena/our_dataset/images/839_3.jpg,My obligations ask nothing of me and allow me complete peace.,contradiction,"the image you've provided appears to be an abstract or surreal artwork with various shapes and colors that do not seem to have a direct, literal relationship with the sentence you've provided. the sentence ""my obligations ask nothing of me and allow me complete peace"" is a statement about a person's feelings or circumstances, whereas the image is a visual representation that does not convey any specific message or sentiment.

therefore, the relationship between the image and the sentence is neither entailment nor contradiction. they are two separate entities that do not logically relate to each other."
1338,/data/ajaunarena/our_dataset/images/917_2.jpg,Their concept has arrived at fruition.,entailment,"the image and the sentence do not have a direct relationship, so it is not possible to determine if the sentence entails or contradicts the image. the sentence is a statement about the concept of fruition, while the image is a visual representation that may or may not be related to the concept of fruition. without additional context, it is not possible to make a definitive determination about the relationship between the two."
1339,/data/ajaunarena/our_dataset/images/917_2.jpg,They have successfully created and realized their concept.,entailment,"the image and the sentence do not have a direct relationship that would allow for a clear inference relationship of entailment or contradiction. the image appears to be an abstract or artistic representation, while the sentence is a statement about a concept. without additional context, it is not possible to determine if the sentence entails or contradicts the image."
1340,/data/ajaunarena/our_dataset/images/917_2.jpg,Their concept stayed undeveloped and abstract.,contradiction,"the image provided appears to be an abstract, colorful pattern with no clear, recognizable shapes or objects. the sentence ""their concept stayed undeveloped and abstract"" describes a state of being unclear or unformed.

given the nature of the image and the sentence, it is not possible to determine an inference relationship between the two. the image does not provide information that would allow for a logical inference to be made about the sentence, nor does the sentence provide information that would allow for a logical inference to be made about the image.

therefore, the relationship between the image and the sentence is neither entailment nor contradiction. it is simply a juxtaposition of two unrelated elements."
1341,/data/ajaunarena/our_dataset/images/108_2.jpg,The moon's reflection lined the river with silver.,entailment,"the image and the sentence have a relationship of entailment. the image shows a river with a reflection of the moon, which is consistent with the sentence describing the moon's reflection lining the river with silver. the sentence does not contradict the image; it accurately describes what is visible in the image."
1342,/data/ajaunarena/our_dataset/images/108_2.jpg,"Moonlight created a bright, linear reflection on the water's surface.",entailment,"the image and the sentence have an entailment relationship. the sentence describes a phenomenon that is likely to be depicted in the image, which shows a bright, linear reflection on the water's surface. the image visually represents the concept described in the sentence."
1343,/data/ajaunarena/our_dataset/images/108_2.jpg,The moon's light scattered diffusely across the choppy water.,contradiction,"the image and the sentence have an entailment relationship. the image depicts a scene of water with light scattered across it, which can be inferred from the sentence. the sentence describes the moon's light being scattered diffusely across the choppy water, which is a specific detail that can be observed in the image."
1344,/data/ajaunarena/our_dataset/images/610_3.jpg,Writing is a garden where ideas bloom.,entailment,"the image and the sentence have an entailment relationship. the image depicts a garden with various plants and flowers, which can be inferred to be a place where ideas can grow and bloom, as the sentence suggests. the image visually represents the concept of a garden as a place for ideas to flourish, which is the central idea expressed in the sentence."
1345,/data/ajaunarena/our_dataset/images/610_3.jpg,The process of writing allows ideas to develop and flourish naturally over time.,entailment,"the image and the sentence do not have a direct relationship, so it is not possible to determine if the image entails or contradicts the sentence. the image appears to be a colorful, abstract pattern, while the sentence is a statement about the process of writing. without a clear connection between the two, it is not possible to infer a relationship between them."
1346,/data/ajaunarena/our_dataset/images/610_3.jpg,Writing suppresses and stifles the growth of ideas.,contradiction,"the image you've provided appears to be a colorful, abstract pattern with no clear depiction of writing or suppression. therefore, the inference relationship between the image and the sentence is ""contradiction,"" as the image does not depict the concept of writing suppressing or stifling the growth of ideas."
1347,/data/ajaunarena/our_dataset/images/1513_3.jpg,States are chapters in America's story.,entailment,"the image provided is a jigsaw puzzle with various shapes and colors, and it does not depict any states or chapters. therefore, the relationship between the image and the sentence is ""contradiction."""
1348,/data/ajaunarena/our_dataset/images/1513_3.jpg,Each state contributes its unique narrative to the broader American history.,entailment,"the image provided appears to be an abstract pattern with no clear connection to the sentence. therefore, the relationship between the image and the sentence is neither entailment nor contradiction. the sentence is a statement about the united states, while the image is an abstract visual representation that does not convey any specific information or narrative related to the united states or its history."
1349,/data/ajaunarena/our_dataset/images/1513_3.jpg,States have no individual identity or contribution to American history.,contradiction,"the image provided appears to be an abstract pattern with no clear depiction of states or american history. therefore, it is not possible to determine an inference relationship between the image and the sentence provided. the sentence is a statement about states in general, and the image does not provide any visual information that would allow for a direct inference or contradiction of the sentence."
1350,/data/ajaunarena/our_dataset/images/1327_0.jpg,Their traits are borrowed and lent like precious books.,entailment,"the image provided appears to be an abstract or artistic representation, possibly of stars or other celestial bodies, with a colorful and somewhat blurred effect. the sentence provided is a metaphorical description of the concept of borrowing and lending.

given the nature of the image and the sentence, it is not possible to determine an entailment or contradiction relationship between them. the sentence is a figurative statement that does not directly relate to the visual content of the image. therefore, the relationship between the image and the sentence is neither entailment nor contradiction."
1351,/data/ajaunarena/our_dataset/images/1327_0.jpg,People temporarily adopt characteristics from others through influence and interaction.,entailment,"the image provided appears to be an abstract or artistic representation of stars or lights, and it does not directly relate to the sentence provided. the sentence describes a social phenomenon where people temporarily adopt characteristics from others through influence and interaction.

therefore, the relationship between the image and the sentence is ""contradiction,"" as the image does not depict or imply the social behavior described in the sentence."
1352,/data/ajaunarena/our_dataset/images/1327_0.jpg,Their traits are permanently fixed and immune to outside influence.,contradiction,"the image provided appears to be an abstract or artistic representation, possibly of stars or other celestial bodies, with a colorful and dynamic appearance. the sentence provided is a description of a property of a group of people, which is not related to the image.

given that the image and the sentence describe different things, there is no entailment or contradiction relationship between them. they are independent of each other and do not logically relate to each other."
1353,/data/ajaunarena/our_dataset/images/1582_1.jpg,The edges of vision are like a container's rim.,entailment,"the image and the sentence do not have a direct relationship, so it is neither entailment nor contradiction. they are unrelated."
1354,/data/ajaunarena/our_dataset/images/1582_1.jpg,The peripheral limits of our vision form a definite boundary of our visual perception.,entailment,"the image and the sentence do not have a direct relationship, so it is not possible to determine if the image entails or contradicts the sentence. the image appears to be an abstract pattern with no clear connection to the sentence provided."
1355,/data/ajaunarena/our_dataset/images/1582_1.jpg,Our visual field has no defined edges and seamlessly blends into nothingness.,contradiction,"the image you provided appears to be an abstract pattern with no clear edges or boundaries. the sentence you provided seems to describe a visual experience or perception rather than a specific image.

given that the sentence is describing a visual experience that could be related to the image, but the image itself does not have defined edges, it is not possible to determine if the sentence entails the image or if there is a contradiction. the relationship between the image and the sentence is not clear enough to make a definitive determination of entailment or contradiction."
1356,/data/ajaunarena/our_dataset/images/0_0.jpg,His mind shattered like fine crystal under the pressure.,entailment,"the image and the sentence do not have a direct relationship, so it is not possible to determine if the sentence entails or contradicts the image. the image is an abstract pattern of shapes and colors, while the sentence is a description of a mental state. without a clear connection between the two, it is not possible to infer a relationship between them."
1357,/data/ajaunarena/our_dataset/images/0_0.jpg,He experienced a mental breakdown due to excessive stress.,entailment,"the image provided is an abstract pattern with no discernible content that could be related to the sentence. therefore, there is no entailment or contradiction relationship between the image and the sentence. the sentence is a statement about a person's experience, while the image is purely visual and does not convey any information that could be inferred from the sentence."
1358,/data/ajaunarena/our_dataset/images/0_0.jpg,His mind grew stronger and more resilient under pressure.,contradiction,"the image provided does not have a direct relationship with the sentence. it is an abstract image with no clear connection to the sentence. therefore, the relationship between the image and the sentence is neither entailment nor contradiction."
1359,/data/ajaunarena/our_dataset/images/10_0.jpg,Money flows like a rushing river through the economy.,entailment,"the image and the sentence have an entailment relationship. the image depicts a blurred, colorful pattern that could be interpreted as a representation of money flowing through an economy, which aligns with the concept of money flowing like a rushing river. the sentence describes the flow of money through the economy, which is a concept that can be visually represented by the image."
1360,/data/ajaunarena/our_dataset/images/10_0.jpg,"Money circulates continuously through economic systems, moving from one entity to another.",entailment,"the image and the sentence are related through an entailment relationship. the image depicts a colorful, abstract pattern that could be interpreted as a representation of money or currency. the sentence describes the continuous movement of money through economic systems, which is a concept that can be inferred from the image. the image does not contradict the sentence; rather, it provides a visual representation that supports the idea of money circulating continuously."
1361,/data/ajaunarena/our_dataset/images/10_0.jpg,Money remains stagnant and immobile within the economy.,contradiction,"the image and the sentence have a contradictory relationship. the image shows a colorful, abstract pattern that does not depict money or an economy. the sentence, on the other hand, refers to money and its movement within an economy, which is not visually represented in the image. therefore, the sentence contradicts the visual content of the image."
1362,/data/ajaunarena/our_dataset/images/40_2.jpg,The weight of intoxication pressed down on his shoulders.,entailment,"the image and the sentence do not have a direct relationship, so it is not possible to determine if the image entails or contradicts the sentence. the image appears to be an abstract pattern with no clear connection to the sentence provided."
1363,/data/ajaunarena/our_dataset/images/40_2.jpg,The effects of alcohol made him feel physically and mentally heavy.,entailment,"the image and the sentence have a relationship of entailment. the image depicts a blurry, distorted pattern that could be interpreted as a visual representation of the effects of alcohol on a person's perception, which aligns with the description in the sentence. the sentence describes the physical and mental heaviness that can be experienced after consuming alcohol, and the image visually conveys that experience."
1364,/data/ajaunarena/our_dataset/images/40_2.jpg,The alcohol made him feel weightless and unburdened.,contradiction,"the image and the sentence do not have a direct relationship, so it is not possible to determine if the sentence entails or contradicts the image. the image appears to be an abstract pattern with no clear connection to the sentence provided."
1365,/data/ajaunarena/our_dataset/images/60_2.jpg,The schedule is racing down a steep hill.,entailment,"the image provided is a highly abstract and blurred representation of a schedule or calendar, which makes it difficult to discern specific details. the sentence ""the schedule is racing down a steep hill"" is a metaphorical description of a schedule that is moving quickly or is filled with many events.

given the abstract nature of the image and the metaphorical nature of the sentence, it is not possible to determine if the image entails the sentence or if there is a contradiction. the image does not provide enough specific information to infer a direct relationship with the sentence."
1366,/data/ajaunarena/our_dataset/images/60_2.jpg,The schedule is progressing very quickly and may be difficult to control.,entailment,"the image provided appears to be an abstract or artistic representation, possibly of a calendar or schedule, with a blurred and distorted effect. the sentence provided is a statement about the progression of a schedule.

given the nature of the image and the sentence, it is not possible to definitively determine the relationship between the two as entailment or contradiction without additional context. the image could be interpreted in various ways, and the sentence could be interpreted in different ways depending on the context in which it is used.

for example, if the image is meant to represent a schedule that is progressing quickly and is difficult to control, then the sentence could be seen as entailing the image. however, if the image is meant to represent a schedule that is not progressing quickly or is easy to control, then the sentence could be seen as contradicting the image.

without more context or a clearer understanding of the intended meaning of the image and the sentence, it is not possible to provide a definitive answer."
1367,/data/ajaunarena/our_dataset/images/60_2.jpg,The schedule is completely static and shows no signs of movement or change.,contradiction,"the image provided appears to be a visual representation of a schedule or calendar, with dates and possibly times or events. the sentence ""the schedule is completely static and shows no signs of movement or change"" is a description of the image.

the relationship between the image and the sentence is one of entailment. the sentence is a logical consequence of the visual content of the image. the image shows a static schedule, and the sentence accurately describes the visual information presented."
1368,/data/ajaunarena/our_dataset/images/100_2.jpg,The sunbeam drew a straight line through the darkness.,entailment,"the image and the sentence have a relationship of contradiction. the image shows a blurry, colorful pattern that does not depict a sunbeam or a straight line, nor does it show darkness. the sentence describes a scene that is not depicted in the image."
1369,/data/ajaunarena/our_dataset/images/100_2.jpg,Light traveled in a direct path through the dark space.,entailment,"the image and the sentence have an entailment relationship. the image shows a dark space with light traveling in a direct path through it, which is consistent with the sentence's description of light traveling in a direct path through the dark space."
1370,/data/ajaunarena/our_dataset/images/100_2.jpg,"The light scattered chaotically, following no particular direction.",contradiction,"the image and the sentence have a contradictory relationship. the image shows a pattern of light that appears to follow a particular direction, rather than being scattered chaotically without any particular direction."
1371,/data/ajaunarena/our_dataset/images/300_2.jpg,Time flows like liquid assets through our fingers.,entailment,"the image and the sentence have a relationship of ""contradiction."" the image shows a collection of colorful shapes and stars, which do not inherently represent the concept of time flowing like liquid assets. the sentence, on the other hand, is a metaphorical description of the passage of time, which is not visually represented in the image. therefore, the sentence contradicts the visual content of the image."
1372,/data/ajaunarena/our_dataset/images/300_2.jpg,Time passes continuously and can be difficult to hold onto or control.,entailment,"the image and the sentence do not have a direct inference relationship. the image appears to be an abstract or artistic representation of various shapes and colors, which does not inherently entail or contradict the sentence about time. the sentence is a statement about the nature of time, while the image is a visual representation that may evoke thoughts about time, but it does not logically entail or contradict the sentence."
1373,/data/ajaunarena/our_dataset/images/300_2.jpg,Time is static and completely under our control.,contradiction,"the image you provided appears to be an abstract or artistic representation of stars or lights, possibly with a colorful or blurred effect. the sentence you provided is a philosophical or metaphorical statement about time.

the relationship between the image and the sentence is not one of entailment or contradiction. entailment would imply that the image logically follows from the sentence, which is not the case. contradiction would imply that the image and the sentence are logically incompatible, which is also not the case.

the image and the sentence are related in a more abstract or conceptual sense. the stars or lights in the image might be interpreted as representing the passage of time or the concept of time itself, which could be related to the idea of time being under our control. however, this is a metaphorical or symbolic connection, not a logical one."
1374,/data/ajaunarena/our_dataset/images/360_1.jpg,He prowls through the nightclub like a hungry wolf.,entailment,"the image provided does not contain any content that directly relates to the sentence provided. therefore, the relationship between the image and the sentence is neither entailment nor contradiction. the image appears to be an abstract pattern with no discernible connection to the sentence describing a wolf in a nightclub."
1375,/data/ajaunarena/our_dataset/images/360_1.jpg,He aggressively searches for potential romantic partners at the nightclub.,entailment,"the image provided is an abstract pattern with no clear depiction of a nightclub or a person searching for a romantic partner. therefore, there is no entailment or contradiction relationship between the image and the sentence. the sentence is a description of a person's behavior, while the image is a visual representation that does not convey any information about the behavior described in the sentence."
1376,/data/ajaunarena/our_dataset/images/360_1.jpg,He shyly keeps to himself and avoids interaction at the nightclub.,contradiction,"the image provided is a blurry, abstract pattern with no clear depiction of a person or a nightclub. it is not possible to determine an inference relationship between the image and the sentence based on the visual content alone. the sentence describes a person's behavior, while the image is an abstract representation that does not convey any specific information about a person or a nightclub. therefore, the relationship between the image and the sentence is neither entailment nor contradiction, as there is no logical connection between the two."
1377,/data/ajaunarena/our_dataset/images/400_1.jpg,Her inner fire fuels her creative abilities.,entailment,"the image and the sentence have an entailment relationship. the image depicts a vibrant, colorful, and dynamic scene that could be interpreted as a representation of inner fire or creative energy. the sentence describes a person's inner fire fueling their creative abilities, which is a concept that can be visually represented by the image. the image does not contradict the sentence; rather, it visually illustrates the concept described in the sentence."
1378,/data/ajaunarena/our_dataset/images/400_1.jpg,Her passion and enthusiasm enhance her creative capabilities.,entailment,"the image and the sentence do not have a direct relationship, so it is neither entailment nor contradiction. they are independent of each other, and the sentence does not provide information about the image."
1379,/data/ajaunarena/our_dataset/images/400_1.jpg,Her lack of internal motivation stifles her creative potential.,contradiction,"the image and the sentence do not have a direct relationship, so it is not possible to determine if the sentence entails or contradicts the image. the image is an abstract, colorful pattern, while the sentence is a statement about a person's lack of internal motivation. without a clear connection between the two, there is no inference relationship."
1380,/data/ajaunarena/our_dataset/images/570_2.jpg,The shifting tides of change deepen the gulf between us.,entailment,"the image and the sentence do not have a direct relationship, so it is not possible to determine if the sentence entails or contradicts the image. the image is an abstract representation of colors and shapes, while the sentence is a statement about a conceptual relationship between two entities. without a clear connection between the two, it is not possible to infer a relationship between them."
1381,/data/ajaunarena/our_dataset/images/570_2.jpg,"As circumstances evolve, the differences between people or groups become more pronounced.",entailment,"the image provided appears to be an abstract representation of water or a similar fluid substance, with various colors and patterns that could be interpreted in different ways. the sentence provided is a statement about human behavior and social dynamics.

the relationship between the image and the sentence is one of ""contradiction."" the image is an abstract visual representation that does not inherently convey any information about human behavior or social dynamics. the sentence, on the other hand, is a statement about human behavior and social dynamics, which is not directly related to the image. therefore, the image does not entail the sentence, and the sentence does not contradict the image. they are simply two unrelated pieces of information."
1382,/data/ajaunarena/our_dataset/images/570_2.jpg,Evolution brings people closer together and eliminates differences between them.,contradiction,"the image and the sentence have a contradictory relationship. the image shows a close-up of a body of water with ripples and waves, which does not directly relate to the concept of evolution bringing people closer together and eliminating differences between them. the sentence describes a social or cultural phenomenon, while the image depicts a natural phenomenon."
1383,/data/ajaunarena/our_dataset/images/660_1.jpg,Time is a sealed vessel that can only hold so many moments.,entailment,"the image and the sentence do not have a direct relationship, so it is not possible to determine if the sentence entails or contradicts the image. the image appears to be an abstract or artistic representation, and the sentence is a philosophical or metaphorical statement. without a clear connection between the two, it is not possible to make a definitive inference relationship."
1384,/data/ajaunarena/our_dataset/images/660_1.jpg,Each day has a finite number of hours and cannot be extended beyond its natural limits.,entailment,"the image and the sentence do not have a direct inference relationship. the image appears to be an abstract or artistic representation, possibly of a sunset or a similar scene, with a gradient of colors. the sentence, on the other hand, is a statement about the nature of time and the limitations of a day.

the image does not entail the sentence, as it does not depict a day or time. the sentence does not contradict the image, as it is not related to the visual content of the image.

therefore, the relationship between the image and the sentence is neither entailment nor contradiction. it is simply a juxtaposition of two unrelated elements."
1385,/data/ajaunarena/our_dataset/images/660_1.jpg,Time is boundless and can expand infinitely to accommodate unlimited activities.,contradiction,"the image provided appears to be an abstract or artistic representation, possibly of stars or lights, and it does not directly relate to the sentence provided. the sentence is a statement about time, which is a concept that is not visually represented in the image. therefore, the relationship between the image and the sentence is one of contradiction, as the image does not depict the concept of time as described in the sentence."
1386,/data/ajaunarena/our_dataset/images/700_1.jpg,She hoards her beliefs like precious jewels.,entailment,"the image provided is an abstract, colorful pattern that does not depict any specific objects or scenes. it is not possible to determine an inference relationship between the image and the sentence provided, as the sentence is a metaphorical description of a person's behavior, and the image does not contain any information that would allow for a direct inference. therefore, the relationship between the image and the sentence is neither entailment nor contradiction, as they are not related in a logical or factual sense."
1387,/data/ajaunarena/our_dataset/images/700_1.jpg,She holds onto her beliefs very tightly and is reluctant to share or change them.,entailment,"the image provided is an abstract, colorful pattern with no discernible content that could be related to the sentence. therefore, there is no entailment or contradiction relationship between the image and the sentence. the sentence is a statement about a person's behavior, while the image is a visual representation that does not convey any information about a person or their beliefs."
1388,/data/ajaunarena/our_dataset/images/700_1.jpg,She freely exchanges her beliefs and readily adopts new perspectives.,contradiction,"the image provided is an abstract, colorful pattern with no discernible content that could be related to the sentence. therefore, there is no entailment or contradiction relationship between the image and the sentence. the sentence is a description of a person's behavior, while the image is purely visual and does not convey any information that could be related to the sentence."
1389,/data/ajaunarena/our_dataset/images/710_0.jpg,The anger bubbling inside him erupted into violent force.,entailment,"the image and the sentence have a relationship of entailment. the image depicts a chaotic, colorful, and somewhat fiery scene that could be interpreted as an eruption or explosion, which is consistent with the description of the anger bubbling inside someone erupting into violent force. the image visually represents the concept of anger and violence, which is what the sentence is describing."
1390,/data/ajaunarena/our_dataset/images/710_0.jpg,His growing anger transformed into aggressive physical action.,entailment,"the image provided does not have a direct relationship with the sentence. it is a colorful, abstract image that does not depict a person or any action that could be inferred to be related to anger or physical action. therefore, the relationship between the image and the sentence is ""contradiction."""
1391,/data/ajaunarena/our_dataset/images/710_0.jpg,His anger dissipated quietly without any physical manifestation.,contradiction,"the image and the sentence have a contradictory relationship. the image shows a chaotic and intense scene with bright colors and a sense of turbulence, which is the opposite of the sentence describing anger dissipating quietly without any physical manifestation."
1392,/data/ajaunarena/our_dataset/images/840_3.jpg,"Some people are like rechargeable batteries, bouncing back after every drain.",entailment,"the image and the sentence do not have a direct inference relationship. the image appears to be an abstract or artistic representation, possibly of a crowd or a group of people, and it does not inherently entail or contradict the sentence provided. the sentence is a metaphorical statement about people's ability to recover from challenges, which is not directly related to the visual content of the image."
1393,/data/ajaunarena/our_dataset/images/840_3.jpg,Some individuals have great resilience and can recover their energy after exhausting experiences.,entailment,"the image provided appears to be an abstract or distorted representation of a group of people, and it does not provide enough information to determine if it entails or contradicts the sentence. the sentence describes a specific trait or characteristic of individuals, whereas the image is a visual representation that may or may not be related to the concept of resilience or energy recovery. without more context or a clearer depiction of the individuals in the image, it is not possible to make a definitive inference relationship between the image and the sentence."
1394,/data/ajaunarena/our_dataset/images/840_3.jpg,People never recover from exhaustion and permanently lose their energy after difficult experiences.,contradiction,"the image and the sentence have a contradictory relationship. the image shows a person who appears to be exhausted, but the sentence implies that exhaustion is permanent and that people never recover from it. this contradicts the visual information in the image, which suggests that the person may recover from exhaustion."
1395,/data/ajaunarena/our_dataset/images/20_0.jpg,The immune system is our body's front-line defense troops.,entailment,"the image provided appears to be an abstract or artistic representation, possibly related to the immune system or defense, but it does not depict any specific, identifiable elements that are directly related to the immune system or defense troops. therefore, the relationship between the image and the sentence is ""contradiction,"" as the image does not entail the sentence."
1396,/data/ajaunarena/our_dataset/images/20_0.jpg,The immune system acts as the primary protective mechanism against disease in our body.,entailment,"the image provided appears to be an abstract or artistic representation, possibly related to the immune system or health in general. however, it is not a direct depiction of the immune system or its function. therefore, the relationship between the image and the sentence is ""contradiction."" the image does not entail the sentence, as it does not depict the immune system or its function in a way that would logically lead to the conclusion that it is the primary protective mechanism against disease in our body."
1397,/data/ajaunarena/our_dataset/images/20_0.jpg,The immune system plays no role in protecting the body from illness.,contradiction,"the image and the sentence have a contradictory relationship. the image shows a close-up of various objects, including what appears to be a collection of cells, which are part of the immune system. the sentence, however, states that the immune system plays no role in protecting the body from illness, which is contrary to the visual content of the image."
1398,/data/ajaunarena/our_dataset/images/90_1.jpg,Her words were sharp daggers that pierced through his defenses.,entailment,"the image and the sentence do not have a direct inference relationship. the image is an abstract, colorful pattern of shapes and letters, while the sentence is a description of a situation involving sharp words. there is no logical connection between the two, so the relationship is neither entailment nor contradiction."
1399,/data/ajaunarena/our_dataset/images/90_1.jpg,Her harsh comments caused emotional pain and broke through his emotional barriers.,entailment,"the image provided does not have a direct relationship with the sentence. it is an abstract image with no clear connection to the sentence. therefore, the relationship between the image and the sentence is neither entailment nor contradiction."
1400,/data/ajaunarena/our_dataset/images/90_1.jpg,Her words were gentle caresses that reinforced his emotional walls.,contradiction,"the image provided does not have a direct relationship with the sentence. it is an abstract image with various shapes and colors, and there is no clear connection to the sentence about gentle caresses and emotional walls. therefore, the relationship between the image and the sentence is neither entailment nor contradiction."
1401,/data/ajaunarena/our_dataset/images/110_3.jpg,The darkness was a concrete wall before me.,entailment,"the image provided appears to be an abstract pattern with no clear depiction of a concrete wall. therefore, the relationship between the image and the sentence is ""contradiction."" the sentence describes a concrete wall, which is not present in the image."
1402,/data/ajaunarena/our_dataset/images/110_3.jpg,The darkness was so complete and impenetrable that it prevented any forward movement or visibility.,entailment,"the image and the sentence have a contradiction relationship. the image shows a pattern that appears to be a visual representation of light and dark, but it does not depict darkness that is so complete and impenetrable that it prevents any forward movement or visibility. the image shows a pattern that could be interpreted as light and dark, but it does not convey the idea of darkness being impenetrable or preventing visibility."
1403,/data/ajaunarena/our_dataset/images/110_3.jpg,"The darkness was transparent and easily penetrable, offering no resistance to movement or vision.",contradiction,"the image and the sentence are in a relationship of contradiction. the image shows a pattern that appears to be a checkerboard with alternating dark and light squares, which could be interpreted as a representation of transparency and ease of penetration. however, the sentence describes the darkness as being transparent and easily penetrable, offering no resistance to movement or vision. the image does not depict the darkness as being transparent and easily penetrable, offering no resistance to movement or vision. therefore, the sentence contradicts the image."
1404,/data/ajaunarena/our_dataset/images/140_2.jpg,The mind is a muscle that needs regular exercise.,entailment,"the image and the sentence do not have a direct relationship, so it is neither entailment nor contradiction. they are unrelated."
1405,/data/ajaunarena/our_dataset/images/140_2.jpg,Mental capabilities improve and strengthen with consistent practice and challenge.,entailment,"the image provided appears to be an abstract or abstracted image, possibly a digital or artistic creation. it does not depict a scene or object that directly relates to the sentence provided. therefore, the relationship between the image and the sentence is ""contradiction."" the sentence describes a concept or idea, while the image is a visual representation that does not convey the same concept or idea."
1406,/data/ajaunarena/our_dataset/images/140_2.jpg,Mental abilities are fixed and cannot be improved through practice or effort.,contradiction,"the image provided appears to be an abstract or artistic representation, and it does not contain any text or information that would allow for a direct inference relationship with the sentence. therefore, it is not possible to determine whether the sentence entails or contradicts the image based on the visual content alone."
1407,/data/ajaunarena/our_dataset/images/180_0.jpg,Their relationship is a family tree with deep roots.,entailment,"the image and the sentence do not have a direct relationship, so it is not possible to determine if the sentence entails or contradicts the image. the sentence is a description of a family tree, while the image is a colorful, abstract pattern that does not depict a family tree."
1408,/data/ajaunarena/our_dataset/images/180_0.jpg,Their relationship has a strong foundation built on shared history and connections.,entailment,"the image and the sentence do not have a direct relationship, so it is not possible to determine if the relationship is one of entailment or contradiction. the sentence provided does not relate to the content of the image, which appears to be an abstract, colorful pattern with no discernible connection to the sentence."
1409,/data/ajaunarena/our_dataset/images/180_0.jpg,Their relationship is superficial and lacks any meaningful connection or history.,contradiction,"the image and the sentence do not have a direct relationship, and there is no entailment or contradiction between them. the sentence is a general statement about the nature of the image, but it does not provide any specific information about the content of the image. the relationship between the image and the sentence is more of a description or explanation, rather than an inference relationship."
1410,/data/ajaunarena/our_dataset/images/940_1.jpg,The blanket of darkness wrapped around the world.,entailment,"the image and the sentence have a contradictory relationship. the image shows a bright and colorful scene, which is the opposite of the darkness described in the sentence."
1411,/data/ajaunarena/our_dataset/images/940_1.jpg,"Darkness spread completely across the environment, obscuring everything from view.",entailment,"the image and the sentence have a contradiction relationship. the image shows a brightly lit environment with stars, which is the opposite of the sentence describing darkness spreading completely across the environment."
1412,/data/ajaunarena/our_dataset/images/940_1.jpg,"Light pierced through every corner, leaving nothing hidden from sight.",contradiction,"the image and the sentence have an entailment relationship. the image shows a pattern of light and dark areas that could be interpreted as stars or other celestial objects, and the sentence describes a similar concept of light piercing through every corner, leaving nothing hidden from sight. the sentence is a more abstract and poetic description of the image's content, but it is consistent with the visual elements present in the image."
1413,/data/ajaunarena/our_dataset/images/367_2.jpg,She's a bower bird collecting admirers.,entailment,"the image you've provided appears to be a collage of various images, possibly of people, animals, or objects, but it's not clear what the specific content of the images is. the sentence ""she's a bower bird collecting admirers"" is a metaphorical description of someone who is attracting a lot of attention or admiration from others.

given the nature of the image and the sentence, it is not possible to determine an entailment or contradiction relationship between them. the sentence is a metaphorical statement that does not directly relate to the content of the image. therefore, the relationship between the image and the sentence is neither entailment nor contradiction."
1414,/data/ajaunarena/our_dataset/images/367_2.jpg,She constantly accumulates romantic attention from multiple suitors.,entailment,"the image provided appears to be a collage of various images, possibly of people or objects, but it is not clear enough to discern any specific content. therefore, it is not possible to determine the inference relationship between the image and the sentence you provided. the sentence describes a person who is the subject of romantic attention from multiple suitors, which is a conceptual idea and not directly related to the visual content of the image."
1415,/data/ajaunarena/our_dataset/images/367_2.jpg,She focuses on quality over quantity in her romantic relationships.,contradiction,"the image provided appears to be a collage of various objects, including what looks like a person's hand. however, it does not depict a romantic relationship or a focus on quality over quantity. therefore, the sentence ""she focuses on quality over quantity in her romantic relationships"" does not entail or contradict the image. the relationship between the image and the sentence is neither entailment nor contradiction, as they are unrelated."
1416,/data/ajaunarena/our_dataset/images/1554_1.jpg,His obligations were packed into containers too small to hold them.,entailment,"the image and the sentence do not have a direct relationship, so it is not possible to determine if the sentence entails or contradicts the image. the image appears to be an abstract pattern with no clear connection to the sentence provided."
1417,/data/ajaunarena/our_dataset/images/1554_1.jpg,He had taken on more responsibilities than he could reasonably handle.,entailment,"the image provided does not have a direct relationship with the sentence. it is an abstract image with no clear connection to the sentence. therefore, the relationship between the image and the sentence is neither entailment nor contradiction."
1418,/data/ajaunarena/our_dataset/images/1554_1.jpg,He had plenty of capacity to handle all his responsibilities.,contradiction,"the image provided does not have a direct relationship with the sentence. it is an abstract image with no clear connection to the sentence. therefore, the relationship between the image and the sentence is neither entailment nor contradiction."
1419,/data/ajaunarena/our_dataset/images/877_0.jpg,Their appearance is a protective shell.,entailment,"the image and the sentence have a relationship of entailment. the image shows a pattern that could be interpreted as a protective shell, and the sentence describes the image as such. the sentence is a logical consequence of the image's content."
1420,/data/ajaunarena/our_dataset/images/877_0.jpg,Their external appearance serves as a defense mechanism against vulnerability.,entailment,"the image provided appears to be an abstract pattern with no clear depiction of an external appearance serving as a defense mechanism against vulnerability. therefore, the relationship between the image and the sentence is ""contradiction."" the sentence describes a specific concept, while the image does not visually represent that concept."
1421,/data/ajaunarena/our_dataset/images/877_0.jpg,Their appearance openly invites emotional connection and vulnerability.,contradiction,"the image and the sentence have a relationship of entailment. the image depicts a close-up of what appears to be a pattern or texture that could be interpreted as inviting emotional connection and vulnerability. the sentence, ""their appearance openly invites emotional connection and vulnerability,"" is a description of the image and thus entails the image's content."
1422,/data/ajaunarena/our_dataset/images/554_3.jpg,This theory gave birth to numerous new research directions.,entailment,"the image provided appears to be an abstract pattern with various shapes and colors, which does not directly relate to the sentence provided. the sentence discusses a theory that gave birth to new research directions, which is a conceptual idea rather than a visual representation. therefore, the relationship between the image and the sentence is one of contradiction, as the image does not entail the sentence and the sentence does not contradict the image."
1423,/data/ajaunarena/our_dataset/images/554_3.jpg,This theory directly led to the development of multiple new areas of research.,entailment,"the image provided appears to be an abstract pattern with no clear connection to the sentence provided. therefore, the relationship between the image and the sentence is neither entailment nor contradiction. the sentence seems to be a statement about a theory or development of research, while the image is purely visual and does not convey any information that would allow for a logical relationship with the sentence."
1424,/data/ajaunarena/our_dataset/images/554_3.jpg,This theory resulted in no new research developments or directions.,contradiction,"the image provided does not have a direct relationship with the sentence. it is an abstract image with no clear connection to the sentence. therefore, the relationship between the image and the sentence is neither entailment nor contradiction."
1425,/data/ajaunarena/our_dataset/images/1867_3.jpg,He marched into a new phase of life.,entailment,"the image provided does not have a direct relationship with the sentence. it is an abstract image with a colorful, fragmented pattern, and there is no clear connection to the sentence about a person marching into a new phase of life. therefore, the relationship between the image and the sentence is neither entailment nor contradiction."
1426,/data/ajaunarena/our_dataset/images/1867_3.jpg,He deliberately and confidently initiated major life changes.,entailment,"the image provided does not contain any text or information that would allow for a direct inference relationship with the sentence. therefore, it is not possible to determine whether the image entails or contradicts the sentence based on the visual content alone."
1427,/data/ajaunarena/our_dataset/images/1867_3.jpg,He reluctantly drifted into life changes without purpose.,contradiction,"the image and the sentence do not have a direct inference relationship. they are not related in a way that one entails the other or contradicts it. the image appears to be an abstract pattern with no clear connection to the sentence. the sentence describes a personal experience or emotion, while the image is purely visual and does not convey any specific message or idea."
1428,/data/ajaunarena/our_dataset/images/304_2.jpg,Time bankruptcy left him with nothing but regrets.,entailment,"the image and the sentence do not have a direct relationship, so it is neither entailment nor contradiction. they are unrelated."
1429,/data/ajaunarena/our_dataset/images/304_2.jpg,Running out of time completely led to unfortunate consequences.,entailment,"the image provided does not have a direct relationship with the sentence. it is an abstract image with no clear connection to the sentence. therefore, the relationship between the image and the sentence is neither entailment nor contradiction."
1430,/data/ajaunarena/our_dataset/images/304_2.jpg,Having abundant time led to numerous accomplishments.,contradiction,"the image and the sentence do not have a direct relationship, so it is not possible to determine if the image entails or contradicts the sentence. the image appears to be an abstract pattern with no clear connection to the sentence provided."
1431,/data/ajaunarena/our_dataset/images/193_1.jpg,He guarded his reactions like precious jewels.,entailment,"the image and the sentence do not have a direct relationship, so it is neither entailment nor contradiction. they are unrelated."
1432,/data/ajaunarena/our_dataset/images/193_1.jpg,He was very careful about controlling his emotional responses.,entailment,"the image provided appears to be an abstract pattern with no clear depiction of a person or their emotional responses. therefore, it is not possible to determine an inference relationship between the image and the sentence provided. the sentence is a statement about a person's behavior, while the image is a visual representation that does not convey any information about a person or their emotional responses."
1433,/data/ajaunarena/our_dataset/images/193_1.jpg,He displayed his reactions carelessly without any filter.,contradiction,"the image and the sentence do not have a direct relationship, so it is neither entailment nor contradiction. they are independent of each other."
1434,/data/ajaunarena/our_dataset/images/584_1.jpg,He nibbled cautiously at the edges of opportunity.,entailment,"the image and the sentence do not have a direct relationship, so it is not possible to determine if the image entails or contradicts the sentence. the image appears to be an abstract pattern with no clear connection to the sentence provided."
1435,/data/ajaunarena/our_dataset/images/584_1.jpg,He approached opportunities with hesitation and minimal commitment.,entailment,"the image and the sentence do not have a direct inference relationship. the image appears to be an abstract, colorful pattern with no clear connection to the sentence provided. the sentence describes a person's behavior, while the image is purely visual and does not convey any information about a person's actions or attitudes. therefore, the relationship between the image and the sentence is one of contradiction, as the image does not provide any information that can be inferred from the sentence."
1436,/data/ajaunarena/our_dataset/images/584_1.jpg,He boldly seized opportunities without any hesitation.,contradiction,"the image provided does not contain any text or information that would allow for a direct inference relationship with the sentence. therefore, it is neither entailing nor contradicting the sentence. the image is purely visual and does not convey any information that could be logically related to the sentence."
1437,/data/ajaunarena/our_dataset/images/1027_2.jpg,Pentagons are vaults of five-sided wisdom.,entailment,"the image provided appears to be an abstract or artistic representation, possibly of a cityscape or a complex structure, with various shapes and colors. the sentence ""pentagons are vaults of five-sided wisdom"" is a statement about pentagons, which are geometric shapes with five sides.

the relationship between the image and the sentence is one of contradiction. the image does not depict pentagons, nor does it convey any information about wisdom or vaults. the sentence is about pentagons, which are not present in the image. therefore, the sentence contradicts the content of the image."
1438,/data/ajaunarena/our_dataset/images/1027_2.jpg,Pentagonal shapes combine five equal sides to create a balanced and complex form.,entailment,"the image and the sentence do not have a direct relationship, so it is not possible to determine if the sentence entails or contradicts the image. the sentence describes a geometric concept, while the image appears to be an abstract or artistic representation that may not directly relate to the concept of pentagonal shapes."
1439,/data/ajaunarena/our_dataset/images/1027_2.jpg,Pentagons are simple and unremarkable in their structure.,contradiction,"the image provided appears to be an abstract or artistic representation, possibly of a cityscape or a complex structure, with various shapes and forms that may include pentagons. however, the sentence provided is a statement about the nature of pentagons, which are simple and unremarkable in their structure.

given the nature of the image and the sentence, it is not possible to determine an entailment or contradiction relationship between the two. the image does not necessarily entail the sentence, nor does it contradict it, as the sentence is a general statement about pentagons, and the image may or may not include pentagons. the relationship between the two is more likely to be one of irrelevance or association, as the sentence is about the properties of pentagons, while the image may or may not depict them."
1440,/data/ajaunarena/our_dataset/images/1406_2.jpg,The locomotive of circumstance steams ahead relentlessly.,entailment,"the image provided appears to be an abstract or abstracted representation of a scene, possibly with a focus on motion or energy. the sentence ""the locomotive of circumstance steams ahead relentlessly"" is a metaphorical description of how events or circumstances can drive forward with unstoppable force.

the relationship between the image and the sentence is one of ""entailment."" the image does not directly depict a locomotive, but it does convey a sense of movement and energy that could be associated with the metaphorical locomotive described in the sentence. the image may evoke the idea of something moving forward with determination, which aligns with the concept of the locomotive of circumstance."
1441,/data/ajaunarena/our_dataset/images/1406_2.jpg,External events progress powerfully and unstoppably along a set path.,entailment,"the image provided appears to be an abstract or artistic representation, possibly of a calendar or a series of numbers and letters. it is not a literal depiction of external events progressing powerfully and unstoppably along a set path. therefore, the relationship between the image and the sentence is ""contradiction."" the image does not entail the sentence, and the sentence does not contradict the image."
1442,/data/ajaunarena/our_dataset/images/1406_2.jpg,"Circumstances remain derailed and motionless, unable to advance.",contradiction,"the image provided appears to be a blurry and abstract representation of a calendar or a similar grid-like structure. the sentence ""circumstances remain derailed and motionless, unable to advance"" is a description of a situation where events or progress are hindered or stalled.

the relationship between the image and the sentence is one of ""contradiction."" the image is abstract and does not depict a clear, grid-like structure that could be associated with a calendar or a similar object. the sentence, on the other hand, is a clear and coherent description of a situation. the two do not logically follow each other, which is characteristic of a contradiction."
1443,/data/ajaunarena/our_dataset/images/1360_2.jpg,Her brilliant idea was a beacon in the darkness.,entailment,"the image and the sentence have a relationship of entailment. the image depicts a bright, illuminated scene, which can be inferred to be a beacon in the darkness, as the sentence describes. the image visually represents the concept of a beacon, which is what the sentence is referring to."
1444,/data/ajaunarena/our_dataset/images/1360_2.jpg,Her innovative idea provided clear guidance and direction when solutions were hard to find.,entailment,"the image provided does not have a direct relationship with the sentence. it is an abstract image with no clear connection to the sentence. therefore, the relationship between the image and the sentence is neither entailment nor contradiction."
1445,/data/ajaunarena/our_dataset/images/1360_2.jpg,Her idea only created more confusion and obscured potential solutions.,contradiction,"the image provided appears to be an abstract or artistic representation, possibly of light or a digital glitch, with no clear or recognizable subject matter. the sentence you provided seems to be a description of a situation or a person's thought process.

given the nature of the image and the sentence, it is not possible to determine an inference relationship between them. the sentence does not provide any information that can be logically derived from the image, nor does the image provide any visual cues that would allow for a direct inference to the sentence. therefore, the relationship between the image and the sentence is neither entailment nor contradiction."
1446,/data/ajaunarena/our_dataset/images/92_0.jpg,She loaded her argument with verbal ammunition.,entailment,"the image provided is an abstract, colorful pattern with no discernible content that could be related to the sentence. therefore, there is no inference relationship between the image and the sentence. the sentence is a statement about a person's behavior, while the image is purely visual and does not convey any information that could be inferred from the sentence."
1447,/data/ajaunarena/our_dataset/images/92_0.jpg,She prepared multiple supporting points to strengthen her argument.,entailment,"the image provided appears to be an abstract or artistic representation, possibly of stars or other celestial bodies, with a colorful and somewhat blurry effect. the sentence ""she prepared multiple supporting points to strengthen her argument"" is a statement about a person's actions.

given the nature of the image and the sentence, there is no direct relationship between the two. the image does not entail or contradict the sentence. they are independent of each other and do not have a logical relationship."
1448,/data/ajaunarena/our_dataset/images/92_0.jpg,She approached the discussion without any preparation or supporting evidence.,contradiction,"the image provided does not have a direct relationship with the sentence. it is an abstract image with no clear connection to the sentence. therefore, the relationship between the image and the sentence is neither entailment nor contradiction."
1449,/data/ajaunarena/our_dataset/images/1098_0.jpg,His mind was starving for new ideas.,entailment,"the image provided is an abstract, colorful pattern that does not depict any specific content or scene. it is not possible to determine an inference relationship between the image and the sentence ""his mind was starving for new ideas"" because the image does not provide any information that can be inferred to be related to the sentence. the relationship between the image and the sentence is neither entailment nor contradiction, as they are unrelated."
1450,/data/ajaunarena/our_dataset/images/1098_0.jpg,He was desperately seeking intellectual stimulation and new concepts.,entailment,"the image provided appears to be an abstract or artistic representation, and it does not contain any text or depict any specific concepts. therefore, it is not possible to determine an inference relationship between the image and the sentence you provided. the sentence describes a person's desire for intellectual stimulation and new concepts, but the image does not convey any information that would allow for a direct inference relationship."
1451,/data/ajaunarena/our_dataset/images/1098_0.jpg,His mind was overwhelmed and saturated with too many ideas.,contradiction,"the image provided appears to be an abstract or artistic representation, possibly of a person's thoughts or ideas. it is not a literal depiction of a person's mind, but rather a visual metaphor. the sentence ""his mind was overwhelmed and saturated with too many ideas"" is a description of a mental state, which could be inferred from the image.

the relationship between the image and the sentence is one of entailment. the image does not contradict the sentence; rather, it visually represents the concept of being overwhelmed with ideas, which is what the sentence describes."
1452,/data/ajaunarena/our_dataset/images/1110_0.jpg,His authority rose to new heights.,entailment,"the image provided does not have a direct relationship with the sentence. it is an abstract image of geometric shapes and colors, which does not entail or contradict the sentence ""his authority rose to new heights."" the sentence is a statement about a person's position or status, while the image is purely visual and does not convey any information about a person or their authority. therefore, the relationship between the image and the sentence is neither entailment nor contradiction."
1453,/data/ajaunarena/our_dataset/images/1110_0.jpg,His level of control and influence increased significantly.,entailment,"the image provided is an abstract pattern of shapes and colors, and it does not contain any text or depict any specific subject matter. therefore, it is not possible to determine an inference relationship between the image and the sentence you provided. the sentence describes a situation or a change in a person's circumstances, which is not visually represented in the image. the relationship between the image and the sentence is neither entailment nor contradiction, as they are not related in any way."
1454,/data/ajaunarena/our_dataset/images/1110_0.jpg,His authority diminished and became insignificant.,contradiction,"the image provided is an abstract pattern of shapes and colors, and it does not depict a scene or subject matter that would allow for a direct inference relationship with the sentence. therefore, it is neither entailing nor contradicting the sentence. the sentence is a statement about a person's status or influence, while the image is purely visual and does not convey any information that could be logically related to the sentence."
1455,/data/ajaunarena/our_dataset/images/874_3.jpg,She wears her appearance like a removable book sleeve.,entailment,"the image provided is a pixelated, abstract representation of a person's face, and it does not depict a book sleeve. therefore, the relationship between the image and the sentence is ""contradiction."""
1456,/data/ajaunarena/our_dataset/images/874_3.jpg,She frequently changes her external appearance to suit different situations.,entailment,"the image provided appears to be an abstract or pixelated representation of a person's face, with various colors and shapes that do not form a clear, recognizable image. the sentence provided describes a person who frequently changes their external appearance to suit different situations.

given the abstract nature of the image, it is not possible to determine if it entails or contradicts the sentence. the image does not provide enough information to make a definitive inference relationship with the sentence."
1457,/data/ajaunarena/our_dataset/images/874_3.jpg,Her appearance remains constant and unchanging in all situations.,contradiction,"the image provided appears to be a digital or abstract representation, possibly a pixelated or distorted image. it is not a clear depiction of a person or any specific subject. therefore, it is not possible to make an inference relationship between the image and the sentence provided. the sentence describes a person's appearance remaining constant, which is a subjective observation and not directly related to the image."
1458,/data/ajaunarena/our_dataset/images/77_2.jpg,The train of consequences follows its causal tracks.,entailment,"the image and the sentence do not have a direct relationship, so it is not possible to determine if the image entails or contradicts the sentence. the image appears to be an abstract pattern with no clear connection to the sentence provided."
1459,/data/ajaunarena/our_dataset/images/77_2.jpg,Effects follow their causes in a predetermined and guided path.,entailment,"the image provided appears to be an abstract or artistic representation, possibly of a cityscape or a similar scene, with a focus on lines and shapes. the sentence provided is a philosophical or metaphorical statement about the nature of cause and effect.

given the nature of the image and the sentence, it is not possible to determine an inference relationship between them. the sentence is not directly related to the content of the image, and there is no clear entailment or contradiction that can be inferred from the image to the sentence. the relationship between the two is more conceptual or thematic rather than logical or inferential."
1460,/data/ajaunarena/our_dataset/images/77_2.jpg,Consequences wander aimlessly with no guiding principle or direction.,contradiction,"the image provided appears to be an abstract or distorted representation of a scene, possibly a cityscape or a collection of objects. the sentence provided describes a situation where consequences wander aimlessly without a guiding principle or direction.

the relationship between the image and the sentence is one of ""contradiction."" the image is abstract and does not depict a clear, guiding principle or direction, which is the opposite of the sentence's description of consequences having no guiding principle or direction."
1461,/data/ajaunarena/our_dataset/images/1675_3.jpg,Their ethics were as unsullied as morning dew.,entailment,"the image provided is an abstract pattern of shapes and colors, and it does not contain any text or depict any specific content that would allow for a direct inference relationship with the sentence. therefore, it is not possible to determine whether the image entails or contradicts the sentence based on the visual content alone. the sentence is a statement about ethics, which is not directly related to the image."
1462,/data/ajaunarena/our_dataset/images/1675_3.jpg,Their moral behavior remained completely free from wrongdoing.,entailment,"the image provided does not contain any text or information that would allow for a direct inference relationship with the sentence. therefore, it is not possible to determine whether the image entails or contradicts the sentence based on the visual content alone."
1463,/data/ajaunarena/our_dataset/images/1675_3.jpg,Their ethics were tainted by years of moral decay.,contradiction,"the image provided is an abstract pattern of shapes and colors, and it does not contain any text or depict any specific content that would allow for a direct inference relationship with the sentence. therefore, it is not possible to determine whether the image entails or contradicts the sentence based on the visual content alone. the sentence is a statement about ethics, which is not directly related to the image."
1464,/data/ajaunarena/our_dataset/images/674_0.jpg,The river of time carries cause to effect's shore.,entailment,"the image and the sentence have a relationship of entailment. the image depicts a river flowing from left to right, which could be interpreted as the passage of time. the sentence ""the river of time carries cause to effect's shore"" is a metaphorical description of the concept of cause and effect, where the cause leads to an effect. the image visually represents the concept of cause and effect, and the sentence provides a verbal explanation of the visual metaphor."
1465,/data/ajaunarena/our_dataset/images/674_0.jpg,The flow of time naturally transports causal influences from earlier to later moments.,entailment,"the image provided appears to be an abstract or artistic representation, possibly of a concept or idea rather than a literal depiction of a scene. the sentence you provided is a philosophical or scientific statement about the nature of causality and the flow of time.

given the abstract nature of the image and the complexity of the sentence, it is not possible to definitively determine whether the image entails the sentence or if there is a contradiction. both entailment and contradiction require a clear understanding of the content of the image and the meaning of the sentence, which may not be immediately apparent from the image alone.

to determine the relationship between the image and the sentence, one would need to interpret the image and the sentence in detail, which may require additional context or knowledge about the specific concepts or ideas being represented."
1466,/data/ajaunarena/our_dataset/images/674_0.jpg,"Causes and effects float freely, disconnected from time's flow and direction.",contradiction,"the image and the sentence have a relationship of contradiction. the image shows a chaotic and disconnected pattern, which is the opposite of the sentence's description of causes and effects being connected and flowing in a specific direction."
1467,/data/ajaunarena/our_dataset/images/1188_0.jpg,Properties are friction points in economic motion.,entailment,"the image provided appears to be an abstract or artistic representation, and it is not possible to determine a direct inference relationship between the image and the sentence. the sentence describes a conceptual relationship between properties and friction points in economic motion, while the image seems to be a visual representation of a different concept or idea. therefore, the relationship between the image and the sentence is likely to be one of contradiction, as the two are not directly related to each other."
1468,/data/ajaunarena/our_dataset/images/1188_0.jpg,Properties influence and affect the flow and direction of economic activity.,entailment,"the image provided appears to be an abstract, colorful pattern with no clear depiction of properties or economic activity. it does not entail or contradict the sentence provided, as the sentence refers to a conceptual relationship between properties and economic activity, which is not visually represented in the image. the relationship between the image and the sentence is neither entailment nor contradiction, as they are not related in a logical or factual sense."
1469,/data/ajaunarena/our_dataset/images/1188_0.jpg,Properties have no impact on economic movement or direction.,contradiction,"the image provided appears to be an abstract or artistic representation, and it is not possible to determine a direct relationship between the image and the sentence. the sentence is a statement about economic principles, while the image is a visual representation that does not inherently convey any information about economic principles or properties. therefore, the relationship between the image and the sentence is neither entailment nor contradiction, as they are not related in a meaningful way."
1470,/data/ajaunarena/our_dataset/images/607_2.jpg,He's standing on shaky emotional terrain.,entailment,"the image and the sentence do not have a direct relationship, so it is not possible to determine if the sentence entails or contradicts the image. the image is an abstract pattern of shapes and colors, while the sentence is a description of a person's emotional state. without a clear connection between the two, there is no inference relationship."
1471,/data/ajaunarena/our_dataset/images/607_2.jpg,His emotional stability is currently uncertain and precarious.,entailment,"the image provided does not have a direct relationship with the sentence. it is an abstract image with no clear connection to the sentence. therefore, the relationship between the image and the sentence is neither entailment nor contradiction."
1472,/data/ajaunarena/our_dataset/images/607_2.jpg,His emotional state is completely stable and secure.,contradiction,"the image provided is an abstract pattern with no discernible content that could be related to an emotional state. therefore, there is no inference relationship between the image and the sentence. the sentence is a statement about a person's emotional state, which is not depicted in the image."
1473,/data/ajaunarena/our_dataset/images/1512_3.jpg,States are waypoints on the journey of progress.,entailment,"the image provided appears to be an abstract or artistic representation, possibly of a cityscape or a digital or technological theme, with various shapes and colors. the sentence ""states are waypoints on the journey of progress"" is a statement about the concept of states in a political or social context.

the relationship between the image and the sentence is one of ""contradiction."" the image does not depict states in the context of political or social progress, nor does it convey the idea of states as waypoints on a journey. the image is purely abstract and does not relate to the concept of states in the sentence."
1474,/data/ajaunarena/our_dataset/images/1512_3.jpg,Each state represents a distinct stage in the nation's development and advancement.,entailment,"the image provided appears to be an abstract representation of various shapes and colors, which does not directly relate to the sentence provided. the sentence describes a specific concept, which is the stages of a nation's development. the image does not entail or contradict the sentence, as it does not convey any information that can be logically inferred or negated in relation to the sentence."
1475,/data/ajaunarena/our_dataset/images/1512_3.jpg,States are obstacles that hinder national progress and development.,contradiction,"the image provided appears to be an abstract or artistic representation, and it does not depict any states or obstacles. therefore, the relationship between the image and the sentence is ""contradiction,"" as the image does not entail the sentence's content."
1476,/data/ajaunarena/our_dataset/images/164_0.jpg,Her gaze stroked the delicate flower petals.,entailment,"the image and the sentence do not have a direct relationship, so it is neither entailment nor contradiction. they are unrelated."
1477,/data/ajaunarena/our_dataset/images/164_0.jpg,She carefully examined the details of the flower petals.,entailment,"the image and the sentence have no direct relationship, so it is neither entailment nor contradiction. they are independent of each other."
1478,/data/ajaunarena/our_dataset/images/164_0.jpg,She gave the flower petals only a cursory glance.,contradiction,"the image and the sentence do not have a direct relationship, so it is neither entailment nor contradiction. they are independent of each other."
1479,/data/ajaunarena/our_dataset/images/1072_0.jpg,Their business practices were crystal clear.,entailment,"the image provided is a blurry and abstract representation of a crowd of people, and it does not depict any specific business practices. therefore, it is not possible to determine an entailment or contradiction relationship between the image and the sentence. the sentence is a statement about business practices, while the image is a visual representation that does not convey any information about business practices."
1480,/data/ajaunarena/our_dataset/images/1072_0.jpg,Their business operations were conducted with complete honesty and transparency.,entailment,"the image provided is a blurry and abstract representation of a crowd of people, and it does not depict any specific business operations. therefore, it is not possible to determine an entailment or contradiction relationship between the image and the sentence. the sentence is a statement about business operations, while the image is a visual representation that does not convey any information about the operations described in the sentence."
1481,/data/ajaunarena/our_dataset/images/1072_0.jpg,Their business practices were deceptive and morally questionable.,contradiction,"the image provided appears to be an abstract or artistic representation of a crowd of people, and it does not directly depict any specific business practices. therefore, it is not possible to determine the relationship between the image and the sentence based on the visual content alone. the sentence is a statement about business practices, which is not visually represented in the image."
1482,/data/ajaunarena/our_dataset/images/1095_0.jpg,The students devoured every new concept.,entailment,"the image and the sentence do not have a direct relationship, so it is neither entailment nor contradiction. they are independent of each other, and the sentence does not provide information about the content of the image."
1483,/data/ajaunarena/our_dataset/images/1095_0.jpg,The students eagerly learned and absorbed every new concept.,entailment,"the image and the sentence do not have a direct relationship, so it is neither entailment nor contradiction. they are independent of each other, and the sentence does not provide information about the content of the image."
1484,/data/ajaunarena/our_dataset/images/1095_0.jpg,The students rejected and ignored every new concept.,contradiction,"the image and the sentence have a contradictory relationship. the image shows a multitude of stars, which could be interpreted as a representation of new concepts or ideas, yet the sentence states that the students rejected and ignored every new concept. this creates a contradiction between the visual content and the statement, as the image suggests the presence of new concepts, while the sentence implies that the students did not engage with or accept them."
1485,/data/ajaunarena/our_dataset/images/1631_0.jpg,His anger made a U-turn into calm understanding.,entailment,"the image and the sentence do not have a direct relationship, so it is not possible to determine if the sentence entails or contradicts the image. the image is an abstract pattern of colors, and the sentence describes a psychological state. without a clear connection between the two, it is not possible to make an inference relationship determination."
1486,/data/ajaunarena/our_dataset/images/1631_0.jpg,His emotional state completely reversed from anger to tranquility.,entailment,"the image provided does not have a direct relationship with the sentence. it is an abstract image with no clear depiction of an emotional state or a person. therefore, the relationship between the image and the sentence is neither entailment nor contradiction."
1487,/data/ajaunarena/our_dataset/images/1631_0.jpg,His anger continued to intensify without any sign of subsiding.,contradiction,"the image and the sentence do not have a direct relationship, so it is not possible to determine if the sentence entails or contradicts the image. the image is an abstract pattern of colors, and the sentence describes a person's emotional state. without a clear connection between the two, there is no inference relationship."
1488,/data/ajaunarena/our_dataset/images/832_2.jpg,My possessions have become my masters.,entailment,"the image provided appears to be an abstract or surreal artwork, and it is not possible to determine a direct inference relationship between the image and the sentence ""my possessions have become my masters."" this is because the image does not depict any objects that could be interpreted as ""possessions,"" nor does it show any objects that could be interpreted as ""masters."" the sentence is a metaphorical statement about the power of material possessions over a person, which is not visually represented in the image. therefore, the relationship between the image and the sentence is ""contradiction,"" as the image does not depict the concept of the sentence."
1489,/data/ajaunarena/our_dataset/images/832_2.jpg,My obligations control and dictate my actions and choices.,entailment,"the image provided appears to be an abstract or surrealistic artwork, and it is not possible to determine a direct inference relationship between the image and the sentence you provided. the sentence describes a concept of control and dictation, which is not visually represented in the image. therefore, the relationship between the image and the sentence is one of contradiction, as the image does not depict the concept of control and dictation described in the sentence."
1490,/data/ajaunarena/our_dataset/images/832_2.jpg,My obligations serve me and follow my will completely.,contradiction,"the image provided appears to be an abstract or surrealistic artwork, and it is not possible to infer a direct relationship between the image and the sentence you provided. the sentence is a philosophical statement about the nature of obligations and will, which is not visually represented in the image. therefore, the relationship between the image and the sentence is one of contradiction, as the image does not provide any visual information that would support or contradict the philosophical statement."
1491,/data/ajaunarena/our_dataset/images/957_0.jpg,They shared the same emotional address.,entailment,"the image and the sentence do not have an inference relationship. they are not related in a way that one can be inferred from the other. the sentence is a description of a relationship between the image and an emotional address, but it does not describe an inference relationship. therefore, the answer is ""contradiction."""
1492,/data/ajaunarena/our_dataset/images/957_0.jpg,They developed a deeply connected emotional life together.,entailment,"the image and the sentence do not have a direct inference relationship. the image appears to be an abstract pattern with no clear connection to the sentence. the sentence describes a human emotional state, while the image is a visual representation that does not inherently convey emotions or connections. therefore, the relationship between the image and the sentence is one of contradiction, as the image does not entail the sentence and the sentence does not contradict the image."
1493,/data/ajaunarena/our_dataset/images/957_0.jpg,Their emotional lives existed in completely separate worlds.,contradiction,"the image and the sentence have a relationship of contradiction. the image depicts a cityscape with buildings and lights, which suggests a sense of connection and interconnectedness. the sentence, however, states that their emotional lives existed in completely separate worlds, which implies a lack of connection or interconnectedness between the individuals in question. this creates a contradiction between the visual content of the image and the statement in the sentence."
1494,/data/ajaunarena/our_dataset/images/1145_2.jpg,His heart needed a hardware upgrade.,entailment,"the image and the sentence do not have a direct relationship, so it is neither entailment nor contradiction. they are unrelated."
1495,/data/ajaunarena/our_dataset/images/1145_2.jpg,He needed to develop greater emotional capacity and sensitivity.,entailment,"the image and the sentence do not have a direct relationship, so it is not possible to determine if the image entails or contradicts the sentence. the image appears to be an abstract pattern with no clear connection to the sentence provided."
1496,/data/ajaunarena/our_dataset/images/1145_2.jpg,His emotional intelligence was already at its maximum potential.,contradiction,"the image provided is an abstract pattern with no clear depiction of emotional intelligence or any other concept. therefore, it is not possible to determine an inference relationship between the image and the sentence. the sentence is a statement about a person's emotional intelligence, which is not visually represented in the image."
1497,/data/ajaunarena/our_dataset/images/555_0.jpg,The parent theory has spawned many offspring in different fields.,entailment,"the image and the sentence do not have a direct relationship, so it is not possible to determine if the sentence entails or contradicts the image. the sentence is a general statement about the spawning of many offspring in different fields, while the image is a visual representation of a pattern or design. without more context or a specific connection between the two, it is not possible to make an inference relationship determination."
1498,/data/ajaunarena/our_dataset/images/555_0.jpg,The original theory has led to many derivative theories across various disciplines.,entailment,"the image and the sentence do not have a direct relationship, so it is not possible to determine if the sentence entails or contradicts the image. the sentence is a statement about a process or phenomenon, while the image is a visual representation of a pattern or design. they do not logically relate to each other."
1499,/data/ajaunarena/our_dataset/images/555_0.jpg,The original theory remained isolated and never influenced other fields.,contradiction,"the image provided does not have a direct relationship with the sentence. it is an abstract image with no clear connection to the sentence. therefore, the relationship between the image and the sentence is neither entailment nor contradiction."
1500,/data/ajaunarena/our_dataset/images/1751_1.jpg,Her appetite for knowledge was insatiable.,entailment,"the image provided does not have a direct relationship with the sentence. it is an abstract image with no clear connection to the sentence. therefore, the relationship between the image and the sentence is neither entailment nor contradiction."
1501,/data/ajaunarena/our_dataset/images/1751_1.jpg,She had an endless desire to learn and acquire new information.,entailment,"the image provided appears to be an abstract or artistic representation, and it is not possible to determine a direct inference relationship between the image and the sentence. the sentence describes a person's desire to learn and acquire new information, while the image is a visual representation that does not inherently convey that concept. therefore, the relationship between the image and the sentence is neither entailment nor contradiction."
1502,/data/ajaunarena/our_dataset/images/1751_1.jpg,She was completely satisfied with her current knowledge and had no interest in learning more.,contradiction,"the image provided is an abstract pattern with no discernible content that could be related to the sentence. therefore, there is no inference relationship between the image and the sentence. the sentence is a statement about a person's attitude or behavior, while the image is purely visual and does not convey any information that could be inferred from the sentence."
1503,/data/ajaunarena/our_dataset/images/1412_0.jpg,The medicine of compromise healed the rift between them.,entailment,"the image and the sentence do not have a direct relationship, so it is not possible to determine if the sentence entails or contradicts the image. the image appears to be a colorful, abstract pattern, while the sentence describes a conceptual scenario involving medicine and healing a rift. without a clear connection between the two, it is not possible to make an inference relationship determination."
1504,/data/ajaunarena/our_dataset/images/1412_0.jpg,Making compromises helped resolve their conflict and restore their relationship.,entailment,"the image and the sentence do not have a direct inference relationship. the image shows a colorful pattern of stars, and the sentence describes a situation where making compromises helped resolve a conflict and restore a relationship. the two are not directly related, and there is no entailment or contradiction between them."
1505,/data/ajaunarena/our_dataset/images/1412_0.jpg,Their stubborn refusal to compromise widened the gap between them.,contradiction,"the image and the sentence do not have a direct inference relationship. the image shows a colorful pattern of stars, and the sentence describes a situation where two parties refuse to compromise. the two are unrelated, and there is no entailment or contradiction between them."
1506,/data/ajaunarena/our_dataset/images/1060_2.jpg,She handed him the responsibility of leadership.,entailment,"the image provided does not have a direct relationship with the sentence. it is an abstract image with no clear connection to the sentence. therefore, the relationship between the image and the sentence is neither entailment nor contradiction."
1507,/data/ajaunarena/our_dataset/images/1060_2.jpg,She delegated leadership authority to him.,entailment,"the image provided is an abstract pattern of shapes and colors, and it does not contain any text or depict any actions. therefore, it is not possible to determine an inference relationship between the image and the sentence you provided. the sentence is a statement about a specific action, while the image is a visual representation that does not convey any information about actions or relationships."
1508,/data/ajaunarena/our_dataset/images/1060_2.jpg,She kept all leadership responsibilities to herself.,contradiction,"the image provided appears to be an abstract or artistic representation, and it does not have a direct relationship with the sentence. therefore, the relationship between the image and the sentence is neither entailment nor contradiction. they are unrelated."
1509,/data/ajaunarena/our_dataset/images/1851_0.jpg,Her presence faded like a dimming light.,entailment,"the image provided is a blurry, abstract representation of colors and shapes, and it does not depict a person or any specific subject matter. therefore, it is not possible to determine an inference relationship between the image and the sentence provided. the sentence describes a person's presence fading, which is a conceptual idea, but the image does not visually represent this concept."
1510,/data/ajaunarena/our_dataset/images/1851_0.jpg,Her existence gradually became less significant or noticeable.,entailment,"the image provided appears to be an abstract or abstracted image with no clear depiction of a person or any other identifiable subject. the sentence ""her existence gradually became less significant or noticeable"" is a statement about a person's status or importance.

given the nature of the image and the sentence, it is not possible to determine an inference relationship between the two. the image does not provide any information that would allow for the inference of the sentence, and the sentence does not describe the image. therefore, the relationship between the image and the sentence is neither entailment nor contradiction."
1511,/data/ajaunarena/our_dataset/images/1851_0.jpg,Her existence grew stronger despite being less noticeable.,contradiction,"the image provided appears to be an abstract or abstracted image with various colors and shapes, which does not directly relate to the sentence provided. the sentence describes a conceptual relationship between an entity's existence and its visibility or noticeability.

given the nature of the image and the sentence, it is not possible to determine an entailment or contradiction relationship between them. the image does not provide information that would allow for a logical inference to be made about the sentence, nor does the sentence provide information that would allow for a logical inference to be made about the image.

therefore, the relationship between the image and the sentence is neither entailment nor contradiction."
1512,/data/ajaunarena/our_dataset/images/1142_3.jpg,Their relationship was stuck in an infinite loop.,entailment,"the image and the sentence do not have a direct inference relationship. they are not related in a way that one entails the other or contradicts the other. the sentence is a description of a situation, while the image is a visual representation that does not necessarily correspond to the sentence. the relationship between the two is more of a conceptual or abstract connection, rather than a direct inference relationship."
1513,/data/ajaunarena/our_dataset/images/1142_3.jpg,They kept repeating the same patterns and conflicts in their relationship without progress.,entailment,"the image and the sentence do not have a direct relationship, so it is not possible to determine if the sentence entails or contradicts the image. the sentence appears to be a description of a situation or a relationship, while the image is an abstract visual representation that does not inherently relate to the sentence."
1514,/data/ajaunarena/our_dataset/images/1142_3.jpg,Their relationship was constantly evolving and moving forward in new directions.,contradiction,"the relationship between the image and the sentence is one of entailment. the image depicts a pattern of shapes and colors that could be interpreted as a representation of something constantly evolving and moving forward in new directions. the sentence describes a similar concept, which is entailed by the image."
1515,/data/ajaunarena/our_dataset/images/161_2.jpg,His gaze grasped every detail of the painting.,entailment,"the image and the sentence have an entailment relationship. the sentence ""his gaze grasped every detail of the painting"" implies that the person was able to observe and appreciate every aspect of the painting, which is consistent with the image showing a close-up of a painting with intricate details."
1516,/data/ajaunarena/our_dataset/images/161_2.jpg,He observed and comprehended every aspect of the painting.,entailment,"the image and the sentence have an entailment relationship. the sentence ""he observed and comprehended every aspect of the painting"" can be inferred from the image, which shows a close-up of a painting with various colors and shapes, suggesting that the viewer can observe and comprehend the details of the artwork."
1517,/data/ajaunarena/our_dataset/images/161_2.jpg,He missed all the details and failed to understand the painting.,contradiction,"the relationship between the image and the sentence is one of contradiction. the image depicts a painting with intricate details, while the sentence suggests that the person viewing the painting missed all the details and failed to understand it. this is a contradiction because the image itself shows the details that the person is supposed to have missed."
1518,/data/ajaunarena/our_dataset/images/1613_0.jpg,Their minds were immune to rational arguments after exposure to propaganda.,entailment,"the image provided appears to be a visual representation of a word jumble, with various words and letters mixed up and overlapping. the sentence ""their minds were immune to rational arguments after exposure to propaganda"" is a statement about a hypothetical situation or a general observation about human behavior.

given the nature of the image, which is an abstract visual representation, and the sentence, which is a statement about human behavior, it is not possible to determine an entailment or contradiction relationship between the two. they are not directly related to each other, and the image does not provide information that would allow for a logical inference to the sentence."
1519,/data/ajaunarena/our_dataset/images/1613_0.jpg,People became resistant to logical reasoning after being influenced by misleading information.,entailment,"the image and the sentence do not have a direct relationship, so it is not possible to determine if the image entails or contradicts the sentence. the image appears to be a colorful, abstract pattern, while the sentence is a statement about human behavior. without additional context, it is not possible to infer a relationship between the two."
1520,/data/ajaunarena/our_dataset/images/1613_0.jpg,People became more receptive to reason and evidence after encountering propaganda.,contradiction,"the image and the sentence do not have a direct relationship, so it is not possible to determine if the image entails or contradicts the sentence. the image appears to be a colorful, abstract pattern, while the sentence is a statement about human behavior. without additional context, it is not possible to infer a relationship between the two."
1521,/data/ajaunarena/our_dataset/images/1868_1.jpg,They skipped toward their transformation.,entailment,"the image provided appears to be an abstract or artistic representation of a scene, possibly with a focus on light, color, and reflections. the sentence ""they skipped toward their transformation"" is a description of an action or movement.

given the nature of the image and the sentence, it is not possible to determine an entailment or contradiction relationship between them. the image does not provide enough context or information to infer a relationship with the sentence. the sentence is a separate statement that does not necessarily relate to the content of the image."
1522,/data/ajaunarena/our_dataset/images/1868_1.jpg,They enthusiastically embraced and pursued personal change.,entailment,"the image provided does not have a direct relationship with the sentence. it is not possible to determine an inference relationship between the two based on the visual content of the image alone. the sentence describes a human behavior or attitude, while the image appears to be an abstract or artistic representation of light and color, which does not convey any specific meaning or relationship to the sentence."
1523,/data/ajaunarena/our_dataset/images/1868_1.jpg,They fearfully resisted any form of personal transformation.,contradiction,"the image provided does not have a direct relationship with the sentence. it is not possible to determine an inference relationship between the two based on the visual content of the image and the text of the sentence. the sentence appears to be a statement about human behavior, while the image is an abstract representation of colors and shapes."
1524,/data/ajaunarena/our_dataset/images/1113_0.jpg,The management climbed to absolute control.,entailment,"the image provided appears to be an abstract or artistic representation, and it is not possible to determine a direct inference relationship between the image and the sentence. the sentence describes a situation or event, while the image is a visual representation that may or may not be related to the sentence. therefore, the relationship between the image and the sentence is neither entailment nor contradiction."
1525,/data/ajaunarena/our_dataset/images/1113_0.jpg,The management gradually gained complete authority over operations.,entailment,"the image and the sentence do not have a direct relationship, so it is not possible to determine if the image entails or contradicts the sentence. the image appears to be an abstract or artistic representation, and the sentence is a statement about a specific situation or context. without additional information or a clear connection between the two, it is not possible to make a definitive inference relationship."
1526,/data/ajaunarena/our_dataset/images/1113_0.jpg,The management lost all influence and became subordinate.,contradiction,"the image and the sentence do not have a direct relationship, so it is not possible to determine if the sentence entails or contradicts the image. the image appears to be an abstract or artistic representation, and the sentence is a statement about a management situation. without more context or a clearer connection between the two, it is not possible to make an inference relationship determination."
1527,/data/ajaunarena/our_dataset/images/902_0.jpg,His temper simmered just below the surface.,entailment,"the image provided is an abstract, blurred image that does not depict a specific scene or object. it is not possible to determine an inference relationship between the image and the sentence ""his temper simmered just below the surface"" because the image does not provide any information that can be inferred to relate to the sentence. the relationship between the image and the sentence is contradiction, as the image does not depict anything that can be inferred to relate to the sentence."
1528,/data/ajaunarena/our_dataset/images/902_0.jpg,He maintained a controlled but persistent state of anger.,entailment,"the image provided is an abstract, blurred image that does not depict a specific scene or object. it is not possible to determine an inference relationship between the image and the sentence you provided because the image does not provide any information that can be logically inferred from the sentence. the sentence describes a person's emotional state, while the image is purely visual and does not convey any information about emotions or states of being. therefore, the relationship between the image and the sentence is neither entailment nor contradiction, as they are not related in a logical sense."
1529,/data/ajaunarena/our_dataset/images/902_0.jpg,His emotions were completely settled and showed no signs of agitation.,contradiction,"the image provided is an abstract, blurred image that does not depict any specific emotions or facial expressions. it is not possible to determine the emotions of a person from this image. therefore, the relationship between the image and the sentence is ""contradiction,"" as the sentence describes emotions that cannot be inferred from the image."
1530,/data/ajaunarena/our_dataset/images/810_0.jpg,Life is a canvas painting existence's story.,entailment,"the image and the sentence have an entailment relationship. the image depicts a colorful, abstract pattern that could be interpreted as a canvas painting, and the sentence describes life as a canvas painting existence's story. the sentence is a metaphorical description that can be inferred from the image, as it captures the essence of the image's visual elements and their arrangement."
1531,/data/ajaunarena/our_dataset/images/810_0.jpg,"Each moment of existence is shaped by our experiences and actions, creating a unique personal narrative.",entailment,"the image and the sentence have an entailment relationship. the image depicts a colorful, abstract pattern that could be interpreted as a visual representation of a personal narrative, with each element potentially representing a different experience or action. the sentence, on the other hand, describes the concept of a personal narrative being shaped by experiences and actions, which is a concept that could be visually represented in the abstract pattern of the image. therefore, the sentence entails the image, as it describes a concept that is visually depicted in the image."
1532,/data/ajaunarena/our_dataset/images/810_0.jpg,"Existence is predetermined and unchangeable, with no room for personal influence or creativity.",contradiction,"the image you provided appears to be an abstract or surreal artwork with various shapes and colors that do not depict any specific, identifiable objects or scenes. the sentence you provided is a philosophical statement about the nature of existence and personal influence.

given the abstract nature of the image and the philosophical nature of the sentence, it is not possible to determine an inference relationship between the two. the image does not depict anything that would logically entail or contradict the sentence. the relationship between the two is more conceptual or metaphorical rather than literal or logical."
1533,/data/ajaunarena/our_dataset/images/15_0.jpg,Their savings pooled together created a reservoir of opportunity.,entailment,"the image and the sentence have an entailment relationship. the image shows a collection of coins, which can be inferred to represent a savings pool. the sentence ""their savings pooled together created a reservoir of opportunity"" can be derived from the image, as it describes the outcome of the coins being pooled together."
1534,/data/ajaunarena/our_dataset/images/15_0.jpg,Their combined savings provided substantial financial resources for future investments.,entailment,"the image provided does not contain any text or information that would allow for a direct inference relationship with the sentence. therefore, it is neither entailing nor contradicting the sentence."
1535,/data/ajaunarena/our_dataset/images/15_0.jpg,Their separate savings were insufficient to create any meaningful opportunities.,contradiction,"the image and the sentence have a relationship of contradiction. the image shows a close-up of various objects, including coins, which are typically associated with wealth or financial resources. the sentence, however, states that their separate savings were insufficient to create any meaningful opportunities, which implies that despite the presence of money, the individuals in question were unable to make use of it effectively. this contradicts the idea that the objects in the image, particularly the coins, are sufficient to create opportunities."
1536,/data/ajaunarena/our_dataset/images/1276_2.jpg,Each team member carries their own backpack of responsibilities.,entailment,"the image and the sentence have an entailment relationship. the image shows a group of people, and the sentence describes a scenario where each team member carries their own backpack of responsibilities. the sentence is a logical consequence of the image, as it describes a situation that could be inferred from the visual content of the image."
1537,/data/ajaunarena/our_dataset/images/1276_2.jpg,Everyone involved has specific duties and commitments in this long-term project.,entailment,"the image depicts a group of people, but there is no text or context provided in the image that would allow for a definitive inference relationship between the image and the sentence. the sentence describes a situation, but the image does not provide enough information to determine if it entails or contradicts the sentence."
1538,/data/ajaunarena/our_dataset/images/1276_2.jpg,No one has individual responsibilities; everything is completely shared.,contradiction,"the image depicts a group of people, and the sentence describes a situation where no one has individual responsibilities, and everything is completely shared. based on the content of the image, it is not possible to determine whether the sentence entails or contradicts the image. the image does not provide enough information to infer the specifics of the situation described in the sentence. therefore, the relationship between the image and the sentence is neither entailment nor contradiction."
1539,/data/ajaunarena/our_dataset/images/1934_2.jpg,He's my prized masterpiece in life's gallery.,entailment,"the image and the sentence do not have a direct inference relationship. they are not related in a way that one entails the other or contradicts it. the sentence is a description of the image, but it does not provide any additional information that would allow for a logical inference or contradiction."
1540,/data/ajaunarena/our_dataset/images/1934_2.jpg,He is the most significant achievement in my personal life.,entailment,"the image provided is an abstract digital art piece with a colorful, pixelated appearance. it does not contain any text or depict any specific objects or scenes that would allow for a direct inference relationship with the sentence provided. therefore, it is neither entailing nor contradicting the sentence. the sentence is a statement about a personal experience or achievement, while the image is a visual representation that does not convey any information about the speaker's personal life or experiences."
1541,/data/ajaunarena/our_dataset/images/1934_2.jpg,He is an insignificant part of my life's accomplishments.,contradiction,"the image provided is an abstract digital art piece with a colorful, pixelated appearance. it does not have a direct relationship with the sentence you provided, which is a statement about a person's feelings or perspective. therefore, the relationship between the image and the sentence is neither entailment nor contradiction, as they are unrelated."
1542,/data/ajaunarena/our_dataset/images/365_0.jpg,She circles potential mates like a shark sensing blood.,entailment,"the relationship between the image and the sentence is ""contradiction."" the image depicts a group of people, but there is no indication of a shark or any other animal sensing blood. the sentence describes a behavior that is not depicted in the image."
1543,/data/ajaunarena/our_dataset/images/365_0.jpg,She persistently pursues potential partners with predatory focus.,entailment,"the image provided does not have a direct relationship with the sentence. it is not possible to determine if the sentence entails or contradicts the image, as the image does not depict any specific content that could be related to the sentence. the image appears to be a blurred, abstract pattern, which does not provide any information that could be used to infer a relationship with the sentence."
1544,/data/ajaunarena/our_dataset/images/365_0.jpg,She approaches relationships with patience and careful consideration.,contradiction,"the image and the sentence do not have a direct relationship, so it is not possible to determine if the sentence entails or contradicts the image. the image appears to be an abstract pattern with no clear connection to the sentence provided."
1545,/data/ajaunarena/our_dataset/images/29_0.jpg,Medical specialists are the commanding officers in the war room.,entailment,"the image provided is a mosaic of various shapes and colors, and it does not depict a scene that would be associated with medical specialists being commanding officers in a war room. therefore, the relationship between the image and the sentence is ""contradiction."""
1546,/data/ajaunarena/our_dataset/images/29_0.jpg,Medical specialists are expert healthcare providers who direct and coordinate treatment plans.,entailment,"the image provided is a visual representation of a mosaic or a pattern of shapes and colors, which does not have a direct relationship with the sentence. the sentence describes a professional role, while the image is an abstract representation of shapes and colors. therefore, the relationship between the image and the sentence is neither entailment nor contradiction, as they are not related in any way."
1547,/data/ajaunarena/our_dataset/images/29_0.jpg,Medical specialists are uninformed observers who play no role in treatment decisions.,contradiction,"the image provided does not contain any information that can be directly inferred to be related to the sentence. therefore, the relationship between the image and the sentence is ""contradiction,"" as the image does not entail the sentence and the sentence does not contradict the image."
1548,/data/ajaunarena/our_dataset/images/1286_1.jpg,Fresh ideas are bright lanterns in the dark.,entailment,"the image of bright lights and the sentence ""fresh ideas are bright lanterns in the dark"" have an entailment relationship. the image of bright lights can be seen as a visual metaphor for the concept of fresh ideas, which are often associated with brightness and illumination in a metaphorical sense. the sentence ""fresh ideas are bright lanterns in the dark"" is a figurative statement that uses the imagery of bright lights to convey the idea that fresh ideas can provide illumination and guidance in difficult or challenging situations."
1549,/data/ajaunarena/our_dataset/images/1286_1.jpg,New ideas provide clarity and guidance in confusing or difficult situations.,entailment,"the image you've provided appears to be an abstract or artistic representation, possibly of a night sky or a similar scene, with a lot of bright spots that could be interpreted as stars or lights. the sentence you've provided, ""new ideas provide clarity and guidance in confusing or difficult situations,"" is a general statement about the benefits of new ideas in various contexts.

the relationship between the image and the sentence is not one of entailment or contradiction. instead, it is more of a metaphorical or symbolic relationship. the bright spots in the image could be seen as representing new ideas, and the overall composition of the image might evoke a sense of clarity and guidance, which aligns with the sentiment expressed in the sentence. however, the image itself does not literally depict new ideas, so there is no entailment or contradiction in the strict sense."
1550,/data/ajaunarena/our_dataset/images/1286_1.jpg,New ideas only create more uncertainty and confusion.,contradiction,"the image you've provided appears to be an abstract or artistic representation, possibly of a night sky or a similar scene with lights. the sentence you've provided seems to be a philosophical or motivational statement, suggesting that new ideas can lead to uncertainty and confusion.

the relationship between the image and the sentence is not one of entailment or contradiction. instead, it seems to be a metaphorical or symbolic relationship. the lights in the image could be interpreted as new ideas or sources of light, and the abstract nature of the image might suggest the uncertainty and confusion that can arise from the introduction of new ideas. the sentence reinforces this interpretation by stating that new ideas can indeed create uncertainty and confusion.

therefore, the relationship between the image and the sentence is more akin to a metaphorical or symbolic relationship, where the image is used to visually represent the concept of new ideas and the sentence provides a verbal explanation or elaboration on the image's symbolic meaning."
1551,/data/ajaunarena/our_dataset/images/1551_1.jpg,She sealed her obligations in airtight containers.,entailment,"the image and the sentence do not have a direct relationship, so it is neither entailment nor contradiction. they are unrelated."
1552,/data/ajaunarena/our_dataset/images/1551_1.jpg,She ensured her commitments were secure and wouldn't be forgotten or neglected.,entailment,"the image provided is an abstract pattern of colors and shapes, and it does not have a direct relationship with the sentence you provided. therefore, the inference relationship between the image and the sentence is ""contradiction,"" as the image does not convey any information that can be inferred from the sentence."
1553,/data/ajaunarena/our_dataset/images/1551_1.jpg,She left her commitments open-ended and undefined.,contradiction,"the image provided does not have a direct relationship with the sentence. it is an abstract image with no clear connection to the sentence. therefore, the relationship between the image and the sentence is neither entailment nor contradiction."
1554,/data/ajaunarena/our_dataset/images/160_1.jpg,Her eyes reached out and caressed the landscape.,entailment,"the image and the sentence have a relationship of contradiction. the image depicts a close-up of a colorful, blurred scene that does not provide any information about a landscape or eyes reaching out to it. the sentence, on the other hand, describes a specific action and setting that are not present in the image."
1555,/data/ajaunarena/our_dataset/images/160_1.jpg,She carefully observed and took in the details of the landscape.,entailment,"the image and the sentence have an entailment relationship. the image depicts a landscape with various elements such as trees, leaves, and possibly other natural features. the sentence ""she carefully observed and took in the details of the landscape"" entails that the person in the image is engaged in the activity of observing and taking in the details of the landscape. the image does not contradict the sentence, as it visually represents the landscape that the person is observing."
1556,/data/ajaunarena/our_dataset/images/160_1.jpg,She completely ignored and failed to notice the landscape.,contradiction,"the image and the sentence have a contradictory relationship. the image shows a landscape with trees and foliage, which suggests that someone might notice and appreciate the scenery. however, the sentence states that she completely ignored and failed to notice the landscape, which contradicts the visual information presented in the image."
1557,/data/ajaunarena/our_dataset/images/1061_3.jpg,The manager passed the decision-making power to his team.,entailment,"the image provided does not have a direct relationship with the sentence. it appears to be a random assortment of shapes and colors, and there is no discernible connection to the sentence about the manager passing decision-making power to his team. therefore, the relationship between the image and the sentence is ""contradiction,"" as the image does not entail or contradict the sentence."
1558,/data/ajaunarena/our_dataset/images/1061_3.jpg,The manager empowered his team to make decisions independently.,entailment,"the image provided does not have a direct relationship with the sentence. it appears to be a random assortment of shapes and colors, and there is no discernible connection to the sentence about the manager empowering his team. therefore, the relationship between the image and the sentence is ""contradiction,"" as the image does not provide any information that can be inferred from the sentence."
1559,/data/ajaunarena/our_dataset/images/1061_3.jpg,The manager retained sole decision-making authority without sharing it.,contradiction,"the image provided does not have a direct relationship with the sentence. it appears to be a random assortment of shapes and colors, and there is no clear connection to the sentence about the manager's decision-making authority. therefore, the relationship between the image and the sentence is neither entailment nor contradiction."
1560,/data/ajaunarena/our_dataset/images/199_3.jpg,His movements were precious commodities under lock and key.,entailment,"the image provided does not have a direct relationship with the sentence. it is an abstract image with no clear depiction of a person or their movements. therefore, the relationship between the image and the sentence is neither entailment nor contradiction."
1561,/data/ajaunarena/our_dataset/images/199_3.jpg,He exercised careful control over his physical actions and behavior.,entailment,"the image provided is an abstract and colorful pattern, which does not depict any specific actions or behavior. therefore, it is neither entailed nor contradictory to the sentence provided. the sentence describes a person's actions, while the image is a visual representation that does not convey any information about a person's behavior."
1562,/data/ajaunarena/our_dataset/images/199_3.jpg,"His movements were careless and uncontrolled, without any restraint.",contradiction,"the image and the sentence do not have a direct relationship, so it is not possible to determine if the sentence entails or contradicts the image. the image appears to be an abstract or artistic representation, and the sentence describes a specific behavior or action. without more context or a clear connection between the two, it is not possible to make a definitive inference relationship."
1563,/data/ajaunarena/our_dataset/images/291_1.jpg,Each option is a product on the shelf of possibilities.,entailment,"the image provided appears to be a colorful, abstract pattern with no clear, recognizable objects or text. it does not contain any words or phrases that can be directly related to the sentence ""say which is the inference relationship between the image and the sentence.""

therefore, the relationship between the image and the sentence is neither entailment nor contradiction, as there is no logical relationship between the two. the image is purely abstract and does not convey any specific meaning or information that could be inferred from the sentence."
1564,/data/ajaunarena/our_dataset/images/291_1.jpg,Different alternatives are available for consideration and comparison before making a choice.,entailment,"the image provided appears to be a colorful, abstract pattern with no clear, recognizable shapes or objects. it does not depict any specific scene or subject matter that could be directly related to the sentence. therefore, the relationship between the image and the sentence is ""contradiction,"" as the image does not entail the sentence and the sentence does not contradict the image."
1565,/data/ajaunarena/our_dataset/images/291_1.jpg,"Options are hidden and inaccessible, making comparison impossible.",contradiction,"the image provided appears to be a colorful, abstract pattern with no clear connection to the sentence. therefore, it is not possible to determine an inference relationship between the image and the sentence, as there is no logical relationship between them. the options of ""entailment"" or ""contradiction"" are not applicable in this case."
1566,/data/ajaunarena/our_dataset/images/1861_3.jpg,He sprinted toward personal growth.,entailment,"the image provided does not have a direct relationship with the sentence. it is a visual representation of a garden or a plant-filled area, which does not entail or contradict the sentence about personal growth. the sentence is a statement about a person's actions, while the image is a depiction of nature. therefore, the relationship between the image and the sentence is neither entailment nor contradiction."
1567,/data/ajaunarena/our_dataset/images/1861_3.jpg,He eagerly and actively pursued self-improvement opportunities.,entailment,"the image provided does not have a direct relationship with the sentence. it is a visual representation of a garden or a plant-filled area, which does not entail or contradict the sentence about a person pursuing self-improvement opportunities. the image and the sentence are unrelated."
1568,/data/ajaunarena/our_dataset/images/1861_3.jpg,He remained stagnant and resistant to any personal development.,contradiction,"the image and the sentence do not have a direct inference relationship. the image depicts a colorful, abstract pattern, while the sentence is a statement about a person's behavior. there is no logical connection between the two, so the relationship is neither entailment nor contradiction."
1569,/data/ajaunarena/our_dataset/images/348_3.jpg,"Like a software update, the replacement fixed old bugs.",entailment,"the image and the sentence do not have a direct relationship, so it is not possible to determine if the image entails or contradicts the sentence. the image appears to be an abstract or artistic representation, while the sentence is a statement about a software update. without additional context, it is not possible to infer a relationship between the two."
1570,/data/ajaunarena/our_dataset/images/348_3.jpg,The change corrected previous problems and improved functionality.,entailment,"the image provided appears to be an abstract or artistic representation, possibly of a digital or pixelated nature. it does not depict a specific scene or object that can be directly related to the sentence provided. therefore, it is not possible to determine an inference relationship between the image and the sentence. the sentence describes a situation where a change has improved functionality, which is not visually represented in the image."
1571,/data/ajaunarena/our_dataset/images/348_3.jpg,The change introduced new errors and made the system less effective.,contradiction,"the image provided appears to be a digital art piece or a glitch art piece, featuring a colorful, abstract pattern with a blue background. the sentence provided is a statement about the impact of an error on a system's effectiveness.

the relationship between the image and the sentence is one of ""contradiction."" the image does not depict a system or technology, nor does it show any errors or glitches that would make a system less effective. the sentence describes a situation that is not visually represented in the image."
1572,/data/ajaunarena/our_dataset/images/68_3.jpg,The project timeline is sliding on ice.,entailment,"the image depicts a chaotic and disorganized scene with various shapes and colors, which could be interpreted as a metaphor for a project timeline sliding on ice. in this context, the image and the sentence have an entailment relationship, as the image visually represents the concept of a project timeline being unstable and potentially slipping or sliding, which is the meaning conveyed by the sentence."
1573,/data/ajaunarena/our_dataset/images/68_3.jpg,The schedule is unstable and difficult to control.,entailment,"the image and the sentence have a contradiction relationship. the image shows a multitude of colorful shapes and patterns that appear to be in motion, creating a sense of chaos and unpredictability. this visual representation is in direct contrast to the sentence, which suggests that the schedule is unstable and difficult to control. the image implies a sense of disorder and randomness, while the sentence implies a sense of difficulty in managing or predicting a schedule."
1574,/data/ajaunarena/our_dataset/images/68_3.jpg,The project timeline has perfect traction and stability.,contradiction,"the image you provided appears to be an abstract representation of a timeline with various elements that could be interpreted as different stages or events in a project. however, the sentence you provided is a statement about the project timeline, which is not directly related to the image.

therefore, the relationship between the image and the sentence is neither entailment nor contradiction. they are two separate pieces of information that do not logically entail or contradict each other."
1575,/data/ajaunarena/our_dataset/images/103_1.jpg,The lighthouse beam drew lines of hope across the sea.,entailment,"the image and the sentence have a relationship of entailment. the image shows a body of water with light reflections, which could be interpreted as lines of hope. the sentence describes a lighthouse beam drawing lines of hope across the sea, which is a plausible interpretation of the image. the sentence does not contradict the image; it provides a description that could be inferred from the visual content of the image."
1576,/data/ajaunarena/our_dataset/images/103_1.jpg,The lighthouse's light created straight paths of illumination over the water.,entailment,"the image and the sentence have a relationship of contradiction. the image shows a body of water with light reflections, but there is no clear indication of a lighthouse or its light creating straight paths of illumination over the water. the sentence is describing a specific scenario that is not depicted in the image."
1577,/data/ajaunarena/our_dataset/images/103_1.jpg,"The lighthouse beam dispersed randomly, providing no guidance.",contradiction,"the image and the sentence have a contradiction relationship. the image shows a lighthouse beam that is not dispersed randomly, but rather is focused and providing guidance. the sentence, on the other hand, states that the lighthouse beam is dispersed randomly, which is not the case in the image."
1578,/data/ajaunarena/our_dataset/images/515_0.jpg,The economy is climbing out of recession.,entailment,"the image provided does not contain any information that can be directly inferred to be related to the economy or recession. therefore, the relationship between the image and the sentence is ""contradiction,"" as the image does not provide any evidence or information that supports or contradicts the statement about the economy."
1579,/data/ajaunarena/our_dataset/images/515_0.jpg,The economy is gradually improving after a period of decline.,entailment,"the image and the sentence are not directly related, so there is no entailment or contradiction relationship between them. they are independent of each other."
1580,/data/ajaunarena/our_dataset/images/515_0.jpg,The economy is sinking deeper into recession.,contradiction,"the image provided does not contain any information that can be directly inferred to relate to the sentence ""the economy is sinking deeper into recession."" therefore, the relationship between the image and the sentence is ""contradiction,"" as the image does not provide any evidence or information that supports or contradicts the statement about the economy."
1581,/data/ajaunarena/our_dataset/images/1550_1.jpg,His obligations were stacked like overflowing containers.,entailment,"the image and the sentence do not have a direct relationship, so it is not possible to determine if the sentence entails or contradicts the image. the image appears to be an abstract pattern with no clear connection to the sentence provided."
1582,/data/ajaunarena/our_dataset/images/1550_1.jpg,He had multiple responsibilities that were becoming difficult to manage simultaneously.,entailment,"the image and the sentence do not have a direct inference relationship. the image appears to be an abstract pattern with no clear connection to the sentence. the sentence describes a situation, while the image is a visual representation that does not convey any specific information about the situation described in the sentence. therefore, the relationship between the image and the sentence is neither entailment nor contradiction."
1583,/data/ajaunarena/our_dataset/images/1550_1.jpg,His responsibilities were minimal and easily manageable.,contradiction,"the image and the sentence do not have a direct relationship, so it is neither entailment nor contradiction. they are independent of each other."
1584,/data/ajaunarena/our_dataset/images/1572_2.jpg,The magnetic field of commitment drew him back to his promises.,entailment,"the image and the sentence do not have a direct relationship, so it is neither entailment nor contradiction. they are unrelated."
1585,/data/ajaunarena/our_dataset/images/1572_2.jpg,His sense of obligation compelled him to fulfill his commitments.,entailment,"the image and the sentence do not have a direct relationship, so it is not possible to determine if the sentence entails or contradicts the image. the image appears to be an abstract pattern with no clear connection to the sentence provided."
1586,/data/ajaunarena/our_dataset/images/1572_2.jpg,His commitments had no hold over him and were easily forgotten.,contradiction,"the image and the sentence do not have a direct inference relationship. the image is an abstract pattern of colors and shapes, while the sentence is a statement about a person's behavior. there is no logical connection between the two, so the relationship is neither entailment nor contradiction."
1587,/data/ajaunarena/our_dataset/images/1652_0.jpg,His reasoning reached new heights.,entailment,"the image you provided appears to be an abstract or artistic representation of a sky with clouds, stars, and possibly some other elements. the sentence ""his reasoning reached new heights"" is a statement about a person's thought process or intellectual achievement.

the relationship between the image and the sentence is one of ""contradiction."" the image is a visual representation, while the sentence is a statement about a person's mental or intellectual state. they are not directly related to each other and do not entail each other."
1588,/data/ajaunarena/our_dataset/images/1652_0.jpg,His logical thinking became more advanced and sophisticated.,entailment,"the image and the sentence do not have a direct inference relationship. the image depicts a cloudy sky with various shapes and colors, while the sentence describes a person's cognitive development. the two are not logically related and do not entail or contradict each other."
1589,/data/ajaunarena/our_dataset/images/1652_0.jpg,His thinking remained shallow and instinctive.,contradiction,"the image you've provided appears to be an abstract or artistic representation of clouds, stars, and possibly other celestial or atmospheric elements. it does not directly relate to the sentence you've provided, which is a statement about a person's thought process.

therefore, the relationship between the image and the sentence is one of ""contradiction,"" as the image does not depict anything that can be inferred to be related to the sentence's content."
1590,/data/ajaunarena/our_dataset/images/1345_2.jpg,"Like stepping stones across a river, each mark bridges gaps in the scale.",entailment,"the image and the sentence have a relationship of entailment. the image shows a series of marks that could be interpreted as stepping stones, and the sentence describes the marks as bridging gaps in a scale. the sentence is a more abstract and general description of what is depicted in the image."
1591,/data/ajaunarena/our_dataset/images/1345_2.jpg,The scale's markings provide continuous reference points for measurement.,entailment,"the image and the sentence do not have an entailment or contradiction relationship. the sentence is a description of the image, and it does not entail or contradict the image itself. the sentence is a statement about the image, and the image is a visual representation of the content described in the sentence."
1592,/data/ajaunarena/our_dataset/images/1345_2.jpg,Large gaps between scale markings make precise measurement impossible.,contradiction,"the image and the sentence have a relationship of contradiction. the image shows a close-up of a surface with various objects and markings, but there are no large gaps between the scale markings. the sentence, on the other hand, implies that such gaps exist, which is not the case in the image."
1593,/data/ajaunarena/our_dataset/images/1661_3.jpg,She stands at the crossroads of conflicting beliefs.,entailment,"the image provided appears to be an abstract pattern with no clear depiction of a person or a crossroads. it is not possible to determine an inference relationship between the image and the sentence you provided because there is no logical relationship between the two. the sentence describes a conceptual scenario, while the image is a visual representation that does not convey any specific meaning or relationship to the sentence. therefore, the relationship between the image and the sentence is neither entailment nor contradiction, as they are not related in any meaningful way."
1594,/data/ajaunarena/our_dataset/images/1661_3.jpg,She is facing a difficult decision between different belief systems or ideologies.,entailment,"the image provided appears to be an abstract, colorful pattern with no discernible content that would allow for an inference relationship with the sentence. the sentence describes a situation where a person is faced with a difficult decision between different belief systems or ideologies. the image does not entail or contradict the sentence, as it does not provide any information that could be related to the decision-making process or the content of the belief systems or ideologies in question."
1595,/data/ajaunarena/our_dataset/images/1661_3.jpg,She is absolutely certain about her beliefs with no doubt or alternatives to consider.,contradiction,"the image provided is an abstract pattern with no clear depiction of a person or their beliefs. it is not possible to determine the relationship between the image and the sentence based on the visual content alone. the sentence describes a person's state of mind, which cannot be inferred from the image. therefore, the relationship between the image and the sentence is ""contradiction,"" as the image does not provide any information that can be used to infer the sentence's content."
1596,/data/ajaunarena/our_dataset/images/1092_1.jpg,His mind digested the new information slowly.,entailment,"the image and the sentence do not have a direct inference relationship. the image appears to be an abstract or artistic representation, while the sentence is a statement about a person's cognitive process. there is no logical connection between the two that would allow for a determination of entailment or contradiction."
1597,/data/ajaunarena/our_dataset/images/1092_1.jpg,He took time to fully understand and process the new information.,entailment,"the image provided does not contain any text or information that can be directly related to the sentence. therefore, it is not possible to determine an inference relationship between the image and the sentence."
1598,/data/ajaunarena/our_dataset/images/1092_1.jpg,He immediately rejected the new information without consideration.,contradiction,"the image and the sentence do not have a direct inference relationship. the image appears to be an abstract or artistic representation, while the sentence is a statement about a person's behavior. there is no logical connection between the two, so the relationship is neither entailment nor contradiction."
1599,/data/ajaunarena/our_dataset/images/1863_0.jpg,She leaped into a new mindset.,entailment,"the image provided is an abstract, colorful pattern with no discernible content that could be related to the sentence. therefore, the relationship between the image and the sentence is ""contradiction,"" as the image does not entail or contradict the sentence. the sentence describes an action, while the image is purely visual and does not convey any information about actions or mindsets."
1600,/data/ajaunarena/our_dataset/images/1863_0.jpg,She deliberately chose to adopt a different perspective.,entailment,"the image provided is a visual representation of a pattern or texture, which does not inherently relate to the sentence provided. the sentence describes a person's decision-making process, which is not directly related to the image. therefore, the relationship between the image and the sentence is ""contradiction,"" as the image does not entail the sentence and the sentence does not contradict the image."
1601,/data/ajaunarena/our_dataset/images/1863_0.jpg,She stubbornly maintained her old way of thinking.,contradiction,"the image and the sentence do not have a direct relationship, so it is not possible to determine if the image entails or contradicts the sentence. the image appears to be an abstract pattern with no clear connection to the sentence provided."
1602,/data/ajaunarena/our_dataset/images/1461_0.jpg,"This idea is a renewable energy source, generating endless possibilities.",entailment,"the image you've provided appears to be an abstract digital art piece with a colorful, star-like pattern. the sentence you've provided is a description of a concept, specifically renewable energy.

the relationship between the image and the sentence is one of ""entailment."" the image does not directly depict renewable energy, but the concept of endless possibilities and the vibrant, dynamic nature of the image could be seen as metaphorically representing the idea of renewable energy, which is often associated with sustainable, limitless energy sources. the image does not contradict the sentence; rather, it visually represents the concept in a way that might inspire or evoke the idea of renewable energy."
1603,/data/ajaunarena/our_dataset/images/1461_0.jpg,This idea can continuously inspire new thoughts and innovations without being depleted.,entailment,"the image you've provided appears to be an abstract digital art piece with a colorful, pixelated design. the sentence you've provided is a philosophical statement about inspiration and creativity.

the relationship between the image and the sentence is one of ""entailment."" the image does not directly depict the concept of inspiration or creativity, but it can be inferred that the vibrant and dynamic nature of the image might evoke feelings of inspiration or creativity in the viewer. the abstract nature of the image allows for multiple interpretations, which aligns with the idea that inspiration can continuously inspire new thoughts and innovations without being depleted. the image does not contradict the sentence; rather, it visually represents the concept of inspiration in a way that can be inferred from the sentence."
1604,/data/ajaunarena/our_dataset/images/1461_0.jpg,This idea is finite and becomes useless after a single application.,contradiction,"the image you've provided appears to be an abstract digital art piece with a colorful, pixelated effect. the sentence you've provided is a philosophical statement about the nature of knowledge and its limitations.

the relationship between the image and the sentence is not one of entailment or contradiction. entailment would imply that the image somehow logically implies the sentence, which is not the case. contradiction would imply that the image and the sentence are logically opposed to each other, which is also not the case.

the image and the sentence are unrelated in terms of their content and purpose. the image is a piece of art meant to be aesthetically pleasing, while the sentence is a philosophical statement meant to provoke thought about the nature of knowledge and its limitations."
1605,/data/ajaunarena/our_dataset/images/1629_1.jpg,Economics is a weather system of fluctuating patterns and predictions.,entailment,"the image provided appears to be an abstract digital art piece with various shapes and colors, which does not have a direct relationship with the sentence provided. the sentence describes economics as a weather system, which is a metaphorical comparison. the image does not entail or contradict the sentence, as it is not related to the concept of economics or the metaphorical comparison of economics to a weather system."
1606,/data/ajaunarena/our_dataset/images/1629_1.jpg,Economics involves studying changing patterns and making forecasts based on various factors.,entailment,"the image provided appears to be an abstract digital art piece with various shapes and colors. it does not have a direct relationship with the sentence provided, which is about economics. therefore, the relationship between the image and the sentence is ""contradiction,"" as the image does not entail the subject matter of the sentence."
1607,/data/ajaunarena/our_dataset/images/1629_1.jpg,Economics is completely static and predictable with no variation or uncertainty.,contradiction,"the image provided does not have a direct relationship with the sentence. it is an abstract image with various shapes and colors, and there is no clear connection to the sentence about economics being static and predictable. therefore, the relationship between the image and the sentence is neither entailment nor contradiction."
1608,/data/ajaunarena/our_dataset/images/512_2.jpg,Their relationship hit a roadblock.,entailment,"the image and the sentence do not have a clear relationship of entailment or contradiction. the image appears to be an abstract, colorful pattern with no discernible content that would allow for a direct inference relationship with a sentence. the sentence provided does not seem to relate to the image in any way that would allow for a logical relationship of entailment or contradiction."
1609,/data/ajaunarena/our_dataset/images/512_2.jpg,Their relationship encountered a serious problem or obstacle.,entailment,"the image provided is an abstract, colorful pattern with no clear depiction of a problem or obstacle. the sentence ""their relationship encountered a serious problem or obstacle"" is a statement about a relationship, which is not visually represented in the image. therefore, the relationship between the image and the sentence is one of contradiction, as the image does not depict the situation described in the sentence."
1610,/data/ajaunarena/our_dataset/images/512_2.jpg,Their relationship progressed smoothly without any issues.,contradiction,"the image and the sentence do not have a direct relationship, so it is neither entailment nor contradiction. they are independent of each other."
1611,/data/ajaunarena/our_dataset/images/781_2.jpg,"Like a speeding train, the force crashes through all barriers.",entailment,"the image and the sentence do not have a direct relationship, so it is neither entailment nor contradiction. they are unrelated."
1612,/data/ajaunarena/our_dataset/images/781_2.jpg,Force can overcome obstacles and resistance when applied with sufficient strength.,entailment,"the image and the sentence do not have a direct inference relationship. the image is an abstract, colorful pattern with no clear depiction of force or obstacles. the sentence, on the other hand, is a statement about the concept of force and its ability to overcome resistance. the two are not directly related, and there is no entailment or contradiction between them."
1613,/data/ajaunarena/our_dataset/images/781_2.jpg,Force is easily stopped by the smallest obstacle in its path.,contradiction,"the image and the sentence do not have an inference relationship. the image is an abstract, colorful pattern with no clear depiction of force or obstacles. the sentence, on the other hand, is a statement about the behavior of force in a physical context. the two are not related in a way that would allow for an inference relationship, such as entailment or contradiction."
1614,/data/ajaunarena/our_dataset/images/1871_2.jpg,Language is a garden where meaning blooms.,entailment,"the image and the sentence have an entailment relationship. the image depicts a garden with various flowers, and the sentence is a metaphorical description of language as a garden. the sentence entails the image, as it describes the image's content in a figurative way."
1615,/data/ajaunarena/our_dataset/images/1871_2.jpg,Communication develops and grows as people cultivate their understanding.,entailment,"the image and the sentence do not have a direct relationship, so it is neither entailment nor contradiction. they are independent of each other, and the sentence does not provide information about the image or vice versa."
1616,/data/ajaunarena/our_dataset/images/1871_2.jpg,Language is a barren wasteland where meaning withers and dies.,contradiction,"the image and the sentence do not have a direct relationship, so it is not possible to determine if the sentence entails or contradicts the image. the sentence is a philosophical statement about language, while the image is a colorful, abstract representation of flowers. the two are unrelated, and there is no logical relationship between them."
1617,/data/ajaunarena/our_dataset/images/656_2.jpg,"These facts are floating in space, disconnected from reality.",entailment,"the image you've provided appears to be an abstract pattern of shapes and colors, which does not depict any specific objects or scenes that could be inferred to be ""facts floating in space, disconnected from reality."" therefore, the relationship between the image and the sentence is one of contradiction, as the image does not entail the sentence and the sentence contradicts the visual content of the image."
1618,/data/ajaunarena/our_dataset/images/656_2.jpg,The information lacks context and connection to practical circumstances.,entailment,"the image you've provided appears to be an abstract pattern with various shapes and colors. the sentence you've provided is a general statement about the nature of the universe.

given the abstract nature of the image and the philosophical nature of the sentence, it is not possible to determine an inference relationship between the two. the image does not provide specific information that would allow for a direct inference to the sentence. the relationship between the two would be more accurately described as ""contradiction"" because the image is a visual representation that does not inherently convey the concept of the universe being infinite or finite, which is the subject of the sentence."
1619,/data/ajaunarena/our_dataset/images/656_2.jpg,The facts are firmly grounded in reality with clear practical applications.,contradiction,"the image you've provided appears to be an abstract pattern with various shapes and colors. the sentence you've provided is a general statement about the nature of facts and their practical applications.

given the abstract nature of the image and the broad, general nature of the sentence, it is not possible to determine an inference relationship between the two. the image does not entail or contradict the sentence, as they are not related in a way that would allow for such a relationship."
1620,/data/ajaunarena/our_dataset/images/1223_0.jpg,These treasures I guard are the duties I must protect.,entailment,"the image and the sentence do not have a direct relationship, so it is neither entailment nor contradiction. they are two separate pieces of information that do not necessarily relate to each other."
1621,/data/ajaunarena/our_dataset/images/1223_0.jpg,Important responsibilities require careful attention and dedication to maintain.,entailment,"the image provided appears to be an abstract or artistic representation, possibly of a digital or pixelated nature. it does not depict a scene or subject matter that directly relates to the sentence provided. therefore, the relationship between the image and the sentence is ""contradiction,"" as the image does not entail the sentence and the sentence does not contradict the image."
1622,/data/ajaunarena/our_dataset/images/1223_0.jpg,Responsibilities need no protection and can be neglected without concern.,contradiction,"the image provided appears to be an abstract or artistic representation, and it is not possible to determine a direct relationship between the image and the sentence you provided. the sentence is a statement about responsibilities, which is a concept that is not visually represented in the image. therefore, the relationship between the image and the sentence is neither entailment nor contradiction, as they are not related in any meaningful way."
1623,/data/ajaunarena/our_dataset/images/1616_3.jpg,The community developed antibodies against extremist propaganda.,entailment,"the image provided appears to be a black and white, pixelated representation of text, which is not clear enough to read. therefore, it is not possible to determine the inference relationship between the image and the sentence based on the visual content alone. the sentence ""the community developed antibodies against extremist propaganda"" is a statement that can be true or false, but it does not have a direct relationship with the image."
1624,/data/ajaunarena/our_dataset/images/1616_3.jpg,The community became resistant to and learned to reject extremist messages.,entailment,"the image and the sentence do not have a direct inference relationship. the image appears to be a pattern of shapes and text, and the sentence is a statement about a community's behavior. there is no logical connection between the two that would allow for a determination of entailment or contradiction."
1625,/data/ajaunarena/our_dataset/images/1616_3.jpg,The community became increasingly susceptible to extremist messages.,contradiction,"the image provided appears to be a black and white, pixelated representation of text, which makes it difficult to read the specific words. however, based on the context of the sentence, ""the community became increasingly susceptible to extremist messages,"" it is possible that the image could be related to the topic of extremism or the spread of extremist ideologies.

in this case, the relationship between the image and the sentence could be described as ""entailment"" if the image is intended to represent the concept of extremism or the way it can spread within a community. the image might be used to illustrate the idea that extremist messages can become more prevalent and accepted within a community over time.

if the image is not directly related to the topic of extremism, then the relationship would be ""contradiction,"" as the image does not depict the actual content of the sentence."
1626,/data/ajaunarena/our_dataset/images/1648_1.jpg,Their relationship conducts a harmonious ensemble.,entailment,"the image and the sentence do not have a direct inference relationship, as they are not related in terms of content. the image appears to be an abstract, colorful pattern, while the sentence is a statement about the relationship between the image and the sentence. the sentence is describing the image, but it does not entail or contradict the image itself. therefore, the relationship between the image and the sentence is neither entailment nor contradiction."
1627,/data/ajaunarena/our_dataset/images/1648_1.jpg,Their relationship guides and maintains positive interactions among all involved parties.,entailment,"the image and the sentence do not have a direct relationship, so it is not possible to determine if the relationship is one of entailment or contradiction. the image appears to be an abstract, colorful pattern, while the sentence is a statement about the nature of positive interactions. without additional context, it is not possible to infer a relationship between the two."
1628,/data/ajaunarena/our_dataset/images/1648_1.jpg,Their relationship creates chaos and disruption among all involved parties.,contradiction,"the image provided is an abstract, colorful pattern with no discernible content that could be related to the sentence. therefore, there is no entailment or contradiction relationship between the image and the sentence. the sentence appears to be a statement about a situation or event, while the image is purely visual and does not convey any information that could be related to the sentence."
1629,/data/ajaunarena/our_dataset/images/529_1.jpg,The media's bias induced a national nausea of disgust.,entailment,"the image provided is a visual representation of a concept, and it is not possible to determine the relationship between the image and the sentence based on the visual content alone. the sentence describes a phenomenon, which could be related to the image in some way, but without additional context, it is not possible to determine if the image entails the sentence or if the sentence contradicts the image."
1630,/data/ajaunarena/our_dataset/images/529_1.jpg,The media's prejudiced reporting caused widespread public revulsion.,entailment,"the image provided appears to be an abstract or artistic representation, and it does not directly depict a media outlet or its reporting. therefore, it is not possible to determine the inference relationship between the image and the sentence based on the visual content alone. the sentence describes a specific event or situation, while the image is a visual representation that may or may not be related to the event described in the sentence."
1631,/data/ajaunarena/our_dataset/images/529_1.jpg,The media's reporting brought unity and acceptance throughout the nation.,contradiction,"the image provided is a colorful, abstract pattern with no discernible content that could be related to the sentence. therefore, there is no inference relationship between the image and the sentence. the sentence is a statement about the media's reporting, and the image does not provide any information that would allow for a determination of whether the statement is true or false."
1632,/data/ajaunarena/our_dataset/images/1402_1.jpg,Life's conveyor belt carries events steadily ahead.,entailment,"la imagen muestra una serie de eventos que se mueven en una dirección específica, lo que podría sugerir una relación de entailment con la frase ""life's conveyor belt carries events steadily ahead"". la imagen muestra una serie de eventos que se mueven en una dirección específica, lo que podría sugerir una relación de entailment con la frase ""life's conveyor belt carries events steadily ahead""."
1633,/data/ajaunarena/our_dataset/images/1402_1.jpg,"Situations and circumstances progress in a continuous, mechanical fashion.",entailment,"la imagen muestra una serie de imágenes que parecen ser una secuencia de imágenes que representan una serie de situaciones y circunstancias que se desarrollan en un sentido continuo y mecánico. la relación entre la imagen y la frase es de entailment, ya que la frase describe la forma en que la imagen se desarrolla."
1634,/data/ajaunarena/our_dataset/images/1402_1.jpg,Events are randomly scattered with no consistent progression or pattern.,contradiction,"la imagen muestra una serie de eventos que se encuentran en un espacio de tiempo, pero no hay una secuencia o un patrón claro. la relación entre la imagen y la frase ""events are randomly scattered with no consistent progression or pattern"" es de ""contradiction"" ya que la imagen muestra una serie de eventos que se encuentran en un espacio de tiempo, pero no hay una secuencia o un patrón claro."
1635,/data/ajaunarena/our_dataset/images/1655_1.jpg,His mind climbed to clearer perspectives.,entailment,"the image and the sentence do not have a direct relationship, so it is neither entailment nor contradiction. they are independent of each other, and the sentence does not provide any information about the image."
1636,/data/ajaunarena/our_dataset/images/1655_1.jpg,He achieved more rational and objective viewpoints.,entailment,"the image provided is an abstract, colorful pattern that does not depict any specific scene or object. it is not possible to determine the inference relationship between the image and the sentence based on the visual content alone. the sentence appears to be a description of a person's thought process or behavior, which is not directly related to the image. therefore, the relationship between the image and the sentence is neither entailment nor contradiction, as they are not related in any meaningful way."
1637,/data/ajaunarena/our_dataset/images/1655_1.jpg,His mind remained clouded by subjective feelings.,contradiction,"the image and the sentence do not have a direct relationship, so it is not possible to determine if the sentence entails or contradicts the image. the image appears to be an abstract, colorful pattern, while the sentence is a statement about a person's mental state. without additional context, it is not possible to infer a relationship between the two."
1638,/data/ajaunarena/our_dataset/images/239_0.jpg,We're scaling the cliffs of passing seconds.,entailment,"the image provided appears to be an abstract or distorted pattern, which does not directly relate to the sentence ""we're scaling the cliffs of passing seconds."" the sentence describes an action or experience, while the image is a visual representation that does not inherently convey the concept of time or the act of climbing cliffs. therefore, the relationship between the image and the sentence is one of contradiction, as the image does not entail the sentence and the sentence does not contradict the image."
1639,/data/ajaunarena/our_dataset/images/239_0.jpg,We're constantly working to make progress as time moves forward.,entailment,"the image provided appears to be an abstract pattern with no clear depiction of a scene or objects that would allow for a direct inference relationship with a sentence. therefore, it is not possible to determine whether the image entails or contradicts a sentence without additional context or information."
1640,/data/ajaunarena/our_dataset/images/239_0.jpg,Time passes without requiring any effort or engagement from us.,contradiction,"the image you've provided appears to be an abstract or fractal-like pattern, which does not inherently entail or contradict the sentence you've given. the sentence is a philosophical or metaphorical statement about the passage of time, which is not directly related to the visual content of the image. therefore, the relationship between the image and the sentence is neither entailment nor contradiction."
1641,/data/ajaunarena/our_dataset/images/615_0.jpg,Writing is the compass that guides wandering ideas home.,entailment,"the image and the sentence do not have a direct relationship that would allow for a clear inference relationship of entailment or contradiction. the image is an abstract, colorful pattern, while the sentence is a metaphorical statement about the role of writing in guiding thoughts. the two are not directly related, so it is not possible to determine if one entails the other or if they contradict each other."
1642,/data/ajaunarena/our_dataset/images/615_0.jpg,Writing provides direction and structure to scattered thoughts.,entailment,"the image provided appears to be an abstract digital art piece with a blend of colors and shapes. the sentence ""writing provides direction and structure to scattered thoughts"" is a statement about the function of writing in organizing and conveying ideas.

the relationship between the image and the sentence is one of ""contradiction."" the image is an abstract visual representation that does not inherently depict the act of writing or the process of organizing thoughts. the sentence, on the other hand, is a statement about the cognitive process of writing and the role it plays in structuring thoughts. the two are not related in a way that one entails the other; instead, they describe different concepts."
1643,/data/ajaunarena/our_dataset/images/615_0.jpg,Writing leads ideas astray and causes them to lose their way.,contradiction,"the image provided appears to be an abstract digital art piece with a blend of colors and shapes. it does not have a direct relationship with the sentence provided, which is a philosophical statement about the nature of writing and ideas. therefore, the relationship between the image and the sentence is neither entailment nor contradiction, as they are unrelated."
1644,/data/ajaunarena/our_dataset/images/654_2.jpg,These scattered facts need to be mapped out.,entailment,"the image provided appears to be an abstract, colorful pattern with no clear depiction of a specific scene or object. the sentence ""these scattered facts need to be mapped out"" is a statement about the need to organize or understand information that is not visually represented in the image.

given that the image does not depict any facts or information that can be mapped out, the relationship between the image and the sentence is one of contradiction. the image does not entail the sentence, and the sentence does not contradict the image. the sentence is a statement about a concept or action that is not visually represented in the image."
1645,/data/ajaunarena/our_dataset/images/654_2.jpg,The disorganized information needs to be arranged in a logical structure.,entailment,"the image provided appears to be an abstract pattern with various shapes and colors. the sentence ""the disorganized information needs to be arranged in a logical structure"" is a statement about the need to organize information in a logical manner.

the relationship between the image and the sentence is one of ""contradiction."" the image itself is disorganized and lacks a clear, logical structure, while the sentence is advocating for the opposite: the need to organize information in a logical manner."
1646,/data/ajaunarena/our_dataset/images/654_2.jpg,The information is already well-organized and requires no further arrangement.,contradiction,"the image provided appears to be an abstract, colorful pattern with no clear depiction of a specific scene or object. the sentence provided is also abstract and does not provide any specific information that can be directly inferred from the image.

given the nature of both the image and the sentence, it is not possible to determine an entailment or contradiction relationship between them. both the image and the sentence are too abstract and do not provide enough specific information to establish a clear relationship."
1647,/data/ajaunarena/our_dataset/images/1405_0.jpg,The river of events flows endlessly downstream.,entailment,"the image and the sentence have an entailment relationship. the image depicts a river of events flowing endlessly downstream, which is a visual representation of the concept described in the sentence. the sentence does not contradict the image; instead, it provides a description that can be inferred from the visual content of the image."
1648,/data/ajaunarena/our_dataset/images/1405_0.jpg,External situations continue to advance naturally and unstoppably.,entailment,"the image and the sentence do not have a direct relationship, so it is not possible to determine if the sentence entails or contradicts the image. the image appears to be a colorful, abstract pattern, while the sentence describes a natural phenomenon. without more context or a clearer connection between the two, it is not possible to make an accurate inference."
1649,/data/ajaunarena/our_dataset/images/1405_0.jpg,"Events pool in a stagnant pond, refusing to move forward.",contradiction,"the image and the sentence have a contradictory relationship. the image shows a dynamic and colorful scene with many shapes and objects that appear to be in motion, which is the opposite of the sentence's description of a stagnant pond."
1650,/data/ajaunarena/our_dataset/images/1860_1.jpg,She walked herself into a new career path.,entailment,"the image provided does not have a direct relationship with the sentence. it is an abstract image with no clear depiction of a person walking into a new career path. therefore, the relationship between the image and the sentence is neither entailment nor contradiction."
1651,/data/ajaunarena/our_dataset/images/1860_1.jpg,She actively initiated and pursued changes in her professional life.,entailment,"the image provided does not contain any information that can be directly inferred to relate to the sentence. the image appears to be an abstract or artistic representation with no discernible content that would allow for a logical inference relationship. therefore, the relationship between the image and the sentence is ""contradiction,"" as the image does not provide any information that can be logically inferred from the sentence."
1652,/data/ajaunarena/our_dataset/images/1860_1.jpg,External forces pushed her into an unwanted career change.,contradiction,"the image provided does not have a direct relationship with the sentence. it is an abstract image with no clear depiction of a person or a career change. therefore, the relationship between the image and the sentence is neither entailment nor contradiction."
1653,/data/ajaunarena/our_dataset/images/1918_2.jpg,The fog lifts to reveal countless trails ahead.,entailment,"the image and the sentence have an entailment relationship. the image shows a foggy landscape with trails that could be interpreted as paths or roads. the sentence ""the fog lifts to reveal countless trails ahead"" describes a situation where the fog is clearing, and as a result, many trails or paths become visible. this is a logical relationship where the sentence can be inferred from the image."
1654,/data/ajaunarena/our_dataset/images/1918_2.jpg,"As clarity increases, multiple opportunities become apparent.",entailment,"the image provided appears to be a blurry, abstract representation of a landscape or seascape, with various shapes and forms that could be interpreted as mountains, trees, or other natural features. the sentence ""as clarity increases, multiple opportunities become apparent"" is a general statement about the relationship between clarity and the potential for discovering or recognizing more things.

the relationship between the image and the sentence is one of ""contradiction."" the image is blurry and lacks clarity, which is the opposite of the sentence's statement that clarity increases opportunities. the image does not entail the sentence's message, and the sentence does not contradict the image's content; rather, they are simply unrelated."
1655,/data/ajaunarena/our_dataset/images/1918_2.jpg,Greater understanding leads to fewer visible opportunities.,contradiction,"the image and the sentence have a relationship of contradiction. the image shows a body of water with ripples and waves, which suggests that there are visible opportunities for activities such as boating, fishing, or simply enjoying the view. however, the sentence states that greater understanding leads to fewer visible opportunities, which contradicts the visual information presented in the image."
1656,/data/ajaunarena/our_dataset/images/302_2.jpg,His time account was running dangerously low.,entailment,"the image provided does not contain any text or information that would allow for an inference relationship to be determined between the image and the sentence. the sentence is a statement about a time account, which is not related to the content of the image. therefore, the relationship between the image and the sentence is neither entailment nor contradiction, as there is no logical connection between the two."
1657,/data/ajaunarena/our_dataset/images/302_2.jpg,He had very little time remaining to complete his tasks.,entailment,"the image provided appears to be an abstract or artistic representation, and it is not possible to determine a direct inference relationship between the image and the sentence. the sentence describes a situation, while the image is a visual representation that does not inherently convey information about time or tasks. therefore, the relationship between the image and the sentence is neither entailment nor contradiction."
1658,/data/ajaunarena/our_dataset/images/302_2.jpg,He had an abundance of time available for his tasks.,contradiction,"the image provided appears to be an abstract or artistic representation, and it is not possible to determine a direct inference relationship between the image and the sentence. the sentence describes a situation, while the image is a visual representation that may or may not be related to the situation described in the sentence. therefore, the relationship between the image and the sentence is neither entailment nor contradiction."
1659,/data/ajaunarena/our_dataset/images/895_0.jpg,The lines waltz around the composition.,entailment,"the image and the sentence do not have a direct inference relationship. the sentence describes the lines in the image, but it does not entail or contradict any information about the image. it is a simple observation that does not logically follow from the image or vice versa."
1660,/data/ajaunarena/our_dataset/images/895_0.jpg,"The linear elements create a graceful, rhythmic arrangement in the design.",entailment,"the relationship between the image and the sentence is one of entailment. the sentence describes the image as having a graceful, rhythmic arrangement, which is a characteristic that can be inferred from the image itself. the linear elements in the image do create a sense of rhythm and grace, which is consistent with the description provided in the sentence."
1661,/data/ajaunarena/our_dataset/images/895_0.jpg,The lines are chaotic and arhythmic in the composition.,contradiction,"the relationship between the image and the sentence is ""contradiction."" the image shows chaotic and arhythmic lines, while the sentence describes the lines as rhythmic."
1662,/data/ajaunarena/our_dataset/images/3_0.jpg,The news struck her mind like a hammer on glass.,entailment,"the image and the sentence do not have a direct relationship, so it is neither entailment nor contradiction. they are unrelated."
1663,/data/ajaunarena/our_dataset/images/3_0.jpg,The shocking news caused immediate and severe emotional distress.,entailment,"the image provided appears to be an abstract or artistic representation of various shapes and colors, which does not directly relate to the sentence provided. therefore, the relationship between the image and the sentence is ""contradiction,"" as the image does not entail the sentence and the sentence does not contradict the image."
1664,/data/ajaunarena/our_dataset/images/3_0.jpg,The news had no impact on her emotional state whatsoever.,contradiction,"the image and the sentence do not have a direct relationship, so it is neither entailment nor contradiction. they are independent of each other."
1665,/data/ajaunarena/our_dataset/images/773_2.jpg,"The footsteps of time echo behind us, growing ever closer.",entailment,"the image and the sentence have an entailment relationship. the image of the footsteps of time echoing behind us can be seen as a visual representation of the concept of time moving forward and the idea that the past is always behind us. the sentence ""the footsteps of time echo behind us, growing ever closer"" describes this visual representation, and thus the sentence entails the image."
1666,/data/ajaunarena/our_dataset/images/773_2.jpg,We are constantly aware of time's presence and its increasing impact on our lives.,entailment,"the image you provided appears to be an abstract pattern with various shapes and colors, which does not directly relate to the sentence you provided. the sentence discusses the concept of time and its impact on our lives, which is a philosophical or psychological observation. the image does not entail or contradict the sentence, as it is not a representation of the concept of time or its impact on our lives. the relationship between the image and the sentence is not one of entailment or contradiction, but rather one of unrelatedness."
1667,/data/ajaunarena/our_dataset/images/773_2.jpg,Time's presence is imperceptible and has no impact on our existence.,contradiction,"the image provided appears to be an abstract pattern with no clear depiction of time or its presence. the sentence, ""time's presence is imperceptible and has no impact on our existence,"" is a philosophical statement that can be interpreted in various ways. it does not directly relate to the image, so it is neither entailed nor contradicted by the image. the relationship between the image and the sentence is neither entailment nor contradiction, but rather a conceptual or thematic connection that could be subjective and open to interpretation."
1668,/data/ajaunarena/our_dataset/images/1886_0.jpg,She's mainlining validation through constant selfie-posting.,entailment,"the image provided is an abstract, colorful pattern with no discernible content that could be related to the sentence. therefore, there is no entailment or contradiction relationship between the image and the sentence. the sentence is a statement about a person's behavior, while the image is a visual representation that does not convey any information about a person or their actions."
1669,/data/ajaunarena/our_dataset/images/1886_0.jpg,She compulsively posts selfies seeking immediate approval from others.,entailment,"the image provided is an abstract, colorful pattern with no discernible content that could be related to the sentence. therefore, there is no entailment or contradiction relationship between the image and the sentence. the sentence is a statement about a person's behavior, while the image is a visual representation that does not convey any information about a person's actions or motivations."
1670,/data/ajaunarena/our_dataset/images/1886_0.jpg,She shares photos occasionally and doesn't depend on others' approval.,contradiction,"the image provided appears to be an abstract or artistic representation, and it is not possible to determine a direct relationship between the image and the sentence you provided. the sentence describes a person's behavior, while the image is a visual representation that does not inherently convey any information about a person's behavior. therefore, the relationship between the image and the sentence is neither entailment nor contradiction, as they are not related in a logical or factual sense."
1671,/data/ajaunarena/our_dataset/images/1487_3.jpg,Each second is a meteor hurtling toward Earth's atmosphere.,entailment,"the image and the sentence have a relationship of entailment. the image depicts a colorful, abstract pattern that could be interpreted as a meteor shower or a representation of a meteor shower. the sentence describes a meteor shower, which is a specific type of astronomical event. the image entails the sentence, as it visually represents the concept of a meteor shower."
1672,/data/ajaunarena/our_dataset/images/1487_3.jpg,Time moves rapidly and inevitably toward us from the future.,entailment,"the image and the sentence do not have a direct inference relationship. the image is an abstract, colorful pattern that does not inherently convey the concept of time moving rapidly and inevitably toward us from the future. the sentence is a philosophical or metaphorical statement that is not directly related to the visual content of the image. therefore, the relationship between the image and the sentence is one of contradiction, as the image does not entail the sentence and the sentence does not contradict the image."
1673,/data/ajaunarena/our_dataset/images/1487_3.jpg,Seconds drift lazily in space with no particular destination.,contradiction,"the image and the sentence have a relationship of ""contradiction."" the image depicts a vibrant and dynamic scene with stars and colors, which is the opposite of the sentence describing seconds drifting lazily in space with no particular destination. the image conveys a sense of movement and energy, while the sentence suggests a sense of stillness and aimlessness."
1674,/data/ajaunarena/our_dataset/images/1305_0.jpg,The chef extended flavors to simple ingredients.,entailment,"the image and the sentence do not have a direct relationship, so it is not possible to determine if the sentence entails or contradicts the image. the image appears to be a colorful, abstract pattern with no clear connection to the sentence provided."
1675,/data/ajaunarena/our_dataset/images/1305_0.jpg,The chef created delicious dishes by combining and cooking ingredients.,entailment,"the image and the sentence do not have a direct relationship, so it is neither entailment nor contradiction. they are independent of each other."
1676,/data/ajaunarena/our_dataset/images/1305_0.jpg,The chef left ingredients bland and unprocessed.,contradiction,"the image and the sentence do not have a direct relationship, so it is not possible to determine if the sentence entails or contradicts the image. the image appears to be a colorful, abstract pattern with no clear connection to the sentence provided."
1677,/data/ajaunarena/our_dataset/images/759_2.jpg,The competing theories engaged in a survival of the fittest.,entailment,"the image and the sentence are related through an entailment relationship. the image depicts a chaotic and competitive scene, which could be interpreted as a metaphor for the ""competing theories engaged in a survival of the fittest."" the visual elements in the image, such as the overlapping and intertwining shapes, could be seen as representing the struggle for dominance among the theories. the sentence, in turn, describes a situation where different theories are competing for acceptance or survival, which is a concept that can be visually represented by the image's content."
1678,/data/ajaunarena/our_dataset/images/759_2.jpg,Different theories were tested against each other until the most valid one prevailed.,entailment,"the image provided appears to be an abstract pattern with various shapes and colors. the sentence ""different theories were tested against each other until the most valid one prevailed"" is a statement about a process of evaluating and comparing different theories.

the relationship between the image and the sentence is one of ""contradiction."" the image is an abstract visual representation that does not inherently relate to the process of testing theories or the concept of validity. the sentence describes a conceptual process that is not visually depicted in the image. therefore, the image and the sentence are contradictory because they describe different things."
1679,/data/ajaunarena/our_dataset/images/759_2.jpg,All competing theories were equally accepted without any evaluation of their merit.,contradiction,"the image provided appears to be an abstract pattern with various shapes and colors. the sentence ""all competing theories were equally accepted without any evaluation of their merit"" is a statement about a process or decision-making method.

given the nature of the image and the sentence, it is not possible to determine an inference relationship between them. the image does not provide any information that would allow for a logical inference to be made about the sentence. therefore, the relationship between the image and the sentence is neither entailment nor contradiction."
1680,/data/ajaunarena/our_dataset/images/69_1.jpg,Our schedule is bouncing like a rubber ball.,entailment,"the image depicts a chaotic and unpredictable pattern, which could be interpreted as a metaphor for a schedule that is bouncing like a rubber ball. in this case, the image entails the sentence, as the visual representation of a bouncing schedule is a natural and direct interpretation of the sentence."
1681,/data/ajaunarena/our_dataset/images/69_1.jpg,The timeline is erratic and unpredictable in its changes.,entailment,"the image and the sentence do not have a direct relationship, so it is not possible to determine if the image entails or contradicts the sentence. the image appears to be an abstract pattern with no clear connection to the sentence."
1682,/data/ajaunarena/our_dataset/images/69_1.jpg,Our schedule is steady and maintains a consistent pattern.,contradiction,"the image and the sentence do not have a direct inference relationship. the image appears to be an abstract pattern of shapes and colors, which does not provide any information about a schedule or its consistency. the sentence, on the other hand, describes a schedule that is steady and maintains a consistent pattern. the relationship between the image and the sentence is one of contradiction, as the image does not depict a schedule or provide any information about its consistency."
1683,/data/ajaunarena/our_dataset/images/1051_1.jpg,Their love hit a dead end.,entailment,"the image provided does not have a direct relationship with the sentence. it is an abstract image with no clear connection to the sentence. therefore, the relationship between the image and the sentence is neither entailment nor contradiction."
1684,/data/ajaunarena/our_dataset/images/1051_1.jpg,Their relationship reached a point where it could no longer progress or continue.,entailment,"the image provided appears to be an abstract or abstracted image with various shapes and colors. the sentence ""their relationship reached a point where it could no longer progress or continue"" is a statement about a relationship between two or more entities.

given the nature of the image and the sentence, it is not possible to determine an entailment or contradiction relationship between them. the sentence describes a state of a relationship, while the image is a visual representation that does not inherently convey a relationship or a state of progression or continuation. therefore, the relationship between the image and the sentence is neither entailment nor contradiction."
1685,/data/ajaunarena/our_dataset/images/1051_1.jpg,Their love had endless possibilities and continuous growth.,contradiction,"the image and the sentence do not have a direct inference relationship. the image appears to be an abstract, colorful pattern with no clear connection to the sentence. the sentence describes a concept of love, which is not visually represented in the image. therefore, the relationship between the image and the sentence is neither entailment nor contradiction."
1686,/data/ajaunarena/our_dataset/images/9_0.jpg,The memories fractured like a dropped mirror in her mind.,entailment,"the image and the sentence have a relationship of entailment. the image depicts a shattered mirror, which is a visual metaphor for the concept of fractured memories. the sentence describes the memories as being broken or shattered, which is a concept that can be visually represented by the image of a broken mirror."
1687,/data/ajaunarena/our_dataset/images/9_0.jpg,Her memories became fragmented and distorted due to trauma.,entailment,"the image and the sentence have an entailment relationship. the image depicts a starry night sky, which is a common visual representation of the concept of ""fragmented and distorted memories."" the sentence describes a person's memories being affected by trauma, which is a metaphorical way of saying that their memories are fragmented and distorted, similar to how stars can appear fragmented and distorted in a night sky."
1688,/data/ajaunarena/our_dataset/images/9_0.jpg,Her memories remained clear and perfectly preserved.,contradiction,"the image depicts a colorful, abstract pattern with no clear depiction of memories or preservation. the sentence describes a situation where memories are clear and perfectly preserved. the relationship between the image and the sentence is one of contradiction, as the image does not depict the situation described in the sentence."
1689,/data/ajaunarena/our_dataset/images/1708_1.jpg,The government is society's brain.,entailment,"the image provided is an abstract and colorful representation of lines and shapes, which does not depict a literal brain or any specific relationship to the government. therefore, the inference relationship between the image and the sentence is ""contradiction."" the sentence describes the government as society's brain, which is a metaphorical statement, while the image is a visual representation that does not convey the concept of a brain or any connection to the government."
1690,/data/ajaunarena/our_dataset/images/1708_1.jpg,The government controls and coordinates various social functions and makes decisions for society.,entailment,"the image provided appears to be an abstract or artistic representation of a cityscape, with various lines and shapes that could be interpreted as buildings or other architectural elements. the sentence provided is a statement about the government's role in society.

given the nature of the image and the sentence, it is not possible to determine an inference relationship between the two. the image does not provide information that would allow for a direct inference about the government's role in society, nor does the sentence provide information that could be inferred from the image. therefore, the relationship between the image and the sentence is neither entailment nor contradiction."
1691,/data/ajaunarena/our_dataset/images/1708_1.jpg,The government has no role in coordinating or decision-making for society.,contradiction,"the image provided does not contain any information that would allow for a direct inference relationship with the sentence. the image appears to be an abstract or artistic representation, possibly of light or a cityscape, and does not provide any specific information about the role of the government in society. therefore, the relationship between the image and the sentence is neither entailment nor contradiction, as there is no logical connection between the two."
1692,/data/ajaunarena/our_dataset/images/872_0.jpg,Their public image is a glossy magazine cover.,entailment,"the image provided appears to be a digital or artistic representation of a glossy magazine cover, with a focus on the textures and colors rather than the content of the magazine. the sentence ""their public image is a glossy magazine cover"" is a description of the image, and it entails that the image is a representation of a glossy magazine cover. therefore, the relationship between the image and the sentence is entailment."
1693,/data/ajaunarena/our_dataset/images/872_0.jpg,Their external appearance is polished and professionally curated.,entailment,"the image provided appears to be an abstract or artistic representation, possibly of a surface or texture. the sentence provided is a description of a different subject, which is a collection of items or a display that is polished and professionally curated.

given the nature of the image and the sentence, it is not possible to determine an inference relationship between the two. the sentence does not logically follow from the image, nor does the image contradict the sentence. therefore, the relationship between the image and the sentence is neither entailment nor contradiction."
1694,/data/ajaunarena/our_dataset/images/872_0.jpg,Their public image is rough and unrefined.,contradiction,"the image provided appears to be an abstract or abstracted representation of a scene or object, with a pixelated or distorted quality. the sentence ""their public image is rough and unrefined"" is a description of a quality or characteristic, which could be applied to the image in a metaphorical sense, as the image itself may appear rough or unrefined due to its distorted or pixelated nature.

in this context, the relationship between the image and the sentence could be described as ""entailment,"" as the sentence is a logical consequence of the visual characteristics of the image. the sentence does not contradict the image; rather, it provides a description that is consistent with the visual information presented."
1695,/data/ajaunarena/our_dataset/images/1626_2.jpg,Philosophy is an endless ocean with depths yet to be explored.,entailment,"the image and the sentence do not have a direct inference relationship. they are not related in a way that one entails the other or contradicts it. the image is a visual representation of a concept, while the sentence is a philosophical statement. they are not logically connected."
1696,/data/ajaunarena/our_dataset/images/1626_2.jpg,Philosophy contains limitless possibilities for inquiry and contemplation.,entailment,"the image and the sentence do not have a direct inference relationship. the image shows a colorful, abstract pattern, while the sentence is a philosophical statement about the nature of philosophy. the two are not logically related to each other, so the relationship between them is neither entailment nor contradiction."
1697,/data/ajaunarena/our_dataset/images/1626_2.jpg,Philosophy is a shallow pond with obvious and finite conclusions.,contradiction,"the image and the sentence have a contradictory relationship. the image shows a multitude of shapes and colors, which could be interpreted as a complex and diverse visual experience. the sentence, on the other hand, suggests a simplistic and limited view of philosophy, implying that it is a shallow pond with only a few obvious and finite conclusions. this contradicts the complexity and depth that the image might suggest about the visual experience."
1698,/data/ajaunarena/our_dataset/images/27_1.jpg,The body's fever is its thermal weapon against pathogens.,entailment,"the image and the sentence are related through entailment. the image shows a variety of shapes and colors that could be interpreted as abstract representations of cells or microorganisms, which are often associated with pathogens. the sentence describes the body's fever as a ""thermal weapon"" against pathogens, which is a metaphorical way of describing the body's natural defense mechanism against infections. the image, while abstract, could be seen as a visual representation of the body's defense mechanisms, which would entail the concept of fever as a defense mechanism against pathogens."
1699,/data/ajaunarena/our_dataset/images/27_1.jpg,Elevated body temperature is a natural defense mechanism that helps eliminate harmful organisms.,entailment,"the image and the sentence are related through entailment. the image shows a variety of shapes and colors that could be interpreted as abstract representations of cells or microorganisms, and the sentence describes a natural defense mechanism that helps eliminate harmful organisms. the image may not directly depict elevated body temperature, but it does relate to the concept of the body's defense mechanisms, which can include fever as a way to combat infections."
1700,/data/ajaunarena/our_dataset/images/27_1.jpg,Fever is a harmful response that aids pathogen survival in the body.,contradiction,"the image and the sentence are related through an entailment relationship. the image depicts a variety of shapes and colors that could be interpreted as abstract representations of cells or microorganisms, which are often associated with pathogens. the sentence describes fever as a harmful response that aids pathogen survival in the body, which is a concept that could be visually represented in the abstract shapes and colors of the image. the image does not contradict the sentence; rather, it provides a visual metaphor that supports the idea expressed in the sentence."
1701,/data/ajaunarena/our_dataset/images/453_1.jpg,Love is two melodies weaving into one song.,entailment,"the image and the sentence have a relationship of entailment. the image depicts a colorful, abstract pattern that could be interpreted as a visual representation of two melodies weaving into one song. the sentence describes the concept of love as two melodies weaving into one song, which is a specific interpretation of the image. the image does not contradict the sentence; rather, it supports the idea expressed in the sentence."
1702,/data/ajaunarena/our_dataset/images/453_1.jpg,"Love combines two distinct personalities into a beautiful, harmonious relationship.",entailment,"the image and the sentence have a relationship of entailment. the image depicts a colorful, abstract design that could be interpreted as a representation of two distinct personalities coming together to form a harmonious relationship. the sentence describes the concept of love as combining two distinct personalities into a beautiful, harmonious relationship, which is a concept that can be inferred from the image."
1703,/data/ajaunarena/our_dataset/images/453_1.jpg,Love drowns out one person's voice to amplify the other's solo.,contradiction,"the image and the sentence have a relationship of ""contradiction."" the image depicts a chaotic and colorful pattern that does not convey the idea of love drowning out one person's voice to amplify the other's solo. the sentence describes a romantic and harmonious situation, while the image presents a discordant and disordered visual."
1704,/data/ajaunarena/our_dataset/images/672_1.jpg,Yesterday's seeds grow into tomorrow's consequences.,entailment,"the image provided is an abstract and colorful pattern, and it does not have a direct relationship with the sentence. the sentence is a metaphorical statement about cause and effect, while the image is purely visual and does not convey any specific meaning or message. therefore, the relationship between the image and the sentence is neither entailment nor contradiction, as they are not related in any way."
1705,/data/ajaunarena/our_dataset/images/672_1.jpg,Actions and events that occur earlier in time develop into their effects in the future.,entailment,"the image provided appears to be an abstract or artistic representation of colors and shapes, rather than a depiction of a specific scene or event. it does not directly relate to the sentence provided, which is a philosophical or metaphysical statement about the nature of causality and time. therefore, the relationship between the image and the sentence is neither entailment nor contradiction, as they are not directly related to each other."
1706,/data/ajaunarena/our_dataset/images/672_1.jpg,Future events determine and shape past occurrences and their outcomes.,contradiction,"the image provided is an abstract, colorful pattern with no discernible content that could be related to the sentence. therefore, there is no entailment or contradiction relationship between the image and the sentence. the sentence is a philosophical statement about causality and time, which is not directly related to the visual content of the image."
1707,/data/ajaunarena/our_dataset/images/881_3.jpg,His emotional equilibrium is a well-calibrated scale.,entailment,"the image provided appears to be an abstract or artistic representation, possibly of a concept or idea, rather than a literal depiction of a person's emotional equilibrium. therefore, it is not possible to determine an entailment or contradiction relationship between the image and the sentence, as the sentence refers to a person's emotional state, which is not directly represented in the image."
1708,/data/ajaunarena/our_dataset/images/881_3.jpg,He maintains an even temperament and stable emotional state.,entailment,"the image provided appears to be an abstract or artistic representation, and it is not possible to determine a direct inference relationship between the image and the sentence. the sentence describes a person's emotional state, while the image is a visual representation that does not inherently convey information about emotions or temperament. therefore, the relationship between the image and the sentence is neither entailment nor contradiction, as they are not related in a logical or inferential sense."
1709,/data/ajaunarena/our_dataset/images/881_3.jpg,His emotions are completely unpredictable and poorly regulated.,contradiction,"the image provided appears to be an abstract or abstracted representation of a pattern or design, which does not directly relate to the sentence provided. therefore, the relationship between the image and the sentence is neither entailment nor contradiction. they are unrelated."
1710,/data/ajaunarena/our_dataset/images/1913_3.jpg,Untrodden paths hold treasures waiting to be discovered.,entailment,"the image and the sentence have a relationship of entailment. the image shows a close-up of a colorful, textured surface that could be interpreted as a metaphor for untrodden paths. the sentence ""untrodden paths hold treasures waiting to be discovered"" is a metaphorical description of the image, which suggests that the image entails the sentence."
1711,/data/ajaunarena/our_dataset/images/1913_3.jpg,Unexplored opportunities often contain valuable potential for success.,entailment,"the image and the sentence do not have a direct relationship, so it is not possible to determine if the image entails or contradicts the sentence. the image is an abstract pattern of colors, and the sentence is a statement about opportunities. they do not logically relate to each other."
1712,/data/ajaunarena/our_dataset/images/1913_3.jpg,Following well-worn routes is the only way to find new opportunities.,contradiction,"the image and the sentence do not have a direct inference relationship. the image is an abstract, colorful pattern that does not inherently convey any specific message or idea. the sentence, on the other hand, is a statement about a strategy or approach to finding new opportunities.

the relationship between the image and the sentence could be described as ""contradiction"" because the image does not provide any information that would logically lead to the conclusion of the sentence. the sentence is a general statement about a strategy, while the image is purely aesthetic and does not convey any specific message or idea."
1713,/data/ajaunarena/our_dataset/images/609_0.jpg,His emotions are earthed like a lightning rod.,entailment,"the image provided appears to be an abstract or artistic representation of various shapes and colors, which do not inherently convey emotions or any specific meaning. therefore, it is not possible to determine an entailment or contradiction relationship between the image and the sentence provided. the sentence is a metaphorical description of a person's emotions, which is not directly related to the visual content of the image."
1714,/data/ajaunarena/our_dataset/images/609_0.jpg,He can effectively channel and stabilize intense emotions.,entailment,"the image provided appears to be an abstract, colorful pattern with no discernible content that would allow for a direct inference relationship with the sentence. therefore, it is neither entailing nor contradicting the sentence. the sentence is a statement about a person's ability, which is not depicted in the image."
1715,/data/ajaunarena/our_dataset/images/609_0.jpg,His emotions are volatile and uncontrolled.,contradiction,"the image provided appears to be an abstract, colorful pattern with no discernible objects or shapes that could be associated with emotions or volatility. therefore, it is not possible to infer a relationship between the image and the sentence provided. the sentence is a statement about a person's emotions, while the image is a visual representation that does not convey any information about emotions or their volatility."
1716,/data/ajaunarena/our_dataset/images/1788_2.jpg,The research team's efforts pulse with vital energy.,entailment,"the image provided appears to be an abstract digital art piece with a colorful, star-like pattern. the sentence ""the research team's efforts pulse with vital energy"" is a metaphorical description of the team's work being dynamic and full of life.

the relationship between the image and the sentence is one of ""entailment."" the image does not directly depict a research team or their efforts, but the abstract nature of the image could be interpreted as a visual representation of the vital energy mentioned in the sentence. the image's abstract nature allows for a variety of interpretations, and the sentence provides a narrative that can be associated with the image through the concept of vital energy."
1717,/data/ajaunarena/our_dataset/images/1788_2.jpg,The research team maintains consistent and productive work patterns.,entailment,"the image provided appears to be an abstract digital art piece with no clear connection to the sentence provided. therefore, the relationship between the image and the sentence is neither entailment nor contradiction, as there is no logical relationship between the two."
1718,/data/ajaunarena/our_dataset/images/1788_2.jpg,The research team's efforts are inconsistent and unproductive.,contradiction,"the image provided appears to be an abstract digital art piece with a variety of shapes and colors. it does not depict a specific scene or object that would allow for a direct inference relationship with the sentence provided. therefore, it is neither entailing nor contradicting the sentence. the sentence is a statement about a research team's efforts, which is not directly related to the visual content of the image."
1719,/data/ajaunarena/our_dataset/images/1254_2.jpg,Their passion was a blinding sunrise that consumed the dawn.,entailment,"the image and the sentence have a relationship of ""contradiction."" the image shows a sunrise, which is the opposite of the sun being consumed by the dawn. the sentence implies that the sun is being consumed by the dawn, which is not depicted in the image."
1720,/data/ajaunarena/our_dataset/images/1254_2.jpg,Their intense romantic feelings overwhelmed all other aspects of their lives.,entailment,"the image and the sentence do not have a direct relationship, so it is not possible to determine if the image entails or contradicts the sentence. the image appears to be an abstract pattern with no clear connection to the sentence provided."
1721,/data/ajaunarena/our_dataset/images/1254_2.jpg,Their passion was subtle and allowed them to maintain perfect balance in life.,contradiction,"the image and the sentence do not have a direct relationship, so it is not possible to determine if the sentence entails or contradicts the image. the image appears to be an abstract pattern with no clear connection to the sentence."
1722,/data/ajaunarena/our_dataset/images/479_3.jpg,His determination was an unstoppable momentum carrying him through obstacles.,entailment,"the image provided is an abstract, colorful pattern with no clear depiction of a person or momentum. it does not entail nor contradict the sentence provided. the sentence is a metaphorical description of a person's determination, which is not visually represented in the image."
1723,/data/ajaunarena/our_dataset/images/479_3.jpg,His strong resolve helped him overcome challenges without losing progress.,entailment,"the image provided does not have a direct relationship with the sentence. it is an abstract image with no clear depiction of a person or their actions. therefore, the relationship between the image and the sentence is neither entailment nor contradiction."
1724,/data/ajaunarena/our_dataset/images/479_3.jpg,His determination was a static force that left him stuck in place.,contradiction,"the image provided is an abstract, colorful pattern with no discernible content that could be related to the sentence. therefore, there is no entailment or contradiction relationship between the image and the sentence. the sentence is a description of a concept, while the image is a visual representation that does not convey any specific meaning or relationship to the sentence."
1725,/data/ajaunarena/our_dataset/images/506_2.jpg,We need to navigate through these murky waters carefully.,entailment,"the image you've provided appears to be an abstract or artistic representation of water, with various shades of blue and hints of other colors. the sentence ""we need to navigate through these murky waters carefully"" is a metaphorical statement that could be interpreted in various ways, such as navigating through difficult or unclear situations with caution.

the relationship between the image and the sentence is one of metaphorical entailment. the image of water can metaphorically represent the concept of navigating through difficult or unclear situations, which is what the sentence is describing. the image does not contradict the sentence; instead, it provides a visual metaphor that supports the concept expressed in the sentence."
1726,/data/ajaunarena/our_dataset/images/506_2.jpg,We must approach this unclear problem situation with caution and strategy.,entailment,"the image provided appears to be an abstract pattern with various shapes and colors, which does not directly relate to the sentence ""the cat is on the mat."" the relationship between the image and the sentence is one of contradiction, as the image does not depict a cat or a mat, and the sentence describes a specific scene that is not present in the image."
1727,/data/ajaunarena/our_dataset/images/506_2.jpg,We can rush through this clear-cut situation without any planning.,contradiction,"the image you've provided appears to be an abstract or artistic representation, possibly of light reflections or a similar visual effect. it does not depict a clear, recognizable scene that would allow for a direct inference relationship with a sentence. therefore, it is not possible to determine whether the image entails or contradicts a sentence without additional context."
1728,/data/ajaunarena/our_dataset/images/646_2.jpg,The whiskey was a tornado that tore through his balance.,entailment,"the relationship between the image and the sentence is ""contradiction."" the image shows a colorful, swirling pattern that does not depict a tornado or any destruction. the sentence describes a tornado, which is a natural disaster that causes destruction, whereas the image shows a colorful, abstract pattern that does not depict any destruction or natural disaster."
1729,/data/ajaunarena/our_dataset/images/646_2.jpg,The alcohol severely disrupted his ability to maintain physical stability and coordination.,entailment,"the image and the sentence are related through an entailment relationship. the image shows a blurry, distorted reflection, which could be interpreted as a visual representation of the disruption of physical stability and coordination. the sentence describes the effects of alcohol on a person's ability to maintain physical stability and coordination, which is a concept that can be visually represented by the distorted reflection in the image."
1730,/data/ajaunarena/our_dataset/images/646_2.jpg,The whiskey improved his balance and made his movements more precise.,contradiction,"the image and the sentence are not related enough to determine an entailment or contradiction relationship. the image appears to be an abstract, colorful pattern, while the sentence is a statement about the effects of whiskey on a person's balance and precision. without a clear connection between the two, it is not possible to determine if one entails the other or if they contradict each other."
1731,/data/ajaunarena/our_dataset/images/1641_2.jpg,The team members are notes in a perfect chord.,entailment,"the image and the sentence have an entailment relationship. the image shows a pattern of notes that could be interpreted as a perfect chord, and the sentence describes the image as such. the sentence is a logical consequence of the image's content, and the image does not contradict the sentence."
1732,/data/ajaunarena/our_dataset/images/1641_2.jpg,Each team member contributes their unique qualities to create a balanced and harmonious group dynamic.,entailment,"the image and the sentence do not have a direct relationship, so it is not possible to determine if the sentence entails or contradicts the image. the image appears to be an abstract pattern with no clear connection to the sentence provided."
1733,/data/ajaunarena/our_dataset/images/1641_2.jpg,"Team members clash constantly, creating tension and disruption in the group.",contradiction,"the image and the sentence have a relationship of entailment. the image shows a pattern of shapes that could be interpreted as a chaotic or disrupted arrangement, which is consistent with the sentence describing team members clashing constantly and creating tension and disruption in the group."
1734,/data/ajaunarena/our_dataset/images/1146_0.jpg,Their communication interface was incompatible.,entailment,"the image provided is a jigsaw puzzle with various colors and shapes, and it does not depict a communication interface or any objects that are incompatible. therefore, the sentence ""their communication interface was incompatible"" is a contradiction to the image, as it does not entail the image's content."
1735,/data/ajaunarena/our_dataset/images/1146_0.jpg,They had difficulty understanding each other due to different communication styles.,entailment,"the image provided is a jigsaw puzzle with various colors and shapes, and it does not contain any text or depict any specific scene that would allow for a direct inference relationship with the sentence. therefore, it is not possible to determine whether the image entails or contradicts the sentence based on the visual content alone."
1736,/data/ajaunarena/our_dataset/images/1146_0.jpg,They understood each other perfectly and communicated effortlessly.,contradiction,"the image provided is a jigsaw puzzle with various colors and shapes, and it does not contain any text or depict any actions or interactions that would allow for an inference relationship with the sentence. therefore, it is not possible to determine whether the image entails or contradicts the sentence, as there is no logical relationship between the two."
1737,/data/ajaunarena/our_dataset/images/1308_1.jpg,Time hands wisdom to those who wait.,entailment,"the image provided appears to be an abstract or artistic representation, possibly of a water surface or a similar fluid medium, with light reflections or patterns. the sentence ""time hands wisdom to those who wait"" is a metaphorical statement about the value of patience and the idea that time can bring understanding or insight.

the relationship between the image and the sentence is not one of entailment or contradiction. they are not logically related to each other. the image is a visual representation, while the sentence is a philosophical or motivational statement. they are not connected in a way that one implies the other or contradicts it."
1738,/data/ajaunarena/our_dataset/images/1308_1.jpg,Experience creates understanding and knowledge over time.,entailment,"the image and the sentence do not have a direct inference relationship. the image appears to be an abstract pattern with no clear connection to the sentence. the sentence describes a process of gaining knowledge and understanding over time, which is not visually represented in the image. therefore, the relationship between the image and the sentence is one of contradiction, as the image does not convey the concept of experience creating understanding and knowledge over time."
1739,/data/ajaunarena/our_dataset/images/1308_1.jpg,Time passes without generating any wisdom or understanding.,contradiction,"the image you've provided appears to be an abstract or artistic representation, possibly of a water surface or a similar fluid medium, with reflections and light effects. the sentence you've provided is a philosophical statement about the passage of time and the lack of inherent wisdom or understanding that it brings.

the relationship between the image and the sentence is one of ""contradiction."" the image is a visual representation that can be interpreted in various ways, but it does not inherently convey the concept of time passing without generating wisdom or understanding. the sentence, on the other hand, is a statement about the nature of time and the human experience, which is not directly related to the visual content of the image. therefore, the sentence contradicts the image because it suggests a philosophical concept that is not visually represented in the image."
1740,/data/ajaunarena/our_dataset/images/455_0.jpg,Love is two hands completing one embrace.,entailment,"the image and the sentence have a relationship of entailment. the image shows a pattern of shapes that could be interpreted as two hands coming together to form an embrace. the sentence describes the concept of love as an embrace, which is a concept that can be inferred from the image. the image does not contradict the sentence; rather, it visually represents the idea of love as an embrace."
1741,/data/ajaunarena/our_dataset/images/455_0.jpg,Love requires mutual effort and participation to create emotional closeness.,entailment,"the image provided does not have a direct relationship with the sentence. it is an abstract image with no clear connection to the concept of love or the idea of mutual effort and participation. therefore, the relationship between the image and the sentence is neither entailment nor contradiction."
1742,/data/ajaunarena/our_dataset/images/455_0.jpg,Love is one person reaching out while the other pulls away.,contradiction,"the image provided is an abstract pattern of colors and shapes, and it does not depict a scene that directly relates to the sentence provided. therefore, the relationship between the image and the sentence is ""contradiction,"" as the image does not entail the concept of love as described in the sentence."
1743,/data/ajaunarena/our_dataset/images/1400_0.jpg,Events are racing down a highway of change.,entailment,"the image and the sentence have a relationship of entailment. the image depicts a pattern that could be interpreted as a highway or path, and the sentence describes events racing down a highway of change. the sentence is a more abstract and metaphorical description of the image's content, which is consistent with the visual representation."
1744,/data/ajaunarena/our_dataset/images/1400_0.jpg,External circumstances are developing and changing rapidly in a clear direction.,entailment,the image provided appears to be an abstract pattern with no clear direction or indication of rapid change. it does not entail or contradict the sentence provided. the sentence describes a situation that is not visually represented in the image.
1745,/data/ajaunarena/our_dataset/images/1400_0.jpg,"Events are stagnant and directionless, showing no signs of development.",contradiction,"the image depicts a pattern of shapes and colors that may appear to be stagnant and directionless, but it is not possible to determine if this description entails or contradicts the image based on the visual content alone. the sentence describes a state of events, which is not directly related to the visual content of the image. therefore, the relationship between the image and the sentence is neither entailment nor contradiction."
1746,/data/ajaunarena/our_dataset/images/1006_3.jpg,Laughter is a volatile compound of friendship.,entailment,"the image provided appears to be an abstract or colorful pattern, which does not have a direct relationship with the sentence ""laughter is a volatile compound of friendship."" the sentence is a statement about the nature of laughter and friendship, while the image is a visual representation that does not convey any specific meaning or relationship to the sentence. therefore, the relationship between the image and the sentence is one of contradiction, as the image does not entail or contradict the sentence."
1747,/data/ajaunarena/our_dataset/images/1006_3.jpg,Shared laughter is an essential but delicate component of friendship.,entailment,"the image and the sentence do not have a direct relationship, so it is neither entailment nor contradiction. they are unrelated."
1748,/data/ajaunarena/our_dataset/images/1006_3.jpg,"Laughter is a stable, unnecessary element of friendship.",contradiction,"the image and the sentence do not have a direct relationship, so it is not possible to determine if the image entails or contradicts the sentence. the image appears to be an abstract, colorful pattern, while the sentence is a statement about laughter and friendship. without a clear connection between the two, it is not possible to make an inference relationship determination."
1749,/data/ajaunarena/our_dataset/images/182_3.jpg,Love is the inheritance they share.,entailment,"the image provided does not contain any text or information that would allow for a direct inference relationship with the sentence. therefore, it is not possible to determine whether the image entails or contradicts the sentence based on the visual content alone."
1750,/data/ajaunarena/our_dataset/images/182_3.jpg,Their relationship is built on a foundation of mutual love passed down through experience.,entailment,"the image and the sentence do not have a direct relationship that can be described as entailment or contradiction. the sentence describes a conceptual relationship between love and experience, while the image appears to be an abstract or artistic representation that does not inherently convey the concept of love or experience. therefore, the relationship between the image and the sentence is neither entailment nor contradiction."
1751,/data/ajaunarena/our_dataset/images/182_3.jpg,Their relationship lacks any emotional investment or shared values.,contradiction,"the image and the sentence do not have a direct relationship, so it is not possible to determine if there is entailment or contradiction. the image is a visual representation, while the sentence is a statement in language. they do not inherently relate to each other in terms of logical relationships such as entailment or contradiction."
1752,/data/ajaunarena/our_dataset/images/1553_3.jpg,She labeled each obligation container with careful precision.,entailment,"the image and the sentence do not have a direct relationship, so it is neither entailment nor contradiction. they are independent of each other."
1753,/data/ajaunarena/our_dataset/images/1553_3.jpg,She organized and prioritized her responsibilities systematically.,entailment,"the image provided is an abstract pattern with no clear depiction of a person organizing responsibilities. therefore, the relationship between the image and the sentence is ""contradiction."" the sentence describes an action that is not visually represented in the image."
1754,/data/ajaunarena/our_dataset/images/1553_3.jpg,She approached her responsibilities randomly and without organization.,contradiction,"the image and the sentence have a relationship of contradiction. the image appears to be abstract and does not depict any specific scene or objects that would be associated with the sentence. the sentence describes a person's behavior, while the image does not provide any information about a person or their behavior. therefore, the image contradicts the sentence, as it does not support or follow from the sentence's content."
1755,/data/ajaunarena/our_dataset/images/1099_2.jpg,The conference was an intellectual buffet.,entailment,"the image depicts a colorful and chaotic assortment of objects, which does not directly relate to the sentence provided. the sentence describes a conference as an ""intellectual buffet,"" which implies a variety of intellectual topics or discussions. the image, however, does not depict a conference or any intellectual content. therefore, the relationship between the image and the sentence is one of contradiction."
1756,/data/ajaunarena/our_dataset/images/1099_2.jpg,The conference offered a wide variety of ideas and concepts to choose from.,entailment,"the image and the sentence have an entailment relationship. the image depicts a multitude of books, which suggests a wide variety of ideas and concepts, which is what the sentence is describing. the presence of numerous books implies that there are many different topics and perspectives to explore, which aligns with the sentence's description of a conference offering a wide variety of ideas and concepts."
1757,/data/ajaunarena/our_dataset/images/1099_2.jpg,The conference provided a limited and restricted range of ideas.,contradiction,"the image provided is a colorful, abstract, and somewhat chaotic collage of various shapes and forms. it does not depict a conference or a limited range of ideas. therefore, the relationship between the image and the sentence is ""contradiction."""
1758,/data/ajaunarena/our_dataset/images/585_3.jpg,The company digested the new acquisition slowly.,entailment,"the image provided does not have a direct relationship with the sentence. it appears to be an abstract or artistic image, possibly representing a cityscape or a complex system, but it does not provide information that would allow for a clear inference relationship with the sentence. therefore, the relationship between the image and the sentence is neither entailment nor contradiction."
1759,/data/ajaunarena/our_dataset/images/585_3.jpg,The company gradually integrated and adapted to the new business purchase.,entailment,"the image provided does not have a direct relationship with the sentence. it appears to be an abstract or artistic representation, possibly of a cityscape or a pattern, rather than a depiction of a company or its integration process. therefore, the relationship between the image and the sentence is neither entailment nor contradiction, as they are not related in any meaningful way."
1760,/data/ajaunarena/our_dataset/images/585_3.jpg,The company rushed to implement changes without proper integration.,contradiction,"the image provided does not contain any text or information that would allow for a direct inference relationship with the sentence. therefore, it is not possible to determine whether the image entails or contradicts the sentence based on the visual content alone."
1761,/data/ajaunarena/our_dataset/images/1050_3.jpg,Love is a winding road with unexpected turns.,entailment,"the image and the sentence do not have a direct relationship, so it is neither entailment nor contradiction. they are unrelated."
1762,/data/ajaunarena/our_dataset/images/1050_3.jpg,Romantic relationships are unpredictable and can take unexpected directions throughout their course.,entailment,"the image provided is an abstract pattern with no discernible content that could be related to romantic relationships. therefore, there is no inference relationship between the image and the sentence. the sentence is a statement about romantic relationships, while the image is a visual representation that does not convey any information about romantic relationships or their unpredictability."
1763,/data/ajaunarena/our_dataset/images/1050_3.jpg,"Love is completely predictable and follows a straight, unchanging path.",contradiction,"the image provided is an abstract pattern with no discernible content that could be related to the sentence. therefore, there is no inference relationship between the image and the sentence. the sentence is a statement about love, and the image does not provide any information that could be used to infer or contradict the statement."
1764,/data/ajaunarena/our_dataset/images/1911_2.jpg,Each fork in the road branches into new horizons.,entailment,"the image and the sentence have an entailment relationship. the image depicts a colorful, abstract design that could be interpreted as a series of forks in the road, each leading to new horizons. the sentence describes a similar concept, where each fork in the road represents a new path or direction. the image visually represents the idea of multiple paths or directions, which is what the sentence is describing."
1765,/data/ajaunarena/our_dataset/images/1911_2.jpg,Every decision point presents multiple opportunities for different outcomes.,entailment,"the image and the sentence do not have a direct relationship, so it is not possible to determine if the sentence entails or contradicts the image. the sentence is a philosophical statement about decision-making, while the image is an abstract representation of colors and shapes. they do not have a logical relationship, so the terms ""entailment"" and ""contradiction"" do not apply in this context."
1766,/data/ajaunarena/our_dataset/images/1911_2.jpg,"Life presents no choices and follows a single, predetermined route.",contradiction,"the image and the sentence have a contradiction relationship. the image depicts a vibrant, colorful abstract design that suggests a sense of freedom and choice, which is the opposite of the sentence's statement that life presents no choices and follows a single, predetermined route."
1767,/data/ajaunarena/our_dataset/images/230_3.jpg,We're traversing the rocky valleys of our past.,entailment,"the image provided appears to be an abstract or abstracted representation of a landscape, possibly a mountainous or rocky terrain. the sentence ""we're traversing the rocky valleys of our past"" is a metaphorical description of a journey or exploration through difficult or challenging experiences or memories.

the relationship between the image and the sentence is one of ""entailment."" the image does not directly depict a journey or exploration, but it does evoke a sense of ruggedness and challenge that could be associated with the metaphorical journey described in the sentence. the image's abstract nature allows for multiple interpretations, and the sentence provides a narrative context that can be inferred from the image."
1768,/data/ajaunarena/our_dataset/images/230_3.jpg,We're experiencing difficult periods from previous times in our lives.,entailment,"the image you've provided appears to be an abstract or fractal-like pattern with various shapes and colors. the sentence you've given describes a personal emotional state or experience.

the relationship between the image and the sentence is not one of entailment or contradiction. entailment would imply that the image directly conveys the emotional state described in the sentence, which it does not. contradiction would imply that the image contradicts the sentence, which it also does not.

the image and the sentence are related in a more general sense, as they both deal with the concept of complexity or difficulty, but they are not logically related in the way that entailment or contradiction would imply."
1769,/data/ajaunarena/our_dataset/images/230_3.jpg,Our past experiences are completely disconnected and have no path to follow.,contradiction,"the image you've provided appears to be an abstract or fractal-like pattern, which is not directly related to the sentence you've provided. the sentence describes a conceptual relationship between past experiences and the ability to follow a path.

given that the image is abstract and does not depict a clear path or connection between past experiences, it is not possible to infer a relationship of entailment or contradiction between the image and the sentence. the sentence is a statement about a conceptual relationship, while the image is a visual representation that does not inherently convey the same concept."
1770,/data/ajaunarena/our_dataset/images/350_1.jpg,She stands firm like a deeply rooted tree in emotional storms.,entailment,"the image and the sentence do not have a direct inference relationship. the image depicts a colorful, abstract pattern that does not inherently convey the idea of a person standing firm in emotional storms. the sentence is a metaphorical description of a person's emotional strength, which is not visually represented in the image. therefore, the relationship between the image and the sentence is one of contradiction, as the image does not depict the concept described in the sentence."
1771,/data/ajaunarena/our_dataset/images/350_1.jpg,She maintains emotional stability even during challenging situations.,entailment,"the image provided does not have a direct relationship with the sentence. it is an abstract image with no clear connection to the sentence. therefore, the relationship between the image and the sentence is neither entailment nor contradiction."
1772,/data/ajaunarena/our_dataset/images/350_1.jpg,She crumbles and loses control at the slightest emotional disturbance.,contradiction,"the image and the sentence do not have a direct relationship, so it is not possible to determine if the sentence entails or contradicts the image. the image appears to be an abstract representation of colors and shapes, while the sentence describes a person's emotional behavior. without a clear connection between the two, it is not possible to make an inference relationship determination."
1773,/data/ajaunarena/our_dataset/images/580_0.jpg,He devoured every opportunity that came his way.,entailment,"the image and the sentence do not have a direct inference relationship. the image depicts a colorful, abstract pattern, while the sentence is a statement about a person's actions. there is no logical connection between the two that would allow for a determination of entailment or contradiction."
1774,/data/ajaunarena/our_dataset/images/580_0.jpg,He eagerly seized and took advantage of every opportunity presented to him.,entailment,"the image provided does not have a direct relationship with the sentence. it is a colorful abstract image that does not depict any specific action or scene that would be related to the sentence. therefore, the relationship between the image and the sentence is neither entailment nor contradiction."
1775,/data/ajaunarena/our_dataset/images/580_0.jpg,He ignored and let pass every opportunity that appeared.,contradiction,"the image you've provided appears to be a colorful, abstract pattern with no discernible objects or shapes that could be associated with the sentence you've provided. therefore, there is no inference relationship between the image and the sentence. the sentence is a statement about a person's actions, while the image is purely visual and does not convey any information about actions or opportunities."
1776,/data/ajaunarena/our_dataset/images/600_2.jpg,Her feet are firmly planted in reality.,entailment,"the image provided appears to be an abstract or surreal representation of a landscape, with colors and shapes that do not correspond to a realistic scene. the sentence ""her feet are firmly planted in reality"" is a statement about a person's actions or beliefs.

given the nature of the image, which is not a realistic depiction of a landscape, and the sentence, which is a statement about a person, there is no direct relationship between the two. therefore, the relationship between the image and the sentence is neither entailment nor contradiction. they are independent statements that do not logically relate to each other."
1777,/data/ajaunarena/our_dataset/images/600_2.jpg,She maintains a stable and balanced emotional state in her daily life.,entailment,"the image provided is an abstract and colorful pattern, which does not depict a person or any emotional state. therefore, there is no inference relationship between the image and the sentence. the sentence is a description of a person's emotional state, which is not visually represented in the image."
1778,/data/ajaunarena/our_dataset/images/600_2.jpg,Her emotional state is erratic and disconnected from reality.,contradiction,"the image provided appears to be an abstract, colorful pattern with no clear depiction of a person or their emotional state. therefore, it is not possible to determine the inference relationship between the image and the sentence you provided. the sentence describes a person's emotional state, while the image is an abstract representation of colors and shapes. there is no direct connection or relationship between the two."
1779,/data/ajaunarena/our_dataset/images/640_0.jpg,The alcohol demolished his composure like a wrecking ball.,entailment,"the image and the sentence do not have a direct relationship, so it is not possible to determine if the sentence entails or contradicts the image. the image appears to be an abstract pattern with no clear connection to the sentence."
1780,/data/ajaunarena/our_dataset/images/640_0.jpg,The person became increasingly uncoordinated and lost self-control as they became more intoxicated.,entailment,"the image and the sentence do not have a direct inference relationship. the image appears to be an abstract pattern with no clear connection to the sentence provided. the sentence describes a person's behavior, while the image is purely visual and does not convey any information about a person's behavior or intoxication. therefore, the relationship between the image and the sentence is neither entailment nor contradiction."
1781,/data/ajaunarena/our_dataset/images/640_0.jpg,The alcohol enhanced his coordination and improved his self-control.,contradiction,"the image and the sentence are in a relationship of contradiction. the image depicts a chaotic and fragmented pattern, which is not consistent with the sentence's description of alcohol enhancing coordination and improving self-control."
1782,/data/ajaunarena/our_dataset/images/650_2.jpg,The facts lined up perfectly in the investigation.,entailment,"the image you've provided appears to be an abstract or artistic representation, possibly representing a concept or idea rather than a literal depiction of an investigation. it's not possible to determine an entailment or contradiction relationship between the image and the sentence because the sentence is not related to the content of the image. the sentence is a description of an investigation, which is not directly related to the visual content of the image."
1783,/data/ajaunarena/our_dataset/images/650_2.jpg,The evidence and information gathered during the investigation were logically consistent and supported the conclusion.,entailment,"the image provided appears to be an abstract digital art piece with various shapes and colors, and it does not have a direct relationship with the sentence provided. the sentence describes a logical consistency and support for a conclusion based on evidence and information gathered during an investigation.

therefore, the relationship between the image and the sentence is ""contradiction,"" as the image does not depict or convey the concept of logical consistency or evidence-based conclusions."
1784,/data/ajaunarena/our_dataset/images/650_2.jpg,"The facts were scattered and disconnected, providing no clear direction in the investigation.",contradiction,"the image you've provided appears to be an abstract composition of various shapes and colors, which does not directly relate to the sentence you've provided. the sentence describes a situation where facts were scattered and disconnected, providing no clear direction in an investigation.

given that the image is abstract and does not depict a clear investigation or scattering of facts, it is not possible to determine an entailment or contradiction relationship between the image and the sentence. the sentence is a description of a situation, and the image is a visual representation that does not correspond to the described situation."
1785,/data/ajaunarena/our_dataset/images/680_2.jpg,His jokes left deep emotional scars that never fully healed.,entailment,"the image and the sentence do not have a direct relationship, so it is not possible to determine if the sentence entails or contradicts the image. the image appears to be an abstract or artistic representation, and the sentence is a description of a person's emotional state. without a clear connection between the two, it is not possible to make an inference relationship determination."
1786,/data/ajaunarena/our_dataset/images/680_2.jpg,The humorous remarks had lasting positive effects on people's emotional well-being.,entailment,"the image and the sentence have an entailment relationship. the image depicts a colorful, chaotic, and somewhat abstract arrangement of shapes and forms that could be interpreted as a visual representation of humorous remarks. the sentence describes the positive effects of humor on emotional well-being, which is a concept that could be associated with the image's chaotic and vibrant nature. the sentence does not contradict the image; rather, it provides a context or explanation for the image's content."
1787,/data/ajaunarena/our_dataset/images/680_2.jpg,His jokes had no lasting impact and were immediately forgotten.,contradiction,"the image and the sentence do not have a direct relationship, so it is not possible to determine if the sentence entails or contradicts the image. the image appears to be a colorful, abstract design with no clear connection to the sentence provided."
1788,/data/ajaunarena/our_dataset/images/740_3.jpg,Her feelings raced through her mind like a speeding train.,entailment,"the image and the sentence have a relationship of entailment. the image depicts a blurred, fast-moving scene that could be interpreted as a train speeding by, which is consistent with the sentence describing her feelings racing through her mind. the sentence does not contradict the image; instead, it provides a metaphorical interpretation of the visual content."
1789,/data/ajaunarena/our_dataset/images/740_3.jpg,She experienced rapidly changing emotions that felt intense and overwhelming.,entailment,"the image appears to be a blurry, abstract representation of a scene, possibly with a focus on light and color. it does not provide enough specific information to determine if it entails or contradicts the sentence you provided. the sentence describes a subjective emotional experience, which is not directly related to the visual content of the image. therefore, it is not possible to determine the inference relationship between the image and the sentence based on the information provided."
1790,/data/ajaunarena/our_dataset/images/740_3.jpg,"Her emotions were static and unchanging, remaining completely still within her.",contradiction,"the image provided is a blurry, abstract representation of what appears to be a cityscape or a crowd of people. it is not possible to determine the emotions of a person from this image. therefore, the relationship between the image and the sentence is ""contradiction,"" as the sentence describes emotions that are not visible or discernible from the image."
1791,/data/ajaunarena/our_dataset/images/80_2.jpg,Possessions are the anchors of property ownership.,entailment,"the image and the sentence do not have a direct relationship, so it is neither entailment nor contradiction. they are unrelated."
1792,/data/ajaunarena/our_dataset/images/80_2.jpg,Physical items and belongings serve as tangible proof of property ownership rights.,entailment,"the image and the sentence have an entailment relationship. the image depicts a collection of colorful shapes and patterns, which may be interpreted as a visual representation of various items and belongings. the sentence, ""physical items and belongings serve as tangible proof of property ownership rights,"" is a statement that logically follows from the image, as the image visually represents the concept of physical items and belongings."
1793,/data/ajaunarena/our_dataset/images/80_2.jpg,Possessions have no connection to property ownership and provide no evidence of rights.,contradiction,"the image and the sentence are related through a relationship of contradiction. the image depicts a colorful, abstract pattern, which does not inherently relate to the concept of property ownership or rights. the sentence, on the other hand, discusses the relationship between possessions and property ownership, which are distinct concepts. the image does not provide any evidence or support for the sentence's statement about possessions and property ownership."
