predicted_metaphor_A,predicted_metaphor_B,Qwen/Qwen3-32B_score,Qwen/Qwen3-32B_generation
Her sobriety crumbled under the heavy load of cocktails.,Each cocktail chipped away at her lucidity.,B,"Feedback: Both metaphors address the loss of self-control due to drinking, but they differ in imagery and alignment with the implicit meaning. Response A uses ""crumbled under the heavy load of cocktails,"" implying a sudden collapse under pressure. While this suggests a breakdown, the metaphor is somewhat generic and conflates physical weight with abstract sobriety. Response B, ""each cocktail chipped away at her lucidity,"" employs a gradual, cumulative process, mirroring how self-control erodes incrementally with each drink. This metaphor is more vivid, imaginative, and directly ties the action of drinking to the erosion of mental clarity. Both convey the core idea, but B’s imagery better reflects the progressive nature of losing self-control, aligning more closely with the implicit meaning. [RESULT] B"
"Like a path's gradient, the scale rises steadily upward.",Ascending mountain waters rise.,A,"Feedback: Response A and Response B both convey upward motion, but differ in clarity and alignment with the implicit meaning of ""gradual, consistent increase or progress."" Response A explicitly mentions ""steadily upward,"" directly mirroring the concept of consistency, while its ""path's gradient"" is a familiar, concrete metaphor that aligns closely with the idea of measurable, incremental progress. Response B uses ""ascending mountain waters,"" which evokes a natural, flowing image but lacks the explicit clarity of ""steadily"" and risks ambiguity about consistency. The mountain imagery in B is vivid but less precise in capturing the steady, deliberate tone of the implicit meaning. Both metaphors are coherent, but A’s structure (a simile with a clear comparison) ensures stronger alignment with the intended concept, whereas B’s abstract phrasing slightly weakens its connection. [RESULT] A"
Ovals are cradles of curved harmony.,"Eggs form harmony with their soft, round edges.",A,"Feedback: Both responses use ""harmony"" to align with the implicit meaning of balance, but differ in imagery and generality. Response A's ""cradles of curved harmony"" is more imaginative and abstract, evoking a sense of nurturing balance and fluid curves, which closely mirrors the idea of perfect balance and gentle flow. Response B's ""eggs form harmony with their soft, round edges"" is more literal and specific to eggs, which are a subset of ovals, but lacks the same level of imaginative depth. While both convey gentleness, A’s metaphor is broader and more vividly poetic, better capturing the abstract concept of ovals as universally balanced and flowing. [RESULT] A"
His heart was spun from the finest glass.,A heart as fragile as glass.,A,"Feedback: Both responses convey the fragility implied in the implicit meaning, but they differ in originality and depth. Response A uses a metaphor (""spun from the finest glass"") that evokes a vivid, multi-layered image of fragility intertwined with artistry and delicacy, aligning closely with the tone of ""delicate emotions."" The word ""spun"" adds dynamism and craftsmanship, enhancing the imagery. Response B (""as fragile as glass"") is a direct simile that clearly states fragility but lacks imaginative depth and feels generic, focusing solely on physical breakability without evoking emotional nuance. While both meet the core requirement of fragility, Response A more effectively captures the ""delicate"" aspect through its creative and coherent metaphor. [RESULT] A"
The light poured through the window like a gentle stream.,"Sunlight whispered in, gradually brightening the room.",B,"Feedback: Both metaphors convey smooth, graceful light entry, but Response B uses personification (""whispered"") to create a more vivid, imaginative image that subtly emphasizes gradualness and gentleness. Response A's ""gentle stream"" is a clear comparison but relies on a common metaphor, making it less original. B aligns more closely with the implicit meaning through its nuanced sensory imagery and originality. [RESULT] B"
Their vision has reached its home.,They brought their vision to life's rich loom.,B,"Feedback: Both metaphors convey the implicit meaning of a realized goal or dream, but they differ in vividness and originality. Response A uses ""home"" as a metaphor for the destination of a vision, which is coherent but lacks imaginative depth. It suggests completion but does not evoke strong imagery. Response B employs ""life's rich loom,"" a more vivid and layered metaphor, implying the weaving of a vision into existence. This aligns closely with the implicit meaning through its dynamic, creative imagery, enhancing both clarity and imagination. While both are coherent, B’s metaphor is more original and evocative. [RESULT] B"
Each idea is a seed that needs fertile soil to grow.,Nurture ideas in fertile minds.,B,"Feedback: Both metaphors address the implicit meaning that ideas require nurturing and a suitable environment. Response A uses a classic seed-soil metaphor, which is vivid and clear but somewhat conventional. Response B employs ""fertile minds"" as the environment, offering a more original twist while explicitly emphasizing the nurturing action. While A’s imagery is more concrete and universally relatable, B’s metaphor is more imaginative and directly incorporates the verb ""nurture,"" aligning more closely with the implicit meaning’s emphasis on active care. B’s use of ""fertile minds"" is slightly less vivid but more innovative, making it a stronger representation of the intended concept. [RESULT] B"
Their arms encircle vast resources.,They hold the keys to vast riches.,B,"Feedback: Both metaphors convey the implicit meaning of controlling resources/wealth, but differ in vividness and clarity. ""Arms encircle"" (A) offers a more abstract, imaginative image of encompassing resources, while ""keys to vast riches"" (B) uses a conventional metaphor directly linking control to access. B is more vivid and coherent, as ""keys"" strongly imply authority over wealth, aligning closely with the implicit meaning. A’s imagery is less direct, making the connection to possession slightly less clear. [RESULT] B"
The new theory is a direct descendant of classical mechanics.,Body armor: a soldier's shielded heart.,A,"Feedback: Response A directly uses the familial metaphor of ""descendant,"" which clearly aligns with the implicit meaning of lineage and close relation between the new theory and classical mechanics. The imagery is straightforward and coherent, though not particularly imaginative. Response B employs the metaphor of ""body armor"" and ""shielded heart,"" which is vivid and imaginative but lacks a clear connection to the concept of evolutionary lineage or close theoretical relation. While both responses differ in their alignment with the implicit meaning—A is precise and literal, B is abstract and unrelated—A better fulfills the criteria of accuracy and clarity. [RESULT] A"
Time is a precious mineral being mined away.,Sands of time slip through your fingers.,B,"Feedback: Both metaphors address the value and finite nature of time. Response A uses a ""precious mineral"" to suggest rarity and extraction, which aligns with the implicit meaning but may lack the immediacy of depletion. Response B's ""sands slipping through fingers"" is a classic, vivid image that strongly evokes gradual loss and fragility, directly mirroring the hourglass concept. While A offers a more original metaphor, B's imagery is more universally relatable and vividly conveys the depletion aspect. [RESULT] B"
The supervisor shifted responsibility to the team leads.,Bosses handed off the reins.,B,"Feedback: Response A is a literal statement (""shifted responsibility"") and not a metaphor, while Response B (""handed off the reins"") uses a metaphor. Both convey the transfer of duty, but B’s imagery is more vivid and metaphorical, though ""reins"" slightly emphasizes control over burden. A lacks metaphorical creativity but is direct. B aligns better with the implicit meaning’s tone and uses stronger, if not perfectly precise, metaphor. [RESULT] B"
We're just gathering supplies for the long expedition ahead.,Gathering arrows for the long battle ahead.,B,"Feedback: Both responses use the metaphor of gathering resources for a prolonged future event, aligning with the implicit meaning of preparing for a challenging journey. Response A (""supplies for the long expedition"") uses generic, neutral imagery, which is coherent but lacks vividness or emotional weight. Response B (""arrows for the long battle"") introduces a more specific and evocative image, with ""arrows"" symbolizing readiness for conflict and ""battle"" emphasizing struggle, directly enhancing the metaphor's connection to challenge. While both convey preparation, B’s imagery is more vivid, imaginative, and precisely reflects the ""challenging"" aspect of the implicit meaning. [RESULT] B"
They guided the economy toward recovery.,Theirs were the actions that sparked the economic flame.,A,"Feedback: Response A directly conveys the economy as a physical entity being ""guided,"" which aligns precisely with the implicit meaning of steering or directing. Response B uses ""sparked the economic flame,"" which is more metaphorical but focuses on igniting rather than steering. While B offers slightly more vivid imagery (flame), it diverges from the implicit meaning’s emphasis on direction. Both responses treat the economy as a physical entity, but A’s imagery is more coherent with the intended concept of steering. [RESULT] A"
The load of inebriation dragged him down with each step.,His steps were sea-sawed by stumbling sobriety.,A,"Feedback: Both metaphors aim to convey the difficulty of movement caused by drunkenness, but they differ in clarity and alignment with the implicit meaning. Response A uses ""load of inebriation"" and ""dragged him down,"" directly linking drunkenness to physical burden and impaired movement. The imagery is vivid, coherent, and unambiguous, aligning closely with the intended meaning. Response B employs ""sea-sawed by stumbling sobriety,"" which is less effective due to the contradictory use of ""sobriety"" (opposite of the intended state) and ""sea-sawed,"" which evokes erratic motion but lacks the explicit burden implied in the implicit meaning. While B attempts creativity, its imagery is confusing and less precise. Response A is more imaginative, accurate, and consistent with the reference. [RESULT] A"
Her time portfolio was diversified across multiple activities.,"tags. Remember, it must be 10 words or fewer, and should consist only of the metaphor itself.

<metaphor>Reaping the rewards of hard work.",A,"Feedback: Response A directly uses financial terminology (""portfolio,"" ""diversified"") to align with the implicit meaning of time management as investment strategy, creating a clear and vivid analogy. Response B (""Reaping the rewards of hard work"") lacks financial imagery and instead focuses on effort and outcomes, which is a more generic metaphor. While both imply a relationship between input and output, A's specificity and coherence with the investment theme make it more imaginative and accurate. [RESULT] A"
Her fury radiated like a desert sun.,A furious storm in her heart.,A,"Feedback: Both metaphors use natural phenomena to represent intense anger, but they differ in alignment with the implicit meaning. ""Her fury radiated like a desert sun"" (A) directly captures ""spreading outward with scorching intensity"" through ""radiated"" and the desert sun's inherent heat, creating vivid, coherent imagery. ""A furious storm in her heart"" (B) conveys intensity but localizes the anger internally (""heart"") and lacks the explicit outward spread or scorching heat. A is more imaginative and precise in reflecting the implicit meaning, while B uses a generic metaphor with weaker alignment. [RESULT] A"
The bridge across troubled waters led to their transformation.,"Through chaos, they sailed a steady course.",A,"Feedback: Both metaphors convey overcoming difficulties leading to positive change, but they differ in imagery and directness. Response A uses ""bridge across troubled waters"" to imply a structured path through hardship, culminating in ""transformation,"" which directly ties to positive change. Response B employs ""sailed a steady course"" through chaos, emphasizing resilience but less explicitly linking to transformation. A’s imagery is more vividly aligned with the implicit meaning, as ""transformation"" explicitly signals positive change, while B’s ""steady course"" implies stability rather than metamorphosis. Both are coherent, but A’s metaphor is more imaginative and precise in capturing the intended concept. [RESULT] A"
The checkout counter of commitment awaits our final choices.,"Choices made, irrevocable commitments given.",A,"Feedback: Response A employs a vivid and specific metaphor by referencing a ""checkout counter,"" directly aligning with the implicit meaning of purchasing decisions as a parallel to relationship choices. The imagery is coherent and imaginative, evoking the finality and structured process of a store transaction. Response B, while capturing the concept of irrevocability, lacks the store-related imagery and metaphorical depth, making it more abstract and less aligned with the implicit analogy. Both address finality, but Response A’s use of ""checkout counter"" and ""final choices"" creates a clearer, more imaginative connection to the purchasing metaphor. [RESULT] A"
Their support was a balm that soothed her anxiety.,"With every step, she climbed towards success.",A,"Feedback: Response A and Response B differ significantly in their alignment with the implicit meaning of ""emotional comfort and healing."" Response A uses ""balm,"" a direct and vivid metaphor for soothing and healing, which closely matches the intended concept. The imagery is coherent, as ""balm"" inherently suggests relief and care. Response B, while evoking determination and progress through ""climbing,"" lacks a clear connection to emotional comfort or healing. Its imagery is less specific to the implicit meaning, focusing instead on effort and achievement. Both responses use action verbs, but A’s metaphor is more imaginative and precise in capturing the emotional healing theme. [RESULT] A"
Their research and development was an arms race for innovation.,Racing to unveil innovative creations.,A,"Feedback: Both metaphors address competition and speed, but Response A (""arms race for innovation"") more vividly captures the intense, high-stakes escalation inherent in the implicit meaning. ""Arms race"" evokes historical urgency and mutual escalation, aligning strongly with the concept of rapid, competitive advancement. Response B (""racing to unveil innovative creations"") is simpler but less specific, focusing on the act of revealing rather than the systemic, high-pressure competition implied by ""arms race."" While B is coherent, A’s imagery is more evocative and thematically precise. [RESULT] A"
Here is the anchor of being.,"Living in the here and now, moment by moment.",A,"Feedback: Response A uses the metaphor of an ""anchor of being,"" which directly evokes the imagery of stability and grounding through the established metaphor of an anchor (a symbol of steadfastness). It is concise, vivid, and closely aligns with the implicit meaning. Response B, ""living in the here and now,"" conveys a sense of present-moment awareness but is more abstract and less directly tied to the concept of grounding in existence. While both aim to express stability, A’s metaphor is more imaginative and precise in capturing the physical and existential grounding implied in the reference, whereas B leans toward temporal focus rather than foundational stability. [RESULT] A"
The burden of beer weighed down his eyelids.,The drink took him to dreamland.,B,"Feedback: Both metaphors convey drowsiness from alcohol, but differ in imagery and originality. Response A uses the physical metaphor of ""burden of beer"" to describe heavy eyelids, which is vivid but somewhat literal. Response B employs the abstract metaphor of ""dreamland,"" linking the drink directly to a state of sleepiness with a more imaginative and concise image. While A’s imagery is concrete and familiar, B’s metaphor is more original and evokes a stronger sense of transition into drowsiness. Both align with the implicit meaning, but B’s phrasing is more imaginative and concise, capturing the intended concept with greater creative flair. [RESULT] B"
Our possessions are the keys to property doors.,Belongings pave the way for personal growth.,A,"Feedback: Both metaphors attempt to link material possessions to access or outcomes, but they differ in alignment with the implicit meaning. Response A uses ""keys to property doors,"" which directly ties possessions to access (""keys"") and implies a tangible, structured system (""doors""). However, ""property doors"" is vague and less vivid, potentially conflating literal property with social access. Response B employs ""pave the way for personal growth,"" which is more vivid but misaligns with the implicit focus on social status and opportunities; ""personal growth"" shifts the metaphor toward self-development rather than external access. While A’s imagery is clearer and more structurally aligned with the concept of access, B’s metaphor diverges in purpose. A captures the core idea more directly, though both lack imaginative depth. [RESULT] A"
She ran herself into a better situation.,She climbed out of her predicament.,B,"Feedback: Both metaphors use physical action to convey progress, but they differ in clarity and alignment with the implicit meaning. ""She ran herself into a better situation"" relies on the phrase ""ran into,"" which typically implies accidental collision, creating ambiguity about intentional effort. The metaphor conflates effort (running) with unintended outcomes, weakening its coherence. In contrast, ""She climbed out of her predicament"" directly links effort (climbing) and determination to escaping a problem, using a clear upward trajectory to symbolize progress. While both metaphors use active verbs, ""climbed out"" is more vivid, coherent, and unambiguously aligned with the implicit meaning of intentional progress through perseverance. [RESULT] B"
Her missing pieces became poisoned arrows.,Her heart ached with the weight of her wanting.,A,"Feedback: Both metaphors address internal struggles, but Response A more directly aligns with the implicit meaning that personal deficiencies have become harmful weapons. ""Poisoned arrows"" vividly and imaginatively transforms missing pieces into active, damaging tools, while ""weight of her wanting"" evokes emotional burden without clearly weaponizing the trauma. Response B’s imagery is coherent but lacks the direct connection to causing harm to others. Response A’s metaphor is more original, coherent, and precise in capturing the intended concept. [RESULT] A"
Their dominion rocketed skyward.,They seized power with lightning speed.,A,"Feedback: Both metaphors convey rapidity and power acquisition, aligning with the implicit meaning. ""Rocketed skyward"" (A) offers vivid, imaginative imagery of upward momentum, suggesting sustained growth and success. ""Lightning speed"" (B) effectively emphasizes swiftness but uses a more conventional metaphor and focuses more on the act of seizing power than the broader rise. A’s imagery is more original and evokes a clearer sense of trajectory and expansion, while B is direct but less distinctive. [RESULT] A"
Her eyes embraced the entire scene.,Absorbed the entire tableau in one gaze.,B,"Feedback: Both responses aim to convey the act of taking in a scene with care and attention. Response A uses ""embrace,"" a metaphor that evokes a sense of warmth and completeness, aligning with the idea of thorough visual engagement. However, ""embrace"" is more physical in connotation, which may slightly dilute the visual focus. Response B employs ""absorbed,"" a direct and vivid verb that clearly conveys total intake, paired with ""tableau,"" a precise term for a visual scene. The phrase ""in one gaze"" reinforces the visual and focused nature of the action. While both metaphors are coherent, B’s imagery is more specific and tightly aligned with the implicit meaning of visual attention, making it more imaginative and accurate. [RESULT] B"
Each crossroad is a gateway to new adventures.,Crossroads: gates to new growth.,A,"Feedback: Both responses use ""crossroads"" as a metaphor for life choices, aligning with the implicit meaning of decisions leading to opportunities. Response A (""gateway to new adventures"") employs a more vivid and relatable image of ""adventures,"" directly evoking the excitement and uncertainty of opportunities. Response B (""gates to new growth"") is slightly less specific, as ""growth"" is abstract and may imply development rather than immediate possibilities. While both are coherent, A’s imagery is more imaginative and directly ties to the concept of opportunities, whereas B’s phrasing feels slightly generic. [RESULT] A"
The street lamps' glow pooled beneath each post.,She fought her way upward.,A,"Feedback: Response A effectively captures the implicit meaning by using ""pooled"" to directly evoke liquid-like accumulation, aligning with light collecting on the ground. The imagery is vivid and coherent, creating a clear visual of light behaving like a liquid. Response B, however, is unrelated to the implicit meaning, as ""fought her way upward"" conveys struggle and vertical movement, not the horizontal spread or pooling of light. While both are metaphors, A’s specificity and alignment with the reference are significantly stronger. [RESULT] A"
Good habits are deposits in the bank of success.,Consistency seeds Great Success.,A,"Feedback: Both metaphors address the accumulation of good habits leading to success. Response A uses the ""bank of success"" metaphor, which vividly ties deposits (habits) to a structured, incremental process of building wealth (success), aligning closely with the implicit meaning. Its imagery is coherent and widely relatable. Response B employs ""seeds"" to imply growth, but the phrasing ""seeds Great Success"" is less vivid and slightly abstract, lacking the structured progression of A. While B captures the accumulation concept, its imagery is less precise and original compared to A. Response A better conveys the intended concept through clearer, more imaginative representation. [RESULT] A"
Their laughter catalyzed a chain reaction of joy.,Their laughter ignited a Glee epidemic.,B,"Feedback: Both metaphors convey happiness spreading, but differ in vividness and originality. ""Catalyzed a chain reaction of joy"" (A) uses scientific imagery to imply a sequential spread, aligning with the implicit meaning but lacking emotional intensity. ""Ignited a Glee epidemic"" (B) employs ""ignited"" for dynamic action and ""epidemic"" to emphasize rapid, widespread contagion, creating more vivid and imaginative imagery. While ""epidemic"" risks a negative connotation, its boldness enhances memorability and aligns closely with the intended concept of rapid transmission. B’s originality and stronger emotional resonance outpace A’s generic phrasing. [RESULT] B"
Being paints itself on the canvas of space.,Life blossoms in three dimensions.,A,"Feedback: Both metaphors use spatial imagery to reflect the implicit meaning of existence manifesting in the universe. Response A employs ""being"" and ""canvas of space,"" which directly aligns with ""existence"" and ""universe,"" offering a more precise conceptual match. The act of ""painting"" suggests active creation and spread, vividly conveying manifestation. Response B uses ""life"" and ""blossoms,"" which is narrower in scope (life vs. existence) and less directly tied to universal scale, though ""blossoms"" evokes growth. However, ""three dimensions"" is generic and less imaginative than ""canvas of space."" Both are coherent, but Response A’s imagery is more original, vivid, and conceptually aligned with the implicit meaning. [RESULT] A"
"She's like a battery in power-saving mode, conserving her energy for important moments.","Thrifty energy, wisely spent.",A,"Feedback: Both responses capture the implicit meaning of carefully managing energy, but they differ in vividness and imagery. Response A uses a concrete, modern metaphor (a battery in power-saving mode) to evoke a clear, relatable image of conserving energy for critical moments, aligning well with the tone and specificity of the implicit meaning. Response B employs a more abstract phrase (""thrifty energy, wisely spent"") that conveys the concept but lacks the vivid, imaginative imagery of Response A. While B is concise and accurate, A’s metaphor is more original and visually engaging, making it a stronger representation of the intended idea. [RESULT] A"
The design journeyed into existence.,Design's seeds began to unfurl and bloom.,B,"Feedback: Both metaphors convey movement as part of creation, but Response B uses the botanical imagery of ""seeds unfurling and blooming"" to more vividly depict a gradual, transformative process. Response A's ""journeyed into existence"" is abstract and lacks the tangible progression implied by the metaphor of growth in B. While A suggests motion, B's layered imagery (seeds → unfurl → bloom) aligns more closely with the implicit meaning of incremental transformation. B is more imaginative and precise in capturing the concept. [RESULT] B"
Their shared qualities are traded like valuable commodities.,People forge their identities through social interchange.,A,"Feedback: Response A directly uses ""valuable commodities"" and ""traded,"" aligning closely with the implicit meaning of personal traits as precious, exchangeable items. Its imagery is vivid and concrete, clearly evoking the act of exchanging value. Response B, while coherent, uses ""forge"" and ""social interchange,"" which emphasizes identity formation through interaction rather than the exchange of precious traits. This makes B’s connection to the implicit meaning weaker and less specific. Both are coherent, but A’s metaphor is more imaginative and precise in capturing the intended concept. [RESULT] A"
She elevated her position of power.,"She seized the reins, asserting command.",B,"Feedback: Both responses convey the implicit meaning of rising to a higher status, but they differ in imagery and originality. Response A (""elevated her position of power"") uses a literal, straightforward phrasing that aligns with the meaning but lacks metaphorical depth or vivid imagery. It is clear but generic, relying on abstract terms rather than evocative language. Response B (""seized the reins, asserting command"") employs a more vivid and traditional metaphor (reins as a symbol of control) to depict authority and action. While the imagery in B is somewhat common, it is more dynamic and directly ties to the concept of taking charge, enhancing coherence and imaginative engagement. The difference lies in B’s stronger metaphorical structure and evocative action, which better align with the criteria for clarity, accuracy, and originality. [RESULT] B"
The mind's operating system needs occasional rebooting through sleep.,Sleep recharges the mind's battery.,A,"Feedback: Both metaphors use technology to convey that the mind needs rest, but Response A (""The mind's operating system needs occasional rebooting through sleep"") more precisely aligns with the implicit meaning of a system requiring a reset. ""Rebooting"" directly parallels the idea of a computer restarting to function properly, while ""recharges the mind's battery"" (Response B) focuses on energy restoration, which is less specific to the concept of a system-wide reset. Response A’s imagery is more vivid and imaginative, as ""rebooting"" evokes a structured, functional process, whereas ""recharging a battery"" is a generic metaphor often used for energy replenishment. Both are coherent, but Response A better captures the intended concept of a necessary system reset. [RESULT] A"
Each researcher adds their pieces to the collective knowledge puzzle.,Knowledge grows with each new discovery's seed.,A,"Feedback: Response A directly aligns with the implicit meaning by explicitly referencing a ""puzzle"" and emphasizing collective contribution through ""each researcher adds their pieces,"" which vividly mirrors the collaborative assembly process. Response B uses the metaphor of a ""seed"" and ""grows,"" which implies individual contributions leading to organic growth rather than collaborative assembly. While both metaphors are coherent, Response A’s imagery is more precise and imaginative in capturing the puzzle-like, collective nature of scientific knowledge. Response B’s metaphor is less aligned with the collaborative aspect, instead focusing on incremental growth. [RESULT] A"
Her hopes subsided into the depths of despair.,Her dreams crumbled to ruins.,B,"Feedback: Both metaphors convey a decline from optimism to deep sadness by contrasting positive aspirations (""hopes,"" ""dreams"") with despair or ruin. Response A uses ""subsided into the depths of despair,"" which is coherent but relies on a somewhat conventional downward-motion metaphor. Response B employs ""crumbled to ruins,"" offering more vivid, physical imagery that evokes a sudden collapse and evokes stronger visual and emotional resonance. While both align with the implicit meaning, B’s metaphor is more imaginative and impactful, achieving a clearer contrast between the initial optimism and the final devastation. [RESULT] B"
The temperature between them reached fever pitch.,Their passion ignited an inferno between them.,B,"Feedback: Both metaphors use heat-related imagery to convey intensity, but Response B (""Their passion ignited an inferno between them"") more directly aligns with the implicit meaning of extreme conflict. ""Inferno"" evokes a vivid, destructive force that clearly mirrors destructive tension, while ""fever pitch"" (Response A) suggests rising emotion but lacks the explicit imagery of conflict. Response B’s use of ""ignited"" and ""inferno"" creates a dynamic, coherent scene of escalating conflict, whereas Response A’s ""fever pitch"" feels more abstract and less specific to interpersonal strife. Both are imaginative, but B’s metaphor is more precise and evocative of the intended concept. [RESULT] B"
The poison of his words seeped into her resolve.,His words chipped away at her resolve.,A,"Feedback: Both metaphors convey the gradual destruction of resolve through harmful words, aligning with the implicit meaning. Response A uses ""poison"" and ""seeped,"" creating vivid, imaginative imagery of insidious harm spreading over time, which closely mirrors the slow, damaging process. Response B employs ""chipped away,"" a common metaphor for gradual erosion, which is clear but less original. While both are coherent, A’s imagery is more evocative and unique, enhancing the sense of creeping destruction. [RESULT] A"
The financial crisis created a tsunami of debt.,"Debt snowballed, engulfing the economic landscape.",A,"Feedback: Both metaphors effectively convey the overwhelming and destructive force of financial problems, but they differ in vividness and originality. ""Tsunami of debt"" (A) uses a natural disaster to evoke sudden, massive devastation, aligning strongly with the implicit meaning through its vivid, high-impact imagery. ""Snowballed, engulfing the economic landscape"" (B) employs a common metaphor (snowball effect) to suggest gradual escalation leading to destruction, which is coherent but less original. While both capture the intended concept, A’s imagery is more imaginative and directly evokes the abrupt, catastrophic tone of the implicit meaning. B’s phrasing is slightly less vivid and relies on a well-worn metaphor. [RESULT] A"
Light cascaded down the crystal chandelier.,She ran herself into a better situation.,A,"Feedback: Response A aligns closely with the implicit meaning by using ""cascaded,"" which directly evokes the imagery of a waterfall. The metaphor is vivid and coherent, linking light to water's downward flow through a chandelier. Response B, however, uses ""ran herself into,"" which is unrelated to light or water, making the connection to the implicit meaning unclear and generic. While both involve movement, only Response A captures the specific concept of light flowing like a waterfall with imaginative precision. [RESULT] A"
Our deadlines are spinning like a top.,Tangled wires of our calendars' mayhem.,B,"Feedback: Both metaphors attempt to convey chaos, but Response B (""Tangled wires of our calendars' mayhem"") more directly aligns with the implicit meaning of ""chaotic and out of control"" through its vivid, specific imagery. ""Tangled wires"" evokes a clear, relatable picture of disorder and entanglement, while ""mayhem"" explicitly reinforces the chaotic tone. In contrast, Response A (""Our deadlines are spinning like a top"") uses a generic metaphor that suggests motion but lacks the same intensity or clarity in conveying disorder. While both metaphors are coherent, B’s imagery is more imaginative and tightly connected to the intended concept. [RESULT] B"
She's the inherited heirloom I'll cherish forever.,Love is an eternal treasure.,A,"Feedback: Both metaphors convey the idea of something precious, but Response A uses ""inherited heirloom"" to evoke a sense of legacy and uniqueness, aligning closely with the implicit meaning of an irreplaceable person. The imagery is vivid and specific, emphasizing personal history and enduring value. Response B, while coherent, uses ""eternal treasure,"" a more generic and overused metaphor, which lacks the same depth of individuality and historical resonance. Response A’s specificity and originality make it a clearer, more imaginative representation of the concept. [RESULT] A"
The composer offered melodies to the silence.,Birthed melodies from the silent void.,B,"Feedback: Both Response A and Response B use ""silence"" as a metaphorical source for creation, but Response B (""Birthed melodies from the silent void"") more directly and vividly aligns with the implicit meaning of ""creation emerging from nothingness."" The verb ""birthed"" actively conveys emergence and origin, while ""silent void"" explicitly evokes emptiness, reinforcing the concept. In contrast, ""offered"" in Response A implies a transaction rather than creation, and ""silence"" alone is less evocative of absolute nothingness. Response B’s imagery is more dynamic, coherent, and imaginative, tightly mirroring the intended concept. [RESULT] B"
Their passion boiled over in an instant.,Their attraction ignited an inferno within.,B,"Feedback: Both metaphors use fire imagery to convey intensity and suddenness, aligning with the implicit meaning of an uncontrollable emotional outburst. Response A (""boiled over in an instant"") effectively communicates abruptness but relies on a common, slightly generic metaphor. Response B (""ignited an inferno within"") enhances vividness and originality by evoking a more intense, immersive image of internal chaos, while ""inferno"" better emphasizes the overwhelming scale of the emotion. B’s imagery is more imaginative and precise, capturing both suddenness and uncontrollability with greater coherence and emotional resonance. [RESULT] B"
Her inner orchestra conducts her diverse talents.,"Orchestra of talents, in her, coordinated.",A,"Feedback: Both metaphors use an orchestra to symbolize harmonious coordination of talents, but Response A (""Her inner orchestra conducts her diverse talents"") is more vivid and coherent. It personifies the orchestra as an active agent (""conducts"") and specifies ""diverse talents,"" directly aligning with the implicit meaning. Response B (""Orchestra of talents, in her, coordinated"") is fragmented and lacks dynamic imagery, with awkward phrasing (""in her"") and a passive tone. While both convey coordination, A’s structure and active verb create a clearer, more imaginative representation of harmonious skill integration. [RESULT] A"
Their proposal is weighing heavily on my mental scales.,Poring over their proposal like a precious map.,A,"Feedback: Response A uses the metaphor of ""mental scales"" to convey the burden of weighing a decision, which aligns well with the implicit meaning of a mentally taxing process. However, the imagery is somewhat generic and less vivid. Response B employs ""precious map"" to suggest careful examination, which is more original but less directly tied to the concept of mental burden. While both metaphors involve deliberation, A more accurately captures the weight of the decision, whereas B emphasizes exploration over strain. [RESULT] A"
Fresh capital irrigated the startup ecosystem.,Seed money fueled the flames of startup growth.,A,"Feedback: Both responses use natural metaphors to convey money's role in business growth. Response A employs ""irrigated"" to suggest steady nourishment of the startup ecosystem, directly mirroring the nurturing aspect of the implicit meaning. Response B uses ""fueled the flames,"" which is more dynamic and imaginative, evoking rapid growth but slightly less aligned with the ""nurturing"" nuance. While both are coherent, A's imagery is more precise to the implicit meaning, whereas B's is more vivid but risks implying unchecked growth. [RESULT] A"
She's surrounded by poisonous words.,"Swimming through verbal fog, she yearned for clearer waters.",A,"Feedback: Both metaphors address the theme of harmful communication, but they differ in alignment with the implicit meaning and imagery. Response A uses ""poisonous words,"" which directly links to the concept of toxic verbal abuse through a clear, visceral metaphor. The imagery is straightforward and vivid, though somewhat literal. Response B employs ""verbal fog"" and ""clearer waters,"" creating a more abstract and imaginative scene that evokes confusion and a longing for clarity. However, ""fog"" lacks the explicit harm or toxicity conveyed by ""poisonous."" While B offers richer emotional nuance and originality, A more accurately and directly captures the harmful, toxic nature of the implicit meaning. [RESULT] A"
His words were a nauseating pill of disgust.,His words were poison darts to the senses.,A,"Feedback: Both metaphors convey unpleasantness, but Response A uses ""nauseating pill of disgust,"" which directly aligns with the implicit meaning of ""sickening to hear"" by evoking ingestion and visceral revulsion. Response B's ""poison darts to the senses"" emphasizes sharp harm but lacks the same direct connection to nausea. Response A’s imagery is more vivid and precise for the intended concept, while B’s metaphor is less focused on the core ""sickening"" aspect. [RESULT] A"
The finish line beckons all competitors forward.,Competition fuels every contestant's peak performance.,A,"Feedback: Both metaphors address the implicit meaning of a goal attracting and motivating action, but they differ in alignment and imagery. Response A (""The finish line beckons all competitors forward"") directly mirrors the implicit meaning by personifying the goal as an active force (""beckons"") that draws individuals (""competitors"") toward it, creating vivid, directional imagery. Response B (""Competition fuels every contestant's peak performance"") shifts focus to the competition itself as the source of motivation rather than the goal, making the metaphor less aligned with the specific idea of a goal's allure. While B uses a common metaphor (""fuels""), it is less imaginative and more abstract, lacking the visual clarity of A. Both use active verbs, but A’s imagery is more specific and directly tied to the goal’s attractiveness. [RESULT] A"
Her mind was running on low battery.,Her mind craved a quiet oasis.,A,"Feedback: Response A (""Her mind was running on low battery"") and Response B (""Her mind craved a quiet oasis"") both address the implicit meaning of mental exhaustion and lack of energy but differ in alignment, vividness, and originality. Response A directly references a relatable, modern concept (low battery) to convey drained energy, aligning closely with the implicit meaning through its clear, functional imagery. However, it lacks imaginative depth, relying on a common metaphor. Response B uses a more original and evocative image (""quiet oasis""), which vividly contrasts the chaos of exhaustion with a longing for rest. While this metaphor introduces a nuanced layer of desire for relief, it slightly diverges from the implicit meaning by emphasizing craving rather than the present state of depletion. Both metaphors are coherent, but Response A is more precise in capturing the literal concept of energy loss, whereas Response B prioritizes emotional resonance over direct alignment. [RESULT] A"
Time is the silent revolutionist.,"Time, a sculptor in silence, shapes the world.",B,"Feedback: Both metaphors incorporate ""silence"" to reflect the noiseless aspect of time's changes. Response A uses ""revolutionist,"" which implies radical, transformative change, aligning with the implicit meaning but lacking vivid imagery. Response B employs ""sculptor in silence,"" offering a more vivid and coherent image of gradual, deliberate shaping. While both capture the core idea, Response B’s imagery is more imaginative and directly evokes the concept of quiet, transformative force. [RESULT] B"
Literature is a fertile valley where ideas grow abundantly.,Literature: A garden of infinite interpretations blooming.,B,"Feedback: Both metaphors use natural growth imagery to align with the implicit meaning of literature nurturing creative thoughts. Response A (""fertile valley"") emphasizes abundance through ""grow abundantly,"" which directly mirrors the concept of producing many ideas. Response B (""garden of infinite interpretations"") introduces ""infinite interpretations,"" explicitly tying to the multiplicity of creative concepts, while ""blooming"" adds dynamic, vivid imagery. While A is coherent and relevant, B’s use of ""garden"" and ""infinite"" enhances imagination and specificity, making the connection to diverse, evolving ideas more striking. B’s phrasing is slightly more original and vividly captures the endless, vibrant nature of literary creativity. [RESULT] B"
Each new possession is another key to maintain in life's growing keychain.,Progress in life is a winding road demanding our full attention.,A,"Feedback: Response A and Response B both attempt to convey the implicit meaning, but they diverge in their alignment with the core idea. Response A uses a ""keychain"" metaphor to depict possessions as accumulating responsibilities (""another key to maintain""), subtly suggesting the burden of upkeep. However, the imagery of keys—typically symbols of access or freedom—only loosely connects to the weight of material possessions as a burden. Response B, with its ""winding road"" metaphor, focuses on the challenges of life’s journey rather than material accumulation, entirely missing the implicit meaning. While both metaphors are imaginative, Response A aligns more closely with the idea of possessions as burdens through its reference to growing responsibilities, albeit with less vivid imagery. Response B’s imagery is vivid but misaligned. [RESULT] A"
Laughter was their first aid kit in times of crisis.,Laughter's armor in life's battles.,A,"Feedback: Response A (""first aid kit"") directly aligns with the implicit meaning of laughter as emotional healing, using a clear and familiar metaphor that evokes immediate, practical care for wounds. Response B (""armor"") shifts focus to protection rather than healing, which diverges from the core concept. Both use strong imagery, but A’s metaphor is more precise and vivid in capturing the reparative role of laughter, while B’s imagery, though evocative, is less specific to the healing intent. [RESULT] A"
The project has touched down.,"From sketch to masterpiece, we brought it to life.",A,"Feedback: Response A directly uses ""touched down,"" a clear metaphor for landing safely, aligning closely with the implicit meaning. It is concise and literal, which makes it accurate but less imaginative. Response B employs ""from sketch to masterpiece,"" a more vivid and creative metaphor that implies completion and transformation. However, its focus on the creative process rather than the act of landing or successful conclusion makes its alignment with the implicit meaning less direct. While both convey completion, A is more precise in referencing the ""landed safely"" aspect, whereas B emphasizes the journey to completion. [RESULT] A"
She embraces power with both arms.,"Planting her flag, marking her territory",B,"Feedback: Both metaphors convey the idea of accepting authority, but Response B offers more vivid and original imagery. ""Planting her flag, marking her territory"" uses active, assertive actions that closely align with the implicit meaning of seizing control, while ""embrace power with both arms"" is simpler and less imaginative. Response B’s dual imagery (flag and territory) enhances its clarity and emotional tone, making it a more dynamic representation of eager and complete acceptance. [RESULT] B"
"She's running on backup power, pushing through despite exhaustion.","Exhausted, she pushed through to new ground.",A,"Feedback: Response A and B both convey perseverance despite exhaustion, but A uses the metaphor of ""running on backup power"" to directly align with the implicit meaning of operating on minimal energy and depleted resources. This imagery is vivid, original, and explicitly ties to the concept of limited reserves. In contrast, B relies on the literal term ""exhausted"" and the vague phrase ""pushed through to new ground,"" which emphasizes determination over the specific idea of depleted resources. A’s metaphor is more imaginative, coherent, and precise in capturing the implicit meaning. [RESULT] A"
Her career took a sharp turn after the promotion.,Promotion opened a new door in her career.,A,"Feedback: Both metaphors address a career shift, but ""sharp turn"" (Response A) more vividly captures the sudden, dramatic nature of the change, aligning closely with the implicit meaning. ""New door"" (Response B) suggests opportunity but lacks the abruptness and directional shift implied by ""sharp turn."" While both use common imagery, A’s metaphor is more direct and evocative of the intended concept. [RESULT] A"
She nurtured love like a greenhouse cultivates warmth.,"tags. Remember, it must be 10 words or fewer, and should consist only of the metaphor itself.

<metaphor>Polishing diamonds in the rough.",B,"Feedback: Both metaphors address the need for care in love's growth, but ""Polishing diamonds in the rough"" (B) more directly implies active, meticulous effort to refine and protect value, aligning tightly with the implicit meaning. ""Greenhouse cultivates warmth"" (A) uses a familiar but less vivid metaphor, focusing on environment rather than the deliberate, protective attention required. B’s imagery is more concise, imaginative, and directly tied to the concept of nurturing through effort. [RESULT] B"
That insight is an oasis in a desert of confusion.,A beacon slices through the foggy uncertainty.,B,"Feedback: Both metaphors align with the implicit meaning of clarity amid uncertainty. Response A (""oasis in a desert of confusion"") uses a well-established metaphor for relief in hardship, effectively pairing ""oasis"" with ""desert of confusion"" to evoke clarity in chaos. However, it leans on a familiar trope, which slightly diminishes its originality. Response B (""beacon slices through the foggy uncertainty"") introduces a dynamic action (""slices through"") and a vivid image of a beacon cutting through fog, enhancing both immediacy and visual impact. While A is coherent and meaningful, B’s imagery is more imaginative and precise in capturing the sudden, illuminating nature of clarity. [RESULT] B"
Mathematics is a mountainous region with multiple peaks to conquer.,Unraveling math's complex web of truths.,A,"Feedback: Both metaphors convey the challenging nature of mathematics, but differ in alignment with the implicit meaning. Response A uses ""mountainous region with multiple peaks to conquer,"" which directly reflects the idea of many difficult concepts requiring effort to master, offering vivid and coherent imagery. Response B, ""unraveling math's complex web of truths,"" emphasizes complexity but less explicitly captures the notion of multiple discrete challenges. A’s metaphor is more imaginative and closely matches the implicit meaning, while B’s imagery, though vivid, is slightly less specific to the concept of mastering distinct difficulties. [RESULT] A"
He maintains a steady grip on his emotions.,Master of his emotional seas.,B,"Feedback: Both responses convey control over emotions, but Response B employs a metaphor (""emotional seas"") that is more vivid and imaginative, aligning closely with the implicit meaning through poetic imagery. Response A uses a literal phrase (""steady grip"") which is clear but lacks the creative depth of B’s metaphor. B’s imagery is more original and evokes a stronger sense of mastery over turbulent emotions, making it a more effective and imaginative representation. [RESULT] B"
They're standing on the edge of a cliff.,"A ticking time bomb, danger looms.",B,"Feedback: Both metaphors convey danger, but Response B (""A ticking time bomb, danger looms"") more directly captures the implicit meaning of imminent risk and impending failure. The ""ticking time bomb"" evokes urgency and an inevitable, catastrophic outcome, aligning closely with the idea of a precarious situation on the brink of collapse. Response A (""They're standing on the edge of a cliff"") is vivid but more generic, representing risk without the same intensity of impending consequence. While both are coherent, B’s imagery is more specific, dynamic, and imaginative, making it a stronger match for the implicit meaning. [RESULT] B"
Love is a long-distance trek with shared footsteps.,"Love is an ever-blooming garden, nurtured by commitment.",B,"Feedback: Both metaphors address the shared and effortful nature of love, but they differ in vividness and alignment with the implicit meaning. Response A uses ""long-distance trek"" to evoke a journey, emphasizing shared footsteps and persistence. However, the imagery is somewhat generic and less imaginative compared to Response B. Response B's ""ever-blooming garden"" is more vivid and original, directly linking commitment to nurturing growth. While A implies effort through the trek, B explicitly ties commitment to the garden’s vitality, aligning more closely with the implicit meaning’s emphasis on sustained effort. B’s imagery is both more imaginative and coherent in capturing both the journey and commitment aspects. [RESULT] B"
The image becomes clearer as more pieces of evidence fall into place.,"The more fragments pieced, the clearer the picture formed.",A,"Feedback: Both metaphors convey the implicit meaning of understanding improving with information, but they differ in clarity and originality. Response A uses ""pieces of evidence"" and ""fall into place,"" a common yet clear metaphor that directly ties to gathering information. Its imagery is straightforward and coherent, though not particularly imaginative. Response B employs ""fragments pieced"" and ""picture formed,"" which is more poetic but slightly less vivid due to the awkward phrasing (""the more fragments pieced"" lacks a subject, making it grammatically confusing). While both align with the meaning, A’s structure is more natural and effective, whereas B’s imagery, though creative, is less coherent. [RESULT] A"
Their hands are full of opportunities.,Opportunities knock like endless rivers.,B,"Feedback: Both metaphors aim to convey the implicit meaning of having many available chances for success. Response A uses a literal phrase (""hands full"") that, while somewhat related, risks confusion as ""full"" might imply saturation rather than availability. It lacks vivid imagery and feels generic. Response B employs a more imaginative and dynamic metaphor (""endless rivers""), evoking a continuous, abundant flow of opportunities. The personification of opportunities ""knocking"" adds action and coherence. While both reference availability, B’s imagery is more original and vividly aligns with the implicit meaning of endless possibilities. [RESULT] B"
Fellow travelers on this road of change become our mirrors and guides.,"In growth's mirror, others' journeys reflect.",A,"Feedback: Both responses use the metaphor of mirrors to convey self-reflection through others, but Response A more clearly aligns with the implicit meaning. Response A explicitly names ""fellow travelers"" (shared journey) and directly links ""mirrors"" (self-understanding) and ""guides"" (direction), creating vivid, coherent imagery. Response B's ""growth's mirror"" and ""others' journeys reflect"" is more abstract and fragmented, leaving the connection to shared journeys and guidance less explicit. While B offers a concise, poetic structure, its imagery is less vivid and the intended concept is less clear compared to A's direct and comprehensive metaphor. [RESULT] A"
Their fingers are intertwined with success.,Seasoned veterans of progress and achievement.,B,"Feedback: Both metaphors aim to convey ""achievement is firmly grasped and held onto,"" but they differ in effectiveness. Response A uses ""intertwined with success,"" which implies a connection but lacks direct imagery of firm grasping. The metaphor is somewhat vague, as ""intertwined"" suggests entanglement rather than active retention. Response B, ""seasoned veterans of progress and achievement,"" employs a more vivid and coherent image. ""Seasoned veterans"" inherently evoke steadfastness and enduring hold, aligning closely with the implicit meaning through their connotation of experience and resilience. B’s metaphor is more imaginative and directly conveys the concept of firmly maintaining achievement. [RESULT] B"
He jogged through the transformation process.,"Forging himself anew, bit by determined bite.",A,"Feedback: Response A uses the metaphor of jogging to convey a casual, steady movement through change, which aligns with the implicit meaning of moving quickly but without full commitment. The imagery is straightforward but generic, lacking vividness. Response B employs the metaphor of forging oneself with ""determined bite,"" which is more vivid and imaginative but conveys deliberate, committed effort, contradicting the implicit meaning's emphasis on lack of commitment. Both metaphors capture the motion aspect, but Response A aligns better with the tone of casual, low-effort change, while Response B misrepresents the commitment level. [RESULT] A"
Their shared beliefs were a well-worn comfort blanket.,Shared beliefs offered them a familiar blanket of security.,A,"Feedback: Both metaphors address the implicit meaning of familiar beliefs providing comfort and security. Response A uses ""well-worn comfort blanket,"" which vividly evokes the idea of something familiar (well-worn) and comforting (blanket), aligning closely with the implicit meaning. The phrase is concise and imaginative, leveraging a common metaphor with a nuanced adjective. Response B, ""familiar blanket of security,"" directly incorporates ""familiar"" and ""security,"" but the phrasing is less idiomatic and slightly less vivid. While both convey the intended concept, Response A’s imagery is more original and evocative, making it a clearer and more imaginative representation. [RESULT] A"
She's a lighthouse standing steady in emotional tempests.,A steady hand in a storm's eye.,A,"Feedback: Both metaphors use storm imagery to convey stability and guidance during emotional turmoil. Response A (""lighthouse in emotional tempests"") aligns closely with the implicit meaning, as lighthouses are universally recognized symbols of guidance and steadfastness in crises, with ""emotional tempests"" explicitly linking to the emotional aspect. The imagery is vivid and coherent. Response B (""steady hand in a storm's eye"") also reflects stability but relies on a more abstract and less conventional metaphor. While ""storm's eye"" evokes calm within chaos, it lacks the direct association with guidance compared to a lighthouse, and the combination of ""hand"" and ""storm's eye"" feels slightly disjointed. A is more imaginative and precise in capturing both stability and the emotional context. [RESULT] A"
The truth came into focus like an adjusting lens.,Truth unfurled its layers.,A,"Feedback: Both metaphors convey gradual revelation, but Response A (""The truth came into focus like an adjusting lens"") more directly aligns with ""gradual clarity"" through a precise visual metaphor of optical adjustment, which inherently implies progression toward sharpness. Response B (""Truth unfurled its layers"") evokes a slower, tactile process of unfolding, which suggests depth and complexity but less explicitly connects to clarity. While B offers imaginative originality, its imagery is less intuitive for ""clarity"" compared to A’s vivid, widely understood lens metaphor. [RESULT] A"
Their chemistry was an arsenal waiting to be deployed.,"Unrealized passion, a smoldering ember.",B,"Feedback: Both metaphors address the theme of unrealized potential, but they differ in alignment with the implicit meaning. Response A (""arsenal waiting to be deployed"") emphasizes conflict readiness through a military metaphor, which aligns with the ""explosive potential"" aspect but lacks romantic connotations. Response B (""smoldering ember"") evokes latent passion and a vivid image of restrained energy, directly tying to the romantic side of the implicit meaning. While A’s imagery is original and coherent, it prioritizes conflict over romance. B’s metaphor is more universally evocative of unrealized passion, subtly implying both romantic and potentially volatile outcomes (as embers can grow into destructive fires). B’s imagery is slightly less original but more directly aligned with the dual aspects of the implicit meaning. [RESULT] B"
Time is an avalanche cascading down the mountain of existence.,Clock hands relentlessly turn the sands of time.,A,"Feedback: Response A uses the metaphor of an avalanche to convey unstoppable forward motion and inherent destruction, aligning vividly with the implicit meaning. The imagery is dynamic and evokes a sense of inevitability and chaos. Response B combines clock hands and hourglass sands, which are traditional time symbols but blend disparate elements. While ""relentlessly"" hints at unstoppable motion, the destructive aspect is less explicit. Both metaphors address the unstoppable nature, but A’s avalanche is more imaginative and directly conveys destruction, making it more aligned with the implicit meaning. [RESULT] A"
"Time is an unwavering shadow, following our every move.",Time's relentless stream shapes our journey (7 words).,A,"Feedback: Both metaphors address time's constancy, but they differ in conveying inescapability. ""Unwavering shadow"" (A) directly implies inescapability through the imagery of a persistent follower, aligning closely with the implicit meaning. ""Relentless stream"" (B) emphasizes continuous motion but lacks the explicit sense of being inescapable, as streams can be crossed or avoided. A’s shadow metaphor is more vivid and specific to the concept, while B’s stream, though traditional, is slightly less precise. Both use strong imagery, but A’s directness better captures the inescapable nature of time. [RESULT] A"
They're trapped in quicksand of toxic relationships.,Trapped in a web of toxic ties.,A,"Feedback: Both metaphors convey entrapment in harmful relationships, but ""quicksand"" (A) more directly aligns with the implicit meaning of being ""slowly consumed."" Quicksand inherently evokes a slow, inescapable pull, while ""web"" (B) suggests entanglement without the same emphasis on gradual consumption. A’s imagery is more vivid and specific to the concept, whereas B’s ""web of toxic ties"" is generic and less dynamic. Both use ""trapped,"" but A’s metaphor is more original and precise. [RESULT] A"
Some beliefs are like fast fashion - cheaply made and quickly discarded.,Flimsy bridges for fleeting thoughts.,A,"Feedback: Both metaphors address the superficial and disposable nature of certain beliefs, but they differ in clarity and vividness. Response A uses ""fast fashion,"" a widely recognized concept that directly evokes cheapness and disposability, aligning closely with the implicit meaning through concrete, relatable imagery. Response B employs ""flimsy bridges for fleeting thoughts,"" which is more abstract and poetic but less immediately clear in its connection to disposability. While both convey impermanence, Response A’s metaphor is more direct, vivid, and accessible, making it a stronger representation of the intended concept. [RESULT] A"
The vodka razed his rational thoughts to the ground.,Alcohol clouds his clear judgment.,A,"Feedback: Response A uses the metaphor ""raze his rational thoughts to the ground,"" which vividly conveys total destruction through the active, dynamic verb ""raze,"" aligning closely with the implicit meaning of alcohol obliterating clear thinking. Response B's ""clouds his clear judgment"" employs a familiar but less intense metaphor, suggesting obscuration rather than annihilation. Both capture the core concept, but A's imagery is more original, vivid, and forceful, while B relies on a generic, understated comparison. The difference lies in the strength and specificity of the destruction implied. [RESULT] A"
Time is an eternal chameleon.,Time's river carves new paths with each tide.,A,"Feedback: Both metaphors address time's change but differ in alignment with the implicit meaning. Response A directly references a chameleon, aligning precisely with the implicit meaning of time adapting like a chameleon changes colors. Its imagery is vivid and specific to the reference. Response B uses a river metaphor with tides, evoking change and persistence but lacks the direct connection to a chameleon’s adaptive coloration, making its link to the implicit meaning indirect. While both are coherent, Response A’s specificity and closer alignment with the chameleon reference make it more imaginative and accurate. [RESULT] A"
Her heart was a thermal spring of endless affection.,A well of endless compassion.,A,"Feedback: Both metaphors use natural sources to represent continuous emotion, but Response A (""thermal spring of endless affection"") more directly captures the warmth and continuous flow in the implicit meaning. The term ""thermal spring"" inherently evokes warmth through its literal association with heat, while ""endless affection"" aligns with the emotional tone. In contrast, Response B (""well of endless compassion"") conveys the ""continuous flow"" aspect effectively but lacks the explicit warmth implied by the implicit meaning, as wells are typically neutral or cool in temperature. Response A’s imagery is more vivid and specific, while B’s metaphor is generic and less imaginative. Both are coherent, but A better balances the dual elements of warmth and continuity. [RESULT] A"
The state's economy is a square peg in a round hole.,Mismatched policies choke economic growth.,A,"Feedback: Both responses address the implicit meaning of a mismatched situation, but they differ in imagery and alignment. Response A (""square peg in a round hole"") uses a vivid, classic metaphor that directly evokes incompatibility through a clear, universally recognized visual analogy. It aligns strongly with the implicit meaning, offering imaginative and coherent imagery. Response B (""mismatched policies choke economic growth"") is more literal and less metaphorical, relying on a direct statement rather than evocative imagery. While it mentions ""mismatched,"" the phrase ""choke economic growth"" shifts focus to consequences rather than the core concept of incompatibility, reducing its imaginative and vivid quality. Response A better captures the implicit meaning through its concise, iconic metaphor, while Response B is accurate but less vivid and slightly tangential in focus. [RESULT] A"
Her mind was running a marathon of thoughts.,An artist intertwines life's canvas and soul.,A,"Feedback: Response A uses the metaphor of a marathon to imply a prolonged, continuous effort, which aligns with the implicit meaning of a ""continuous stream of thoughts."" However, it lacks vividness and does not strongly convey the ""overwhelming"" aspect. Response B employs an artist intertwining life’s canvas and soul, which is more imaginative and vivid but diverges from the implicit meaning by focusing on creativity rather than an unending, burdensome stream of thoughts. Both metaphors use motion (running, intertwining), but Response A is more direct in suggesting continuity, while Response B’s imagery is less relevant to the core concept. Response A better aligns with the implicit meaning despite its generic phrasing. [RESULT] A"
His eyes danced across the pages of the book.,Devoured the pages with eagerness.,A,"Feedback: Both metaphors convey quick movement, but ""danced"" (A) aligns more precisely with the implicit meaning of fluid, rhythmic eye motion, while ""devoured"" (B) emphasizes consumption and eagerness rather than physical movement. A’s imagery is vivid and directly evokes the visual of eyes gliding smoothly, whereas B’s metaphor shifts focus to the reader’s emotional state, making the physical motion less central. A is more coherent and imaginative for the intended concept. [RESULT] A"
She polished her moral compass daily.,She guarded her moral compass fiercely.,A,"Feedback: Both metaphors involve active engagement with a moral compass, but they differ in how they align with the implicit meaning. ""Polished her moral compass daily"" (A) emphasizes routine refinement and improvement, directly reflecting the ""constant self-reflection"" and ""improving"" aspects of the implicit meaning. In contrast, ""guarded her moral compass fiercely"" (B) highlights protection and defense, which aligns with ""maintaining"" ethical standards but lacks the improvement and self-reflection emphasis. A’s imagery is more coherent with the concept of active, ongoing enhancement, while B’s focus on guarding introduces a tone of vigilance that diverges from the reflective, constructive process described in the implicit meaning. A is clearer and more accurate, though less imaginative than a truly original metaphor. B, while vivid, misaligns with the core intent of improvement. [RESULT] A"
The heat of their argument left scorch marks on their friendship.,One harsh word can fracture a bond beyond repair.,A,"Feedback: Both metaphors convey the implicit meaning that heated arguments can permanently damage relationships, but they differ in imagery and vividness. Response A uses ""scorch marks on their friendship,"" which evokes a vivid, sensory image of lasting physical damage, directly linking the heat of the argument to irreversible harm. This aligns closely with the implicit meaning through metaphorical consistency and emotional weight. Response B employs ""fracture a bond beyond repair,"" which is coherent and clear but relies on a more abstract and less vivid image of damage. While ""bond"" effectively symbolizes relationships, the phrase lacks the visceral impact of ""scorch marks."" Both meet the criteria, but Response A’s imaginative and vivid imagery more strongly aligns with the tone and concept of permanent, visible harm. [RESULT] A"
Lightning signed its jagged line across the sky.,She lit her path with determination's flame.,A,"Feedback: Response A directly personifies lightning as an author by using the verb ""signed,"" aligning with the implicit meaning of an author's signature in the sky. The imagery of a ""jagged line"" vividly captures lightning's physical form, making the metaphor both coherent and imaginative. Response B, while vivid, shifts focus to a human subject (""she"") and conveys determination rather than the implicit idea of lightning as a writer. The ""determination's flame"" metaphor diverges from the intended concept, lacking alignment with the authorial personification. Both use active verbs, but A’s specificity and adherence to the implicit meaning make it superior. [RESULT] A"
Love is two rivers merging into one mighty stream.,Love weaves two lives into one tapestry.,A,"Feedback: Both metaphors effectively convey the unification of two entities, but they differ in how they represent strength. Response A (""two rivers merging into one mighty stream"") explicitly emphasizes strength through ""mighty,"" directly aligning with the ""stronger together"" aspect of the implicit meaning. The imagery is dynamic and vivid, though the phrasing ""one mighty stream"" might slightly confuse as rivers are typically larger than streams. Response B (""weaves two lives into one tapestry"") focuses on the process of integration and the resulting intricate unity, which is vivid but less explicit in conveying increased strength. While both metaphors are imaginative, A more directly addresses the ""stronger"" component, making it a clearer match to the implicit meaning. [RESULT] A"
Their beliefs are scattered like distant islands in vast seas.,A jigsaw puzzle with missing pieces and incorrect fits.,B,"Feedback: Both metaphors convey isolation, but Response B more directly addresses the lack of coherent connection. ""Distant islands in vast seas"" (A) evokes spatial separation but does not inherently imply structural incoherence. In contrast, ""a jigsaw puzzle with missing pieces and incorrect fits"" (B) vividly illustrates both fragmentation and flawed interconnections, aligning more closely with the implicit meaning. While A’s imagery is coherent, B’s metaphor is more imaginative and precise in capturing the dual aspects of isolation and disorganization. [RESULT] B"
The chill of fear numbed his ability to respond.,"Fear paralyzed him, a deer in headlights.",B,"Feedback: Both metaphors convey that fear causes paralysis and prevents action, aligning with the implicit meaning. Response A uses ""chill"" and ""numbed"" to describe the physical effect of fear, which is somewhat vivid but lacks a specific, imaginative comparison. Response B employs the well-known ""deer in headlights"" metaphor, which is highly evocative and universally recognized as a symbol of fear-induced immobility. While both are coherent, B’s imagery is more vivid, relatable, and imaginative, directly mirroring the implicit meaning with a classic, effective analogy. A’s description is accurate but less original and slightly less impactful in conveying the concept. [RESULT] B"
"The winds of change scatter some seeds on fertile soil, while others land on barren rock.","Fortune's wheel turns, favoring some, casting others out.",A,"Feedback: Both metaphors address the unequal distribution of success opportunities but differ in vividness and alignment with the implicit meaning. Response A uses the vivid image of seeds scattered on fertile soil versus barren rock, directly linking opportunity placement to success potential. This aligns closely with the implicit meaning by emphasizing environmental factors affecting outcomes. Response B employs the traditional metaphor of Fortune's Wheel, which conveys randomness in favoring individuals but lacks the concrete imagery of opportunity distribution. While both are coherent, Response A’s metaphor is more imaginative and directly ties to the idea of unequal distribution based on context, whereas Response B focuses on fate rather than opportunity allocation. [RESULT] A"
The orchestra of self plays different tunes simultaneously.,A symphony of contradictions plays within.,B,"Feedback: Both metaphors use musical imagery to convey multiple aspects of personality, but they differ in alignment with the implicit meaning. Response A (""orchestra of self plays different tunes simultaneously"") suggests simultaneous variety but implies a structured, harmonious coexistence, which may overlook the inherent contradictions in personality aspects. Response B (""symphony of contradictions plays within"") explicitly highlights conflicting elements (""contradictions"") while maintaining the metaphor of a cohesive whole (""symphony""), directly aligning with the idea of coexisting, potentially opposing traits. B’s imagery is more vivid and imaginative, as it juxtaposes harmony and conflict, while A’s reference to ""different tunes"" feels generic and less precise. [RESULT] B"
Ideas are seeds that need careful cultivation to bloom into creation.,Nurturing an idea into a blooming masterpiece.,A,"Feedback: Both metaphors address the need for nurturing and growth, aligning with the implicit meaning. Response A uses ""seeds"" and ""cultivation"" to create a vivid, coherent image of deliberate care leading to blooming creation, directly mirroring the nurturing process and time required. Response B employs ""nurturing"" and ""blooming"" but lacks the specific imagery of seeds and cultivation, making the connection to the implicit meaning slightly less precise. While both are imaginative, A’s concrete metaphor (seeds → cultivation → creation) is more vivid and structurally complete, whereas B’s ""masterpiece"" feels less tied to the idea-creation transformation. [RESULT] A"
"This problem is a whirlpool, pulling in resources and energy.",A bottomless pit of demands.,B,"Feedback: Both metaphors convey a consuming and destructive force, but they differ in imagery and originality. Response A (""whirlpool"") uses a dynamic, natural phenomenon to depict active consumption, emphasizing the process of pulling in resources and energy. Response B (""bottomless pit of demands"") combines a static, endless void with the concept of unrelenting demands, linking the destructive force to perpetual pressure. Both align closely with the implicit meaning, but B's fusion of ""bottomless pit"" and ""demands"" offers a more imaginative and precise connection to the draining effect of relentless demands, while A's whirlpool is a strong but more common metaphor. B’s imagery is equally vivid but more original in its phrasing and conceptual pairing. [RESULT] B"
Revolutionary ideas are earthquakes shaking old foundations.,"Revolutionary innovations, avalanches of change.",A,"Feedback: Both metaphors convey disruptive change, but Response A's ""earthquakes shaking old foundations"" more directly captures the destruction of established systems through specific, vivid imagery. Response B's ""avalanches of change"" evokes movement and force but lacks the explicit reference to systemic destruction and feels slightly generic. Response A aligns more closely with the implicit meaning in both tone and originality. [RESULT] A"
His happiness rocketed through the atmosphere.,His heart overflowed with uncontainable delight.,A,"Feedback: Both metaphors convey a sudden increase in joy, but Response A uses the unique image of a rocket to suggest explosive upward momentum, which aligns strongly with the implicit meaning. Response B employs the traditional ""heart overflowing"" metaphor, effectively conveying uncontainable emotion but with less originality. Response A’s imagery is more vivid and imaginative, while Response B is coherent but generic. [RESULT] A"
Their argument escalated into verbal nuclear warfare.,Their words ignited a toxic argument.,A,"Feedback: Both Response A and Response B convey the implicit meaning of an intense and destructive argument, but they differ in vividness and originality. Response A (""verbal nuclear warfare"") directly aligns with the implicit meaning by evoking a highly specific, catastrophic image of large-scale destruction, which matches the ""extremely destructive and intense"" aspect. Its imagery is vivid, imaginative, and metaphorically precise. Response B (""words ignited a toxic argument"") uses a more generic metaphor, with ""toxic"" hinting at harm but lacking the same level of intensity or originality as ""nuclear warfare."" While ""ignited"" adds some dynamism, the phrase ""toxic argument"" is less evocative and slightly less coherent as a metaphor. Response A’s imagery is more original and closely mirrors the implicit meaning in both tone and conceptual clarity. [RESULT] A"
Night's steel grip held the world motionless.,The night held the world in its gravest stillness.,A,"Feedback: Both metaphors convey the night as oppressive and still, but they differ in imagery and alignment with the implicit meaning. Response A uses ""steel grip,"" which evokes a tangible, physical constraint through the metaphor of a rigid, unyielding force, directly aligning with the idea of oppression. The word ""motionless"" reinforces the constraining stillness. Response B employs ""gravest stillness,"" which relies on the wordplay of ""grave"" (suggesting death or heaviness) to imply oppression, but the connection to ""constraint"" is less direct. While both are coherent, Response A’s imagery is more vivid and imaginative, using a concrete metaphor (""grip"") to mirror the implicit meaning of being held in place by an oppressive force. Response B’s ""gravest stillness"" is slightly less vivid and more abstract, risking ambiguity due to the dual meaning of ""grave."" [RESULT] A"
The actors in my mind perform different roles.,Personas shift like masks in life's theater.,B,"Feedback: Both metaphors address the concept of multiple personas, but they differ in vividness and alignment with the implicit meaning. Response A uses ""actors in my mind perform different roles,"" which directly references roles but relies on a literal, common analogy. The imagery is clear but lacks originality and does not strongly evoke the tension or competition among thoughts. Response B, ""Personas shift like masks in life's theater,"" employs a more vivid and layered metaphor. The ""masks"" and ""theater"" imagery evokes the performative and hidden nature of multiple personalities, while ""shift"" implies dynamic competition. B’s metaphor is more imaginative and closely mirrors the implicit meaning’s emphasis on internal conflict and multiplicity. [RESULT] B"
The world crystallizes into distinct shapes.,Forms crystallize reality's truth.,A,"Feedback: Both metaphors use ""crystallize"" to evoke clarity and structure, aligning with the implicit meaning of reality becoming clear. Response A (""The world crystallizes into distinct shapes"") creates a vivid, concrete image of the world transforming into sharp, defined forms, directly mirroring the idea of reality becoming well-defined. Response B (""Forms crystallize reality's truth"") is more abstract, with ""forms"" and ""truth"" introducing ambiguity about what exactly is being clarified. While both metaphors are coherent, A’s specificity and stronger visual imagery (""distinct shapes"") make it more imaginative and directly tied to the implicit meaning. B’s phrasing is less vivid and slightly less aligned due to its abstract reference to ""truth,"" which diverges from the focus on clarity and definition. [RESULT] A"
The project's actions were gravitating toward failure.,The crumbling foundation of failed hopes.,B,"Feedback: Both metaphors convey movement toward disaster, but Response B offers more vivid and layered imagery with ""crumbling foundation"" and ""failed hopes,"" which evoke a tangible, inevitable decline. Response A uses ""gravitating toward failure,"" a more literal and less imaginative phrasing that lacks the emotional and structural depth of B. While both align with the implicit meaning, B’s coherence and originality make it a stronger representation of the inevitable downward spiral. [RESULT] B"
The footsteps of time leave causal footprints behind.,Early seeds grow later harvest.,B,"Feedback: Both metaphors use nature-based imagery to convey the idea of past events influencing the future. Response A employs ""footsteps of time"" and ""causal footprints,"" which directly reference time’s passage and cause-effect relationships but suffers from redundancy and abstract repetition (""footsteps"" vs. ""footprints""). Response B uses ""early seeds"" and ""later harvest,"" a more vivid and coherent metaphor that clearly illustrates how past actions (seeds) yield future outcomes (harvest). While both align with the implicit meaning, B’s agricultural imagery is more imaginative and universally relatable, avoiding the tautological phrasing of A. B’s metaphor also subtly implies a present role in nurturing growth, enhancing its alignment with the concept. [RESULT] B"
Their moral obligations accelerated like objects in free fall.,"Duties piled like snowballs, picking up speed.",B,"Feedback: Both metaphors convey rapid acceleration but differ in their alignment with the implicit meaning of ""rapidly declining moral standards."" Response A uses ""free fall"" to depict acceleration, which is vivid and original, but ""moral obligations"" may not directly imply declining standards—free fall suggests downward motion but lacks the nuance of moral erosion. Response B employs the ""snowball"" metaphor, a well-known idiom for growing momentum, linking ""duties"" to accumulation. While ""duties piling up"" could indirectly suggest neglect leading to lower standards, the metaphor is more relatable and coherent in conveying rapid, uncontrollable growth. However, neither metaphor explicitly ties the acceleration to a decline in standards. Response A's imagery is more original but less directly aligned, while Response B’s is conventional but clearer in its association with escalating pressure. [RESULT] B"
Nature presents new life to the earth each spring.,Spring breeds life anew.,A,"Feedback: Both responses align with the implicit meaning of nature as a gift-giver of renewal, but differ in vividness and specificity. Response A uses ""presents"" to directly evoke the act of giving, pairing it with ""new life"" for vivid imagery that mirrors the gift-giver concept. Response B’s ""breeds life anew"" is more abstract and less personified, focusing on the process of creation rather than the intentional act of giving. While both capture rebirth, A’s metaphor is more imaginative and tonally precise, aligning more closely with the implicit meaning. [RESULT] A"
Their ideas are sparks in the night sky.,Flashes of brilliance illuminated the room.,A,"Feedback: Both metaphors use sudden bursts of light to convey ""brilliant and fleeting moments of inspiration,"" aligning with the implicit meaning. Response A (""sparks in the night sky"") evokes a vivid, poetic image with a sense of cosmic scale and rarity, emphasizing both brilliance and transience through the contrast of darkness and fleeting sparks. Response B (""flashes of brilliance illuminated the room"") is more direct but less original, using a common phrase (""flashes of brilliance"") and a generic setting (""room""), which lacks the imaginative depth of A. While both capture the core concept, A’s imagery is more vivid and metaphorically rich, making it a clearer and more imaginative representation. [RESULT] A"
Hope is a buoyant force keeping us afloat in troubled waters.,Hope anchors us through life's storms.,A,"Feedback: Both metaphors use nautical imagery to convey support during hardship, aligning with the implicit meaning. Response A (""buoyant force...troubled waters"") employs a precise, original metaphor that vividly evokes the physical sensation of staying afloat, directly mirroring the idea of emotional support. Response B (""anchors...storms"") uses a classic, widely recognized metaphor that effectively communicates stability but lacks the freshness of A’s phrasing. While both are coherent, A’s specificity and imaginative word choice (""buoyant force"") create a more dynamic and precise connection to the concept of hope as an active, sustaining force. B’s imagery, though clear, is more conventional and slightly less evocative in capturing the continuous, fluid nature of hope. [RESULT] A"
The heat of her fury scorched everyone in the room.,Her rage spread like a wildfire.,A,"Feedback: Both metaphors use fire imagery to convey intense anger affecting others, aligning with the implicit meaning. Response A (""scorched everyone in the room"") explicitly emphasizes direct impact on others through the verb ""scorched"" and spatial specificity, creating vivid, coherent imagery. Response B (""spread like a wildfire"") evokes rapid, uncontrollable intensity but is slightly less precise in showing the immediate effect on others. While both are imaginative, A’s imagery is more original and directly ties the anger to its consequences, making it clearer and more aligned with the implicit meaning. [RESULT] A"
She's walking through a storm of negativity.,Walking through a storm of pain and hardship.,B,"Feedback: Both metaphors use a storm to convey struggle against overwhelming negative circumstances, aligning with the implicit meaning. Response A directly references ""negativity,"" clearly linking to the concept of negative circumstances. Response B adds specificity with ""pain and hardship,"" enhancing vividness by detailing the nature of the struggle. While both are coherent, B’s imagery is more imaginative and layered, though slightly less concise. Response A is more direct but less original in phrasing. [RESULT] B"
Their qualities are curated like a museum collection.,People curate their lives like museums display art.,B,"Feedback: Both metaphors use ""curated"" to reflect careful selection, aligning with the implicit meaning of precision and value. Response A focuses solely on curation, comparing qualities to a museum collection, which is direct but lacks a vivid display element. Response B expands the metaphor by linking ""curate their lives"" to ""museums display art,"" explicitly addressing both selection and presentation, with ""art"" enhancing the sense of value. While both convey the core idea, B’s imagery is more dynamic and complete, incorporating the display aspect and offering a clearer, more imaginative representation. [RESULT] B"
The solution lies in an underground cavern of possibilities.,"Delving deeper into the labyrinth's depths, unveils hidden truths.",A,"Feedback: Response A directly uses ""cavern of possibilities,"" aligning closely with the implicit meaning of ""hidden potential and unexplored opportunities"" through the literal connection to ""possibilities"" and the metaphor of an underground cavern for hiddenness. The imagery is clear and straightforward, though not highly original. Response B employs ""labyrinth's depths"" and ""hidden truths,"" which evokes exploration and mystery but leans more toward uncovering secrets rather than opportunities. While ""labyrinth"" is vivid, it lacks the direct reference to ""opportunities"" found in Response A. Both use underground imagery, but A’s phrasing is more precise to the implicit meaning, making it clearer and more imaginative for the task. [RESULT] A"
Her mind is a bustling metropolis of interconnected thoughts.,Mind gears grinding in sync.,A,"Feedback: Both metaphors convey complex and active mental activity, but they differ in vividness and alignment with the implicit meaning. Response A (""bustling metropolis of interconnected thoughts"") directly mirrors the complexity and dynamism of the implicit meaning through a rich, evocative image of a city—a universally recognized symbol of interconnected systems and constant motion. The phrase ""interconnected thoughts"" explicitly ties to the idea of complexity. Response B (""gears grinding in sync"") uses mechanical imagery, which suggests coordination and activity but lacks the same depth of complexity. The term ""grinding"" may imply friction or wear, potentially conflicting with the neutral or positive tone of ""active mental activity."" While both are coherent, A's imagery is more vivid, original, and precisely aligned with the intended concept. [RESULT] A"
"We've reached base camp, but the summit still towers above.",From seedlings to mighty oaks: our progress begs relentless toil.,A,"Feedback: Both metaphors use natural processes to signify progress and remaining challenges. Response A employs a climbing metaphor, with ""base camp"" indicating initial progress and the ""summit"" vividly emphasizing the towering challenges ahead, aligning directly with the implicit meaning. Response B uses plant growth (""seedlings to mighty oaks"") to suggest gradual progress, but ""relentless toil"" is less precise in conveying the looming magnitude of future challenges. While both are coherent, Response A’s imagery is more vivid, specific, and directly captures the contrast between current progress and significant remaining obstacles. [RESULT] A"
The theory flourished in the scientific community.,Science embraced the new theory fully.,A,"Feedback: Response A uses ""flourished,"" a vivid metaphor that directly evokes growth and thriving, aligning closely with the implicit meaning of the theory's growth and acceptance. Response B's ""embraced fully"" emphasizes acceptance but lacks the imagery of growth. Both convey acceptance, but A’s metaphor is more imaginative and vividly captures both aspects of the implicit meaning. [RESULT] A"
Life breathes color into existence's empty rooms.,Life's tapestry weaves meaning from our experiences.,A,"Feedback: Both metaphors address the implicit meaning of life infusing vibrancy and meaning into an empty existence, but they differ in imagery and alignment. Response A uses ""breathes color into existence's empty rooms,"" directly linking life’s vibrancy (""color"") to emptiness (""empty rooms"") with vivid, sensory language. Response B employs ""tapestry weaves meaning from experiences,"" which captures the creation of meaning but shifts focus to ""experiences,"" only loosely tied to the implicit meaning’s emphasis on existence’s inherent emptiness. While B’s imagery is coherent, it is less original and slightly tangential compared to A’s precise and evocative metaphor. Both convey the core idea, but A’s imagery is more imaginative and tightly aligned with the reference. [RESULT] A"
Her mind needed proper nutrition through reading.,A mind needs books as a fire needs fuel.,B,"Feedback: Both metaphors convey the implicit meaning that knowledge nourishes the mind, but they differ in imagery and originality. Response A uses ""nutrition through reading"" as a direct analogy, which is clear but literal and lacks vivid imagery. Response B employs the metaphor ""a mind needs books as a fire needs fuel,"" creating a more dynamic and vivid comparison by linking books to fuel and the mind to fire. This imagery is stronger and more imaginative, effectively illustrating the necessity of knowledge for mental growth. While both align with the meaning, B’s metaphor is more evocative and structurally coherent, making it a superior representation of the concept. [RESULT] B"
Her ideas were a feast for the mind.,"Her thoughts were rich, intellectual feasts.",A,"Feedback: Both metaphors use ""feast"" to align with the implicit meaning of ""intellectually nourishing and abundant,"" but they differ in coherence and originality. Response A (""Her ideas were a feast for the mind"") directly ties the feast imagery to the mind, emphasizing intellectual nourishment through a concise and vivid metaphor. Response B (""Her thoughts were rich, intellectual feasts"") adds ""rich"" and ""intellectual"" to the feast, which slightly clarifies the focus but introduces redundancy (""intellectual feasts"") and awkward pluralization (""feasts""), weakening coherence. While both capture the core meaning, Response A’s structure is more streamlined and avoids lexical repetition, making it more effective. [RESULT] A"
Properties are thermal conductors of wealth.,Money multiplies in the right hands.,A,"Feedback: Response A directly employs the thermal conductor analogy, aligning precisely with the implicit meaning of properties transferring and accumulating wealth like heat. The imagery is vivid and coherent, linking ""conductors"" to the efficient flow and accumulation of wealth. Response B, while suggesting wealth multiplication, lacks the physical transfer mechanism implied in the implicit meaning and introduces an unrelated element (""right hands""), making it less specific. Both use imaginative metaphors, but A’s structural parallelism to the reference (conductors ↔ properties, heat ↔ wealth) is stronger and more original. [RESULT] A"
Success injected new energy into the team's morale.,Victory fueled their hunger for success.,A,"Feedback: Both metaphors use active verbs to convey impact, but they differ in alignment with the implicit meaning. Response A (""injected new energy"") directly mirrors the implicit meaning of revitalization and energizing the team, using a clear, medical metaphor that evokes a sudden, tangible boost. Response B (""fueled their hunger"") shifts focus to a desire for future success rather than the energizing effect of past success, creating a slight disconnect. While both are coherent, A’s imagery is more vivid and directly tied to the concept of energizing, whereas B’s ""hunger for success"" is a cliché and less imaginative. [RESULT] A"
Their love wrapped around them like a heated blanket.,"In loving arms, they found solace and shield.",B,"Feedback: Both metaphors convey warmth and comfort, but differ in addressing protection. Response A uses a ""heated blanket,"" which effectively evokes warmth and enveloping comfort but lacks explicit imagery for protection. Response B combines ""loving arms"" (comfort) with ""shield"" (protection), directly aligning with both elements of the implicit meaning. While A’s imagery is vivid and original, B’s metaphor is more coherent and precise, using conventional yet clear terms to capture both comfort and protection. B better balances the dual aspects of the implicit meaning through direct, unambiguous language. [RESULT] B"
Her emotional equilibrium is a master juggler's performance.,A balanced scale weighed her emotional burdens.,A,"Feedback: Both metaphors address the concept of balancing emotional challenges, but they differ in vividness and alignment with the implicit meaning. Response A uses the metaphor of a ""master juggler's performance,"" which vividly conveys dynamic skill and active management of multiple elements, directly reflecting the idea of ""skillfully maintaining balance."" The imagery is coherent and imaginative, emphasizing both balance and effort. Response B, ""a balanced scale weighed her emotional burdens,"" relies on a static image of a scale, which suggests equilibrium but lacks the dynamic, skillful aspect implied. The phrase ""weighed her burdens"" introduces ambiguity, as it could imply passivity or measurement rather than active balancing. Both metaphors touch on balance, but A’s imagery more clearly aligns with the implicit meaning’s emphasis on skill and multiplicity. [RESULT] A"
She deposited extra hours into her weekend savings.,Carving out time for weekend delight.,A,"Feedback: Response A (""She deposited extra hours into her weekend savings"") and Response B (""Carving out time for weekend delight"") both use time-as-money imagery but differ in alignment with the implicit meaning. Response A directly ties to the metaphor of time as a financial asset through ""deposited"" and ""savings,"" vividly reflecting the act of storing time. Response B, while evocative, focuses on allocating time for pleasure (""delight"") rather than emphasizing storage or saving. Both are coherent, but Response A’s imagery is more specific and imaginative in capturing the ""time as money"" concept, whereas Response B’s metaphor is looser and less tied to the financial framework. [RESULT] A"
His gaze climbed the towering building.,Reaching skyward: tree's ambitious embrace.,A,"Feedback: Both metaphors depict upward motion, but Response A (""His gaze climbed the towering building"") more directly aligns with the implicit meaning of ""looking upward gradually from bottom to top."" The verb ""climbed"" explicitly conveys a step-by-step ascent, mirroring the gradual progression described. The imagery is vivid and coherent, anchoring the action to a physical structure (a building) that reinforces verticality. Response B (""Reaching skyward: tree's ambitious embrace"") uses a tree as a metaphor for upward growth, which is imaginative but less precise in capturing the act of looking upward. The phrase ""ambitious embrace"" introduces ambiguity about the nature of the upward movement, focusing more on intent than the gradual visual act. While both evoke verticality, Response A’s clarity and direct alignment with the implicit meaning make it superior. [RESULT] A"
The debate was a crossfire of verbal artillery.,A battleground of fiery words.,A,"Feedback: Both metaphors effectively convey an intense and hostile exchange of arguments through war imagery, aligning well with the implicit meaning. Response A (""crossfire of verbal artillery"") uses more specific and layered imagery, with ""crossfire"" suggesting simultaneous, reciprocal attacks and ""artillery"" emphasizing destructive force. This creates a vivid, dynamic scene. Response B (""battleground of fiery words"") is concise and evokes intensity through ""fiery words,"" but ""battleground"" is a more generic metaphor for conflict, offering less originality. While both are coherent, Response A’s combination of precise terms enhances its imaginative quality and alignment with the tone of relentless hostility. [RESULT] A"
"Time stalks us through the corridors of life, never losing our trail.",Time's pendulum swings with our life's stages.,A,"Feedback: Response A and Response B both aim to convey the idea of time as an inescapable force but differ in their alignment with the implicit meaning. Response A uses ""stalks"" and ""never losing our trail,"" which directly evoke the imagery of a relentless pursuer actively chasing a target, aligning closely with the implicit meaning. The language is vivid and action-oriented, emphasizing inescapability. Response B, while using a ""pendulum"" to symbolize time’s passage, focuses on cyclical motion rather than pursuit. The ""swings with our life’s stages"" implies synchronization rather than relentless chasing, making it less aligned with the implicit meaning. Both metaphors are coherent, but Response A’s predatory imagery is more imaginative and directly reflects the tone of inescapable pursuit. [RESULT] A"
Words are bridges connecting minds across the void.,Words build bridges to shared meanings.,A,"Feedback: Both metaphors use the bridge analogy to represent communication as a connector, aligning with the implicit meaning. Response A (""bridges connecting minds across the void"") emphasizes the spatial separation (""void"") and the direct linkage of minds, vividly capturing the idea of bridging distance. Response B (""build bridges to shared meanings"") focuses on the outcome (""shared meanings"") rather than the spatial metaphor, making it slightly less vivid. While both are coherent, Response A’s imagery is more imaginative and directly mirrors the ""distance and separation"" aspect of the implicit meaning. [RESULT] A"
We're standing at the edge of this problem's precipice.,"A crossroads of choices, with stakes sky-high.",A,"Feedback: Both responses align with the implicit meaning of facing a dangerous/critical situation, but they differ in vividness and specificity. Response A (""precipice"") uses a striking, original image of a cliff’s edge to evoke immediacy and peril, directly mirroring the ""critical"" nature of the situation. Response B (""crossroads"") conveys decision-making under pressure but relies on a more generic, overused metaphor (""crossroads"") and adds the cliché ""sky-high"" to emphasize stakes. While both capture the core idea, A’s imagery is more vivid, imaginative, and tightly aligned with the tone of precariousness, making it a clearer and more original representation. [RESULT] A"
The action orbited around the central issue.,Activities and decisions were branches on the tree of the problem.,A,"Feedback: Both metaphors aim to convey multiple actions centered on a main problem, but they differ in alignment and imagery. Response A (""orbited around the central issue"") directly evokes the motion of actions revolving around a core, using precise, scientific imagery (""orbit"") that vividly mirrors the implicit meaning. Response B (""branches on the tree of the problem"") employs a natural metaphor, but ""branches"" suggests extension or growth rather than circular motion, creating a looser connection to the concept of ""revolving."" While both are coherent, A’s imagery is more dynamic and tightly aligned with the implicit meaning, whereas B’s metaphor feels generic and less specific to the idea of cyclical action around a central point. [RESULT] A"
This problem is a target hidden in the fog.,A maze of hidden complexities.,A,"Feedback: Both metaphors address the difficulty of understanding due to obscurity, but they differ in vividness and alignment with the implicit meaning. ""Target hidden in the fog"" (A) directly evokes the idea of something obscured by unclear circumstances, using a vivid and specific image of a target obscured by fog, which closely mirrors the implicit meaning. ""Maze of hidden complexities"" (B) implies a layered, intricate structure but leans more on abstract complexity than on the immediate lack of clarity emphasized in the implicit meaning. While both are coherent, A’s imagery is more original and directly ties to the concept of obscurity, whereas B’s maze is a common metaphor and slightly less focused on the ""unclear circumstances"" aspect. [RESULT] A"
The manager juggled all the moving pieces.,"Manager as orchestra conductor, controlling symphony of projects.",B,"Feedback: Both metaphors convey the implicit meaning of managing multiple tasks with skill, but they differ in vividness and originality. Response A uses ""juggled all the moving pieces,"" a common metaphor that clearly communicates multitasking but lacks imaginative depth. Response B, ""manager as orchestra conductor, controlling symphony of projects,"" offers richer imagery by evoking the precision and harmony of an orchestra, aligning closely with the implicit meaning through its emphasis on structured coordination. While both are coherent, Response B’s metaphor is more vivid, imaginative, and evokes a nuanced sense of artistry in task management. [RESULT] B"
The project was too big to swallow at once.,The project was a labyrinth of tasks.,A,"Feedback: Response A directly conveys the implicit meaning of the project being ""too big to swallow at once,"" aligning with the idea of being overwhelming and requiring incremental handling. Its simplicity and relatability make it clear and effective. Response B uses ""labyrinth of tasks,"" which evokes complexity and confusion but shifts focus from the project's size to its structure. While both metaphors capture elements of difficulty, A more accurately reflects the core idea of being unmanageable in one attempt, whereas B emphasizes navigational challenges rather than sheer volume. A’s imagery is more precise, while B’s is vivid but slightly misaligned. [RESULT] A"
She's overdosing on retail therapy.,Her shopping was a bottomless pit of excess.,A,"Feedback: Both metaphors address excessive shopping behavior, but Response A directly ties the action to a harmful, health-related consequence (""overdosing""), which more explicitly aligns with the ""unhealthy"" aspect of the implicit meaning. Response B uses ""bottomless pit of excess"" to emphasize endless consumption, effectively conveying excess but less clearly linking it to harm. Response A’s imagery is more vivid and original, combining the medical metaphor of ""overdose"" with the colloquial ""retail therapy,"" creating a stronger connection to both the excessive and unhealthy dimensions. [RESULT] A"
Their love glowed like a constant star.,A river of love that never runs dry.,A,"Feedback: Both metaphors convey enduring love, but Response A more directly captures the ""bright"" aspect of the implicit meaning through the imagery of a glowing star, which is inherently associated with radiance and constancy. Response B emphasizes persistence with ""never runs dry,"" aligning with endurance but lacking explicit reference to brightness. The star metaphor (A) is more vivid and coherent in reflecting both enduring and bright qualities, while the river metaphor (B) leans heavily on endurance without fully addressing brightness. [RESULT] A"
His ideas are raw diamonds needing careful refinement.,"Uncooked ideas, needs seasoning to taste.",A,"Feedback: Both responses convey the idea of potential needing refinement, but differ in alignment with the implicit meaning. Response A uses ""raw diamonds,"" a well-established metaphor for valuable yet unpolished potential, directly matching the implicit meaning. The imagery is vivid, coherent, and clearly communicates inherent worth requiring careful work. Response B employs ""uncooked ideas"" and ""seasoning to taste,"" which is more original but less precise. While ""seasoning"" implies enhancement, ""uncooked"" lacks the same connotation of intrinsic value as ""raw diamonds."" A’s metaphor aligns more closely with the tone and clarity of the implicit meaning, whereas B’s imagery is slightly less vivid and risks ambiguity in conveying value. [RESULT] A"
His motor was running hot all night long.,His passion burned through the darkness.,B,"Feedback: Both metaphors suggest a state of sustained internal activity, but Response B more directly links the emotional intensity (passion burning) to the concept of restlessness or anxiety that prevents sleep. Response A uses a mechanical metaphor (""motor running hot"") which implies overactivity but lacks the emotional resonance and vivid imagery of Response B. While both metaphors are coherent, Response B’s use of fire imagery (""burned through the darkness"") is more vivid and aligns more closely with the emotional turmoil implied by the implicit meaning. Response A’s metaphor is less imaginative and slightly abstract, making the connection to restlessness less direct. [RESULT] B"
Her affection radiated like a gentle sunbeam.,Her warmth illuminated the room.,A,"Feedback: Both metaphors use light imagery to convey warmth and spread, aligning with the implicit meaning. Response A’s ""gentle sunbeam"" emphasizes nurturing (via ""gentle"") and radiating outward (via ""radiated""), directly mirroring the implicit meaning’s emphasis on spreading warmth. Response B’s ""illuminated the room"" captures warmth and environment but lacks explicit motion (""illuminated"" implies effect, not action). A’s imagery is more vividly specific (sunbeam as a tangible, spreading entity) and imaginative, while B’s metaphor is slightly generic. Both are coherent, but A better reflects the ""spreads outward"" aspect. [RESULT] A"
Depression is an inertial force resisting all movement forward.,Depression mires progress.,B,"Feedback: Both metaphors convey the idea of depression hindering progress, but they differ in vividness and alignment with the implicit meaning. Response A uses ""inertial force,"" a scientific metaphor that implies resistance to change, which is somewhat abstract and less evocative of an ""invisible weight."" Response B's ""mires progress"" employs a more visceral, relatable image of being trapped in mud, closely mirroring the implicit meaning's ""invisible weight."" While both are coherent, B's imagery is more vivid, immediate, and directly aligns with the tone and concept of an unseen force impeding movement. [RESULT] B"
States are neighborhoods in liberty's city.,States: intricately linked puzzle pieces of larger freedom.,B,"Feedback: Both metaphors use parts-of-a-whole imagery to represent states within freedom. Response A's ""neighborhoods in liberty's city"" is clear but generic, relying on a common metaphor that lacks originality. Response B's ""intricately linked puzzle pieces of larger freedom"" is more imaginative, using the puzzle metaphor to vividly convey interdependence and coexistence. While both align with the implicit meaning, B’s imagery is more dynamic and effectively emphasizes the unity of diverse parts. [RESULT] B"
His speech stumbled under the weight of whiskey.,His tongue tripped on the liquor's tongue twisters.,B,"Feedback: Both metaphors effectively convey drunken, slurred speech through physical and linguistic imagery. Response A uses ""stumbled under the weight of whiskey,"" a direct and vivid metaphor that links the heaviness of alcohol to speech impairment. It is clear and aligns well with the implicit meaning. Response B, ""tongue tripped on the liquor's tongue twisters,"" introduces a layered, imaginative twist by personifying liquor as a source of linguistic obstacles (""tongue twisters""). This adds originality and a playful, vivid dimension, making the connection between alcohol and speech difficulty more dynamic. While both are coherent, B’s inventive phrasing and dual reference to both physical and verbal stumbling (via ""tongue twisters"") elevate its creativity and specificity. [RESULT] B"
Her emotions maintain a perfect seesaw equilibrium.,Balancing emotions on a seesaw.,A,"Feedback: Both Response A and Response B use the ""seesaw"" metaphor to convey emotional balance, aligning with the implicit meaning of equilibrium between extremes. However, Response A is more vivid and precise, using ""perfect seesaw equilibrium"" to emphasize a stable, deliberate balance, while Response B’s ""balancing emotions on a seesaw"" is generic and lacks descriptive depth. Response A’s phrasing (""maintain a perfect seesaw equilibrium"") is coherent and evokes a clear, sustained imagery of balance, whereas Response B’s fragmentary structure (""Balancing emotions on a seesaw"") feels incomplete and less imaginative. Response A better captures the tone and specificity of the implicit meaning through its detailed, metaphorical phrasing. [RESULT] A"
The visual field is a basket catching moving objects.,Eyes dance with the rhythm of life's passage.,A,"Feedback: Response A (""The visual field is a basket catching moving objects"") aligns more directly with the implicit meaning of vision as a container collecting information. The metaphor of a ""basket"" explicitly conveys containment, and ""catching moving objects"" mirrors the act of gathering visual data. Response B (""Eyes dance with the rhythm of life's passage"") is vivid and poetic but abstractly linked to the implicit meaning; it emphasizes motion and experience rather than containment. While both use imagery, A’s literal connection to a container makes it clearer and more accurate to the intended concept. [RESULT] A"
The team's creativity flows like an endless river of resources.,A well of infinite ideas.,B,"Feedback: Both metaphors convey the implicit meaning of continuous and abundant creative output through natural sources (""river"" and ""well""). Response A uses ""endless river of resources,"" emphasizing fluidity and abundance, while Response B employs ""well of infinite ideas,"" focusing on depth and endlessness. Response A's river imagery is more dynamic, evoking motion and continuity, whereas Response B's well is static but directly ties to ""ideas,"" aligning more closely with the creative output concept. Response B is more concise and specific to the intended meaning (ideas), while Response A's ""resources"" is slightly vague. Both score a 4: they align well with the meaning but differ in vividness and specificity. Response B better balances clarity, specificity, and alignment with the implicit meaning. [RESULT] B"
Her euphoria ascended like a morning sun.,Happiness blossomed into radiant strength.,A,"Feedback: Both metaphors convey rising happiness, but Response A's ""morning sun"" directly ties to the ""radiant joy"" in the implicit meaning through the sun's inherent brightness, while Response B's ""radiant strength"" introduces a slight misalignment by linking joy to ""strength."" Response A uses a classic yet effective natural image (sunrise) for rising emotion, whereas Response B’s ""blossomed"" is vivid but less precise in capturing the upward trajectory. Both are coherent, but A’s imagery is more directly aligned with the implicit meaning. [RESULT] A"
She inherits qualities like family heirlooms.,"Traits as heirlooms, passed down through time.",B,"Feedback: Both responses align with the implicit meaning of traits being passed down like heirlooms, but they differ in imagery and originality. Response A uses a simile (""like family heirlooms"") and focuses on the individual inheriting, which is clear but less vivid. Response B employs a metaphor (""Traits as heirlooms"") and adds the phrase ""passed down through time,"" creating a more dynamic and temporal image that enhances the concept of inheritance across generations. Response B’s imagery is more imaginative and coherent, emphasizing the enduring, cherished nature of traits akin to heirlooms. [RESULT] B"
"The scholars entered the intellectual arena, ready for a fierce theoretical battle.",Scholars clash with theories as swords.,B,"Feedback: Both metaphors align with the implicit meaning of academic debate as combat, but differ in vividness and originality. Response A uses ""intellectual arena"" and ""fierce theoretical battle,"" which are standard combat terms but lack specificity. Response B, ""Scholars clash with theories as swords,"" is more concise and imaginative, directly equating theories to weapons and creating a vivid, coherent image of scholars as warriors. The metaphor in B is more original and impactful, while A’s phrasing is generic. Both convey the intended concept, but B’s imagery is more vivid and aligned with the combat tone. [RESULT] B"
The mind's reception desk filters incoming experiences.,Unseen hands shape raw perception into clear understanding.,B,"Feedback: Both metaphors address the brain's role in processing information, but they differ in alignment with the implicit meaning and imagery. Response A uses a ""reception desk"" to directly imply filtering, which aligns closely with the concept of selective processing. However, the metaphor is literal and lacks imaginative or vivid imagery. Response B employs ""unseen hands"" to evoke a more abstract, mysterious process of shaping perception into understanding, which is more imaginative and vivid. While B does not explicitly mention ""filtering,"" the act of shaping raw perception implies a selective transformation, aligning with the implicit meaning's essence. B's imagery is more evocative and metaphorically rich, making it a clearer and more imaginative representation of the brain's nuanced processing. [RESULT] B"
His addiction to checking social media is a daily dose he can't skip.,A magnetic force draws him to social media.,A,"Feedback: Response A directly incorporates the concept of a ""daily dose,"" aligning precisely with the implicit meaning of social media dependency as a medical addiction requiring regular consumption. The phrase ""can't skip"" reinforces the compulsive, habitual nature of the addiction. In contrast, Response B uses ""magnetic force"" to imply attraction, which is vivid but lacks the specificity of medical dependency or the structured, necessary intake implied in the reference. While both metaphors are coherent, Response A’s imagery is more imaginative, accurate, and directly tied to the medical addiction framework, whereas Response B’s metaphor is more general and less focused on the ""dose"" requirement. [RESULT] A"
The river of his potential carries his developing skills.,Nature nurtures his hidden talents.,A,"Feedback: Both metaphors use natural imagery to convey growth, but Response A (""The river of his potential carries his developing skills"") more directly aligns with the implicit meaning of continuous forward motion. The river metaphor inherently evokes fluid, unceasing progression, while ""carries his developing skills"" explicitly ties growth to movement. Response B (""Nature nurtures his hidden talents"") relies on a more generic metaphor where ""nurtures"" implies gradual growth but lacks the dynamic, directional flow emphasized in the implicit meaning. Both are vivid, but A’s imagery is more specific and coherent with the concept of continuous development. [RESULT] A"
Every cleared path leads to a garden of possibilities.,Each door opens a roomful of possibilities.,A,"Feedback: Both metaphors effectively convey the implicit meaning that removing obstacles (cleared path/door) leads to opportunities (garden/roomful of possibilities). However, Response A uses ""cleared path"" and ""garden of possibilities,"" which more directly evoke the act of removing barriers and the organic, expansive nature of emerging opportunities. The garden imagery is vivid and aligns closely with the tone of growth and potential. Response B’s ""door"" and ""roomful of possibilities"" are less vivid and slightly generic, as ""roomful"" lacks the dynamic, flourishing quality of a garden. While both are coherent, Response A’s phrasing better captures the active removal of obstacles and the imaginative richness of the resulting opportunities. [RESULT] A"
His temper was a pressure cooker about to explode.,His rage grew into an explosive volcano.,A,"Feedback: Both metaphors effectively convey the concept of building anger reaching a dangerous breaking point, but they differ in imagery and originality. Response A (""pressure cooker about to explode"") uses a relatable, mechanical image that directly mirrors the gradual pressure buildup and imminent release, aligning tightly with the implicit meaning. It is vivid, coherent, and imaginative. Response B (""explosive volcano"") evokes a dramatic, natural phenomenon, which also captures the explosive climax but slightly lacks the nuanced depiction of gradual tension compared to the pressure cooker. The volcano metaphor is less precise in illustrating the ""building"" aspect and relies on a more common metaphor. Both meet high standards, but Response A’s specificity and originality make it marginally superior. [RESULT] A"
She scaled the peaks of logical reasoning.,Her mind sharpened like a sword.,A,"Feedback: Both metaphors address the implicit meaning of achieving mastery in logical thinking, but they differ in alignment and imagery. ""Scaling the peaks of logical reasoning"" (A) directly references the cognitive domain and conveys a clear endpoint of mastery through the metaphor of reaching a summit, aligning closely with the idea of culmination. Its imagery is vivid but conventional. ""Her mind sharpened like a sword"" (B) uses a strong, evocative image of precision but emphasizes the process of becoming sharp rather than the state of mastery itself. While B’s sword metaphor is more original and vivid, it slightly diverges from the implicit meaning by focusing on the sharpening process rather than the achieved mastery. A better captures the intended concept of mastery as a completed state. [RESULT] A"
Each opportunity is a compass pointing to different destinations.,Forks in the road shape unique destinies.,B,"Feedback: Both metaphors align with the implicit meaning of opportunities leading to varied life directions, but they differ in imagery and alignment. Response A uses a compass to suggest guidance toward multiple destinations, which is coherent but generic, as compasses typically imply singular direction. Response B employs ""forks in the road,"" a vivid and widely recognized metaphor for pivotal choices, directly linking to the concept of shaping distinct destinies. While both are effective, B’s imagery is more specific to the idea of decision-making and branching paths, making it more imaginative and closely aligned with the implicit meaning. [RESULT] B"
This challenge is a combination safe testing our patience.,"Chipping away, bit by calculated bit.",A,"Feedback: Both metaphors convey a time-consuming, careful process, but Response A uses the vivid and specific imagery of a ""combination safe"" to emphasize the need for precise, patient effort, directly aligning with the frustration inherent in the task. Response B’s ""chipping away, bit by calculated bit"" evokes gradual progress but lacks the same level of specificity and emotional resonance for ""frustration."" Response A’s metaphor is more imaginative and tightly tied to the implicit meaning, while B’s imagery is functional but generic. [RESULT] A"
"Ideas, like children, need guidance but not control.",Guiding ideas to bloom with freedom.,B,"Feedback: Both responses convey the implicit meaning of nurturing freedom for ideas, but they differ in imagery and explicitness. Response A uses a relatable analogy (""children"") to directly contrast guidance and control, making the concept clear but somewhat conventional. Response B employs a more vivid and imaginative metaphor (""bloom with freedom""), evoking a stronger visual image of organic growth while implying freedom without explicitly mentioning the absence of control. While A is more precise in contrasting guidance and control, B’s imagery is more original and evocative, aligning closely with the tone and intent of the implicit meaning. [RESULT] B"
Time is a relentless shapeshifter.,Life's river shapes our destiny.,A,"Feedback: Both metaphors convey the idea of constant transformation, but ""relentless shapeshifter"" (A) directly aligns with the implicit meaning’s emphasis on unceasing change through the active, dynamic imagery of a shapeshifter. ""Life's river shapes our destiny"" (B) evokes continuous motion but shifts focus to ""destiny,"" which diverges from the core concept of transformation itself. A’s imagery is more vivid and precise, while B’s metaphor is slightly diluted by the added concept of destiny. [RESULT] A"
"The chase of time knows no rest, no mercy.","Time marches on, heedless and relentless.",A,"Feedback: Both metaphors convey time's relentless nature, but Response A's ""chase"" directly aligns with the implicit meaning of pursuit and consumption, using ""no rest, no mercy"" to vividly imply inescapable consumption. Response B's ""marches on"" emphasizes steady forward motion but lacks the active pursuit element, focusing more on inevitability than consumption. While both are coherent, A's imagery more accurately reflects the implicit meaning's dual emphasis on relentless pursuit and consumption. [RESULT] A"
The theory evolved to adapt to new evidence.,Theory bends to facts' persistent pull.,B,"Feedback: Response A uses ""evolved"" to directly reference biological growth, aligning clearly with the implicit meaning of ideas changing like living organisms. However, the phrasing is literal and lacks vivid imagery, making it less imaginative. Response B employs ""bends to facts' persistent pull,"" which uses more original and dynamic metaphorical language. The imagery of ""bends"" and ""persistent pull"" evokes a sense of organic adaptability and gradual transformation, closely mirroring the implicit meaning while adding poetic depth. Both convey the core idea, but B’s metaphor is more vivid and imaginative, though slightly more abstract. [RESULT] B"
Her wit was a bandage for their wounded spirits.,Her laughter healed wounded emotions.,A,"Feedback: Both metaphors address healing but differ in alignment with the implicit meaning of ""healing through humor and cleverness."" Response A uses ""wit"" (cleverness) and ""bandage"" (healing), creating a metaphor that links cleverness to emotional healing. However, it lacks explicit reference to humor. Response B emphasizes ""laughter"" (humor) and ""healed"" (healing), directly tying humor to emotional recovery but omitting cleverness. While both metaphors are vivid, A’s imagery is more imaginative by framing wit as a tangible, healing object, whereas B’s phrasing is more literal. A better captures the cleverness aspect of the implicit meaning, while B emphasizes humor. Since the implicit meaning requires both elements, A’s metaphor is slightly closer in tone and originality, though neither fully encompasses both. [RESULT] A"
Each creation illuminates like a beacon in darkness.,A new star bursts in the spotlight.,A,"Feedback: Both metaphors use light imagery to connect creative works to guidance and inspiration. Response A (""beacon in darkness"") directly aligns with the implicit meaning by evoking guidance (beacon) in uncertainty (darkness), using a classic, vivid metaphor. Response B (""star bursts in spotlight"") combines celestial imagery with a stage metaphor, which feels less coherent—stars naturally shine but ""bursts in spotlight"" muddles the connection to guidance. A is more precise and tonally consistent with the reference, while B’s mixed metaphors reduce clarity. [RESULT] A"
Joy is an upward force that lifts the spirit skyward.,"Happiness lifts us up, light as a feather.",B,"Feedback: Both metaphors convey the implicit meaning of elevation and lightness caused by joy. Response A uses ""upward force"" and ""skyward"" to emphasize elevation, while Response B employs the feather comparison to highlight lightness. Response A’s imagery is more abstract and original, focusing on the spirit’s elevation, whereas Response B’s metaphor is concrete and relatable but less imaginative. Both align with the implicit meaning, but B explicitly ties lightness to the metaphor, making it slightly more precise. A’s ""skyward"" adds vividness, but B’s direct reference to ""light as a feather"" better captures the dual aspects of elevation and lightness. [RESULT] B"
Life's challenges are like sorting through mixed storage bins.,Tackling chaos with a methodical mind.,B,"Feedback: Response A uses ""sorting through mixed storage bins,"" which loosely reflects the implicit meaning of life's messiness and organization but relies on generic, less vivid imagery. Response B, ""tackling chaos with a methodical mind,"" directly captures the messiness (""chaos"") and the need for careful organization (""methodical mind"") with more vivid, concise language. While both address the core idea, Response B’s imagery is more imaginative and tightly aligned with the implicit meaning, offering a clearer and more dynamic representation. [RESULT] B"
Market pressures are creating a turbulent atmosphere.,"Market tides ebb and flow, turbulent and unpredictable.",B,"Feedback: Both responses use ""turbulent"" to align with the implicit meaning of instability and chaos. Response A employs a direct metaphor (""turbulent atmosphere"") but relies on generic imagery, while Response B introduces the metaphor of ""market tides ebb and flow,"" which adds dynamic, naturalistic movement and reinforces unpredictability through ""unpredictable."" Response B’s imagery is more vivid and imaginative, creating a stronger sense of ongoing, chaotic forces. Response A’s phrasing is coherent but less original. [RESULT] B"
Properties are magnetic forces attracting investment.,Value magnets attract investment crowds.,B,"Feedback: Both responses capture the implicit meaning that properties attract investment through a powerful pull. Response A uses ""magnetic forces"" to directly link properties to attraction, while Response B introduces ""value magnets"" and ""investment crowds,"" adding nuance by emphasizing collective action and intrinsic worth. Response B's imagery is more vivid and imaginative, as ""crowds"" evokes a dynamic, social aspect of investment, whereas A's metaphor is simpler but less original. Both align well with the meaning, but B's layered metaphor (value + magnets + crowds) creates a stronger, more cohesive picture of a powerful, collective pull. [RESULT] B"
Environmental pollution is a cancer growing in society's organs.,"Eroding earth, crumbling foundations.",A,"Feedback: Response A uses a direct and widely recognized metaphor (cancer) to convey the systemic and invasive nature of pollution, aligning closely with the implicit meaning of a spreading, destructive force. The metaphor is vivid and coherent, though somewhat conventional. Response B employs more abstract imagery (""eroding earth, crumbling foundations"") that suggests gradual degradation but lacks explicit references to spread or systemic damage, making the connection to the implicit meaning less direct. While B offers a fresh perspective, it is less precise in capturing the intended concept of pollution as an actively spreading threat. Both responses are vivid, but A’s alignment with the implicit meaning is stronger. [RESULT] A"
Antibiotics are the heavy artillery in our battle against infection.,Fueling your engine with nutritious provisions.,A,"Feedback: Response A (""heavy artillery"") directly aligns with the implicit meaning of ""powerful medical defense"" through its use of military imagery, evoking strength and targeted action. It is vivid, coherent, and imaginative, clearly linking antibiotics to a forceful defense. Response B (""fueling your engine"") shifts focus to sustenance and energy rather than defense, using a mechanical metaphor that lacks relevance to combating disease. While both metaphors employ action-oriented imagery, only A captures the intended concept of a robust medical intervention. Response B’s imagery is generic and misaligned with the core meaning. [RESULT] A"
They breathed the same emotional air.,Two souls dancing in sync,B,"Feedback: Response A (""They breathed the same emotional air"") and Response B (""Two souls dancing in sync"") both convey the implicit meaning of shared emotional states but differ in vividness and specificity. Response A uses a metaphor of shared respiration to imply unity in emotion, which is direct but abstract. The phrase ""emotional air"" is somewhat generic and lacks the vivid imagery of physical or sensory detail. Response B, however, employs the metaphor of synchronized dancing, which evokes a more dynamic and visual representation of harmony. While ""dancing in sync"" emphasizes coordination and mutual movement, it indirectly suggests emotional alignment through shared rhythm and effort. The imagery in B is more vivid and relatable, though it slightly diverges from the explicit focus on ""emotional state"" by emphasizing synchronized action. Both metaphors align with the implicit meaning, but B’s imagery is more imaginative and engaging, making it the stronger choice. [RESULT] B"
Their compliance grip was beginning to slip.,Compliance crumbled in their grip.,A,"Feedback: Both metaphors use ""grip"" to represent control, aligning with the implicit meaning of losing authority over rules. Response A (""slip"") conveys a gradual loss of control, which matches the process of ""beginning to lose"" in the implicit meaning. Response B (""crumbled"") implies a sudden, complete collapse, which is more vivid but less precise in depicting a gradual process. While B’s imagery is stronger, A’s phrasing better reflects the ongoing, incremental nature of losing control. [RESULT] A"
Our love is a delicate porcelain that must be handled with care.,Tending our bond with loving care.,A,"Feedback: Response A uses the metaphor of ""delicate porcelain,"" which is a vivid and traditional symbol of fragility, directly aligning with the implicit meaning that love is fragile and requires gentle handling. The imagery is clear and evokes a strong visual of something easily broken. Response B, ""Tending our bond with loving care,"" is more abstract and lacks the specific imagery of fragility. While it mentions ""loving care,"" it does not explicitly convey the fragility aspect of love, making the metaphor less precise. Both responses emphasize care, but Response A more effectively captures the duality of fragility and the need for gentle treatment. [RESULT] A"
The knowledge sits firmly in his palm.,He holds the reins of knowledge tight.,B,"Feedback: Both metaphors convey possession of knowledge, but ""reins of knowledge"" in Response B evokes active control and direction, aligning more closely with ""complete mastery"" than the static ""knowledge in the palm"" of Response A. The imagery in B is more vivid and dynamic, suggesting deliberate management, whereas A’s ""sits firmly"" feels less imaginative and passive. B’s use of ""reins"" (a metaphor for control) directly ties to the implicit meaning’s emphasis on authority and precision. [RESULT] B"
Each minute is a drop in the bucket of existence.,Life is a borrowed sandglass.,B,"Feedback: Both metaphors aim to convey time's insignificance, but they differ in imagery and alignment. ""Drop in the bucket of existence"" (A) uses a common metaphor that implies smallness but risks being generic and less vivid, as buckets are utilitarian and the image lacks depth. ""Borrowed sandglass"" (B) is more imaginative, combining the transient nature of sand in an hourglass with the concept of impermanence (""borrowed""), directly evoking time's fleeting and borrowed quality. B's imagery is more vivid and aligns more closely with the implicit meaning of insignificance through its layered metaphor, while A’s metaphor is simpler and less original. [RESULT] B"
Properties are resonant frequencies of market dynamics.,Properties dance with market trends.,A,"Feedback: Response A closely aligns with the implicit meaning by directly referencing ""resonant frequencies,"" a scientific term that evokes sound waves, which are central to the intended concept. However, its imagery is abstract and technical, making it less vivid for general audiences. Response B uses the metaphor ""dance,"" which is more imaginative and evokes rhythmic movement, but it lacks the explicit connection to sound waves. While both convey rhythmic fluctuation, A’s precision in mirroring the sound wave analogy gives it an edge in capturing the implicit meaning. B’s imagery is more accessible but less accurate to the specific reference. [RESULT] A"
The solution lies in the heart of the tangle.,Unraveling the mystery within the labyrinth.,B,"Feedback: Both metaphors effectively convey the implicit meaning that the answer is hidden within a complex problem. ""The heart of the tangle"" (A) uses concise, vivid imagery to suggest the solution lies at the core of entanglement, while ""unraveling the mystery within the labyrinth"" (B) employs a more dynamic action (""unraveling"") and a classic metaphor for complexity (""labyrinth"") to emphasize both the challenge and the process of discovery. A’s imagery is slightly more original and direct, but B’s use of a well-established metaphor for complexity (""labyrinth"") and the active verb enhances clarity and coherence. Both align closely with the implicit meaning, but B’s structured and evocative phrasing offers a marginally stronger representation. [RESULT] B"
This mutual fund is a leaky piggy bank draining your savings.,A fund that drains your profits.,A,"Feedback: Response A uses a vivid and imaginative metaphor (""leaky piggy bank"") that aligns closely with the implicit meaning of financial loss through poor investment. The imagery of a piggy bank, typically associated with saving, paired with the concept of a leak, effectively conveys the idea of funds being lost over time. It also evokes a sense of gradual depletion, which matches the tone of the implicit meaning. Response B, while direct, lacks metaphorical depth and originality. ""Drains your profits"" is a literal statement with no creative imagery, making it less engaging and less evocative. Both responses address the core idea of financial loss, but A’s use of a familiar object in a contradictory state (leaky piggy bank) enhances clarity and memorability. [RESULT] A"
Life weaves patterns in existence's tapestry.,Weaving our stories into life's tapestry.,A,"Feedback: Both metaphors use the ""tapestry"" imagery to represent interconnectedness, but they differ in alignment with the implicit meaning. Response A (""Life weaves patterns in existence's tapestry"") directly attributes the act of creating patterns to ""life,"" mirroring the implicit idea that life itself generates interconnected experiences. Response B (""Weaving our stories into life's tapestry"") shifts the agency to individuals (""our stories""), emphasizing personal contributions rather than life’s overarching role in forming a collective pattern. While both use vivid imagery, Response A more closely aligns with the implicit meaning by framing life as the active creator of a unified, meaningful whole, whereas Response B subtly diverts focus to individual narratives. [RESULT] A"
The ghost of inspiration materializes through creation.,Ideas birth sculptures in my hands.,B,"Feedback: Both metaphors convey the transformation of intangible ideas into tangible forms, but they differ in directness and imagery. Response A uses ""ghost of inspiration"" and ""materializes,"" which evokes a spectral, abstract process, while Response B employs ""birth sculptures,"" offering a more visceral, active image of creation. Response B aligns more precisely with the implicit meaning by explicitly referencing ""ideas"" and a concrete creative act (sculpting), whereas Response A’s focus on ""inspiration"" and ""creation"" feels slightly indirect. The imagery in B is vivid and grounded in physicality (""sculptures in my hands""), enhancing clarity and coherence, while A’s metaphor, though imaginative, relies on more abstract and less immediate associations. [RESULT] B"
The morning sun illuminates new pathways each day.,New doors open every day for the eager.,B,"Feedback: Both metaphors convey the implicit meaning of daily opportunities, but Response B more directly and vividly captures the idea. ""New doors open every day for the eager"" uses a classic metaphor for opportunities (doors) and explicitly ties them to proactive individuals, enhancing relatability. Response A’s ""illuminates new pathways"" is also evocative but slightly more abstract and generic compared to B’s precise imagery. B’s phrasing is more imaginative and aligns more closely with the tone of active possibility, while A’s metaphor is coherent but less specific. [RESULT] B"
His bliss lifted him above the clouds.,A cascade of bliss swept him away.,A,"Feedback: Both metaphors convey the emotional intensity of bliss, but Response A (""lifted him above the clouds"") directly aligns with the implicit meaning of elevation and weightlessness, using a clear and vivid image. Response B (""cascade of bliss swept him away"") introduces dynamic motion but ambiguates the upward direction implied by ""swept away,"" which could suggest being overwhelmed rather than elevated. Response A’s imagery is more coherent and precise for the intended concept, though slightly conventional, while Response B offers originality at the cost of clarity in directionality. [RESULT] A"
The tonic of laughter dissolved their tension.,Laughter dissolved their tension.,A,"Feedback: Response A effectively uses the metaphor ""tonic of laughter,"" directly aligning with the implicit meaning by comparing laughter to medicine (""tonic""), which vividly conveys its restorative role. The imagery is coherent and imaginative, emphasizing both the medicinal function and the dissolving effect on tension. Response B, ""Laughter dissolved their tension,"" lacks the metaphorical depth of ""tonic,"" reducing the concept to a literal action without the imaginative link to medicine. While both responses convey the action of tension being relieved, A’s metaphor is more vivid and closely mirrors the intended medicinal analogy. [RESULT] A"
Life is a worn book whose pages tell infinite stories.,A unique tapestry of lived experiences.,A,"Feedback: Both metaphors align with the implicit meaning of accumulated experiences and memories in life. Response A uses ""worn book"" to evoke a sense of age and layered stories, while Response B employs ""tapestry"" to suggest interwoven experiences. The book metaphor (""worn,"" ""infinite stories"") offers more vivid imagery tied to sequential, lived moments, whereas the tapestry metaphor is slightly less dynamic, focusing on composition over time. Response A’s ""worn book"" better captures the tone of aging and storytelling, enhancing coherence with the implicit meaning. [RESULT] A"
The stepping stones across the river guided their evolution.,Stepping stones to progress.,A,"Feedback: Both metaphors use ""stepping stones"" to imply sequential progression, aligning with the implicit meaning. Response A (""guided their evolution"") adds vivid imagery of a river and the naturalistic process of evolution, enhancing coherence and specificity. Response B (""stepping stones to progress"") is concise but generic, relying on a common idiom without the same level of imaginative depth. While both convey the concept, A’s originality and vivid scenario (river, guided evolution) make it more imaginative and closely aligned with the implicit meaning of distinct, sequential stages. [RESULT] A"
The city's streets teem with living energy.,A living heart in concrete veins pulses relentlessly.,B,"Feedback: Both responses convey the implicit meaning of vibrant urban activity and constant movement, but they differ in imagery and imagination. Response A uses direct, straightforward language (""living energy"") to depict activity, which is clear but generic. Response B employs a more imaginative metaphor (""living heart in concrete veins"") that vividly personifies the city as a biological system, with ""pulses relentlessly"" emphasizing continuous motion. The ""concrete veins"" in B add a layer of originality by linking urban infrastructure to life-sustaining systems, enhancing coherence and visual impact. While A aligns well with the meaning, B's richer, more inventive imagery better captures the intended concept through metaphorical depth. [RESULT] B"
His joy soared like a bird taking flight.,"His joy soared, lifting him high.",A,"Feedback: Both metaphors capture the upward motion of elation, but Response A (""His joy soared like a bird taking flight"") uses a vivid, specific image of a bird in flight to evoke both freedom and elation, aligning closely with the implicit meaning. Response B (""His joy soared, lifting him high"") conveys elation through abstract motion but lacks the concrete imagery of freedom found in A. While both use ""soared,"" A’s metaphor is more imaginative and coherent in pairing flight with liberation, whereas B’s ""lifting him high"" is generic and less evocative of unbounded freedom. [RESULT] A"
He's walking through a minefield of emotions.,Walking on a tightrope in a storm.,B,"Feedback: Both metaphors convey danger in navigating emotions, but ""tightrope in a storm"" (B) better captures the *unpredictability* through the chaotic, external forces of the storm, while ""minefield"" (A) emphasizes hidden, static threats. B’s imagery is more vivid and layered, combining balance (tightrope) with external chaos (storm), aligning closely with the implicit meaning. A is coherent but relies on a common metaphor, reducing its originality. B scores higher in imagination and alignment. [RESULT] B"
The project's ideas are sustainable forests of innovation.,Endless well of inspiration fuels our project.,A,"Feedback: Both responses convey the idea of continuous idea generation, but Response A uses ""sustainable forests of innovation,"" which directly aligns with the implicit meaning of growth, regeneration, and producing new solutions through vivid natural imagery. Response B's ""endless well of inspiration"" emphasizes continuity and energy but lacks the regenerative and organic growth aspects implied in the reference. While both are coherent, Response A’s metaphor more accurately captures the cyclical, self-sustaining nature of the concept with richer, more specific imagery. [RESULT] A"
The starving artist devoured every opportunity.,Art fueled her relentless climb.,A,"Feedback: Response A (""The starving artist devoured every opportunity"") and Response B (""Art fueled her relentless climb"") both convey determination and ambition, but differ in their alignment with the implicit meaning of ""desperate eagerness to succeed."" Response A uses the metaphor of a ""starving artist"" to directly evoke desperation, paired with ""devoured,"" which vividly captures the aggressive, all-consuming hunger for opportunities. The imagery is coherent and imaginative, linking scarcity (""starving"") to the urgency of seizing chances. Response B, while evoking persistence (""relentless climb""), frames the motivation as ""art fueled,"" which is less explicit about desperation and more about sustained energy. The metaphor is coherent but lacks the visceral immediacy of ""devour,"" making the desperation subtler. Both metaphors are vivid, but A’s alignment with the implicit meaning is stronger due to its direct connection to desperation and the intensity of ""devour."" [RESULT] A"
Properties are crystalline structures of value.,Properties are built on solid blueprints.,A,"Feedback: Both metaphors convey structure, but Response A uses ""crystalline"" to directly align with the implicit meaning's ""value like crystals,"" offering vivid, imaginative imagery that ties to both organization and inherent value. Response B's ""solid blueprints"" emphasizes planning and structure but lacks the vividness of crystal imagery and does not explicitly address value. While both are coherent, A more accurately captures the full scope of the implicit meaning with stronger, more original imagery. [RESULT] A"
Life's belongings are chains that bind us to our commitments.,Duties tightly bind us to our commitments.,A,"Feedback: Response A (""Life's belongings are chains that bind us to our commitments"") directly references ""belongings,"" aligning with the implicit meaning of material possessions restricting freedom. The metaphor of ""chains"" evokes vivid, tangible imagery of entrapment, which effectively conveys the idea of being tied down. Response B (""Duties tightly bind us to our commitments"") substitutes ""duties"" for material possessions, misaligning with the implicit meaning. While both use ""bind"" to suggest restriction, Response B lacks specificity about material possessions and relies on a generic phrase (""tightly bind"") rather than original imagery. Response A’s metaphor is more imaginative, coherent, and faithful to the intended concept. [RESULT] A"
These difficulties bounce around like pinballs in a machine.,"A storm's unruly children, wrecking havoc.",B,"Feedback: Both metaphors convey chaotic movement, but Response B uses more imaginative and vivid imagery. ""Pinballs in a machine"" (A) effectively illustrates erratic motion but lacks the persistent, destructive tone of the implicit meaning. ""A storm's unruly children"" (B) personifies the problems as chaotic, ongoing forces, aligning more closely with the intended persistence and disruption. B’s metaphor is more original and evokes a stronger sense of unresolved turmoil through personification and natural imagery. [RESULT] B"
Education is the backbone of society.,Knowledge lays a solid foundation for growth.,A,"Feedback: Both metaphors address the concept of foundational support, but Response A (""Education is the backbone of society"") more directly captures the implicit meaning by emphasizing structural necessity through the vivid and specific imagery of a ""backbone."" Response B (""Knowledge lays a solid foundation for growth"") shifts focus from education to knowledge and introduces ""growth,"" which diverges slightly from the implicit meaning’s emphasis on structure. While both use strong metaphors, Response A aligns more closely in meaning and tone, with a clearer, more evocative image of essential support. [RESULT] A"
Her happiness took flight like a released balloon.,Her heart overflowed with uncontainable happiness.,A,"Feedback: Response A uses the released balloon metaphor to evoke fleeting, uncontrollable joy through vivid imagery of something ascending and vanishing, aligning closely with the implicit meaning’s emphasis on transience and lack of control. Response B’s “overflowed with uncontainable happiness” conveys the uncontrollable aspect but lacks the visual of disappearance, instead suggesting abundance rather than ephemerality. Both use strong verbs (“took flight,” “overflowed”), but A’s balloon imagery is more imaginative and directly mirrors the fleeting nature of the emotion, while B’s phrasing is more generic. [RESULT] A"
These possessions are thorny vines that entangle me.,Obligations anchor me to the spot.,A,"Feedback: Both metaphors address restriction, but Response A (""thorny vines that entangle me"") more directly aligns with the implicit meaning by specifying ""possessions"" and adding the visceral detail of ""thorns,"" which amplifies the burden aspect. Response B (""obligations anchor me"") shifts focus to ""obligations,"" which diverges from the subject of material possessions, though the ""anchor"" imagery conveys restriction. Response A’s imagery is more vivid and specific to the intended concept, while B’s metaphor is slightly abstract and less precise in targeting the implicit meaning. [RESULT] A"
The schedule is rolling downhill like a snowball.,Workload buries like an avalanche.,B,"Feedback: Both metaphors use snow-related imagery to convey growth and loss of control, but differ in alignment with the implicit meaning. ""Snowball rolling downhill"" (A) evokes gradual accumulation, which partially reflects growth but lacks the sense of being overwhelmed. ""Avalanche"" (B) inherently implies sudden, uncontrollable force and destructive escalation, directly mirroring the implicit meaning of growing out of control. B’s imagery is more vivid and thematically precise, as avalanches are synonymous with unstoppable, escalating chaos. [RESULT] B"
Contentment is a stabilizing force maintaining emotional equilibrium.,Content emotions are anchors in a stormy sea.,B,"Feedback: Both metaphors convey peace and balance in emotions, but they differ in imagery and originality. Response A uses a direct, literal description (""stabilizing force"") which is accurate and coherent but lacks vividness and imagination. Response B employs the metaphor of ""anchors in a stormy sea,"" which creates a more vivid and relatable image of stability amid chaos, aligning well with the implicit meaning. While both reflect the intended concept, Response B’s imagery is more imaginative and evocative, though slightly conventional. Response A’s phrasing is functional but less engaging. [RESULT] B"
He carried his drunkenness like a heavy backpack.,"Drunkenness, a burden that steals your balance.",B,"Feedback: Both metaphors capture the physical and mental burden of intoxication. Response A uses a ""heavy backpack"" to depict the weight, which is a common and clear image but lacks originality. Response B, ""a burden that steals your balance,"" introduces dynamic action (""steals"") and directly ties to the loss of physical and mental stability, making the imagery more vivid and conceptually precise. While both align with the implicit meaning, B’s phrasing better reflects the active disruption caused by drunkenness, enhancing its imaginative and coherent quality. [RESULT] B"
Their hearts beat within arm's reach.,Their hearts were intertwined branches.,B,"Feedback: Both metaphors convey physical proximity and emotional closeness, but Response B's ""intertwined branches"" offers more vivid, original imagery that naturally suggests both unity and enduring connection, while Response A's ""within arm's reach"" is clearer in physical proximity but less imaginative. Response B aligns more closely with the implicit meaning through its symbolic, organic metaphor. [RESULT] B"
Her happiness was a sunny beach at midday.,A sunbeam of joy in her heart.,B,"Feedback: Both metaphors use solar imagery to convey brightness and warmth. Response A (""sunny beach at midday"") offers a vivid, relatable scene but feels conventional and lacks imaginative depth. Response B (""sunbeam of joy in her heart"") combines warmth and radiance with a personal, internal focus, creating a more original and emotionally resonant image. While both align with the implicit meaning, B’s metaphor is more imaginative and tightly connected to the concept of inner joy. [RESULT] B"
His positive energy creates a charging station for others.,His positivity fuels the group's forward march.,A,"Feedback: Both metaphors convey the concept of energizing others, but Response A (""charging station"") uses a more specific and modern image that directly parallels the idea of providing energy, aligning closely with the implicit meaning. Response B (""fuels the group's forward march"") employs a traditional metaphor with ""fuel,"" which is effective but less original, while ""forward march"" introduces a secondary layer of movement that slightly diverges from the core focus on energizing influence. Response A's imagery is more vivid, coherent, and imaginative, making it a clearer and more accurate representation of the intended concept. [RESULT] A"
Each new possession adds another weight to my shoulders.,Each commitment adds to my mounting obligations.,A,"Feedback: Both metaphors address the concept of increasing burden, but Response A directly references ""possession"" and uses the vivid, physical imagery of ""weight on my shoulders,"" aligning precisely with the implicit meaning of material possessions causing mental and physical strain. Response B shifts focus to ""commitment"" and ""obligations,"" which diverges from the specific idea of material possessions and lacks the physicality of ""weight."" While both use accumulation as a theme, only A captures the material aspect and the dual mental/physical burden through clear, relatable imagery. [RESULT] A"
The heat of their attraction melted all resistance.,Love broke through their mutual reservations.,A,"Feedback: Both metaphors convey the idea of overcoming barriers through attraction, but Response A uses ""heat"" as a metaphor for intense attraction, which creates vivid, sensory imagery of melting resistance, aligning closely with the implicit meaning’s emphasis on intensity and transformation. Response B directly states ""love"" and ""broke through,"" which is clear but less imaginative and metaphorical, relying on a more literal action. While both address the core concept, Response A’s imagery is more original and evocative, making it a stronger representation of the implicit meaning. [RESULT] A"
He's a territorial tomcat marking his domain.,"A peacock strutting, swatting away rivals.",A,"Feedback: Both metaphors address the implicit meaning of aggressive protectiveness, but they differ in alignment and imagery. Response A (""territorial tomcat marking his domain"") directly captures the concept through the tomcat's well-known behavior of marking boundaries, offering vivid and coherent imagery that closely matches the intended tone. Response B (""peacock strutting, swatting away rivals"") uses a less conventional comparison; while the ""swatting away rivals"" suggests aggression, the peacock's primary association with display and vanity weakens the metaphor's clarity. Both use animal behavior, but A’s imagery is more precise and universally recognized for territoriality, whereas B’s mix of strutting and swatting introduces ambiguity. [RESULT] A"
"She is my most treasured possession, kept safe in the vault of my heart.","guarding our bond, no room for harm",A,"Feedback: Both responses convey protection, but Response A uses the vivid metaphor of a ""vault of my heart"" and ""treasured possession,"" directly aligning with the implicit meaning of deep love and safeguarding. Response B’s imagery (""guarding our bond, no room for harm"") is less specific and lacks the emotional depth of A. While B implies protection, it lacks the imaginative and coherent imagery of A, which clearly evokes both the preciousness and security of the relationship. [RESULT] A"
He stockpiled powerful phrases for the confrontation.,Arming himself with powerful words.,A,"Feedback: Both metaphors align with the implicit meaning of words as weapons/ammunition. Response A uses ""stockpiled"" to emphasize accumulation, evoking a vivid image of gathering resources for battle, while Response B’s ""arming"" directly implies preparation for conflict. Both employ ""powerful"" to highlight the weapon-like strength of words. However, Response A’s ""stockpiled"" more precisely captures the idea of collecting ammunition (quantity and storage), whereas Response B’s ""arming"" focuses on the act of equipping rather than gathering. Response A offers slightly more original and detailed imagery, aligning more closely with the full scope of the implicit meaning. [RESULT] A"
She danced her way to a breakthrough.,"Savoring each step, she climbed toward triumph.",B,"Feedback: Both metaphors convey ""joyful progress towards success"" through active, positive imagery. Response A uses ""danced her way to a breakthrough,"" which implies fluidity and celebration but leans on a common metaphor (""danced"") with less emphasis on the gradual nature of progress. Response B, ""savoring each step, she climbed toward triumph,"" combines ""savoring"" (highlighting mindful joy) with ""climbed"" (suggesting steady, effortful progress), creating more vivid, layered imagery that aligns closely with the implicit meaning. While both are coherent, B’s specificity and emotional depth make it more imaginative and effective. [RESULT] B"
Each moment is an arrow flying straight for our hearts.,Time's unyielding current carries us onward.,A,"Feedback: Both metaphors address the inevitability of time, but they diverge in capturing the ""piercing"" aspect. Response A uses the imagery of an arrow, which directly evokes the idea of something sharp and impactful (""flying straight for our hearts""), aligning closely with the implicit meaning of piercing inevitability. The arrow’s precision and force create vivid, coherent imagery that reinforces both inevitability and emotional penetration. Response B employs the metaphor of a current, which effectively conveys inevitability (""unyielding"") and motion (""carries us onward""), but the imagery lacks the sharpness or piercing quality needed to fully match the implicit meaning. While B is coherent, its reliance on a common metaphor and absence of piercing imagery make it less imaginative and slightly less aligned with the intended concept. A better captures the dual aspects of inevitability and piercing through original, vivid language. [RESULT] A"
Their leadership navigated the team through challenges.,Their leadership fueled the team's turnaround.,A,"Feedback: Both metaphors address leadership in overcoming challenges, but Response A (""navigated"") directly aligns with the implicit meaning of guiding with direction and purpose, evoking a vivid image of steering through obstacles. Response B (""fueled"") emphasizes motivation and catalyzing change, which is less precise in conveying deliberate guidance. While B offers a slightly more dynamic verb, its imagery lacks the directional clarity of A. Response A’s metaphor is more coherent and closely matches the intended concept. [RESULT] A"
He's trapped in a cage of abuse.,Trapped in a web of relentless pain.,B,"Feedback: Both metaphors use ""trapped"" to convey confinement, aligning with the implicit meaning of being controlled and confined. Response A (""cage of abuse"") directly links to physical confinement and abuse but uses a common, less imaginative metaphor. Response B (""web of relentless pain"") employs a more vivid and original image, with ""web"" suggesting entanglement and inescapability, while ""relentless pain"" emphasizes the ongoing, suffocating nature of the abuse. Response B’s imagery is more evocative and closely mirrors the psychological and emotional entrapment implied in the reference, making it more imaginative and coherent. [RESULT] B"
She was famished for affection.,A heart craves tender attachments.,A,"Feedback: Both responses convey a desperate need for emotional connection, but they differ in imagery and coherence. Response A uses ""famished for affection,"" a vivid and direct metaphor that aligns clearly with the implicit meaning through the intense, physical hunger metaphor. The imagery is strong and accessible, making the emotional desperation relatable. Response B, ""A heart craves tender attachments,"" employs a more abstract and poetic structure. While ""craves"" similarly suggests longing, the phrase ""tender attachments"" is less visceral and slightly less immediate in conveying desperation. However, B’s focus on ""heart"" and ""attachments"" subtly emphasizes emotional bonds, aligning more with the nuance of love. A is more vivid and coherent, while B offers a marginally more imaginative angle. Since clarity and alignment are prioritized in the rubric, A better balances vividness with directness. [RESULT] A"
They tossed around ideas during the brainstorming session.,A melting pot of ideas flourished at the table.,A,"Feedback: Response A (""They tossed around ideas..."") directly uses the verb ""tossed,"" aligning with the implicit meaning of ideas as physical objects that are thrown and caught. The imagery is clear and literal, though somewhat generic. Response B (""A melting pot of ideas..."") evokes vivid imagery but shifts focus to blending and growth rather than physical movement. While B is more imaginative, it diverges from the implicit meaning’s emphasis on throwing/catching. Both are coherent, but A captures the core action of the implicit meaning more accurately. [RESULT] A"
The heart of society pumps life into its communities.,Community hubs fuel our social spirits.,A,"Feedback: Both metaphors attempt to convey society as a living organism but differ in alignment and imagery. Response A uses the ""heart of society"" to directly evoke a vital organ, aligning strongly with the implicit meaning of interconnected parts. The ""pumps life into its communities"" vividly suggests a circulatory system, reinforcing the organism metaphor. Response B employs ""community hubs"" and ""fuel our social spirits,"" which is less biologically specific and more abstract. While ""fuel"" implies energy, it lacks the organic, interconnected clarity of A's heart metaphor. A’s imagery is more vivid, coherent, and imaginative, closely mirroring the living organism concept. B’s metaphor is functional but generic, with weaker ties to the implicit meaning. [RESULT] A"
Night crystallized around us like black ice.,"Darkness seized the moment, holding tight.",A,"Feedback: Both metaphors convey suddenness through ""crystallized"" and ""seized,"" aligning with the implicit meaning’s emphasis on abruptness. However, Response A’s ""black ice"" directly evokes coldness and danger through vivid, concrete imagery, while Response B’s ""holding tight"" implies control/stillness but lacks the same visceral coldness. A’s crystallization metaphor also better suggests stillness through the frozen, rigid quality of ice, whereas B’s personification feels less precise in capturing the physical sensation of cold. Both are imaginative, but A’s imagery is more cohesive and specific to the intended concept. [RESULT] A"
Light seeped through the forest canopy like morning dew.,Emerald riddles let sunlight in.,A,"Feedback: Both metaphors use natural imagery to convey gradual illumination, but differ in clarity and originality. Response A employs a simile (""like morning dew"") to depict light seeping slowly and softly through the canopy, aligning directly with the implicit meaning of gentleness and gradual movement. The imagery is vivid and accessible, creating a clear, sensory connection. Response B uses a metaphor (""Emerald riddles"") to suggest sunlight filtering through the forest, which is more imaginative but less explicit in conveying ""gentle and gradual."" The term ""riddles"" introduces ambiguity, focusing on mystery rather than the process of illumination. While B is more original, A better captures the intended concept with coherent, evocative imagery. [RESULT] A"
This flesh cabinet stores the treasures of my being.,Our souls dwell in fleshly fortresses.,A,"Feedback: Both metaphors address the containment of the soul within the body, but Response A (""This flesh cabinet stores the treasures of my being"") more directly aligns with the implicit meaning through its use of ""cabinet"" (a storage vessel) and ""treasures"" (symbolizing soul/essence). Response B (""Our souls dwell in fleshly fortresses"") uses ""fortresses,"" which emphasizes protection over containment, slightly diverging from the core concept. While both are vivid, A’s imagery is more precise and imaginative, avoiding the generic undertone of ""fortress."" A also personalizes the metaphor (""my being""), enhancing coherence. B’s tone is slightly less aligned with the intimate, containment-focused implication of the original idea. [RESULT] A"
The final picture might not match what was on the box of expectations.,"Science: the blind explorer, unveiling truths one step at a time.",A,"Feedback: Response A directly aligns with the implicit meaning by contrasting the final reality (""final picture"") with the idealized expectations (""box of expectations""), using a familiar and coherent metaphor. The imagery is vivid and straightforward, clearly conveying disappointment through the mismatch. Response B, while more imaginative with the ""blind explorer"" metaphor, focuses on the process of discovery rather than the disappointment inherent in the implicit meaning. Its imagery is original but less directly tied to the concept of unmet expectations. Response A better captures the intended meaning through clarity and relevance, while Response B offers a more abstract, less aligned representation. [RESULT] A"
The flames of jealousy scorched their relationship.,Jealousy gnawed their bond to shreds.,B,"Feedback: Both metaphors convey the implicit meaning that jealousy destroyed their love, but they differ in vividness and originality. ""Flames of jealousy scorched their relationship"" (A) uses fire imagery, which is vivid and direct, suggesting immediate destruction. ""Jealousy gnawed their bond to shreds"" (B) employs a more imaginative and gradual process, evoking a sense of slow erosion with a unique verb-noun pairing. While A aligns closely with the tone of abrupt destruction, B’s imagery is more original and evokes a nuanced, persistent decay. Both are coherent, but B’s creativity and distinctiveness make it more effective in capturing the concept with greater imaginative depth. [RESULT] B"
The wellspring of knowledge flows through his mind.,His mind opens doors to endless wisdom.,A,"Feedback: Both metaphors address the implicit meaning of an abundant and continuous flow of ideas and wisdom but differ in alignment and imagery. Response A (""wellspring of knowledge flows through his mind"") directly captures the ""continuous flow"" aspect through the metaphor of a wellspring and fluid motion, which aligns closely with the implicit meaning. The imagery is vivid and coherent, though somewhat conventional. Response B (""mind opens doors to endless wisdom"") emphasizes access to vast wisdom (""endless"") but lacks the dynamic, ongoing motion implied by ""opens doors,"" which is more about discovery than continuous flow. While both use common metaphors, A’s focus on fluidity better matches the ""flow"" in the implicit meaning, whereas B’s imagery is slightly less aligned with the continuity aspect. [RESULT] A"
His cryptocurrency wallet is a glass jar showing every crack.,His crypto investments unveil hidden fragilities.,A,"Feedback: Response A uses a concrete, vivid image (a glass jar with visible cracks) to simultaneously convey transparency (the glass allows viewing) and fragility (cracks imply structural weakness), directly aligning with the implicit meaning of financial vulnerability and visible losses. Response B, while touching on fragility (""hidden fragilities""), uses a less original and abstract phrasing (""unveil"") that lacks the visual coherence of A. B’s reference to ""hidden"" fragilities subtly contradicts the concept of transparency, whereas A’s ""glass jar"" metaphor unifies both elements seamlessly. [RESULT] A"
Their hearts beat closer with each passing day.,"Their hearts intertwined and knotted, binding them together.",B,"Feedback: Both metaphors convey the implicit meaning of growing emotional connection, but they differ in vividness and originality. Response A uses a literal ""heart beat closer"" to suggest proximity, which is clear but generic, lacking imaginative imagery. Response B employs ""intertwined and knotted"" to depict a dynamic, physical metaphor, creating vivid and cohesive imagery that more powerfully symbolizes deepening love. Response B aligns more closely with the rubric’s criteria for vividness, originality, and conceptual clarity. [RESULT] B"
"Her anger was a gravitational pull, drawing everyone into its orbit.",He self-sculpted into greatness.,A,"Feedback: Response A effectively captures the implicit meaning of a powerful and inescapable influence through the metaphor of a gravitational pull, which is both vivid and universally relatable. The imagery of being drawn into an ""orbit"" conveys inevitability and collective impact, aligning closely with the intended concept. Response B, while imaginative in suggesting self-creation of greatness, lacks direct connection to the theme of influence over others and instead focuses on personal achievement. The metaphor in B is abstract and does not address the ""inescapable influence"" aspect, making it less coherent with the implicit meaning. Both use scientific/creative imagery, but A’s relevance and clarity are superior. [RESULT] A"
Love is a scenic route worth taking.,"Love is a journey worth taking, with every step enriching the path.",B,"Feedback: Both metaphors capture the journey and reward aspects of love, but Response B enhances the imagery by emphasizing the enriching process of each step, aligning more closely with the implicit meaning's focus on time and progression. Response A uses a common ""scenic route"" metaphor, which is clear but less original, while B’s ""enriching the path"" adds vivid, dynamic imagery that reflects the ongoing, rewarding nature of love. Both convey the core concept, but B’s phrasing is more imaginative and coherent with the implicit message. [RESULT] B"
Her duties pushed against her like a strong headwind.,Her burdens held her back from progress.,A,"Feedback: Both metaphors convey resistance and struggle against responsibilities, but they differ in imagery and originality. Response A uses ""a strong headwind,"" which is a vivid, common metaphor that effectively evokes the sensation of being pushed back by an external force, aligning closely with the implicit meaning. Response B uses ""burdens held her back,"" which is more abstract and generic, lacking the dynamic, sensory imagery of A. While both capture the core concept, A’s metaphor is more imaginative and coherent in its representation of ""overwhelming resistance,"" whereas B’s phrasing is simpler and less evocative. [RESULT] A"
Knowledge radiates from her like sunbeams.,"A fountain of knowledge, pouring wisdom upon others.",B,"Feedback: Both metaphors use imagery related to light and dissemination, aligning with the implicit meaning of enlightening and sharing wisdom. Response A (""sunbeams"") emphasizes illumination, evoking a sense of warmth and clarity, while Response B (""fountain"") emphasizes the continuous flow and abundance of wisdom. B's ""pouring wisdom"" directly ties to the act of enlightening others, making the connection to the implicit meaning more explicit. A's imagery is vivid but less specific to wisdom, focusing instead on light. B’s metaphor is slightly more generic (""fountain of knowledge"") but effectively conveys the intended concept through active language. Both are coherent, but B’s alignment with the dual aspects of enlightenment and wisdom is stronger. [RESULT] B"
His appetite for romance is that of a starved hyena.,A heart ablaze with unquenched yearning.,B,"Feedback: Both metaphors convey desperation, but Response A uses a ""starved hyena"" to imply aggression, which is vivid but unconventional and may not clearly align with romantic desire. Response B's ""heart ablaze"" is more coherent and emotionally resonant, directly linking to yearning for love, though less original. The implicit meaning prioritizes desperation and aggression; Response B better balances clarity and emotional accuracy, while Response A risks ambiguity due to the hyena's association with scavenging rather than romantic pursuit. [RESULT] B"
Her emotional stability is a tightrope walker maintaining perfect balance.,"She pruned her psyche, growth ensued.",A,"Feedback: Both metaphors address the theme of effort and balance but differ in alignment with the implicit meaning. Response A uses the tightrope walker, a classic metaphor for precarious balance requiring constant adjustment, directly mirroring the implicit meaning of instability and sustained effort. The imagery is vivid and universally recognizable. Response B, while imaginative, frames the concept as ""pruning"" leading to growth, which implies a proactive, constructive process rather than the fragile, ongoing maintenance of stability. The connection to precariousness is weaker here, as pruning suggests intentional shaping rather than the fragility of balance. Response A aligns more closely with the implicit meaning in both imagery and tone. [RESULT] A"
These possessions are heavy clouds darkening my sky.,"Obligations lurk, stealing joy.",A,"Feedback: Both metaphors address emotional burden but differ in alignment with the implicit meaning. Response A directly links ""possessions"" to the emotional weight (""heavy clouds darkening my sky""), using vivid, concrete imagery that closely mirrors the implicit meaning of material belongings causing depression. Response B shifts focus to ""obligations"" rather than material possessions, which only loosely connects to the implicit meaning, and ""stealing joy"" is less specific to depression than ""darkening my sky."" While both are imaginative, Response A’s precision in addressing material belongings and emotional tone makes it more accurate and coherent. [RESULT] A"
His intoxication was a crushing load on his mind.,Alcohol's fog took hold of his mind.,B,"Feedback: Both responses address the implicit meaning of mental burden and loss of clarity due to alcohol, but they emphasize different aspects. Response A uses ""crushing load"" to convey the weight of intoxication on the mind, effectively communicating burden but less so the loss of clarity. Response B employs ""fog"" to depict the obscuring effect of alcohol on the mind, directly addressing the loss of clarity with vivid, sensory imagery. While A’s metaphor is coherent and aligns with the burden aspect, B’s metaphor is more imaginative and tightly aligned with the clarity aspect, making it a more complete representation of the combined implicit meaning. B’s imagery is also more original and evocative, enhancing its effectiveness. [RESULT] B"
Their love story was written in asylum walls.,An emotional rollercoaster ride.,A,"Feedback: Both metaphors convey instability but differ in specificity and vividness. ""Asylum walls"" (A) directly evokes a disturbed, institutionalized context, aligning tightly with the implicit meaning through concrete, evocative imagery. ""Emotional rollercoaster ride"" (B) suggests turbulence but is a common, overused metaphor that lacks the same direct link to ""disturbed"" and feels less original. While both are coherent, A’s unique and precise imagery better captures the troubled, chaotic essence of the relationship. [RESULT] A"
The tunnel through darkness illuminated their metamorphosis.,"Out of hardship, a better self emerges.",A,"Feedback: Both responses align with the implicit meaning of a difficult journey leading to transformation, but they differ in imagery and originality. Response A uses a ""tunnel through darkness"" and ""metamorphosis"" to evoke a vivid, layered metaphor, suggesting a challenging path and a profound change. The imagery is imaginative and evokes a sense of journey and transformation. Response B is more direct, using ""hardship"" and ""better self emerges,"" which is clear and accurate but lacks the same level of originality and vividness. While both convey the intended concept, Response A’s metaphor is more imaginative and evocative, creating a stronger visual and emotional connection. [RESULT] A"
Her theory was a perfectly seasoned argument.,"A balanced theory, an architect's masterpiece.",A,"Feedback: Both metaphors convey balance, but Response A uses ""seasoned"" to imply careful refinement through a vivid, tangible process, aligning closely with the implicit meaning. Response B's ""architect's masterpiece"" emphasizes balance and craftsmanship but feels less imaginative and slightly generic. Response A’s imagery is more original and directly evokes the refinement aspect through the metaphor of seasoning, while Response B’s phrasing is accurate but less vivid. [RESULT] A"
Their love found shelter in life's storms.,A safe haven in the storm of life.,B,"Feedback: Both metaphors use ""storm"" to symbolize difficult times and convey protection, aligning with the implicit meaning. However, Response B directly positions love as the ""safe haven,"" making the protective role explicit and vivid. Response A, while coherent, is slightly less direct, framing love as finding shelter rather than being the shelter itself. B’s structure is more concise and imaginative, closely mirroring the intended concept. [RESULT] B"
"Memories are stored in mental hard drives, filed away in precise locations.",Mind's attic: filled with cherished memories.,A,"Feedback: Response A directly aligns with the implicit meaning by explicitly comparing memory to computer storage (hard drives, precise filing), using technical terms that evoke systematic organization. Response B, while vivid, uses the ""attic"" metaphor, which is more generic and lacks the computer-specific imagery required by the implicit meaning. Both metaphors address memory as storage, but A’s specificity and coherence with the computer analogy make it more accurate. B’s imagery, though relatable, diverges from the intended technological framework. [RESULT] A"
He deployed his vocabulary with sniper-like precision.,He wielded eloquence like a sharpened sword.,A,"Feedback: Both metaphors convey precision, but Response A (""sniper-like precision"") directly ties to the implicit meaning of accuracy in word choice through the sniper's targeted action. Response B (""sharpened sword"") emphasizes sharpness and impact, which is less specific to precision. A is more vivid and aligned with the exactness required, while B uses a common metaphor that lacks the same clarity of precision. [RESULT] A"
My inner council of advisors debates each choice.,Inner voices debate in the symphony of my mind.,B,"Feedback: Both metaphors convey internal conflict through ""debate,"" aligning with the implicit meaning of decision-making. Response A uses a ""council of advisors,"" a traditional image that is clear but generic, while Response B introduces the ""symphony of my mind,"" adding imaginative musical imagery. However, Response B’s metaphor slightly weakens coherence by blending ""debate"" (structured argument) with ""symphony"" (harmonious sound), creating a mixed metaphor. Response A remains more straightforward and coherent, though less original. Response B scores higher in imagination but slightly lower in clarity, while Response A prioritizes clarity over vividness. [RESULT] B"
The fog of this problem obscures our path forward.,"Lost in a maze of intricacy, finding clarity is a challenge.",B,"Feedback: Both Response A and Response B effectively convey the implicit meaning of confusion and uncertainty blocking progress, but they differ in vividness and originality. Response A uses ""fog"" as a metaphor, a well-established symbol for confusion, which directly aligns with the implicit meaning. It is coherent and clear but lacks originality. Response B employs ""a maze of intricacy,"" offering a more imaginative and layered image that not only evokes complexity but also emphasizes the challenge of finding clarity. The phrase ""finding clarity is a challenge"" in B explicitly ties the metaphor to the struggle inherent in the implicit meaning, enhancing coherence. While both meet the criteria, B’s imagery is more vivid and original, making it a stronger representation of the intended concept. [RESULT] B"
Love's warmth melted her frozen heart.,Love melted her icy heart.,A,"Feedback: Both metaphors convey the transformation from coldness to warmth through love, but Response A employs ""frozen heart"" and ""warmth"" to create a more vivid and specific contrast, enhancing the imagery of emotional thawing. Response B uses ""icy heart,"" which is effective but slightly less original and vivid. The addition of ""warmth"" in A strengthens the connection to the implicit meaning by explicitly linking love to the transformative heat. Both are coherent, but A’s richer imagery and closer alignment with the rubric’s standards make it more imaginative and accurate. [RESULT] A"
Night's marble columns rose from the earth.,Darkness ascended as a tangible fortress.,B,"Feedback: Both metaphors aim to convey the implicit meaning of ""Darkness ascending at dusk,"" but they differ in alignment and imagery. Response A uses ""marble columns"" to depict night, evoking a sense of rigidity and grandeur, but the metaphor feels abstract and less directly tied to the gradual, natural ascent of dusk. Response B, with ""tangible fortress,"" creates a vivid, imposing image that aligns more closely with the idea of darkness encroaching as a physical force. While ""fortress"" may slightly overemphasize impenetrability, the metaphor’s clarity and direct reference to ""ascending"" better capture the intended concept. Response B’s imagery is more imaginative and coherent in conveying the vertical movement of darkness, whereas Response A’s metaphor feels less intuitive for the specific context of dusk. [RESULT] B"
Cultural traditions are society's DNA.,"Traditions, the pillars of societal identity.",A,"Feedback: Both metaphors address the structural role of traditions, but ""DNA"" (Response A) more vividly captures the dual aspects of foundational building blocks and unique identity through a biological metaphor, which inherently implies inheritance and distinctiveness. ""Pillars"" (Response B) conveys stability and support but lacks the imaginative depth to fully represent uniqueness. Response A aligns more closely with the implicit meaning in both clarity and originality, while B uses generic imagery that only partially reflects the concept. [RESULT] A"
We're picking the lock of uncertainty.,Chipping away at the problem's intricacies.,A,"Feedback: Both metaphors address the act of tackling a complex problem, but they differ in imagery and alignment with the implicit meaning. Response A (""picking the lock of uncertainty"") uses a precise, vivid action (""picking the lock"") to suggest methodical problem-solving, with ""uncertainty"" as the barrier. This metaphor aligns closely with overcoming a locked state of confusion, emphasizing skill and precision. Response B (""chipping away at the problem's intricacies"") conveys gradual, persistent effort through a common metaphor, focusing on dismantling complexity. While coherent, it is less original and slightly generic compared to A. Response A better captures the tone of overcoming a barrier (uncertainty) and uses more imaginative, specific imagery, while B emphasizes incremental progress but with less distinctiveness. [RESULT] A"
Vaccines are our strategic defense shield against disease.,Vaccines arm the immune system against illness.,B,"Feedback: Both metaphors convey protection and prevention, but Response B uses more dynamic and biologically accurate imagery. ""Arm the immune system"" actively implies preparation and empowerment, aligning closely with the implicit meaning of proactive defense. Response A's ""strategic defense shield"" is coherent but relies on a more generic, static image of protection. While both are clear, B’s metaphor is more imaginative and vivid, as it directly references the immune system’s role, making the concept more relatable and precise. [RESULT] B"
The darkness was a granite fortress surrounding us.,We were swallowed by the night's embrace.,A,"Feedback: Both metaphors convey confinement, but Response A (""granite fortress"") more directly aligns with ""oppressive and inescapable"" through its use of a solid, unyielding structure. The fortress imagery is vivid and specific, emphasizing physical entrapment. Response B (""night's embrace"") uses a more abstract, paradoxical blend of comfort and consumption, which may dilute the oppressive tone. While B offers imaginative contrast, A’s concrete, unambiguous imagery more effectively captures the intended concept. [RESULT] A"
Here is the root of reality's tree.,Rooted in the here and now.,A,"Feedback: Response A (""Here is the root of reality's tree"") and Response B (""Rooted in the here and now"") both use the metaphor of a root to suggest foundational origins, but they diverge in clarity and alignment with the implicit meaning. Response A directly ties the root to ""reality's tree,"" evoking a vivid, tangible image of a foundational source for truth and existence. It aligns closely with the implicit meaning through its explicit reference to a literal origin. Response B, while poetic, shifts focus to the ""here and now,"" which introduces ambiguity by conflating the concept of a foundational origin with temporal grounding. This makes it less precise. Response A’s imagery is more coherent and imaginative, while Response B’s metaphor is generic and risks conflating the intended concept with present-moment awareness. [RESULT] A"
Her rage was a blinding flash of lightning.,Anger's fire consumed her reason.,A,"Feedback: Both metaphors convey intense anger, but ""Her rage was a blinding flash of lightning"" (A) more directly captures the suddenness and overwhelming nature of the implicit meaning through the imagery of a sudden, blinding flash. ""Anger's fire consumed her reason"" (B) effectively shows the consuming aspect but emphasizes a gradual or sustained process rather than the abrupt onset. A’s lightning metaphor aligns more closely with the sudden, intense, and all-consuming nature of the implicit meaning, while B’s fire metaphor leans toward the aftermath of anger’s impact. Both are vivid, but A’s imagery is more precise to the specified criteria. [RESULT] A"
Time is a relentless wave rolling toward the shore of our present.,Relentless clock ticks forward.,A,"Feedback: Both metaphors use ""relentless"" to emphasize time's unstoppable nature, aligning with the implicit meaning. Response A employs ""relentless wave rolling toward the shore,"" creating vivid, dynamic imagery with a natural metaphor that evokes continuous motion toward an inevitable destination (the present). The phrase ""shore of our present"" adds coherence by anchoring the metaphor to the current moment. Response B uses ""relentless clock ticks forward,"" a more literal and generic metaphor for time. While ""ticks forward"" conveys continuity, the imagery is less imaginative and lacks the layered symbolism of a wave. Response A scores higher for originality, vividness, and alignment with the implicit meaning, while B is functional but less evocative. [RESULT] A"
His romantic drive is like a rabbit in spring.,"A love volcano, ever erupting.",B,"Feedback: Response B (""A love volcano, ever erupting"") more effectively captures the implicit meaning of ""excessive and energetic romantic desire"" than Response A (""His romantic drive is like a rabbit in spring""). The volcano metaphor is vivid, dynamic, and directly evokes the intensity and unrelenting nature of the desire through the imagery of constant eruption. In contrast, the rabbit metaphor relies on a generic and less specific association with springtime activity, which lacks the visceral energy and excess implied in the prompt. Both responses use animal/nature imagery, but Response B’s originality and alignment with the tone of ""excessive"" energy make it superior. [RESULT] B"
The rival theories played a high-stakes game of intellectual chess.,Theoretical giants dueling for academic supremacy.,A,"Feedback: Both metaphors convey competition between opposing ideas, but Response A uses ""high-stakes game of intellectual chess,"" which aligns more closely with the implicit meaning by emphasizing strategic, complex, and calculated rivalry. The chess metaphor is vivid, coherent, and specific to intellectual competition. Response B, ""theoretical giants dueling for academic supremacy,"" is also effective but relies on a more generic and less nuanced image of confrontation. While both are imaginative, A’s imagery is more precise and evocative of the layered complexity implied. [RESULT] A"
"Like mirrors, opportunities reflect what you present to them.",Effort shapes the fate of opportunities.,B,"Feedback: Both metaphors connect approach to outcome, but Response B more directly aligns with the implicit meaning by framing effort as an active force shaping opportunities' fate, while Response A's mirror metaphor implies passive reflection rather than determination. Response B's imagery is more vivid and dynamic, using ""shapes the fate"" to clearly convey agency, whereas Response A's ""reflect what you present"" feels generic and less imaginative. Both are coherent, but B's metaphor better captures the causal relationship between approach and outcome. [RESULT] B"
She hungrily consumed new experiences.,She chased life's adventures with open heart.,B,"Feedback: Both Response A and Response B convey eagerness and pursuit of new experiences through active verbs (""hungrily consumed,"" ""chased""). Response A uses ""hungrily,"" which aligns with eagerness but pairs it with ""consumed,"" a term that implies absorption rather than active seeking, potentially lacking the enthusiasm implied in the implicit meaning. Response B’s ""chased life's adventures with open heart"" is more vivid and coherent, combining action (""chased"") with emotional warmth (""open heart""), directly reflecting both the eagerness and positive enthusiasm in the implicit meaning. While both capture the core idea, Response B’s imagery is more imaginative and tonally consistent with the enthusiastic pursuit described. [RESULT] B"
Existence is a compass pointing toward countless destinations.,Life's river bends with countless choices.,B,"Feedback: Both metaphors address the concept of multiple paths and choices in life, but they differ in alignment with the implicit meaning. Response A uses a compass to imply direction toward ""countless destinations,"" which suggests variety but lacks the dynamic imagery of navigating multiple paths. A compass typically indicates a single direction, making it less precise for conveying branching choices. Response B employs a river with ""bends"" and ""countless choices,"" which more vividly captures the fluid, evolving nature of life's journey. The river metaphor naturally evokes the idea of a path that shifts and branches, aligning closely with the implicit meaning. While both are coherent, B’s imagery is more imaginative and directly tied to the concept of multiple, interconnected choices. [RESULT] B"
His values were refined like precious metals.,"His values, forged in the furnace of virtue.",B,"Feedback: Both metaphors convey the implicit meaning of values becoming pure and valuable through experience. Response A uses ""refined like precious metals,"" which is a common metaphor that implies purification through processing but lacks vividness and originality. Response B, ""forged in the furnace of virtue,"" employs more dynamic and specific imagery, with ""furnace"" evoking intense testing and ""virtue"" linking the process to moral development. While both align with the meaning, B's imagery is more imaginative and vivid, directly connecting the transformative process to the concept of virtue. [RESULT] B"
The morning hours are a basket already filled with routine tasks.,Morning rituals chart our daily course.,A,"Feedback: Both metaphors address morning routines but diverge in alignment with the implicit meaning of ""overwhelming amount of tasks."" Response A uses ""basket already filled with routine tasks,"" which directly references tasks but lacks vividness to evoke overwhelm. The imagery is literal and generic, focusing on containment rather than emotional weight. Response B, ""Morning rituals chart our daily course,"" shifts focus to planning rather than quantity, using abstract language that does not convey task overload. While A is more task-oriented, neither metaphor effectively captures the sense of being overwhelmed. A’s metaphor is closer to the concept but remains weak in imagery. [RESULT] A"
Their relationship descended into the abyss.,"With determined focus, every challenge became a hammer stroke, shaping a better self.",A,"Feedback: Response A (""descended into the abyss"") closely aligns with the implicit meaning of a relationship collapsing into darkness and hopelessness, using a vivid, well-established metaphor for despair. Response B (""hammer stroke, shaping a better self"") conveys growth through struggle, which is the opposite of the intended meaning. Both metaphors are coherent and vivid, but A’s imagery directly matches the tone and concept of a complete breakdown, while B’s metaphor is imaginative yet misaligned with the required theme of destruction rather than transformation. [RESULT] A"
The pendulum of force swings between action and reaction.,Forces ebb and flow in perfect balance.,A,"Feedback: Both metaphors address balance and opposing forces, but differ in their alignment with reciprocity. Response A uses the ""pendulum"" to evoke a mechanical, cyclical balance between action and reaction, directly referencing Newtonian physics and emphasizing mutual interaction. This makes it precise in capturing reciprocity. Response B's ""ebb and flow"" evokes fluid, natural motion but lacks explicit reference to reciprocal forces, focusing more on equilibrium than mutual exchange. While both are vivid, A’s imagery is more coherent with the implicit meaning’s emphasis on structured reciprocity, whereas B’s metaphor is slightly vaguer. [RESULT] A"
Ancient paths intersect with newly carved routes.,Old seeds sprout in new soil.,A,"Feedback: Both metaphors convey the meeting of traditional and modern elements, but they differ in nuance. Response A uses ""ancient paths"" and ""newly carved routes"" to directly illustrate the intersection of old and new methods, aligning precisely with the implicit meaning. The imagery is clear and spatial, evoking a literal meeting point. Response B employs ""old seeds"" and ""new soil"" to suggest the adaptation of traditions in modern contexts, which adds a layer of growth and transformation not explicitly in the implicit meaning. While B’s natural metaphor is imaginative, its focus on nurturing rather than direct interaction slightly diverges from the intended concept. A is more accurate and direct in capturing the meeting of traditions and modernity, whereas B introduces a secondary theme of adaptation. [RESULT] A"
Rays of sunshine flowed between the clouds like liquid gold.,Rays pierce the cloudy veil.,A,"Feedback: Response A (""Rays of sunshine flowed between the clouds like liquid gold"") and Response B (""Rays pierce the cloudy veil"") both address sunlight breaking through clouds, but they diverge in alignment with the implicit meaning. Response A explicitly captures ""fluid"" through ""flowed"" and ""precious"" through ""liquid gold,"" creating vivid, imaginative imagery that directly mirrors the implicit meaning. Response B uses ""pierce,"" which implies intensity but lacks the fluidity and preciousness conveyed by A. While B’s metaphor is concise, it is less original and does not fully address the dual aspects of the implicit meaning. A’s imagery is both coherent and imaginative, whereas B’s is more generic and partial. [RESULT] A"
Our deadlines are colliding with each other.,Time's tuning fork clashes with my to-do list.,B,"Feedback: Response A uses a direct metaphor of deadlines ""colliding,"" which clearly conveys conflict but lacks imaginative depth and vivid imagery. Response B employs a more original metaphor of a ""tuning fork clashing with a to-do list,"" evoking a vivid, sensory image of dissonance between time and tasks. Both align with the implicit meaning of scheduling chaos, but B’s metaphor is more imaginative and layered, using musical and abstract elements to suggest disruption. A is functional but generic, while B offers a richer, more evocative representation. [RESULT] B"
The solution finally made its way here.,"Sweat-soaked brow, problem solved.",B,"Feedback: Both responses convey the implicit meaning of a delayed solution, but differ in metaphorical quality. Response A uses a literal statement (""made its way"") with minimal imagery, focusing on the ""arrival"" aspect but lacking the ""long journey"" nuance. Response B employs vivid, physical imagery (""sweat-soaked brow"") to metaphorically represent effort and perseverance, paired with a concise resolution (""problem solved""). B aligns more closely with the implicit meaning by evoking both the arduous process and the eventual breakthrough, while A’s phrasing is generic and lacks the imaginative depth to evoke the journey’s struggle. B’s imagery is more coherent and evocative, making it a stronger metaphor. [RESULT] B"
His gaming habit is a potent drug that's taken over his life.,His gaming consumed his daily life.,A,"Feedback: Response A directly equates gaming addiction to a ""potent drug,"" explicitly linking it to drug addiction's controlling and destructive nature, aligning perfectly with the implicit meaning. The imagery is vivid and specific, emphasizing the loss of control. Response B uses ""consumed"" to imply dominance, which is less vivid and lacks the explicit drug metaphor, making the connection to the implicit meaning less direct. While both suggest gaming's overpowering effect, A’s metaphor is more imaginative, coherent, and closely matches the reference. [RESULT] A"
His happiness rose like a mighty skyscraper.,His joy soared to new heights.,A,"Feedback: Both metaphors convey upward movement and great height, aligning with the implicit meaning of growing happiness. Response A (""His happiness rose like a mighty skyscraper"") uses a specific, vivid image of a skyscraper, emphasizing strength and vertical expansion, which directly mirrors the idea of growth and grandeur. Response B (""His joy soared to new heights"") relies on a common phrase (""soar to new heights""), which is coherent and relatable but lacks the originality and concrete imagery of a skyscraper. While both capture the core concept, A’s metaphor is more imaginative and evokes a clearer, more tangible sense of expansion. [RESULT] A"
Her mind stockpiles ideas like a squirrel hoarding nuts for winter.,"Storehouse of wisdom, she fills bit by bit.",A,"Feedback: Both metaphors convey the implicit meaning of collecting and storing ideas for future use, but they differ in vividness and originality. Response A uses the vivid image of a squirrel hoarding nuts, a relatable and dynamic analogy that emphasizes active accumulation and preparation for future needs. The metaphor is imaginative and closely aligns with the tone of industriousness implied in the implicit meaning. Response B, while accurate, employs a generic ""storehouse of wisdom"" metaphor, which is more static and less original. The phrase ""fills bit by bit"" is less evocative than the active imagery in Response A. Both responses align with the meaning, but Response A’s imagery is more vivid and original, making it a stronger representation. [RESULT] A"
Causes and effects are handcuffed together by time.,Causes and effects are linked in the chain of time.,B,"Feedback: Both metaphors use physical objects to symbolize the inseparable link between causes and effects. Response A (""handcuffed"") emphasizes forced constraint, while Response B (""chain of time"") evokes sequential progression. The implicit meaning prioritizes temporal connection, which ""chain of time"" aligns with more directly, as chains imply ordered, unbroken succession. Response A’s imagery is vivid but less precise in conveying time’s role, while Response B’s metaphor is both coherent and closer to the intended concept. [RESULT] B"
The void in his heart bled continuously.,A missing piece gnawed at her heart.,A,"Feedback: Both metaphors convey ongoing emotional suffering through physical imagery. Response A uses ""void"" and ""bled"" to suggest an unending, visceral emptiness, aligning with intense, persistent pain. Response B employs ""missing piece"" and ""gnawed"" to depict a persistent, nagging ache, evoking a more familiar but still vivid metaphor. While both are coherent and vivid, Response A’s ""void"" and ""bled"" offer a more original and intense representation of the implicit meaning, whereas Response B leans on a slightly clichéd ""missing piece"" trope. Response A’s imagery is more imaginative and closely mirrors the depth of ongoing suffering. [RESULT] A"
The transparent containers revealed every obligation within.,Their duties were transparent to the world.,B,"Feedback: Both metaphors convey that responsibilities are clearly visible, but they differ in imagery and alignment with the implicit meaning. Response A uses ""transparent containers"" to imply that obligations are physically contained and visible, creating a vivid, imaginative image. However, the metaphor may be less directly aligned with the idea of responsibilities being ""visible to the world,"" as ""containers"" could imply a private or confined context. Response B employs a simpler, more direct metaphor (""transparent to the world""), which aligns closely with the implicit meaning by emphasizing visibility to an external audience. While B lacks the imaginative flair of A, its clarity and directness make it more effective in conveying the intended concept. The imagery in A is slightly more vivid but less universally coherent. [RESULT] B"
"Some people are like solar-powered batteries, drawing strength from nature.",Nature recharges the weary soul.,B,"Feedback: Both metaphors address the implicit meaning of people gaining energy from nature, but they differ in imagery and alignment. Response A uses a ""solar-powered battery"" as a metaphor, which is vivid and imaginative but introduces a technological element that slightly diverges from the natural focus. It clearly conveys the idea of drawing strength from nature but may feel less poetic. Response B, ""Nature recharges the weary soul,"" is more abstract and poetic, using ""recharges"" as a metaphor for rejuvenation and ""weary soul"" to evoke emotional and physical renewal. It aligns more closely with the implicit meaning’s tone, as it emphasizes the natural process of restoration without introducing external objects. While both are coherent, Response B’s imagery is more universally evocative and better captures the intended concept’s emotional resonance. [RESULT] B"
He lost his footing in the midst of crisis.,His emotions shattered under pressure.,A,"Feedback: Both metaphors address the implicit meaning of instability during difficulty, but Response A (""lost his footing in the midst of crisis"") directly ties the physical imagery of balance to the concept of stability and crisis, aligning precisely with the implicit meaning. Response B (""emotions shattered under pressure"") uses vivid language but shifts focus to emotional fragility rather than structural or situational control. While B is slightly more imaginative, A is more accurate and coherent to the intended concept of destabilization in challenging circumstances. [RESULT] A"
His enthusiasm was a flame that ignited the whole team.,His passion fueled the team's success.,A,"Feedback: Response A uses a metaphor of a flame igniting the team, which vividly captures the implicit meaning of contagious energy spreading through a dynamic, visual image of combustion. Response B employs ""fueled the team's success,"" which is coherent but less imaginative and lacks the imagery of spreading contagion. Both convey energy, but A’s ""ignited"" directly aligns with the implicit meaning’s emphasis on spread, while B’s ""fueled"" implies sustenance rather than propagation. [RESULT] A"
Our sight is a box with transparent walls.,A forest's edge frames our vision's scope.,A,"Feedback: Response A directly incorporates ""transparent walls"" to explicitly address the clarity of vision, while the ""box"" clearly symbolizes limitation, aligning tightly with the implicit meaning. Response B uses the ""forest's edge"" and ""frame"" to suggest boundaries, but the connection to transparency is implied rather than explicit, making it slightly less precise. Both metaphors convey limitation, but A’s imagery is more straightforward and directly ties to the duality of clarity and constraint. B offers more vivid, natural imagery but sacrifices some clarity in conveying the transparent aspect. [RESULT] A"
The checkered flag waves for all who persist.,Perseverance polynomially multiplies progress.,A,"Feedback: Response A uses a vivid, culturally familiar image (the checkered flag) that directly evokes the idea of achieving success through persistence in a race, aligning closely with the implicit meaning. The metaphor is concise, accessible, and emotionally resonant. Response B employs a mathematical metaphor (""polynomially multiplies progress""), which is abstract and less intuitive, making the connection to perseverance and success less direct. While B attempts originality, its imagery is less vivid and potentially confusing for a general audience. Both convey the core idea, but A’s clarity and emotional impact make it more effective. [RESULT] A"
The theory's foundation has developed dangerous cracks.,Cracks in the theory's foundation grew.,A,"Feedback: Both metaphors use the ""cracks in the foundation"" image to convey instability in the theory's principles. Response A (""dangerous cracks"") explicitly emphasizes the severity and risk of the instability through the adjective ""dangerous,"" aligning more directly with the implicit meaning of ""unreliable"" principles. Response B (""grew"") focuses on the progression of cracks but lacks the vivid descriptor to highlight their danger or the resulting unreliability. While both are coherent, A’s imagery is more vivid and imaginative, making the metaphor’s connection to the implicit meaning clearer and more urgent. [RESULT] A"
His anger was a boiling kettle ready to explode.,His bravery kindled their spirits.,A,"Feedback: Response A closely aligns with the implicit meaning of intense, uncontrollable anger by using the vivid imagery of a ""boiling kettle ready to explode,"" which directly conveys both the escalating tension and the imminent danger of an eruption. The metaphor is imaginative and coherent, effectively mirroring the emotional intensity described. In contrast, Response B, while evocative in its own right, focuses on bravery and inspiration (""kindled their spirits""), which is unrelated to the specified theme of anger. The imagery in B lacks relevance to the implicit meaning and fails to address the concept of uncontrolled anger. Both responses use fire-related metaphors (boiling kettle vs. kindling), but only A aligns with the intended emotional state. [RESULT] A"
"Their attraction was a long-range missile, spanning continents.",Distance only fanned their passion's flame.,B,"Feedback: Both metaphors address the implicit meaning of powerful attraction across distances, but they differ in imagery and tone. Response A uses ""long-range missile,"" which vividly conveys force and span but introduces a potentially jarring, negative connotation (missiles as destructive). Response B employs the more conventional ""flame"" metaphor, where distance ""fanning the flame"" clearly suggests intensifying passion. While B’s imagery is less original, it aligns more closely with the positive tone of the implicit meaning and is more coherent in context. A’s missile metaphor, though imaginative, risks conflicting with the intended warmth of attraction. B better balances clarity, tone, and relevance. [RESULT] B"
Hope is a beacon in the darkness.,Hope's lantern lights the way through darkness.,B,"Feedback: Both metaphors use light imagery to convey guidance and comfort in darkness, aligning with the implicit meaning. Response A's ""beacon"" is a classic, strong symbol of direction but is generic and lacks specificity. Response B's ""lantern"" introduces a more personal, intimate image (implied by ""Hope's"") and ""lights the way"" explicitly emphasizes actionable guidance. While both are vivid, B’s phrasing enhances coherence by directly linking the imagery to the concept of navigating hardship, making it more imaginative and precise. [RESULT] B"
She flutters from partner to partner like a restless butterfly.,A butterfly with a short-lived cocoon.,A,"Feedback: Both metaphors use the butterfly as a central image, but Response A directly links the action of ""fluttering from partner to partner"" to the implicit meaning of inconstancy and flightiness, creating vivid, coherent imagery. Response B, while imaginative, uses a ""short-lived cocoon"" to imply transience, which is less directly connected to the behavior of moving between relationships and lacks the explicit action of ""fluttering."" Response A aligns more closely with the implicit meaning through its clear, dynamic imagery and specificity, making it more imaginative and effective. [RESULT] A"
The winning theory took home the gold medal of peer acceptance.,Theory took root in academic minds.,A,"Feedback: Both metaphors relate to academic acceptance but differ in alignment with the implicit meaning. Response A uses a sports metaphor (""gold medal of peer acceptance"") to directly evoke competition and recognition, aligning closely with the concept of validation. Its imagery is vivid and specific, linking ""gold medal"" to prestigious acknowledgment. Response B employs a plant metaphor (""took root in academic minds""), suggesting gradual acceptance but lacking the explicit validation aspect. While coherent, its imagery is less vivid and generic compared to A. A better captures the intended academic acclaim, while B subtly implies acceptance without the same emphasis on formal validation. [RESULT] A"
The cold grip of fear froze her thoughts in place.,She ran herself into a better situation.,A,"Feedback: Response A closely aligns with the implicit meaning of being paralyzed by fear, using vivid imagery (""cold grip of fear,"" ""froze her thoughts"") that directly evokes the physical and mental stasis associated with intense fear. The metaphor is coherent and imaginative, effectively capturing both the emotional and physiological aspects of the concept. Response B, however, fails to convey the intended meaning. ""Ran herself into a better situation"" implies active progress rather than paralysis, creating a contradiction with the implicit meaning. The imagery is generic and incoherent in this context, as ""running"" does not align with the state of being immobilized by fear. While both responses use metaphor, A’s imagery is precise and evocative, whereas B’s is disconnected and misleading. [RESULT] A"
Her lust burned like a raging inferno.,Climbing the mountain with grit and determination.,A,"Feedback: Response A (""Her lust burned like a raging inferno"") and Response B (""Climbing the mountain with grit and determination"") both use vivid imagery, but they diverge in alignment with the implicit meaning of ""intense, uncontrollable desire."" Response A directly captures the intensity and lack of control through the metaphor of a destructive fire, which is a classic and effective representation of overwhelming desire. Response B, while evoking perseverance, emphasizes effort and determination rather than the chaotic, unmanageable nature of the emotion. The mountain-climbing metaphor lacks the element of uncontrollability, making it less precise. Both metaphors are coherent, but A’s imagery is more imaginative and closely aligned with the implicit meaning. [RESULT] A"
This problem is a Gordian knot of complications.,A Gordian knot of complications,B,"Feedback: Both Response A and Response B use the same core metaphor (""Gordian knot of complications"") to describe an extremely complex and unsolvable problem, aligning closely with the implicit meaning. The imagery is vivid and coherent in both, as the Gordian knot inherently conveys entanglement and intractability. However, Response B (""A Gordian knot of complications"") is a more concise and impactful metaphor, functioning as a standalone noun phrase that amplifies the vividness and immediacy of the imagery. Response A, while accurate, is a complete sentence (""This problem is..."") that, while clear, adds minimal imaginative value beyond the metaphor itself. Both capture the intended concept effectively, but B’s brevity and focus make it slightly more imaginative and aligned with the rubric’s emphasis on vividness and originality. [RESULT] B"
His elation climbed to the summit of bliss.,Reached a cloud-kissed pinnacle of joy.,B,"Feedback: Both metaphors effectively convey the implicit meaning of reaching the highest level of happiness through the use of ""summit"" and ""pinnacle"" to denote the peak. However, Response B (""cloud-kissed pinnacle of joy"") introduces more vivid and imaginative imagery with ""cloud-kissed,"" which evokes a poetic, ethereal quality that enhances the emotional resonance. Response A (""climbed to the summit of bliss"") is clear and direct but relies on a more literal and conventional phrasing. Both align well with the intended concept, but B’s originality and layered imagery make it more evocative. [RESULT] B"
The dawn tide washed over the sleeping city.,Day's light paints the city awakening.,B,"Feedback: Both metaphors convey the gradual transition from night to day and the city's awakening. Response A uses ""dawn tide"" and ""washed over,"" evoking a slow, flowing motion akin to water, which subtly suggests the city being gently covered by daylight. However, the metaphor is abstract and less directly tied to light, the key element of the transition. Response B employs ""paints"" to link light with artistic creation, emphasizing a deliberate, vivid transformation as the city awakens. This imagery is more direct and vivid, aligning closely with the implicit meaning of light gradually altering the environment. While both are coherent, B’s metaphor is more imaginative and explicitly connects to the concept of light and awakening. [RESULT] B"
The committee members in my mind debate each decision.,Personality molds my decisions.,A,"Feedback: Response A uses the metaphor of a committee debating, which vividly captures the implicit meaning of internal conflict and competing thoughts by explicitly referencing a group dynamic and active debate. This imagery is specific, coherent, and directly aligns with the concept of multiple voices in decision-making. Response B, ""Personality molds my decisions,"" is vague and lacks the imagery of conflict or competing elements, instead implying a singular, passive influence. While both address decision-making, only Response A conveys the internal struggle and multiplicity required by the implicit meaning. [RESULT] A"
She's hooked on the high of constant productivity.,Burning herself at both ends relentlessly.,A,"Feedback: Both metaphors address the implicit meaning of addiction to work, but they differ in directness and imagery. Response A uses ""hooked on the high,"" a direct and widely understood metaphor for addiction, clearly linking productivity to compulsive behavior. Its simplicity aligns closely with the concept, though it lacks originality. Response B employs the idiom ""burning herself at both ends,"" which evokes vivid imagery of overexertion but is more associated with burnout than addiction. While both convey relentless work, Response A more accurately captures the ""addiction"" aspect, whereas B emphasizes exhaustion. Response A is clearer and more precise in reflecting the implicit meaning. [RESULT] A"
Causal roots nourish the tree of logical reasoning.,Causes weave the thread of reason.,A,"Feedback: Both metaphors address foundational causes and structured thinking, but they differ in clarity and alignment. Response A uses ""roots"" and ""tree,"" which directly mirror the implicit meaning of foundational support for structured growth. The imagery is vivid and coherent, with ""nourish"" emphasizing the sustenance of reasoning. Response B employs ""weave"" and ""thread,"" which evokes a process-oriented image but less clearly conveys foundational support. While ""weave"" suggests interconnectedness, it lacks the directness of ""roots"" in representing a base. Response A’s alignment with the implicit meaning is stronger, making it clearer and more accurate. [RESULT] A"
The meeting spiraled into chaos.,"Order shifted, and meeting dissolved into chaos.",B,"Feedback: Both metaphors convey the transition from order to chaos, but Response B offers a more nuanced depiction of the process. ""Spiraled into chaos"" (A) is a common and clear metaphor, but it lacks specificity in showing the initial shift in order. Response B, with ""order shifted"" and ""dissolved into chaos,"" explicitly illustrates the breakdown of structure before chaos, aligning more closely with the implicit meaning of a gradual loss of control. While ""dissolved"" adds vivid imagery, it slightly risks redundancy with ""chaos."" Overall, B’s layered imagery and closer alignment to the concept of structural breakdown make it more imaginative and precise. [RESULT] B"
These possessions are chains that bind me.,My duties anchor me with unyielding chains.,A,"Feedback: Both metaphors use ""chains"" to convey restriction, aligning with the implicit meaning of being trapped by material possessions. However, Response A directly attributes the chains to ""possessions,"" which precisely matches the implicit meaning. Response B shifts the focus to ""duties,"" creating a slight misalignment with the intended concept. While B enhances vividness with ""unyielding chains,"" the imagery is less coherent due to the mismatch in subject matter. A maintains clarity and accuracy by directly linking possessions to the metaphor of binding chains, making it a more effective representation of the original idea. [RESULT] A"
Anger accelerated through him like a rocket launch.,"A volcano hiding its rage inside, suddenly erupting.",B,"Feedback: Both metaphors convey explosive anger, but Response B more directly captures the ""buildup"" aspect through the volcano's hidden rage, while Response A emphasizes rapid acceleration without the internal accumulation. Response B's imagery is more vividly aligned with the implicit meaning, as volcanoes inherently suggest pent-up pressure before eruption, whereas a rocket launch lacks the element of concealed buildup. Both are coherent, but B's metaphor is more imaginative and precise for the intended concept. [RESULT] B"
Her leadership navigated the team through the crisis.,Her leadership steered the team through the crisis.,B,"Feedback: Both Response A and Response B use maritime metaphors (""navigated"" and ""steered"") to convey guidance through difficulty, aligning closely with the implicit meaning. However, ""steered"" in Response B implies a more active, direct control over the team’s direction, while ""navigated"" in Response A suggests a broader, perhaps more strategic process. Both are coherent and vivid, but ""steered"" is slightly more concise and dynamic, enhancing the metaphor’s clarity and immediacy. [RESULT] B"
The solution lies beneath these turbulent waters.,A diamond concealed within a thicket,B,"Feedback: Both metaphors effectively convey the hidden nature of the answer, but they differ in how they represent ""difficult circumstances."" Response A uses ""turbulent waters,"" evoking chaos and instability, which aligns with difficulty but may lack specificity. Response B employs ""a diamond concealed within a thicket,"" where the thicket suggests dense, entangled obstacles, more directly mirroring ""difficult circumstances."" B’s imagery is more original and vivid, combining a valuable object (diamond) with a challenging environment (thicket), while A’s metaphor, though coherent, relies on a common natural metaphor. B better captures the implicit meaning’s nuance of being both hidden and surrounded by complexity. [RESULT] B"
The body mobilizes its forces to fight off the viral invasion.,Army of cells marches against the viral invasion.,B,"Feedback: Both metaphors align with the implicit meaning of the immune system as an army. Response A uses ""mobilizes its forces"" to evoke organized defense, while Response B specifies ""army of cells,"" directly linking the immune system’s cellular components to soldiers. B’s imagery is more vivid and imaginative, as ""marches"" adds dynamic motion, whereas A’s ""mobilizes"" is slightly less specific. Both convey the battle against the virus, but B’s explicit reference to ""cells"" enhances clarity and coherence with the biological context. [RESULT] B"
Candlelight swirled through the room like a gentle current.,Dancing shadows painted with flame.,A,"Feedback: Both metaphors convey movement, but Response A directly references ""a gentle current,"" aligning explicitly with the implicit meaning of light moving like water. The imagery is vivid and coherent, as ""swirled"" and ""current"" evoke fluid motion. Response B uses ""dancing shadows"" and ""flame,"" which lack the water-like fluidity and instead evoke fire or flickering, deviating from the intended concept. While both are imaginative, A’s direct alignment with water and smooth motion makes it more accurate. [RESULT] A"
His emotional stability is a masterful balancing act.,Masterfully balancing emotional tide.,B,"Feedback: Both responses use the concept of balancing to convey effort and skill, aligning with the implicit meaning of precarious emotional control. However, Response A (""masterful balancing act"") relies on a common metaphor, which is coherent but lacks originality and vividness. Response B (""masterfully balancing emotional tide"") introduces the imagery of a ""tide,"" a more dynamic and evocative metaphor that better captures the ongoing, natural, and sometimes overwhelming nature of emotional regulation. The ""tide"" enhances vividness and aligns more closely with the implicit idea of constant effort, while ""balancing act"" feels generic. Both mention skill (""masterful""), but B’s imagery is more imaginative and precise. [RESULT] B"
His grip on the business empire is unshakeable.,Forge your future with relentless resolve.,A,"Feedback: Both responses convey aspects of control and determination, but Response A (""His grip on the business empire is unshakeable"") aligns more directly with the implicit meaning of *absolute control and dominance*. The metaphor of a ""grip"" and ""unshakeable"" vividly evokes stability and authority over a ""business empire,"" which is a well-established metaphor for a powerful enterprise. Response B (""Forge your future with relentless resolve"") emphasizes action and perseverance but shifts focus to *building a future* rather than *existing dominance*. While ""relentless resolve"" suggests determination, it lacks the imagery of overt control or possession inherent in the implicit meaning. Response A’s imagery is more coherent and specific to the concept of dominance, whereas Response B’s metaphor is broader and less tied to the idea of absolute control. [RESULT] A"
A rainbow of opportunities emerges after the economic storm.,Hardship sows seeds of opportunity.,A,"Feedback: Both metaphors convey hope and opportunity after hardship, aligning with the implicit meaning. Response A uses a vivid, universal ""rainbow"" to symbolize hope, directly linking the ""economic storm"" to post-hardship renewal. Its imagery is immediate and clear. Response B employs a more abstract ""sows seeds of opportunity,"" suggesting a delayed growth process rather than immediate emergence. While original, it is less direct and slightly less vivid in conveying instant hope. A better captures the clarity, tone, and immediacy of the implicit meaning. [RESULT] A"
Time is an eroding coastline.,Sands of time slipping through our fingers.,B,"Feedback: Both metaphors convey gradual decay and loss, but differ in vividness and alignment with the implicit meaning. ""Eroding coastline"" (A) evokes slow, natural erosion, aligning with decay but lacking direct imagery of ""loss."" ""Sands slipping through our fingers"" (B) vividly captures both decay (passing time) and loss (inability to retain), using a universally relatable, tactile image. B’s phrasing is more imaginative and directly mirrors the inevitability and personal sense of loss in the implicit meaning, while A’s imagery, though coherent, feels less specific to the concept of ""loss."" [RESULT] B"
They chewed through the competition.,"Rising above the pack, they outstripped their rivals.",B,"Feedback: Both metaphors aim to convey effortless dominance over opponents, but they differ in clarity and alignment with the implicit meaning. Response A uses ""chewed through,"" which is unconventional and introduces a visceral, physical imagery that may imply struggle or consumption rather than straightforward defeat. While imaginative, it risks ambiguity. Response B employs ""rising above the pack"" and ""outstripped,"" which are more conventional but directly evoke the idea of surpassing and leaving rivals behind effortlessly. B’s phrasing is coherent, vivid, and aligns precisely with the intended meaning of clear dominance, whereas A’s imagery, though original, is less direct and potentially confusing. [RESULT] B"
They exchanged authority over the department.,They passed the baton in succession.,B,"Feedback: Response A is a literal statement (""exchanged authority"") rather than a metaphor, directly conveying the concept without figurative language, which limits its imaginative quality. Response B uses the metaphor of ""passing the baton in succession,"" evoking vivid imagery associated with relay races to symbolize a smooth, sequential transfer of power. Both responses align with the implicit meaning of power transfer, but B’s metaphor is more original and contextually resonant, while A lacks metaphorical depth. B’s imagery is coherent and widely recognized as a metaphor for leadership transitions, making it more effective. [RESULT] B"
That hedge fund is a golden purse with holes in its lining.,She endured through adversity.,A,"Feedback: Response A effectively conveys the implicit meaning through vivid, imaginative imagery. The ""golden purse"" directly evokes an appearance of wealth, while ""holes in its lining"" clearly symbolizes hidden flaws causing financial loss. The metaphor is coherent and aligns precisely with the tone and concept of the implicit meaning. Response B, however, is not a metaphor at all but a literal statement about endurance, which fails to address the wealth or hidden flaws in the implicit meaning. It lacks any figurative language or connection to the financial context. The key difference is that A uses a creative, specific metaphor to capture both the wealth and the hidden loss, while B misses the target entirely by ignoring the core elements of the implicit meaning. [RESULT] A"
Love is a dance of yin and yang.,"Two puzzle pieces, perfectly fitting.",A,"Feedback: Both metaphors aim to convey a harmonious balance, but Response A (""dance of yin and yang"") directly references the philosophical concept of opposing forces in harmony, aligning precisely with the implicit meaning. The imagery is vivid and culturally resonant, suggesting dynamic equilibrium. Response B (""puzzle pieces"") emphasizes compatibility and interlocking, which implies harmony but lacks the explicit duality of opposing forces. While B is coherent and common, A is more imaginative and thematically precise. [RESULT] A"
His anger was a volcanic wasteland.,A powder keg of seething rage.,A,"Feedback: Both metaphors convey intense rage, but ""volcanic wasteland"" (A) more directly aligns with the implicit meaning of devastation. ""Volcanic wasteland"" evokes a vivid, lasting image of destruction and barrenness, mirroring the aftermath of destructive rage. In contrast, ""powder keg"" (B) emphasizes explosive potential and immediate danger rather than prolonged devastation. While both are vivid, A’s imagery is more coherent with the concept of lingering destruction, whereas B’s focus on sudden eruption misses the ""leaves nothing but devastation"" aspect. A is more imaginative and accurate to the implicit meaning. [RESULT] A"
The company is navigating through troubled waters.,Riding the storm's waves in business.,A,"Feedback: Both metaphors use water imagery to represent challenges, but they differ in vividness and specificity. Response A (""navigating through troubled waters"") directly aligns with the implicit meaning of facing difficulties, using a well-established metaphor that is clear and coherent. It captures the uncertainty and effort involved in navigating challenges. Response B (""riding the storm's waves in business"") adds intensity with ""storm's waves,"" evoking turbulence and unpredictability, but the phrase ""in business"" is redundant and slightly disrupts the flow. While both convey the core meaning, Response A is more concise and commonly recognized, whereas Response B introduces a slightly more dynamic image but with less precision. Response A better balances clarity and alignment with the implicit meaning. [RESULT] A"
The economic forecast shows sunny skies ahead.,Shining skies promise a sunlit tomorrow.,B,"Feedback: Both responses use weather metaphors to convey a positive financial outlook. Response A employs ""sunny skies ahead,"" a clear but conventional metaphor that directly aligns with the implicit meaning of optimism. Response B uses ""shining skies promise a sunlit tomorrow,"" which adds dynamic imagery (""shining,"" ""promise"") and temporal specificity (""tomorrow"") to evoke a more assured and vivid sense of future prosperity. While both align with the meaning, B’s phrasing is more imaginative and layered, enhancing coherence and emotional resonance. [RESULT] B"
The weight of drinks stacked up like bricks on his consciousness.,Each sip stole a piece of his clarity.,B,"Feedback: Both metaphors address the accumulation of intoxication and its mental impact. Response A uses ""stacked bricks"" to convey physical weight on consciousness, directly linking to mental heaviness but relying on a common metaphor. Response B employs ""stole a piece of his clarity,"" focusing on gradual impairment with a more original, vivid action (""stole"") that subtly implies both accumulation and erosion of mental acuity. While A aligns closely with the ""mental heaviness"" aspect, B better captures the progressive impairment and offers more imaginative, less generic imagery. B’s phrasing is also more concise and evocative, balancing both the accumulation and the resulting cognitive decline. [RESULT] B"
Their words were landmines scattered throughout the conversation.,Mines of criticism lay buried in their words.,B,"Feedback: Both metaphors use ""mines"" to convey hidden danger, aligning with the implicit meaning of explosive, harmful speech. Response A (""landmines scattered"") emphasizes unpredictability and dispersion through active imagery, while Response B (""mines of criticism buried"") explicitly ties the metaphor to the harmful content (criticism) and uses a more static, passive structure. Response B’s specificity with ""criticism"" enhances clarity and relevance to the implicit meaning, making it more imaginative and precise. Response A’s imagery is vivid but generic. B better captures the original idea’s tone and intent. [RESULT] B"
He's dancing on thin ice.,"He teeters on the brink of danger.
She took one step at a time.",A,"Feedback: Both Response A and Response B address the implicit meaning of engaging in risky behavior, but they differ in clarity, vividness, and coherence. ""Dancing on thin ice"" (A) is a well-known metaphor that directly evokes the danger of precarious action through the vivid imagery of fragile ice, aligning strongly with the intended concept. Response B’s ""teeters on the brink of danger"" also conveys risk but uses a generic phrase that lacks the same level of originality. The additional line ""She took one step at a time"" introduces a secondary metaphor that shifts focus to cautious progression, which conflicts with the primary theme of danger and weakens the overall coherence. While both metaphors capture the core idea, A is more concise, vivid, and thematically consistent. [RESULT] A"
Their relationship is a well-tuned symphony.,A harmonious dance of mutual understanding.,A,"Feedback: Both metaphors convey harmony and coordination, but Response A uses ""well-tuned symphony,"" which directly evokes precision and structured unity, aligning tightly with ""perfectly coordinated."" The imagery is vivid and specific, emphasizing technical harmony. Response B's ""harmonious dance of mutual understanding"" is slightly less precise due to the added phrase ""mutual understanding,"" which introduces an emotional layer not central to the implicit meaning. While both are coherent, A’s metaphor is more focused and imaginative in capturing the exact tone of precision. [RESULT] A"
The artwork has reached its final destination.,She ran herself into a better situation.,A,"Feedback: Response A directly conveys the implicit meaning of the artwork being complete by using the metaphor of reaching a ""final destination,"" which aligns closely with the idea of completion. The imagery is clear and coherent, though somewhat literal. Response B, however, uses the phrase ""ran herself into a better situation,"" which introduces confusion due to the idiom's typical negative connotation (implying accidental success) and fails to clearly link to the artwork's completion. While both attempt metaphorical language, Response A is more accurate and vivid in capturing the intended meaning, whereas Response B’s imagery is ambiguous and misaligned. [RESULT] A"
Darkness wore its velvet cover like a cloak.,Night's velvet cloak consumed all.,B,"Feedback: Both metaphors use ""velvet cloak"" to evoke luxury, aligning with the implicit meaning. Response A's ""Darkness wore its velvet cover like a cloak"" employs personification (""wore"") but feels static and slightly redundant (""cover like a cloak""). Response B's ""Night's velvet cloak consumed all"" uses the active verb ""consumed,"" creating dynamic imagery that enhances the enveloping quality of night while maintaining the luxurious tone. B’s phrasing is more concise and vivid, with ""consumed all"" implying complete immersion, which better reflects the enveloping aspect. Both meet the criteria, but B’s stronger imagery and action make it more imaginative and effective. [RESULT] B"
Her inner light illuminates her musical talents.,Her intuition is her melodic muse.,B,"Feedback: Both metaphors convey the implicit meaning of natural gifts in music, but differ in originality and vividness. Response A uses a direct metaphor (""inner light illuminates... talents"") that is clear and coherent but generic, lacking imaginative flair. Response B (""intuition is her melodic muse"") combines intuition (natural gifts) with a poetic, less common image (""melodic muse""), creating a more vivid and imaginative representation. While both align with the meaning, B’s imagery is more original and evocative, better capturing the tone of innate, expressive talent. [RESULT] B"
We need to quarantine these toxic ideas before they spread further.,Quench the spread of toxic thoughts.,A,"Feedback: Both responses use disease-related metaphors to address the spread of harmful ideas. Response A employs ""quarantine,"" a direct and vivid term from disease control, which aligns precisely with the implicit meaning of containing an infection. The phrase ""toxic ideas"" and ""spread further"" reinforce the disease metaphor coherently. Response B uses ""quench,"" which is less specific to disease and more abstract, potentially weakening the connection to the intended imagery. While both capture the core idea, Response A’s terminology is more evocative and directly tied to the disease metaphor, making it clearer and more imaginative. [RESULT] A"
Their reputation sparkled like polished diamond.,Their reputation was a shining beacon.,A,"Feedback: Both metaphors convey a positive, valuable, and refined quality, aligning with the implicit meaning of purity and flawlessness. Response A uses ""polished diamond,"" which directly evokes associations with inherent value, purity (due to diamond’s clarity), and flawlessness (polished to perfection). The imagery is vivid and culturally resonant, making it highly specific to the intended traits. Response B, ""shining beacon,"" emphasizes guidance and visibility, which are less central to the implicit meaning of ""pure, valuable, and flawless."" While ""shining"" suggests brightness, a beacon primarily conveys direction or hope rather than intrinsic worth or purity. Response A’s metaphor is more precise and imaginative in capturing the exact qualities described, whereas B’s imagery is broader and slightly less aligned. [RESULT] A"
She invested her morning hours wisely.,Morning bloom: her productivity unfurled.,A,"Feedback: Response A directly uses ""invested,"" a financial metaphor that clearly aligns with the implicit meaning of time as a valuable resource. It is straightforward and precise, though less imaginative. Response B employs ""bloom"" and ""unfurled,"" evoking growth and productivity, but the imagery focuses on natural processes rather than the financial analogy. While B is more vivid and original, it diverges from the implicit meaning of time as currency. A better captures the intended concept through direct metaphor, while B offers stronger imagery at the cost of alignment. [RESULT] A"
His eyes stretched across the vast horizon.,Gaze upon the endless sea's edge.,A,"Feedback: Both metaphors convey a far-reaching observation, but they differ in alignment with the implicit meaning of intensity. Response A uses ""stretched"" to directly imply the physical extension of the gaze, paired with ""vast horizon"" to evoke distance and scope. This creates a vivid, active image of reaching outward. Response B employs ""gaze upon"" and ""endless sea's edge,"" which is poetic but slightly less coherent, as the ""sea's edge"" (a fixed point) contrasts with ""endless,"" creating a minor contradiction. While B offers a more imaginative seascape, its imagery is less precise for conveying the dynamic intensity of a far-reaching gaze. A’s phrasing is clearer and more tightly aligned with the concept of an expansive, intense observation. [RESULT] A"
Her anger was a raging inferno that consumed everything in its path.,"Her anger, a raging storm, swept through the room.",A,"Feedback: Both Response A and Response B use natural disaster metaphors to convey destructive and uncontrollable anger, aligning with the implicit meaning. Response A (""raging inferno that consumed everything in its path"") emphasizes total destruction through fire imagery, which is vivid, intense, and directly evokes the idea of uncontrolled devastation. Response B (""raging storm, swept through the room"") similarly conveys chaos and movement but lacks the same level of specificity and intensity as ""inferno."" While both metaphors are coherent, A’s imagery is more original and closely tied to the concept of all-encompassing destruction, whereas B’s ""storm"" is a common metaphor with slightly less vivid destruction. [RESULT] A"
The bridge of causality spans between action and reaction.,Every action casts its consequence in stone.,B,"Feedback: Both metaphors address the implicit meaning of direct consequence, but they differ in imagery and alignment. Response A uses ""bridge of causality"" to suggest a structural link between action and reaction, which is coherent but abstract and slightly generic. Response B's ""casts its consequence in stone"" employs a vivid, original image implying permanence and inevitability, aligning closely with the idea of direct, unbreakable connection. While A is accurate, B’s metaphor is more imaginative and evocative, though it adds a nuance of permanence not explicitly stated. However, the core concept of a direct, inevitable consequence is effectively captured by both, with B excelling in vividness and originality. [RESULT] B"
His words were a shield against criticism.,"Risks hide setbacks, rewards hide successes.",A,"Feedback: Response A directly aligns with the implicit meaning by using ""shield,"" a classic defensive object, to convey protection from criticism. The imagery is clear, coherent, and vividly captures the defensive use of words. Response B, while metaphorical, uses ""hide"" to obscure setbacks and successes, which diverges from the defensive tone and lacks a direct connection to verbal protection. The imagery in B is abstract and less relevant, making the metaphor weaker. Both use metaphor, but A’s specificity and alignment with the implicit meaning make it superior. [RESULT] A"
The economy plummeted into a bottomless pit.,An economic avalanche left devastation in its wake.,A,"Feedback: Both metaphors convey severe economic decline, but Response A’s ""bottomless pit"" directly reflects the implicit meaning of ""no visible end or recovery,"" while Response B’s ""economic avalanche"" emphasizes sudden destruction but less clearly implies an ongoing, endless decline. ""Bottomless pit"" is more vivid and precise in capturing the perpetual nature of the decline, whereas ""avalanche"" suggests a singular event with aftermath rather than an unending process. Both use strong imagery, but A aligns more closely with the implicit meaning. [RESULT] A"
Opportunities are seeds requiring fertile soil and care.,Cultivate opportunities for growth into blooming success.,A,"Feedback: Both metaphors address the need for nurturing to achieve success, but Response A explicitly links the environment (""fertile soil"") and active care, directly aligning with the implicit meaning of requiring both nurturing and the right conditions. Response B uses ""cultivate"" and ""blooming success"" to imply nurturing and growth, but the imagery is less specific about the environment. Response A’s concrete imagery of seeds, soil, and care is more vivid and precise, while B’s metaphor is slightly more abstract and less explicit about environmental requirements. Both are coherent, but A’s alignment with the implicit meaning is stronger. [RESULT] A"
The judge within me sentences my heart to solitary confinement.,My self-criticism traps emotions in a cage.,A,"Feedback: Both metaphors convey self-imposed emotional isolation and self-judgment, but they differ in vividness and alignment with the implicit meaning. Response A uses the specific and legally charged imagery of a ""judge"" and ""solitary confinement,"" directly mirroring the dual aspects of internal judgment and isolation. The term ""solitary confinement"" evokes a precise, severe form of emotional separation, enhancing vividness and originality. Response B employs a ""cage"" to symbolize trapped emotions, which is clear but less distinctive, as caging is a common metaphor. While both are coherent, A’s legal framework more tightly aligns with the implicit meaning’s emphasis on judgment, and its imagery is more imaginative. [RESULT] A"
Vision's container holds our visual world captive.,The world shrinks to our viewfinder's grasp.,B,"Feedback: Both metaphors address the limitation of vision in perceiving reality, but they differ in clarity and vividness. Response A uses ""container"" and ""captive"" to suggest confinement, which is imaginative but abstract. Response B employs ""viewfinder"" and ""shrinks,"" offering a concrete, dynamic image that directly evokes the act of narrowing perception. B aligns more closely with the implicit meaning through its vivid, relatable imagery, making the constraint of vision clearer and more tangible. A’s metaphor, while original, is slightly less direct and less vivid. [RESULT] B"
He's my most guarded treasure in life's safe.,My heart guards this bond with unwavering devotion.,A,"Feedback: Both metaphors convey protection and value, aligning with the implicit meaning. Response A uses ""guarded treasure in life's safe,"" which is vivid and concrete, directly linking to the idea of something precious and secured. Response B employs ""heart guards this bond with unwavering devotion,"" offering emotional depth but using ""bond"" (less specific than ""treasure"") and slightly abstract imagery. While both are coherent, A’s metaphor is more direct and vivid in illustrating extreme care and preciousness, whereas B’s focus on devotion adds nuance but slightly less clarity in conveying the protected value. [RESULT] A"
Their love was a perpetual flame that never cooled.,Their love was a steadfast mountain.,A,"Feedback: Both metaphors convey eternity through ""perpetual"" (A) and ""steadfast"" (B), but Response A's ""flame"" directly evokes passion and intensity, aligning more closely with the implicit meaning. Response B's ""mountain"" emphasizes stability and endurance but lacks the visceral warmth and passion implied by the flame imagery. The flame metaphor (A) is more vivid and imaginative in capturing both the eternal and passionate aspects, while the mountain (B) only partially reflects the intended concept. [RESULT] A"
Events sprint forward like Olympic runners.,Circumstances charge toward a purposeful climax.,B,"Feedback: Both metaphors convey rapid movement, but differ in alignment with the implicit meaning of time being unstoppable. Response A uses ""Olympic runners sprinting,"" which vividly evokes speed but implies competition and potential stopping points (e.g., finishing lines). Response B's ""charge toward a purposeful climax"" suggests relentless momentum and inevitability, closer to the unstoppable nature of time. While A is more concrete and relatable, B's abstract imagery better captures the irreversible progression of time. Response B’s use of ""climax"" also subtly implies an endpoint, aligning with time’s forward motion. [RESULT] B"
His ideologies were hand-me-down clothes that never quite fit.,Determination fueled his relentless progress.,A,"Feedback: Response A uses the metaphor of ""hand-me-down clothes that never quite fit,"" which directly aligns with the implicit meaning of ""borrowed beliefs that are uncomfortable and unsuitable."" The imagery is vivid, relatable, and clearly conveys both the borrowed nature and the discomfort of the ideologies. Response B, ""Determination fueled his relentless progress,"" is unrelated to the implicit meaning, as it focuses on perseverance rather than borrowed or ill-fitting beliefs. While both metaphors are coherent, only A captures the intended concept with imaginative and precise imagery. [RESULT] A"
Squares are boxes of perfect symmetry.,Effort shapes progress with balanced steps.,A,"Feedback: Response A directly references a geometric shape (squares) and their inherent symmetry, which strongly aligns with the implicit meaning of mathematical precision and orderliness. The imagery is clear and concrete, evoking a direct association with mathematical concepts. Response B, while suggesting balance through ""balanced steps,"" is more abstract and metaphorically linked to effort and progress rather than mathematical precision. It lacks the specificity and vividness of Response A, making its connection to the implicit meaning less direct. Both responses use structural imagery, but Response A's concrete reference to squares ensures a closer, more immediate alignment with the intended concept. [RESULT] A"
The building's facade flows like a river.,Waned spirits weakened output.,A,"Feedback: Response A effectively conveys the implicit meaning of smooth, continuous movement and fluidity in architectural design by directly comparing the building's facade to a river, a natural symbol of flow and continuity. The imagery is vivid and coherent, aligning closely with the intended concept. Response B, however, uses abstract and disconnected language (""waned spirits,"" ""weakened output"") that lacks relevance to architectural fluidity or movement. It fails to evoke any visual or conceptual connection to the implicit meaning, making it unclear and ineffective. While both responses attempt metaphorical expression, only A aligns with the criteria of clarity, accuracy, and imaginative representation. [RESULT] A"
Their opposing theories raced neck-and-neck toward the finish line of academic consensus.,"Two theories, dancing a fine line between opposition and complementarity. (13 words)",A,"Feedback: Both metaphors convey competition between theories, but Response A uses ""raced neck-and-neck"" to explicitly emphasize equal competitiveness in pursuit of academic consensus, directly mirroring the implicit meaning. Response B’s ""dancing a fine line"" introduces ambiguity between opposition and complementarity, which diverges from the focus on equal competition. Response A’s imagery is more vivid, coherent, and precise, while Response B’s metaphor risks conflating opposition with balance. [RESULT] A"
He's a lone wolf howling at every moon.,He casts wide amorous nets.,A,"Feedback: Response A (""He's a lone wolf howling at every moon"") aligns more closely with the implicit meaning of a solitary yet connection-seeking individual. The ""lone wolf"" directly conveys independence and solitude, while ""howling at every moon"" vividly suggests persistent, perhaps desperate, attempts to connect. The imagery is coherent and evokes a clear emotional tone. Response B (""He casts wide amorous nets"") implies seeking connection through ""amorous nets,"" which could suggest manipulation or superficiality, missing the solitary aspect entirely. While ""wide nets"" hints at effort, it lacks the vividness and emotional resonance of A’s imagery. Both metaphors touch on seeking connection but diverge in how they address solitude and tone. [RESULT] A"
Each state is a room in America's house.,"Quilted nations, each unique, yet interconnected.",B,"Feedback: Both metaphors address the concept of unity within diversity, but Response B (""Quilted nations, each unique, yet interconnected"") more vividly and imaginatively captures the implicit meaning. The quilt metaphor inherently emphasizes distinct yet interconnected parts forming a cohesive whole, aligning closely with the idea of unity in diversity. Response A (""Each state is a room in America's house"") conveys the structure of a whole composed of parts but lacks the same level of imaginative imagery and fails to emphasize the uniqueness of individual states as effectively as the quilt metaphor. While both are coherent, B’s imagery is more evocative and directly reinforces the concept of diversity within unity. [RESULT] B"
"The researchers are architects, designing theoretical skyscrapers.","Weaving intricate theories, thread by thread.",A,"Feedback: Response A (""architects designing theoretical skyscrapers"") and Response B (""Weaving intricate theories, thread by thread"") both reflect the implicit meaning of researchers constructing complex theories, but they differ in alignment with the architectural metaphor. Response A directly uses ""architects"" and ""skyscrapers,"" which explicitly mirror the implicit meaning’s focus on building and complexity. The imagery is vivid and coherent, with ""skyscrapers"" emphasizing grandeur and scale. Response B, while imaginative and evocative, shifts to a ""weaving"" metaphor, which conveys step-by-step construction but diverges from the architectural theme. Its imagery is coherent but less aligned with the explicit reference to architects. Both use vivid language, but A’s direct adherence to the architectural metaphor makes it more accurate and clearer in capturing the intended concept. [RESULT] A"
The project schedule is drifting aimlessly.,A mountain's persistent climb.,A,"Feedback: Response A (""The project schedule is drifting aimlessly"") directly aligns with the implicit meaning of lacking direction and control, using a clear and evocative metaphor. The imagery of ""drifting"" effectively conveys aimlessness and uncontrolled movement. Response B (""A mountain's persistent climb"") evokes imagery of effort and perseverance but does not clearly reflect a lack of direction or control; a mountain climb is typically associated with a clear goal and structured effort. While Response B is more imaginative and vivid, its meaning diverges from the implicit concept. Response A is more accurate and coherent in capturing the intended idea. [RESULT] A"
"Like children learning to walk, ideas take their first wobbly steps into existence.",Ideas bloom and refine with time and thought.,A,"Feedback: Response A directly mirrors the implicit meaning by explicitly comparing the fragility and uncertainty of new ideas to children's first wobbly steps, using vivid, specific imagery that aligns precisely with the reference. Response B, while evocative, uses ""bloom"" and ""refine,"" which suggest growth and maturation rather than the initial instability of a baby's steps. Both employ natural processes, but A’s imagery is more concrete and directly tied to the metaphor of uncertainty, whereas B’s is more abstract and less focused on fragility. [RESULT] A"
Window shopping through life's opportunities reveals endless possibilities.,Weighing prospects before making a pledge.,A,"Feedback: Response A aligns closely with the implicit meaning by using ""window shopping,"" directly mirroring the act of browsing store windows to represent exploring life choices. The phrase ""endless possibilities"" vividly captures the abundance of potential opportunities, while the metaphor remains coherent and imaginative. Response B, while touching on decision-making (""weighing prospects"" and ""making a pledge""), lacks the visual and conceptual richness of browsing through store windows. It abstractly references deliberation but fails to evoke the imagery of potential or the exploratory nature of the original idea. Both address decision-making, but Response A’s imagery is more vivid, original, and directly tied to the implicit meaning. [RESULT] A"
Stars connect their light in celestial dotted lines.,Stars trace lines across the night sky.,A,"Feedback: Both metaphors address the idea of stars forming patterns, but they differ in alignment with the implicit meaning of ""connections."" Response A uses ""connect their light"" and ""celestial dotted lines,"" which directly evoke the act of linking stars into patterns, aligning closely with the implicit meaning. The imagery is vivid and imaginative, as ""celestial dotted lines"" evokes constellations. Response B, ""trace lines,"" suggests movement or creation but lacks the explicit emphasis on connection between stars, making it slightly less precise. While both convey patterns, A’s wording more clearly captures the relational aspect of connections, making it more imaginative and coherent with the intended concept. [RESULT] A"
We're dismantling this problem brick by brick.,"Chopping wood, tackling troubles piece by piece.",A,"Feedback: Both metaphors convey the implicit meaning of methodical, step-by-step problem-solving through repetitive actions (""brick by brick"" and ""piece by piece""). Response A uses ""dismantling"" with ""brick by brick,"" which directly implies a structured, incremental approach to deconstructing a problem, aligning tightly with the implicit meaning. The imagery is coherent and slightly more vivid due to the architectural connotation of ""bricks."" Response B employs ""chopping wood"" and ""piece by piece,"" which evokes a physical, laborious process but is less directly tied to problem-solving. The phrase ""tackling troubles"" is generic and lacks the specificity of ""dismantling this problem."" While both are clear, A’s metaphor is more precise and imaginative in capturing the structured, deliberate nature of the task. [RESULT] A"
Creative success blooms from the compost of failure.,"From mistakes, Masterpieces are born.",A,"Feedback: Both metaphors convey the implicit meaning of growth and success arising from failure, but they differ in imagery and originality. Response A uses the metaphor of ""compost of failure"" to suggest a transformative process where decay nourishes growth, creating a vivid, organic image that aligns closely with the theme. The word ""blooms"" adds poetic coherence. Response B employs a more direct and abstract metaphor, ""mistakes...born,"" which is clear but lacks the specific, imaginative imagery of compost and blooming. While both are coherent, A’s metaphor is more vivid and original, making the connection between failure and success feel natural and layered. B is accurate but generic. [RESULT] A"
"Like sorting puzzle pieces, researchers must organize their data methodically.",Sorting knowledge like beans in a jar.,B,"Feedback: Response A uses the metaphor of sorting puzzle pieces, which conveys organization but leans more toward problem-solving and interlocking parts rather than systematic arrangement. Response B, ""sorting knowledge like beans in a jar,"" directly evokes the act of categorizing and grouping items into structured containers, aligning more closely with the implicit meaning of methodical organization. While both metaphors relate to organization, B’s imagery is more specific to the systematic aspect emphasized in the reference, whereas A’s metaphor is generic and less focused on structured arrangement. Additionally, B’s simplicity enhances clarity, making it more effective for the intended concept. [RESULT] B"
Their democracy is an octagon with missing sides.,A patchwork quilt of democracy's imperfections.,B,"Feedback: Both metaphors address the implicit meaning of an incomplete and flawed democracy, but they differ in imagery and alignment. Response A uses a geometric shape with missing sides to symbolize incompleteness, which is direct but abstract. The octagon’s structure implies a systematic flaw, yet the metaphor lacks emotional resonance and vividness. Response B employs a patchwork quilt, evoking a tactile, fragmented image of imperfections. The ""patchwork"" suggests a pieced-together, uneven structure, aligning more vividly with both incompleteness and flaws. While A is conceptually precise, B’s imagery is richer and more evocative, making the metaphor more imaginative and relatable. [RESULT] B"
Love is an enchanted garden that grows with care.,Cultivating love's bloom through care.,A,"Feedback: Both metaphors align with the implicit meaning that love requires nurturing and attention, but they differ in vividness and imaginative depth. Response A uses a full metaphor (""enchanted garden"") that evokes a rich, magical image of growth tied to care, directly mirroring the nurturing process. The imagery is vivid and coherent, with ""enchanted"" adding a layer of wonder. Response B employs a more abstract phrase (""cultivating love's bloom"") that conveys care and growth but lacks the concrete, immersive imagery of a garden. While both reflect the core idea, Response A’s metaphor is more imaginative and evocative, making the concept of nurturing love feel tangible and dynamic. Response B’s phrasing is slightly less vivid and more generic. [RESULT] A"
She cradles her memories like precious jewels.,Holding memories dear as precious gems.,A,"Feedback: Both metaphors use ""precious jewels/gems"" to reflect the value of memories, aligning with the implicit meaning. However, Response A (""cradles her memories"") employs a vivid, active verb (""cradles"") that evokes a protective, nurturing action, directly addressing the ""delicate treasures to be protected"" aspect. Response B (""holding memories dear"") uses a static phrase (""holding dear"") that emphasizes emotional value but lacks the dynamic imagery and specificity of protection. While both convey value, Response A’s coherence and imaginative action better capture the full implicit meaning of fragility and care. [RESULT] A"
She's a magpie chasing after every shiny thing.,A butterfly collector of hearts.,A,"Feedback: Response A (""She's a magpie chasing after every shiny thing"") directly aligns with the implicit meaning of being easily distracted by attractive or trendy things. The magpie metaphor is vivid, culturally recognizable, and clearly conveys the behavior of pursuing shiny objects, mirroring the idea of distraction by superficial allure. Response B (""A butterfly collector of hearts"") is less coherent and ambiguous. While ""butterfly collector"" suggests fleeting attention, the addition of ""hearts"" introduces confusion, as it shifts focus to emotional themes rather than distraction by trendy things. Both metaphors use animal imagery and collection motifs, but A’s imagery is more direct and thematically consistent. [RESULT] A"
Life's struggles are like overpacked suitcases that need careful unpacking.,"Peeling an onion, layer by layer, reveals complex solutions.",B,"Feedback: Both metaphors convey the need for patience and methodical handling, but differ in imagery and alignment. Response A uses ""overpacked suitcases"" to suggest cluttered problems requiring careful unpacking, which is somewhat vivid but generic. Response B's ""peeling an onion"" is more vivid and imaginative, directly evoking layered complexity and gradual progress. The onion metaphor aligns more closely with the implicit meaning by emphasizing layered, step-by-step resolution and the inevitability of uncovering deeper truths through patience. While both are coherent, B’s imagery is more original and precise in capturing the methodical nature of resolving life’s problems. [RESULT] B"
Her ideas are always perfectly tailored to the occasion.,"Her words are pearls of wisdom, perfectly fitted.",A,"Feedback: Response A directly uses ""tailored,"" aligning with the implicit meaning of ideas being like fitted clothing, creating a clear and vivid image of customization and precision. Response B combines ""pearls of wisdom"" with ""perfectly fitted,"" which introduces a mixed metaphor—pearls are not clothing, diluting the connection to the tailored concept. Both use ""fitted,"" but A’s imagery is more coherent and specific to the intended meaning, while B’s metaphor is less precise and slightly generic. [RESULT] A"
Laughter is an intoxicating elixir that flows through the room.,Laughter is an infectious fuel for joy.,B,"Feedback: Both metaphors address the spreading nature of joy, but differ in alignment with the implicit meaning. Response B uses ""infectious"" to directly mirror the ""contagious substance"" concept, aligning more closely with the implicit meaning than Response A's ""flows through the room,"" which implies movement without explicitly linking to contagion. Response A's ""intoxicating elixir"" is more vivid and imaginative, evoking a sensory experience, while Response B's ""fuel for joy"" is simpler and less metaphorical. However, B's explicit use of ""infectious"" better captures the core idea of spreading influence, making it more accurate despite less poetic imagery. [RESULT] B"
Her movements were carefully inventoried treasures.,"With calculated strides, she steered her course.",B,"Feedback: Both metaphors address the implicit meaning of precise and valuable movements, but they differ in imagery and coherence. Response A uses ""inventoried treasures,"" which implies meticulous organization and value, aligning with ""carefully inventoried"" and ""precious."" However, ""inventoried"" feels abstract and less vivid compared to ""treasures,"" creating a slight disconnect. Response B employs ""calculated strides"" and ""steered her course,"" directly evoking precision (""calculated"") and purposeful control, which aligns strongly with the ""precise"" and ""great care"" aspects. While B captures the precision effectively, it lacks explicit emphasis on the ""precious"" element. Both metaphors are coherent, but A’s imagery is more imaginative in suggesting value, while B is clearer and more direct in conveying precision. [RESULT] B"
"Ideas need healthy environments to grow, just as children need nurturing homes.",Ideas blossom with nurturing conditions.,B,"Feedback: Both metaphors align with the implicit meaning of growth requiring care and support, but they differ in vividness and originality. Response A uses a simile comparing ideas to children in nurturing homes, which is clear and relatable but employs generic imagery. Response B uses the metaphor of ""blossom,"" a more vivid and concise image that evokes growth through nurturing conditions. While A is explicit and structured, B is more imaginative and poetic, though slightly abstract. B better captures the intended concept with stronger, more original imagery. [RESULT] B"
His gestures were stored in a locked cabinet.,A mask hid his every emotion.,B,"Feedback: Both metaphors address the implicit meaning of hidden emotions, but differ in imagery and clarity. Response A uses a ""locked cabinet"" to symbolize suppression, which is imaginative but less direct—gestures are not physical objects that can be ""stored,"" making the metaphor slightly abstract. Response B employs a ""mask,"" a classic and vivid symbol of concealed emotions, aligning more directly with the implicit meaning through a universally recognized image. While A offers originality, B’s imagery is clearer, more coherent, and effectively conveys the concept of emotional concealment. [RESULT] B"
She's standing in the line of fire.,He climbed the mountain of challenges.,A,"Feedback: Response A (""She's standing in the line of fire"") directly and vividly captures the implicit meaning of being in a dangerous or vulnerable position. The imagery of ""line of fire"" is specific, widely recognized as a metaphor for imminent danger, and aligns strongly with the tone of peril. Response B (""He climbed the mountain of challenges"") conveys struggle and effort but frames the danger as a past or ongoing challenge rather than an immediate, precarious situation. While both metaphors relate to risk, A’s imagery is more precise and urgent, whereas B’s metaphor is generic and focuses on perseverance rather than vulnerability. [RESULT] A"
Multiple targets overlap in this problem's shooting gallery.,Untangling a knotted web of challenges.,B,"Feedback: Both metaphors convey multiple issues requiring attention, but they differ in how they represent interconnectedness. Response A uses ""overlapping targets"" in a ""shooting gallery,"" which suggests multiple distinct but overlapping challenges but lacks the sense of interdependence implied by a ""web."" Response B's ""knotted web"" directly evokes interconnected, entangled issues requiring simultaneous resolution, aligning more closely with the implicit meaning. B's imagery is more vivid and conventional for conveying complexity and interconnection, while A's metaphor feels generic and less precise. [RESULT] B"
"His energy levels are running low, time to recharge.",His body cried for respite.,B,"Feedback: Both responses convey the implicit meaning of a person needing rest, but they differ in imagery and originality. Response A uses the common metaphor of ""recharging energy levels,"" which is clear but generic and lacks vividness. Response B employs ""body cried for respite,"" which is more imaginative and evocative, personifying the body's need for rest with emotional resonance. While both align with the intended concept, Response B’s language is more original and creates a stronger, more coherent image of exhaustion. [RESULT] B"
The darkness crystallized into an obsidian dome.,A dense fog swallowed the land entire.,A,"Feedback: Response A (""The darkness crystallized into an obsidian dome"") and Response B (""A dense fog swallowed the land entire"") both aim to convey overwhelming, impenetrable darkness but differ in their alignment with the implicit meaning. Response A uses ""crystallized"" and ""obsidian"" to evoke a solid, structured form of darkness, directly mirroring the ""solid and impenetrable"" aspect through a vivid, imaginative metaphor. The ""obsidian dome"" suggests a seamless, unyielding barrier, closely matching the intended tone and imagery. Response B, while evoking completeness through ""swallowed the land entire,"" relies on ""dense fog,"" which is inherently less solid and more diffuse, weakening the ""impenetrable"" element. Both metaphors are coherent and vivid, but A’s imagery is more original and precisely aligned with the implicit meaning of solidity. [RESULT] A"
Our sight is a jar storing visual memories.,Mental snapshots in the theater of the mind.,A,"Feedback: Both metaphors aim to convey vision as a container for memories. Response A uses a ""jar"" as a literal container, directly aligning with the implicit meaning of storage. It is clear and accurate but lacks vividness due to its generic imagery. Response B employs ""mental snapshots"" and ""theater of the mind,"" creating a more dynamic and imaginative scene, though it indirectly references a container. While B is more original and evokes a richer mental image, it diverges from the explicit container metaphor in the implicit meaning. A better captures the core concept of containment, while B enhances creativity at the cost of direct alignment. [RESULT] A"
She inventoried her beliefs like items in a storage room.,"Weighing anchor on doubts, she sought clear waters.",A,"Feedback: Response A directly uses the verb ""inventoried,"" which aligns with the implicit meaning of methodical examination and organization. The storage room metaphor conveys a structured, deliberate process of cataloging items, mirroring the act of organizing thoughts. Response B, while imaginative with nautical imagery, focuses on navigating doubts and seeking clarity rather than methodical organization. The phrase ""weighing anchor"" introduces ambiguity (it typically means preparing to move, not stopping), weakening its connection to systematic examination. Both metaphors use action-oriented verbs, but A’s imagery is more coherent and directly tied to the intended concept. [RESULT] A"
Their partnership orchestrates perfect harmony.,A harmonious dance of unity and assistance.,B,"Feedback: Both metaphors capture the implicit meaning of smooth collaboration and synchronization, but they differ in imagery and specificity. Response A uses ""orchestrates perfect harmony,"" which is a clear and common metaphor for structured coordination, aligning well with the implicit meaning. However, it leans on a generic comparison to an orchestra, which may lack originality. Response B, ""a harmonious dance of unity and assistance,"" introduces more vivid and dynamic imagery by evoking the mutual, fluid movement of a dance. The addition of ""assistance"" explicitly emphasizes the collaborative aspect, enhancing coherence with the implicit meaning. While both are effective, B’s metaphor is more imaginative and provides a richer, more nuanced depiction of synchronized partnership. [RESULT] B"
Social media is society's nervous system.,Social wires linking diverse minds.,A,"Feedback: Both metaphors convey the idea of rapid information flow and interconnectedness, but Response A (""society's nervous system"") directly mirrors the neural pathway analogy in the implicit meaning, using a well-established biological metaphor that is both vivid and precise. Response B (""social wires linking diverse minds"") is coherent but less imaginative, relying on a more abstract and generic image of ""wires"" without the organic, systemic clarity of a nervous system. Response A aligns more closely with the reference in both meaning and tone. [RESULT] A"
The sunset melted into the horizon.,Sunset paints the sky with gentle light.,A,"Feedback: Both metaphors depict a gradual process, but Response A's ""melted into the horizon"" more directly evokes the disappearance of light by implying the sun's dissolution into the edge of the sky, aligning with the implicit meaning of transformation into darkness. Response B's ""paints the sky with gentle light"" emphasizes the act of creation (painting) rather than disappearance, focusing on the beauty of light rather than its transition to darkness. While both use vivid imagery, Response A’s metaphor more closely captures the concept of fading and merging into an unseen state, whereas Response B’s imagery, though imaginative, centers on the persistence of light. [RESULT] A"
The curtain rises on each new creation.,A work of art blooms once completed.,A,"Feedback: Both metaphors use vivid imagery to suggest emergence, but they differ in alignment with the implicit meaning. ""The curtain rises"" (A) directly evokes a clear, culturally familiar action of a beginning (theater start), aligning strongly with the intent. ""Blooms once completed"" (B) implies a gradual, natural process but shifts focus toward culmination rather than initiation, slightly misaligning with the ""beginning"" aspect. A’s imagery is more direct and tonally precise, while B’s metaphor risks ambiguity due to its emphasis on completion. [RESULT] A"
My collection of belongings requires constant inventory checks.,Tending to responsibilities keeps neglect at bay.,A,"Feedback: Response A directly references ""belongings"" and ""constant inventory checks,"" which vividly conveys the repetitive, methodical nature of obsessive-compulsive behavior through a concrete, relatable action (inventory checks). It aligns closely with the implicit meaning by emphasizing compulsion and control. Response B, while mentioning ""tending to responsibilities,"" lacks specificity and does not clearly connect to possessions or compulsive behavior, instead using a generic metaphor about avoiding neglect. Both responses use coherent imagery, but Response A’s specificity and alignment with the implicit meaning are stronger. [RESULT] A"
Comedy was the rehabilitation therapy for their troubled minds.,Laughter's elixir heals the mind's wounds.,B,"Feedback: Both metaphors align with the implicit meaning that comedy heals mental distress, but they differ in vividness and originality. Response A uses ""rehabilitation therapy,"" a direct and literal comparison that clearly conveys the healing function but lacks imaginative flair. Response B employs ""elixir"" and ""mind's wounds,"" creating a more vivid, poetic image that evokes a sense of magical or transformative healing. While both are coherent, Response B’s imagery is more original and evocative, aligning more closely with the rubric’s emphasis on imagination and vividness. [RESULT] B"
Innovation is harvested from well-nurtured experience.,Wisdom is a treasure trove of innovative thoughts.,A,"Feedback: Both metaphors aim to convey growth through time and care but differ in alignment and imagery. Response A uses ""harvested from well-nurtured experience,"" evoking agricultural imagery that directly ties nurturing to the cultivation of innovation, aligning closely with the implicit meaning of gradual, deliberate growth. Response B, ""treasure trove of innovative thoughts,"" suggests accumulation rather than development, focusing on storage (treasure trove) rather than the dynamic process of nurturing. While both use metaphorical frameworks, A’s vivid, coherent imagery of harvesting (a time-bound, care-intensive process) better captures the intended concept of growth through time and care. B’s static metaphor lacks the temporal and nurturing emphasis, making it less precise. [RESULT] A"
Time's train carries passengers from cause to effect.,Causes ignite effects like sparks in a chain reaction.,B,"Feedback: Both metaphors convey time's linearity and cause-effect connections, but they differ in imagery and alignment with the implicit meaning. Response A uses a train metaphor, a common symbol for time’s progression, effectively showing movement from cause to effect. However, the imagery is somewhat generic, and ""passengers"" lacks vividness in illustrating the cause-effect link. Response B employs ""sparks in a chain reaction,"" a more dynamic and original image that directly mirrors the implicit meaning’s emphasis on sequential causality. The ""ignite"" and ""chain reaction"" terms vividly depict how one action triggers subsequent effects in a linear sequence, aligning more closely with the intended concept. While both are coherent, B’s imagery is more imaginative and precise in capturing the linear progression of time and its causal chain. [RESULT] B"
Opportunities are lightbulbs that need the right current to shine.,Opportunities blossom in fertile grounds.,A,"Feedback: Both metaphors convey that opportunities require specific conditions to thrive, aligning with the implicit meaning. Response A uses the metaphor of lightbulbs needing current, which vividly implies that opportunities require a precise and necessary resource (current) to activate their potential. This metaphor is imaginative and precise, emphasizing the dependency on a specific input. Response B employs the metaphor of blossoms in fertile grounds, a more traditional and naturalistic image that effectively suggests growth through environmental support. While both are coherent, Response A’s imagery is more original and directly ties the concept to a tangible, actionable resource (current), whereas Response B’s metaphor is slightly less specific but still evocative. The lightbulb metaphor better captures the idea of requiring a ""right"" resource, making it more imaginative and aligned with the tone of the implicit meaning. [RESULT] A"
Each possession in my vault demands its share of attention.,Each duty demands its own diligent dedication.,A,"Feedback: Response A and Response B both address the idea of demands but differ in alignment with the implicit meaning. Response A explicitly references ""possessions in my vault,"" directly tying to material items and their neediness, while ""demands its share of attention"" captures the time/energy aspect. Response B uses ""duty"" and ""diligent dedication,"" which implies effort but abstracts from material possessions. A’s metaphor is more vivid and specific to the implicit meaning (vault, possessions) compared to B’s generic ""duty."" Both use ""demands,"" but A’s imagery is tighter and more imaginative for the intended concept. [RESULT] A"
They drew a straight line between right and wrong.,They drew a firm line between right and wrong.,A,"Feedback: Both metaphors convey the concept of clear moral boundaries, but they differ in emphasis and vividness. ""Straight line"" (A) directly evokes clarity and directness, aligning closely with the implicit meaning of unambiguous boundaries, while ""firm line"" (B) emphasizes rigidity and strength, which is related but less precise. The imagery in A is more vivid and conventional in representing clarity, whereas B’s ""firm"" is slightly less evocative of the specific tone of absolute certainty. Both are coherent, but A’s metaphor is more imaginative and directly tied to the intended concept. [RESULT] A"
The problem is a bullseye waiting to be hit.,A puzzle waiting to be solved precisely.,A,"Feedback: Both Response A and Response B aim to convey the implicit meaning of a clear target or solution. ""Bullseye waiting to be hit"" (A) directly evokes the imagery of a precise target, aligning strongly with the concept of a clear solution. It is vivid and concise, using a universally recognized symbol of accuracy. ""Puzzle waiting to be solved precisely"" (B) also references a solution but introduces ambiguity, as puzzles often imply complexity or multiple steps, which slightly dilutes the focus on a singular, clear target. While both metaphors are coherent, A’s imagery is more immediate and imaginative, directly mirroring the implicit meaning without added connotations. B’s use of ""precisely"" attempts to reinforce clarity but feels less intuitive compared to A’s straightforward metaphor. [RESULT] A"
His career flourishes like a well-nourished plant.,His career climbs the ladder of relentless progress.,A,"Feedback: Response A (""His career flourishes like a well-nourished plant"") aligns closely with the implicit meaning of growth and success through care and attention, as the metaphor of a well-nourished plant inherently conveys nurturing and deliberate cultivation. The imagery is vivid and coherent, directly linking growth to sustained effort. Response B (""His career climbs the ladder of relentless progress"") emphasizes progression but lacks explicit reference to care or attention, focusing instead on relentless motion. While both use coherent imagery, Response A more directly captures the nurturing aspect central to the implicit meaning. [RESULT] A"
Their hatred was a blinding sandstorm of bitter words.,"Through hatred's looking glass, clarity of perspective is distorted.",A,"Feedback: Both metaphors address intense conflict and its effects, but Response A directly incorporates harmful communication (""bitter words"") as a central element of the metaphor, aligning tightly with the implicit meaning. The ""blinding sandstorm"" vividly conveys chaos and overwhelming harm, creating a dynamic, sensory image. Response B uses a ""looking glass"" to imply distorted perspective, which is imaginative but less explicit in connecting to harmful communication. While both are coherent, Response A’s imagery is more specific and vividly captures the intensity and nature of the conflict. [RESULT] A"
Her mind is a brilliant beacon in the darkness.,He illuminates the way to refuge.,A,"Feedback: Both metaphors use light as a central image to convey guidance and illumination, aligning with the implicit meaning of intelligence that guides others. Response A (""Her mind is a brilliant beacon in the darkness"") explicitly ties the intelligence (the mind) to the metaphorical light, creating a direct and vivid link between the source (the mind) and its function (guiding others). The imagery is concise and strongly evokes clarity and direction. Response B (""He illuminates the way to refuge"") also uses light but focuses on the action (illuminating) and its outcome (refuge), which subtly shifts emphasis to the result rather than the inherent quality of the intelligence itself. While ""refuge"" adds emotional resonance, it introduces a secondary concept not explicitly in the implicit meaning. Both are coherent, but A’s direct linkage to the mind and use of ""beacon"" (a classic guiding light) make it more precise and imaginative. [RESULT] A"
His mind was suffering from emotional bruises.,A storm raged within his heart.,B,"Feedback: Both metaphors address psychological pain, but they differ in vividness and alignment with the implicit meaning. Response A uses ""emotional bruises,"" a direct but somewhat generic metaphor that clearly references physical injury to convey emotional trauma. It is coherent and accurate but lacks imaginative depth. Response B employs ""a storm raged within his heart,"" which is more vivid and dynamic, evoking a sense of chaos and intensity that aligns closely with the turmoil of psychological trauma. The storm metaphor is more imaginative and effectively captures the complexity and overwhelming nature of the concept. While both are coherent, B’s imagery is richer and more evocative, making it a stronger representation of the implicit meaning. [RESULT] B"
Inspiration requires a well-tended greenhouse of focus.,Nurture creativity in a sanctuary of focus.,B,"Feedback: Both metaphors convey the need for a protected environment (greenhouse/sanctuary) and emphasize focus as essential for creativity. Response A uses ""well-tended greenhouse,"" which implies active care but is a more conventional metaphor. Response B's ""sanctuary of focus"" introduces a stronger sense of sacredness/protection and directly incorporates the verb ""nurture,"" aligning more precisely with the implicit meaning. B’s imagery is more original and its structure is more direct in addressing the nurturing aspect, making it clearer and more imaginative. [RESULT] B"
Love is a magical potion brewing in life's cauldron.,Love crafts its own intricate journey.,A,"Feedback: Both metaphors attempt to capture love as a mysterious and transformative force, but they differ in their alignment with the implicit meaning and vividness. Response A (""magical potion brewing in life's cauldron"") uses strong, traditional imagery (potion, cauldron) that directly evokes mystery and transformation through alchemical connotations. The phrase ""brewing"" implies a dynamic, evolving process, aligning with the transformative aspect. Response B (""crafts its own intricate journey"") is more abstract and less vivid; while ""intricate journey"" suggests complexity, it lacks the visceral, sensory imagery of a potion and cauldron. The ""crafting"" metaphor is generic and does not strongly evoke mystery or transformation. Response A’s imagery is more imaginative and tightly connected to the implicit meaning, whereas Response B’s is looser and less evocative. [RESULT] A"
My internal jury weighs the evidence of each emotion.,Inner voices debated my feelings.,A,"Feedback: Both metaphors convey an internal decision-making process about feelings, but they differ in vividness and originality. Response A uses the metaphor of a ""jury weighing evidence,"" which is more vivid and imaginative, evoking a structured, deliberate process with legal imagery. Response B's ""inner voices debated"" is coherent but generic, relying on a common metaphor for internal conflict. A's imagery is more original and closely aligns with the implicit meaning's emphasis on deliberation, while B's metaphor is simpler and less distinct. [RESULT] A"
Moonbeams rippled across the lake's surface.,Moonlight paints moving patterns.,A,"Feedback: Both responses aim to convey that light moves like water waves, but they differ in specificity and alignment with the implicit meaning. Response A uses ""rippled,"" a direct reference to water waves, creating vivid imagery that closely mirrors the intended concept of light mimicking water's motion. The phrase ""across the lake's surface"" grounds the metaphor in a tangible, natural setting, enhancing coherence. Response B, while imaginative with ""paints moving patterns,"" is more abstract and less specific to water waves. The ""moving patterns"" could apply to various motions, making the connection to water weaker. A's explicit use of ""rippled"" aligns more precisely with the implicit meaning, offering a clearer, more concrete image. [RESULT] A"
The investment in better education purchased a brighter future for the community.,Education's ripple turns pebbles into boulders.,B,"Feedback: Both responses align with the implicit meaning that education leads to positive community outcomes, but they differ in imagery and originality. Response A uses a direct metaphor comparing education to an investment (""purchased a brighter future""), which is clear but generic, relying on a common financial analogy. Response B employs a more imaginative and vivid metaphor (""ripple turns pebbles into boulders""), evoking a dynamic process of growth and compounding impact. While A is straightforward and coherent, B’s imagery is more layered, suggesting exponential change and interconnectedness, which better captures the nuanced idea of education’s transformative ripple effects on a community. B’s metaphor is both more original and evocative, though slightly more abstract, whereas A’s literal approach is less memorable. [RESULT] B"
Laughter distilled the essence of their friendship.,Laughter unveiled their true bond.,A,"Feedback: Both metaphors relate to the revelation of a deeper friendship, but Response A's use of ""distilled"" directly aligns with the implicit meaning of purification, as distillation is a process of refining and concentrating essence. Response B's ""unveiled"" suggests revelation but lacks the purification aspect. Response A's imagery is more vivid and specific, while B's is more generic. Both are coherent, but A captures the dual concepts of purification and strengthening through shared joy more effectively. [RESULT] A"
Our possessions are the footprints of our property journey.,Memories and milestones hide in our belongings.,B,"Feedback: Both metaphors aim to convey that material items mark life's path, but they differ in alignment and imagery. Response A uses ""footprints"" to evoke the ""tracks in sand"" imagery, which is vivid and directly mirrors the implicit meaning. However, ""property journey"" introduces ambiguity, as ""property"" typically refers to land or assets, diluting the personal, life-path focus. Response B's ""memories and milestones hide in our belongings"" connects belongings to life's markers more conceptually, though ""hide"" lacks the physical, visible ""tracks in sand"" clarity. While A's metaphor is more vivid and literal in reflecting the implicit meaning, B better captures the idea that possessions encapsulate life's journey through memories and milestones. B aligns more coherently with the intended concept despite less vivid imagery. [RESULT] B"
His masterpiece has landed.,"A canvas of life, masterfully painted.",B,"Feedback: Both responses use art-related metaphors to convey completion of an achievement. Response A (""His masterpiece has landed"") implies achievement through ""masterpiece"" and ""landed,"" but ""landed"" is vague and lacks vivid imagery. Response B (""A canvas of life, masterfully painted"") employs a more vivid and coherent metaphor, linking ""canvas"" and ""painted"" to the act of creation and ""masterfully"" to successful completion. While both align with the implicit meaning, B’s imagery is more imaginative and evocative, though slightly generic. A’s phrasing is less vivid and ambiguous in its connection to completion. [RESULT] B"
Time is the great metamorphosis master.,Time's artists painting transformations.,A,"Feedback: Both metaphors convey transformation, but Response A (""Time is the great metamorphosis master"") aligns more directly with the implicit meaning of inevitable, gradual change. ""Metamorphosis"" explicitly evokes biological transformation, while ""master"" implies control and inevitability, matching the concept of time’s unstoppable force. Response B (""Time's artists painting transformations"") uses creative imagery but is less precise. The plural ""artists"" and ""painting"" suggest multiple, possibly deliberate agents, which may dilute the inevitability of time’s role. While both are vivid, A’s imagery is more coherent with the idea of time as an autonomous, transformative force. [RESULT] A"
She had an insatiable appetite for knowledge.,She thirsted for knowledge's vast ocean.,B,"Feedback: Both metaphors convey a strong desire for knowledge, aligning with the implicit meaning of eagerness and passion for continuous learning. Response A uses the common metaphor of ""appetite,"" which is clear and direct but lacks originality. Response B, however, introduces the ""vast ocean"" imagery, enhancing vividness and evoking a sense of boundlessness and depth that aligns more closely with the idea of continuous, passionate pursuit. While both are coherent, B’s imaginative comparison to an ocean better reflects the endless nature of learning and adds poetic resonance. [RESULT] B"
Every step on this journey of change leaves footprints in the sands of progress.,Action carves steps towards growth and transformation.,A,"Feedback: Both metaphors use the concept of steps to symbolize growth, aligning with the implicit meaning of lasting marks on a life journey. Response A employs ""footprints in the sands of progress,"" which vividly conveys enduring traces, though ""sands of progress"" is a generic metaphor. Response B's ""carves steps"" is more active and original, emphasizing the effort in growth but less explicitly linking to lasting marks. Response A’s imagery is more coherent with the idea of permanent imprints, while B’s metaphor is slightly abstract and less focused on the ""lasting marks"" aspect. [RESULT] A"
She handed life to her characters on blank pages.,She breathed life into her creations.,B,"Feedback: Both metaphors convey the implicit meaning of creating characters through writing by using ""life"" as a central metaphor. However, Response B (""breathed life into her creations"") is more vivid and imaginative, as ""breathed life"" is a classic, evocative metaphor for animation and creation, while ""handed life"" feels more literal and less dynamic. Response A's reference to ""blank pages"" adds a writing-specific context, but the phrase ""handed life"" lacks the poetic resonance of ""breathed life."" Both align with the implicit meaning, but B's imagery is more coherent and universally evocative. [RESULT] B"
Their ideas have reached a dead end.,Ideas hit a brick wall.,A,"Feedback: Both metaphors effectively convey that ideas have ceased progress, aligning with the implicit meaning. ""Dead end"" (A) directly references a path ending, clearly signaling no further advancement. ""Hit a brick wall"" (B) emphasizes sudden obstruction, adding a dynamic action to the stagnation. While both are vivid and coherent, A’s imagery is more universally understood and directly matches the concept of an endpoint, whereas B introduces a slight nuance of resistance. Neither is highly original, but A’s precision in capturing the finality of stagnation makes it marginally more accurate. [RESULT] A"
Success fed his appetite for more challenges.,Each triumph fueled his ambition for greater challenges.,B,"Feedback: Both metaphors convey the implicit meaning that achievement drives desire for greater accomplishments, but they differ in vividness and alignment. ""Success fed his appetite"" uses ""fed"" to imply nourishment of desire, but the term ""appetite"" is somewhat generic and the verb may ambiguously suggest satisfaction rather than escalation. In contrast, ""Each triumph fueled his ambition"" employs ""fueled,"" a more dynamic and vivid verb that clearly conveys escalation, while ""ambition"" precisely captures the intentional pursuit of greater goals. The structure of B also emphasizes progression (""each triumph"") aligning more directly with the cumulative nature of the implicit meaning. [RESULT] B"
Each possession is an anchor dragging me down.,Obligations anchor me to the spot.,A,"Feedback: Both responses use the anchor metaphor to convey restriction, but differ in their alignment with the implicit meaning. Response A directly links ""each possession"" to the anchor, clearly tying material items to the burden, while Response B shifts focus to ""obligations,"" which diverges from the core idea of material possessions as the restrictive force. Both employ vivid imagery, but A’s ""dragging me down"" emphasizes the active, oppressive weight of possessions more effectively than B’s static ""anchor me to the spot."" A’s metaphor is more imaginative and precise in capturing the intended meaning. [RESULT] A"
His anger was a pressure cooker building steam.,"A time bomb of anger, ticking loud and clear.",B,"Feedback: Both metaphors effectively convey increasing anger about to explode, but they differ in vividness and alignment with the implicit meaning. The pressure cooker (A) is a relatable metaphor for building pressure, though ""building steam"" is a common phrase that lacks originality. The time bomb (B) is more imaginative, using the ticking to emphasize urgency and inevitability, directly linking to an explosive release. While A’s imagery is coherent, B’s metaphor is more vivid and dynamic, with the ticking sound and countdown element heightening the sense of impending eruption. Both align with the meaning, but B’s specificity and originality make it a stronger representation. [RESULT] B"
The machine's pressure gauge was in the red zone.,Tension mounted like a volcano.,B,"Feedback: Both responses convey the implicit meaning of dangerous pressure reaching critical limits, but they differ in vividness and originality. Response A uses a literal, technical image (pressure gauge in the red zone), which is clear and directly references danger but lacks imaginative depth. Response B employs a more dynamic metaphor (tension like a volcano), evoking a vivid, natural phenomenon that effectively symbolizes gradual pressure buildup and imminent eruption. While A is precise and coherent, B offers richer imagery and a stronger emotional resonance, aligning more closely with the rubric’s emphasis on originality and vividness. [RESULT] B"
Achievement climbs its own mountain.,"From seeds of determination, blooms a better self.",B,"Feedback: Both metaphors use natural processes to symbolize the journey toward success, but they differ in alignment with the implicit meaning. ""Achievement climbs its own mountain"" (A) conveys struggle through the physical effort of climbing, yet lacks explicit reference to determination. ""From seeds of determination, blooms a better self"" (B) directly ties determination to growth, using vivid, imaginative imagery that mirrors the gradual, nurturing process implied in personal struggle. B’s metaphor is more coherent with the dual emphasis on internal resolve and sustained effort, making it more aligned with the implicit meaning. [RESULT] B"
His anger is a bitter pill he keeps swallowing.,Anger's fierce embrace blinds reason's clear sight.,A,"Feedback: Both metaphors address the act of suppressing anger, but Response A directly conveys the repetition and unpleasantness of suppression through ""keeps swallowing"" and ""bitter pill,"" aligning closely with the implicit meaning. Response B uses vivid personification (""fierce embrace,"" ""blinds reason's clear sight"") but focuses more on anger's immediate impact rather than the act of repeated suppression. While B is more imaginative, A is clearer and more precise in capturing the core concept of enduring and suppressing negative emotions over time. [RESULT] A"
Their values stood as straight as a pillar.,Their moral compass was unwavering as a polar ice cap.,B,"Feedback: Both metaphors convey unwavering moral principles, but Response B (""unwavering as a polar ice cap"") is more imaginative and vivid, with the polar ice cap symbolizing enduring stability. Response A (""as straight as a pillar"") uses a common, less original metaphor. While both align with the implicit meaning, B’s imagery is more original and evocative, enhancing the concept of steadfast integrity. [RESULT] B"
The shapes drift like autumn leaves.,Design elements dance into harmony.,A,"Feedback: Response A (""The shapes drift like autumn leaves"") aligns more closely with the implicit meaning of ""gentle, floating movement without direction or purpose."" ""Drift"" and ""autumn leaves"" evoke slow, aimless motion, while ""autumn leaves"" inherently suggest fragility and passive movement. Response B (""Design elements dance into harmony"") introduces intentional action (""dance"") and purpose (""harmony""), which directly contradict the implicit meaning's emphasis on directionless, purposeless motion. Both use vivid imagery, but B's focus on coordination undermines the intended concept. [RESULT] A"
The question has become a permanent tenant in my thoughts.,Mulling it over like a fine wine.,A,"Feedback: Both metaphors address the persistence of the question, but Response A uses ""permanent tenant"" to directly convey the unshakable presence of the question, aligning closely with the implicit meaning of a nagging, persistent thought. The imagery is vivid and original, as a ""tenant"" implies a long-term, unwelcome occupant. Response B, ""mulling it over like a fine wine,"" evokes repetition but lacks the same sense of intrusion or persistence; ""fine wine"" may even imply a pleasurable or deliberate process, which contrasts with the implicit meaning’s negative tone. While both are coherent, Response A’s metaphor is more imaginative and precisely captures the relentless nature of the question. [RESULT] A"
She maintains her image like a carefully preserved manuscript cover.,A timeless mask conceals her true age.,A,"Feedback: Both metaphors address self-preservation of appearance, but Response A (""carefully preserved manuscript cover"") more directly captures the *delicate and meticulous* nature of the implicit meaning. The manuscript cover evokes a tangible, intentional act of preservation, emphasizing fragility and careful maintenance. Response B (""timeless mask"") implies concealment but lacks the same emphasis on meticulousness; ""timeless"" suggests agelessness rather than deliberate effort. While both are coherent, A’s imagery is more vivid and original, aligning closely with the tone of precision and fragility. B’s metaphor, though effective, feels slightly generic and less tied to the concept of active preservation. [RESULT] A"
The pit stops of preparation fuel victory.,Success is a marriage of plans and action.,B,"Feedback: Both metaphors convey the implicit meaning that preparation leads to success, but they differ in alignment, imagery, and clarity. Response A uses ""pit stops"" and ""fuel"" to metaphorically link preparation to victory, creating a dynamic, race-car imagery that is vivid but slightly abstract. It implies preparation as a necessary, energizing step toward success. Response B, ""Success is a marriage of plans and action,"" directly ties preparation (plans) to success through action, using a common but coherent metaphor. While B is clearer and more explicit in connecting preparation to success, A’s racing imagery is more imaginative and original. However, B’s alignment with the implicit meaning is stronger and more direct, as it explicitly names preparation (plans) and its role in achieving success. [RESULT] B"
Their romance sparked and blazed like a wildfire.,Their hearts ignited in an instant flame.,A,"Feedback: Both metaphors use fire imagery to convey intense, passionate love, but Response A (""wildfire"") better captures the rapid growth aspect through ""sparked and blazed,"" evoking an unstoppable, consuming force. Response B (""instant flame"") emphasizes sudden ignition but lacks the dynamic progression and vivid intensity of a wildfire. While both align with the implicit meaning, A’s imagery is more original and evocative, creating a stronger sense of escalating passion. [RESULT] A"
Their friendship needed a software patch.,They polished their bond to a brighter sheen.,A,"Feedback: Response A uses a metaphor that directly implies a problem requiring a fix (""software patch""), aligning closely with the implicit meaning of a broken relationship needing repair. It is original and specific, though less poetic. Response B employs ""polished their bond to a brighter sheen,"" which suggests enhancement rather than addressing a broken state. While vivid, it misaligns with the implicit meaning by focusing on improvement rather than repair. Both use imagery, but A's metaphor is more accurate to the intended concept. [RESULT] A"
The team leader distributed power among the members.,Empowered hands build a shared vision.,B,"Feedback: Both responses convey the implicit meaning of sharing authority and control, but they differ in imagery and metaphorical depth. Response A uses a literal statement (""distributed power"") that directly addresses the concept but lacks metaphorical richness or vivid imagery. Response B employs a metaphor (""empowered hands build a shared vision"") that is more imaginative and evokes a collaborative, visual process. While A is clear and accurate, B’s metaphor is more original, vivid, and aligns closely with the tone of shared effort and collective vision implied in the original meaning. B’s imagery is coherent and layered, connecting empowerment with tangible action (""hands"") and a unifying goal (""shared vision""). A’s simplicity makes it less engaging compared to B’s creative synthesis of metaphor and concept. [RESULT] B"
The lid of darkness closed over the landscape.,Night swallowed the landscape whole.,B,"Feedback: Both metaphors convey night covering the landscape, but Response B (""Night swallowed the landscape whole"") uses more vivid and imaginative imagery by personifying night as an active force consuming the land, which aligns more dynamically with the implicit meaning of complete coverage. Response A (""The lid of darkness closed over the landscape"") relies on a literal ""lid"" metaphor, which is coherent but less original and evocative. B’s phrasing enhances the sense of totality and motion, making it a clearer and more imaginative representation. [RESULT] B"
Her mind needed time to stretch after waking.,Waking up is pulling a fog from my mind.,B,"Feedback: Both metaphors address the implicit meaning of mental flexibility and gradual awakening but differ in vividness and originality. Response A uses ""stretch,"" a common metaphor for mental preparation, which is coherent but generic. Response B employs ""pulling a fog from my mind,"" a more vivid and imaginative image that evokes a dynamic, sensory process of clearing confusion. While both imply gradual awakening, B’s fog metaphor better captures the transition from mental haze to clarity, aligning more closely with the intended concept through its originality and stronger imagery. [RESULT] B"
"Like a skilled tracker, time never loses sight of its prey.","Time, the relentless chiseler, carves existence.",A,"Feedback: Both metaphors use action-oriented imagery to convey time's persistence, but they differ in alignment with the implicit meaning. Response A directly references pursuit (""tracker"" and ""prey""), which closely mirrors the idea of time chasing and catching up with everyone. The imagery is vivid and specific to the concept of relentless pursuit. Response B uses ""chiseler"" and ""carves existence,"" which evokes gradual, inevitable change but is less explicit about pursuit and capture. While B is imaginative and vivid, A's direct reference to tracking and prey makes it more accurate to the implicit meaning. [RESULT] A"
She tasted sweet success at last.,Tasted triumph after toiling.,A,"Feedback: Both metaphors use the sense of taste to convey achievement as pleasurable, aligning with the implicit meaning. Response A employs ""sweet success,"" directly linking the sensory experience of sweetness to satisfaction, while Response B uses ""tasted triumph after toiling,"" which adds effort (""toiling"") not explicitly required by the implicit meaning. A's ""sweet"" is more vivid and immediate in evoking pleasure, whereas B's ""triumph"" is abstract and less sensory. B introduces extraneous context, slightly diluting focus on the core concept of satisfaction. A is more imaginative and coherent in its alignment with the implicit meaning. [RESULT] A"
Our eyes' territory has strict borders.,Her vision reached only so far.,B,"Feedback: Both metaphors address the theme of limited vision, but they differ in clarity and alignment with the implicit meaning. Response A (""Our eyes' territory has strict borders"") uses abstract, metaphorical language that implies boundaries but does not clearly connect to the idea of restricted perspective. The imagery is imaginative but vague, leaving the metaphor’s meaning ambiguous. Response B (""Her vision reached only so far"") directly conveys the limitation of vision through a simple, vivid image of physical restriction. It aligns more closely with the implicit meaning, as ""only so far"" explicitly suggests a limit. While Response A attempts originality, its imagery is less coherent and less effective than Response B’s straightforward, clear representation. [RESULT] B"
We're following the trail markers of those who succeeded before us.,"Learning from the past's triumphs, we forge ahead.",A,"Feedback: Both responses convey the implicit meaning of following predecessors' paths to success, but they differ in imagery and originality. Response A uses ""trail markers,"" a vivid and specific metaphor that directly evokes the image of physical markers guiding a journey, aligning closely with the idea of established paths. Response B employs ""learning from the past's triumphs,"" which is coherent but more abstract and generic. While both are accurate, A’s imagery is more imaginative and vivid, creating a clearer connection to the concept of following predecessors. B’s phrasing is slightly less original and less precise in linking past success to present action. [RESULT] A"
Their minds are dim candles in a vast hall.,"Mice in a lab, facing a mountain.",A,"Feedback: Response A (""Their minds are dim candles in a vast hall"") and Response B (""Mice in a lab, facing a mountain"") both address the implicit meaning of limited intellectual capacity in a large context, but they do so with differing effectiveness. **A** aligns more closely with the intended concept by directly evoking ""dim"" (weak understanding) and ""vast hall"" (large context) in a coherent, unified image. The candle metaphor is vivid and conventional, clearly linking light (knowledge) to its absence. **B** uses ""mice in a lab"" to imply smallness and constraint, but ""facing a mountain"" introduces ambiguity: the mountain could symbolize a challenge or obstacle rather than intellectual limitation, creating a disjointed metaphor. While both use imagery, **A**’s clarity and direct alignment with the implicit meaning (dimness in vastness) surpass **B**’s mixed metaphor. [RESULT] A"
Their love danced like leaves in the autumn wind.,A waltz of surprise in their hearts.,B,"Feedback: Both metaphors convey grace, but Response A uses a common natural image (autumn leaves) that is vivid yet generic, while Response B combines a structured dance (""waltz"") with an unexpected element (""surprise"") to suggest both grace and fleeting unpredictability. Response B’s imagery is more imaginative and directly ties to the implicit meaning of transience through the contrast of a formal dance and the fleeting nature of surprise. Response A’s metaphor, though coherent, lacks the originality and precise alignment with the concept of fleetingness. [RESULT] B"
They orbited each other like binary stars.,Their hearts danced in syncopated rhythm.,A,"Feedback: Both metaphors convey interdependence, but ""binary stars"" (A) more precisely reflects mutual gravitational pull and orbital dependency, aligning tightly with the implicit meaning. ""Syncopated rhythm"" (B) evokes harmony but introduces irregularity through syncopation, which may slightly dilute the concept of stable interdependence. A is more vivid and original, while B uses familiar musical imagery. Both are coherent, but A's astronomical reference offers a clearer, more imaginative representation of the relationship's dynamic. [RESULT] A"
The artist bestowed colors to the empty canvas.,Brushing dreams onto a blank canvas.,B,"Feedback: Both metaphors convey creation on a canvas, but Response B (""Brushing dreams onto a blank canvas"") more vividly captures the transformative essence of artistic expression through the imaginative use of ""dreams,"" which implies personal vision and emotional depth. Response A (""The artist bestowed colors to the empty canvas"") is accurate but relies on generic language (""bestowed,"" ""empty canvas"") with less evocative imagery. While both align with the implicit meaning, B’s dynamic action (""brushing"") and metaphorical depth (""dreams"") make it more imaginative and coherent. [RESULT] B"
Understanding clicks into place like perfect puzzle pieces.,New ideas lock into place with old knowledge.,A,"Feedback: Both metaphors convey sudden mental clarity through the imagery of pieces fitting together, but differ in originality and vividness. Response A uses the familiar ""puzzle pieces"" metaphor, which is vivid and widely recognized for its association with sudden understanding, though somewhat cliché. Response B introduces ""lock into place with old knowledge,"" which is slightly more abstract and emphasizes the integration of new ideas with prior knowledge. While both align with the implicit meaning, A’s imagery is more immediately evocative of the ""click"" of comprehension, making it clearer and more direct. B’s metaphor, though coherent, lacks the same level of visceral immediacy and is less universally relatable. [RESULT] A"
Vision's chamber holds our perceptual universe.,A limitless sea within our gaze.,B,"Feedback: Both metaphors address the containment aspect of the implicit meaning, but Response B (""A limitless sea within our gaze"") more vividly and imaginatively captures the vastness of perceptual processing. ""Sea"" evokes depth and boundlessness, aligning with the idea of eyes encompassing the world, while ""limitless"" directly reflects the concept of processing everything. Response A (""Vision's chamber holds our perceptual universe"") uses a more static, abstract image (""chamber"") that is less dynamic and slightly generic. B’s imagery is more coherent and original, better conveying the interplay between containment and the expansive nature of perception. [RESULT] B"
Their competing frameworks entered the intellectual Olympics.,Their ideas were scrutinized under the academic microscope.,A,"Feedback: Response A (""intellectual Olympics"") vividly captures the competitive aspect of the implicit meaning with imaginative, dynamic imagery, though it slightly downplays the academic scrutiny. Response B (""academic microscope"") clearly conveys the academic evaluation but lacks the competitive element and uses generic imagery. While both miss a full alignment, A better balances competition and academic context through its original metaphor, making it more imaginative and aligned with the dual aspects of the implicit meaning. [RESULT] A"
The theory's family tree branches into multiple disciplines.,The theory spreads its wings across disparate scholarly landscapes.,A,"Feedback: Both metaphors convey a theory expanding into different academic fields, but they differ in alignment with the implicit meaning of ""divides and extends."" Response A uses ""family tree branches,"" which directly evokes division into multiple disciplines through the concept of branching, aligning precisely with the ""divides"" aspect. The imagery is coherent and vivid, though slightly conventional. Response B employs ""spreads its wings across disparate scholarly landscapes,"" which emphasizes extension and movement but less explicitly captures the ""divides"" element. While ""disparate landscapes"" suggests separation, the metaphor’s focus on spreading lacks the branching imagery that directly mirrors division. Response A is more accurate to the implicit meaning, while B offers a slightly more imaginative yet less precise representation. [RESULT] A"
"He's a high-capacity battery, always ready to take on more tasks.",A jack of all trades with an iron will.,B,"Feedback: Both metaphors address the implicit meaning of being energetic and capable of handling multiple responsibilities. Response A uses a ""high-capacity battery"" to emphasize readiness and storage of energy, which is clear but somewhat literal and less dynamic in imagery. Response B combines ""jack of all trades"" (handling multiple responsibilities) with ""iron will"" (energy and determination), offering a more traditional yet coherent and direct alignment with the implicit meaning. While A introduces a modern, relatable metaphor, B’s phrasing is more established and effectively captures both the energetic and multi-tasking aspects. B scores higher for clarity and accuracy in conveying the intended concept. [RESULT] B"
These facts orbit around the main argument.,Evidence anchors the argument's foundation.,A,"Feedback: Both metaphors convey supporting evidence around a central point, but Response A's ""orbit"" more vividly captures the dynamic, circular motion implied by ""circulating,"" while Response B's ""anchors"" emphasizes stability over movement. Response A aligns more closely with the implicit meaning's emphasis on motion and coherence, whereas B's imagery is effective but less imaginative. [RESULT] A"
Their love crossed many bridges.,"Through storms, they sailed their love ship.",B,"Feedback: Both metaphors relate to overcoming challenges, but they differ in vividness and alignment with the implicit meaning. ""Crossing bridges"" (A) suggests navigating multiple obstacles but lacks the dynamic imagery of struggle inherent in ""sailing through storms"" (B). Storms evoke intense, vivid challenges, aligning more directly with the idea of enduring hardships, while bridges are more abstract and generic. Both convey perseverance, but B’s metaphor is more imaginative, evocative, and clearly ties to the concept of overcoming adversity through its active, perilous imagery. [RESULT] B"
Our possessions are the chapters in our property story.,Each item tells a chapter in our home story.,B,"Feedback: Both metaphors use ""chapters"" to align with the implicit meaning of life periods, but Response B (""Each item tells a chapter in our home story"") is more vivid and imaginative. While Response A frames possessions as ""chapters in a property story,"" ""property"" is generic and less evocative of personal life stages. Response B’s ""home story"" creates a stronger emotional and spatial connection to lived experiences, making the metaphor more relatable and coherent. The active verb ""tells"" in B also enhances the narrative quality, reinforcing the idea of items as storytellers of specific life periods. [RESULT] B"
Love's lunacy dances in wisdom's grave.,Love's folly outwits wise prudence.,B,"Feedback: Both metaphors convey the triumph of emotion over reason, but they differ in clarity and imagery. Response A uses ""dances in wisdom's grave,"" evoking a haunting, poetic image of love's irrationality persisting where wisdom has died. This aligns with the implicit meaning but relies on symbolic ambiguity. Response B employs ""outwits wise prudence,"" which directly implies a strategic, active triumph of passion over rationality, making the concept more explicit. While both are vivid, B’s phrasing is more coherent in showing the dynamic of overcoming, whereas A’s metaphor is imaginative but slightly less precise. B better captures the intended tone and clarity of triumph. [RESULT] B"
The crowd's hunger for entertainment grew ravenous.,"Their laughter grew louder, fueling the show.",A,"Feedback: Both metaphors relate to a crowd's engagement, but Response A directly captures the ""intense, desperate desire for entertainment"" through the visceral metaphor of ""hunger"" amplified by ""ravenous,"" aligning precisely with the implicit meaning. Response B conveys energy (""laughter grew louder"") and interaction (""fueling the show""), but lacks the explicit metaphor for desire and instead focuses on the crowd's effect on the performance rather than their internal desperation. Response A’s imagery is more vivid, coherent, and imaginative in representing the core concept. [RESULT] A"
Their desire sparked like a match striking flint.,Love struck them like a lightning bolt.,A,"Feedback: Both metaphors convey sudden intensity, but Response A uses ""match striking flint"" to evoke a precise, controlled spark, aligning closely with the implicit meaning of sudden desire. Response B employs ""lightning bolt,"" a vivid but more clichéd image. While both are coherent, A’s specificity and originality better capture the sudden ignition of passion, whereas B’s imagery, though vivid, is less unique. [RESULT] A"
His rage was a straitjacket of burning sensations.,"Anger's grip held him tight, uncomforTably.",A,"Feedback: Response A and Response B both convey restriction and discomfort, aligning with the implicit meaning of ""uncontrollable anger that feels restrictive and painful."" However, Response A (""straitjacket of burning sensations"") offers more vivid and imaginative imagery by combining the physical restraint of a straitjacket with the visceral ""burning sensations,"" directly evoking both restriction and pain. Response B (""Anger's grip held him tight, uncomfortably"") uses a common metaphor (""grip"") that conveys restriction but lacks the same intensity and originality. While both meet the criteria, A’s coherence and imaginative fusion of elements make it a clearer, more evocative representation. [RESULT] A"
White blood cells are the soldiers patrolling our bloodstream.,Guardians of internal harmony.,A,"Feedback: Both metaphors align with the implicit meaning of protection and defense, but they differ in vividness and specificity. Response A uses ""soldiers patrolling"" to create a clear, active image of white blood cells as defenders in motion, which directly conveys the concept of proactive defense. Response B, ""Guardians of internal harmony,"" is more abstract and less vivid, focusing on balance rather than active threat response. While both suggest protection, A’s imagery is more concrete and directly tied to the concept of combating threats, whereas B’s metaphor is broader and less explicit about the defensive action. [RESULT] A"
Their hypothesis is a lighthouse guiding future research.,Their hypothesis paved the way for new explorations.,A,"Feedback: Both metaphors convey direction, but Response A (""lighthouse"") directly incorporates ""illumination,"" aligning fully with the implicit meaning of providing both guidance and light. Response B (""paved the way"") emphasizes direction but lacks the imagery of illumination. Response A uses more vivid, specific imagery (lighthouse) compared to B's generic phrase (""paved the way""), making A more imaginative and accurate. [RESULT] A"
Their friendship resonates at the same frequency.,Their bond forged on common ground.,A,"Feedback: Response A uses the metaphor of ""resonating at the same frequency,"" which evokes a vivid, original image of synchronization and harmony, closely aligning with the implicit meaning of perfect harmony and deep connection. Response B’s ""bond forged on common ground"" is coherent and conveys connection, but ""common ground"" is a generic phrase that lacks the imaginative depth and precision of A. Both metaphors reflect the intended concept, but A’s scientific and auditory imagery more directly captures the essence of harmony, while B emphasizes foundational unity without the same level of vividness. [RESULT] A"
Life's difficulties are sealed jars that require strength to open.,Grinding through obstacles unyielding.,A,"Feedback: Both metaphors address effort in overcoming challenges, but Response A (""sealed jars that require strength to open"") aligns more closely with the implicit meaning through its vivid, concrete imagery. The jar metaphor clearly conveys the physical and mental effort needed to ""open"" life’s difficulties, while ""grinding through obstacles"" (Response B) is more abstract and lacks a central metaphorical object. Response A’s imagery is coherent and imaginative, directly linking strength to overcoming barriers. Response B’s phrasing feels generic and less structured as a metaphor, relying on common verbs rather than a novel comparison. [RESULT] A"
The temperature of the argument rose to dangerous levels.,<She ran herself into a better situation.,A,"Feedback: Response A aligns closely with the implicit meaning by directly linking the metaphor of ""temperature rising"" to the concept of a heated argument, using vivid and coherent imagery. The phrase ""dangerous levels"" enhances the intensity, matching the intended escalation. Response B, however, is confusing and unrelated to the implicit meaning; ""ran herself into a better situation"" contradicts the idea of a worsening, heated argument and lacks coherent imagery. While both metaphors attempt to convey a shift in argument dynamics, only Response A succeeds in doing so clearly and effectively. [RESULT] A"
Her stock portfolio is a steel vault protecting her wealth.,Diverse investments form a fortress of wealth.,B,"Feedback: Both metaphors effectively convey security and protection of financial assets through strong imagery (vault vs. fortress). Response A uses a ""steel vault,"" a direct and familiar metaphor for security, while Response B introduces ""diverse investments"" as a qualifier, adding specificity to the concept of wealth protection. The ""fortress of wealth"" in B is slightly more imaginative and vivid, linking diversification to structural strength, which aligns more precisely with financial asset protection strategies. Response A is coherent but less original, relying on a common metaphor. B’s integration of diversification enhances its relevance to the implicit meaning. [RESULT] B"
"Time is a relentless pursuer, always at our heels.",Time's relentless river carries us along.,A,"Feedback: Both metaphors convey time as an unstoppable force, but Response A directly captures the ""chasing"" aspect with ""relentless pursuer"" and ""at our heels,"" aligning more closely with the implicit meaning of pursuit. Response B’s ""relentless river"" evokes unstoppable motion but shifts focus to passive movement rather than active chasing. Response A’s imagery is more vividly aligned with the explicit action of chasing, while B’s metaphor, though coherent, is a more generic and less precise representation of the specific concept. [RESULT] A"
They climbed toward their ideal selves.,Forging yourself into a masterpiece.,B,"Feedback: Both metaphors convey personal growth through effort, but ""forging"" (B) offers more vivid, original imagery. ""Climbed toward ideal selves"" (A) uses a common vertical journey metaphor, which is coherent but generic. ""Forging into a masterpiece"" (B) introduces a dynamic, artisanal process that vividly evokes intentional, transformative effort, aligning more closely with the implicit meaning’s emphasis on active creation and refinement. While A is clear, B’s imaginative craftsmanship and stronger metaphorical resonance make it superior. [RESULT] B"
"Some ideas, like vintage clothing, never go out of style.",Timeless gems continue to shine.,B,"Feedback: Both metaphors effectively convey the timeless and enduring quality of certain concepts, but they differ in originality and vividness. Response A uses ""vintage clothing"" to evoke nostalgia and lasting style, a relatable analogy but somewhat clichéd. Response B employs ""timeless gems,"" which are inherently symbolic of enduring value and radiance, offering a more vivid and universally recognized metaphor. While both align well with the implicit meaning, Response B’s imagery is more imaginative and directly evokes the concept of lasting brilliance, making it a slightly stronger representation. [RESULT] B"
Her rage was a thermal explosion that left only ashes.,Her wrath wiped out all traces of goodness.,A,"Feedback: Both metaphors convey destructive anger, but Response A (""thermal explosion"") offers more vivid, original imagery that aligns with the implicit meaning of intense consumption and total destruction. ""Thermal explosion"" evokes scientific specificity and catastrophic scale, while ""left only ashes"" directly mirrors the ""consumes everything"" aspect. Response B, though simpler, uses generic phrasing (""wiped out"") and less vivid imagery (""traces of goodness""), focusing on moral destruction rather than visceral intensity. Response A’s coherence and imaginative depth better reflect the rubric’s criteria for clarity, accuracy, and originality. [RESULT] A"
My possessions are demanding children crying for attention.,Obligations relentlessly suck the clock dry.,A,"Feedback: Both metaphors use personification to convey the implicit meaning of material belongings requiring attention, but they differ in clarity and alignment. Response A (""demanding children crying for attention"") directly mirrors the implicit meaning by linking possessions to children, a familiar metaphor for neediness and constant care. The imagery is vivid and coherent, making the concept immediately relatable. Response B (""Obligations relentlessly suck the clock dry"") uses abstract, less intuitive imagery. While ""suck the clock dry"" suggests depletion, it lacks a clear connection to the neediness of material belongings, creating ambiguity. A aligns more closely with the implicit meaning through direct, relatable imagery, whereas B’s metaphor is imaginative but less coherent in context. [RESULT] A"
The light of hope pierces through storm clouds.,A beacon of hope shines through the storm.,B,"Feedback: Both metaphors use ""storm"" to represent difficult times and ""hope"" for optimism, aligning with the implicit meaning. Response A's ""pierces through storm clouds"" employs a dynamic, active verb that suggests a sudden breakthrough, which may imply overcoming challenges but slightly less emphasis on persistence. Response B's ""beacon of hope shines through the storm"" uses a classic, steady imagery of a beacon, which conveys a consistent, guiding presence that better reflects enduring optimism. While both are vivid and coherent, B's metaphor more effectively captures the persistent nature of optimism by emphasizing a continuous, reliable light in the storm. [RESULT] B"
These belongings are hungry mouths that need constant feeding.,Obligations are ongoing labor.,A,"Feedback: Response A uses the metaphor of ""hungry mouths that need constant feeding,"" which vividly captures the idea of material possessions demanding ongoing resources. The imagery is imaginative and directly aligns with the implicit meaning of relentless consumption. Response B, ""obligations are ongoing labor,"" shifts focus to obligations rather than material possessions, creating a mismatch with the intended concept. While both metaphors use personification, Response A’s imagery is more vivid and conceptually precise, whereas Response B’s generic and less specific metaphor weakens its alignment with the implicit meaning. [RESULT] A"
Ideas are untapped mines waiting to be excavated.,She ran herself into a better situation.,A,"Feedback: Response A uses the metaphor of ""untapped mines waiting to be excavated,"" which directly aligns with the implicit meaning by emphasizing ideas as valuable resources requiring effort to uncover. The imagery is vivid and coherent, drawing on the established metaphor of mining to convey discovery and labor. Response B, ""She ran herself into a better situation,"" diverges significantly. It focuses on personal action and outcome rather than the concept of ideas as resources, making its connection to the implicit meaning weak and incoherent. While both metaphors involve effort, A’s imagery is specific and relevant to the core concept, whereas B’s is vague and misaligned. [RESULT] A"
Each cause hooks into its effect like a zipper's teeth.,"Dominoes of cause and effect, falling in sync.",B,"Feedback: Both metaphors convey interconnectedness, but Response B's dominoes more effectively capture the sequential nature of events through dynamic, familiar imagery. The zipper metaphor (A) illustrates interlocking parts but lacks the cascading motion implied by ""falling in sync"" in B. While A offers a slightly more original image, B aligns more closely with the implicit meaning of synchronized, chain-reaction causality. [RESULT] B"
"Some ideas are mischievous toddlers, refusing to stay within boundaries.",Ideas that defy the cage.,A,"Feedback: Response A uses the metaphor of ""mischievous toddlers"" to convey ideas as uncontrollable and hard to contain, offering vivid, imaginative imagery that aligns closely with the implicit meaning. The toddler metaphor introduces relatable, dynamic behavior (defying boundaries playfully yet persistently), enhancing coherence and originality. Response B, ""defy the cage,"" is simpler and more abstract, directly referencing containment but lacking the specific, imaginative detail of A. While both convey resistance to containment, A’s imagery is more vivid and original, making it a stronger representation. [RESULT] A"
She built a bridge across the space between them.,Her heart forged deeper bonds.,A,"Feedback: Both metaphors convey connection, but Response A uses a bridge to directly represent closing the gap between two people, aligning precisely with the implicit meaning of reconciliation. Response B employs ""deeper bonds,"" which implies strengthening existing ties rather than creating new connections. Response A’s imagery is more vivid and specific, while B’s is abstract and less distinct. Both are coherent, but A’s metaphor is more imaginative and directly ties to the concept of bridging separation. [RESULT] A"
Her joy scaled the peaks of ecstasy.,She found her own personal paradise.,A,"Feedback: Both metaphors convey extreme happiness, but Response A (""Her joy scaled the peaks of ecstasy"") more precisely captures the ""highest point"" aspect through the active verb ""scaled"" and the metaphor of ""peaks,"" which directly evokes a summit. Response B (""She found her own personal paradise"") uses a strong image of paradise to signify happiness but lacks the upward motion and culmination implied by ""reaching its highest point."" While both are coherent, A’s imagery is more vivid and aligned with the implicit meaning’s emphasis on intensity and peak achievement. [RESULT] A"
The temperature of desire rose steadily between them.,His resolve was an unyielding rock.,A,"Feedback: Response A directly aligns with the implicit meaning of growing romantic or sexual tension by using the metaphor of rising temperature (""rose steadily"") to symbolize intensifying desire, which is both coherent and thematically relevant. Response B, while vivid, conveys steadfastness (""unyielding rock"") rather than mutual attraction or tension, making it misaligned with the implicit meaning. Both use common metaphors, but only Response A captures the intended concept. [RESULT] A"
The child within me dances with delight.,"Savoring life's sweetest nectar, unfiltered and unbridled.",A,"Feedback: Response A directly uses the metaphor of a child dancing with delight, which clearly and vividly aligns with the implicit meaning of pure, innocent joy. The imagery is straightforward and ties directly to childhood innocence. Response B employs the metaphor of ""life's sweetest nectar,"" which is more abstract and imaginative but less explicitly tied to innocence or childlike joy. While both are coherent, Response A’s connection to the implicit meaning is stronger and more direct, whereas Response B’s imagery, though poetic, risks being interpreted more broadly. [RESULT] A"
Time is an unstoppable train barreling towards us on a one-way track.,The river of life flows only forward.,A,"Feedback: Both metaphors convey the forward motion of time, but Response A (""unstoppable train"") is more vivid and original. The train imagery evokes urgency, inevitability, and force through words like ""barreling"" and ""one-way track,"" directly mirroring the implicit meaning's emphasis on relentlessness. Response B (""river of life"") is a classic but generic metaphor, relying on a well-worn phrase that lacks the dynamic tension and urgency of the train. While both align with the core concept, A's specific, action-driven language creates a stronger sense of unstoppable momentum, whereas B's imagery risks feeling passive or overly familiar. [RESULT] A"
Browsing through life's aisles reveals unexpected treasures.,Delving deep for hidden gems.,A,"Feedback: Both metaphors convey the implicit meaning of life's surprising discoveries through exploration and finding value. Response A uses the relatable supermarket ""aisles"" and ""treasures"" to imply casual, accessible exploration, while Response B employs ""delving deep"" and ""hidden gems,"" suggesting a more active, effortful search. Both are vivid and coherent, but Response A’s imagery (browsing aisles) is slightly more relatable and aligns more directly with the tone of everyday, unexpected opportunities. Response B’s ""delving deep"" introduces a subtle implication of effort not explicitly required by the implicit meaning. [RESULT] A"
The carousel of change revolves eternally.,Life is a kaleidoscope of transitions.,A,"Feedback: Both metaphors address the theme of continuous transformation, but differ in their alignment with the implicit meaning. ""Carousel of change"" (A) directly evokes cyclical motion through the inherent circular structure of a carousel, reinforced by ""eternally,"" which explicitly ties to ""never stop."" ""Kaleidoscope of transitions"" (B) suggests dynamic, shifting patterns but lacks the cyclical emphasis; kaleidoscopes create abrupt, fragmented changes rather than unbroken cycles. A's imagery is more coherent with the implicit meaning's focus on perpetual cycles, while B's ""transitions"" feels vague and less tied to unending repetition. Both are vivid, but A's specificity to cycles makes it more accurate. [RESULT] A"
His jealousy was a padded room with no windows.,Jealousy built a fortress around his mind.,B,"Feedback: Both metaphors convey isolation, but they differ in alignment with the implicit suffocation aspect. Response A's ""padded room with no windows"" evokes isolation through sensory deprivation, but the ""padded room"" lacks direct association with suffocation, making the imagery slightly less vivid for the intended concept. Response B's ""fortress around his mind"" more directly conveys entrapment and barriers, with ""fortress"" evoking both isolation and the weight of suffocation through its impenetrable structure. While A offers a unique image, B's metaphor is more coherent and vividly captures the suffocating, mind-trapping nature of the emotion. [RESULT] B"
Properties are pressure vessels containing potential.,Seeds bloom under the right care's nurture.,A,"Feedback: Response A (""pressure vessels containing potential"") aligns closely with the implicit meaning by directly referencing containment and release of value, mirroring the idea of untapped potential in properties. Its imagery is vivid and metaphorically precise, though slightly technical. Response B (""seeds bloom under the right care's nurture"") shifts focus to nurturing growth, which diverges from the implicit meaning’s emphasis on inherent, untapped value. While B uses a common metaphor, its imagery is less original and less aligned with the concept of pre-existing value awaiting release. Both use containment themes but differ in focus: A emphasizes inherent potential, B emphasizes external cultivation. [RESULT] A"
He clutches his principles tightly.,A beacon of unyielding integrity.,B,"Feedback: Response A uses a direct but somewhat literal metaphor (""clutches his principles""), which conveys commitment but lacks vivid imagery or imaginative depth. Response B employs a more original and evocative metaphor (""beacon of unyielding integrity""), creating a strong visual of steadfastness that closely aligns with the implicit meaning of stubborn dedication. While both address the core idea, Response B’s imagery is more vivid, coherent, and imaginative, making it a stronger representation of the intended concept. [RESULT] B"
Time is a tireless transformer of landscapes.,"Time carves new landscapes, naturally and slowly.",B,"Feedback: Both metaphors convey time as an agent of change, but Response B more directly captures the ""gradually but inevitably"" aspect through ""carves... slowly"" and ""naturally,"" aligning with the implicit meaning. Response A uses ""tireless"" to imply inevitability but lacks explicit reference to slowness, and ""transformer"" is less vivid than ""carves."" Response B’s imagery is more concrete and coherent, while A’s metaphor feels slightly abstract. Both are imaginative, but B’s specificity enhances clarity. [RESULT] B"
Stars are spiky vessels of celestial geometry.,Many minds merging into a single mosaic.,A,"Feedback: Response A and Response B differ in their alignment with the implicit meaning. Response A (""spiky vessels of celestial geometry"") directly connects to ""mathematical patterns in space"" through ""geometry"" and ""celestial,"" while ""spiky vessels"" adds vivid, imaginative imagery. Response B (""many minds merging into a single mosaic"") shifts focus to collective human effort and fragmented unity, which diverges from the implicit meaning about stars. Both use pattern-related metaphors, but only A maintains the subject (stars) and core concept (mathematical complexity). Response A’s imagery is more vivid and coherent with the intended meaning. [RESULT] A"
The relentless chase of time corners us all in the end.,Time's unyielding advance overtakes all.,A,"Feedback: Both metaphors convey time as unstoppable and inevitable, aligning with the implicit meaning of a predator catching all. Response A uses ""relentless chase"" and ""corners us all,"" creating vivid imagery of pursuit and entrapment, which closely mirrors the predator-prey dynamic. Response B’s ""unyielding advance"" and ""overtakes all"" are effective but less vivid, focusing on motion over active predation. A’s ""corners"" adds a spatial dimension and sense of inevitability, making the metaphor more imaginative and aligned with the predator’s role in trapping its prey. B is coherent but generic in its phrasing. [RESULT] A"
My possessions are relentless creditors demanding payment.,Endless obligations grind without pause.,A,"Feedback: Both metaphors address the burden of constant demands but differ in clarity and alignment with the implicit meaning. Response A directly personifies ""possessions"" as ""relentless creditors,"" vividly linking material things to unyielding financial demands, which closely mirrors the implicit meaning of possessions controlling life through pressure. Response B uses ""endless obligations"" as a metaphor, but ""obligations"" are abstract duties rather than material objects, creating a looser connection to the intended concept. While both use strong verbs (""demanding payment"" vs. ""grind without pause""), Response A’s imagery is more concrete and directly ties to the material aspect specified in the implicit meaning. Response B’s metaphor is slightly less vivid and less precise in reflecting the material burden. [RESULT] A"
Their concept has arrived at fruition.,"Chasing dreams, he conquered every hurdle.",A,"Feedback: Response A directly uses ""fruition,"" a metaphor traditionally associated with the full development of an idea, aligning precisely with the implicit meaning of completion and maturation. It is concise and clear but relies on a well-worn phrase, reducing its imaginative impact. Response B, while vivid and action-oriented (""chasing dreams,"" ""conquered every hurdle""), emphasizes struggle and perseverance rather than the completion of an idea's development. It diverges from the implicit meaning by focusing on the journey rather than the culmination. Both use imagery, but A’s ties more closely to the intended concept of maturity. [RESULT] A"
The moon's reflection lined the river with silver.,Moonlight paints a silver path on the water.,B,"Feedback: Both metaphors convey natural luminescence through ""silver"" imagery, aligning with the implicit meaning of transforming ordinary scenes into the precious. Response A uses ""lined with silver"" to describe the moon's reflection, which is straightforward but slightly generic. Response B employs ""paints a silver path,"" introducing active, creative agency (""paints"") and a more dynamic, directional image (""path""). This enhances vividness and aligns better with the transformative aspect of the implicit meaning. While both are coherent, B’s originality and evocative action make it more imaginative and effective. [RESULT] B"
Writing is a garden where ideas bloom.,Ideas blossom on the page.,A,"Feedback: Both metaphors use botanical imagery to convey the growth of ideas, aligning with the implicit meaning of nurturing and beauty. Response A (""a garden where ideas bloom"") explicitly frames writing as a cultivated process, emphasizing the nurturing aspect through ""garden"" and ""bloom,"" which directly ties to growth and care. Response B (""ideas blossom on the page"") focuses on the outcome (blossoming) but lacks the explicit reference to the nurturing process. While both are vivid, A’s imagery is more comprehensive in reflecting the implicit meaning’s emphasis on cultivation and development. B is slightly less original and misses the process-oriented nuance. [RESULT] A"
States are chapters in America's story.,States weave threads into the American tapestry.,B,"Feedback: Both metaphors convey the idea of states contributing to America's history, but Response B offers more vivid and original imagery. ""Chapters in America's story"" (A) is a common metaphor that aligns with the implicit meaning but implies a linear, sequential structure, which may not fully capture the distinct, interwoven nature of each state’s contribution. In contrast, ""weave threads into the American tapestry"" (B) uses dynamic, tactile imagery that emphasizes both individual distinctness and collective integration, aligning more closely with the implicit meaning. B’s metaphor is more imaginative and evokes a richer, more coherent picture of interwoven contributions. [RESULT] B"
Their traits are borrowed and lent like precious books.,Absorbing others' traits like a sponge.,A,"Feedback: Both metaphors address the temporary and shared nature of traits, but they differ in alignment with the implicit meaning. Response A uses ""borrowed and lent like precious books,"" which directly implies mutual exchange and temporariness, aligning closely with the idea of shared, non-permanent traits. The ""precious books"" imagery adds a layer of value and care, enhancing vividness and coherence. Response B’s ""absorbing like a sponge"" conveys taking in traits but lacks clarity on mutual sharing and may imply retention rather than temporary possession. While both are vivid, Response A’s specificity to borrowing/lending and its nuanced imagery better reflect the implicit meaning of shared temporality. [RESULT] A"
The edges of vision are like a container's rim.,The edge of sight bounds our visible world.,B,"Feedback: Both metaphors address the concept of vision having boundaries. Response A uses a ""container's rim,"" a concrete image that clearly suggests a physical edge, aligning well with the implicit meaning. Response B employs ""bounds our visible world,"" which is more abstract but dynamically conveys the active limitation of sight. Response B’s phrasing is more vivid and imaginative due to the verb ""bounds,"" creating a sense of action and enclosure, while Response A’s imagery, though coherent, is simpler and less original. Both capture the core meaning, but B’s metaphor is more evocative and precise in reflecting the limitations of vision. [RESULT] B"
His mind shattered like fine crystal under the pressure.,His mind shattered under the weight of stress.,A,"Feedback: Both metaphors convey a mental breakdown from pressure/stress, but Response A uses ""fine crystal"" to evoke fragility and sudden, irreversible shattering, aligning vividly with the implicit meaning’s emphasis on delicacy under strain. Response B, while accurate, uses ""weight of stress,"" a generic phrase lacking the originality and visual specificity of ""fine crystal."" A’s imagery is more imaginative and evocative, creating a sharper contrast between beauty and destruction, whereas B’s metaphor is coherent but clichéd. [RESULT] A"
Money flows like a rushing river through the economy.,Money's endless dance through economic veins.,A,"Feedback: Both responses capture the continuous movement of money, but differ in vividness and alignment with the implicit meaning. Response A uses ""rushing river,"" a vivid and conventional metaphor that clearly conveys rapid, continuous flow, aligning strongly with the implicit meaning of speed and economic systems. Response B employs ""endless dance"" and ""economic veins,"" which are more abstract and imaginative but slightly less direct in evoking rapidity. While ""endless dance"" suggests continuity, it lacks the visceral sense of speed present in ""rushing river."" Additionally, ""veins"" introduces a circulatory metaphor that, while coherent, is less immediately relatable to economic systems than ""river."" Both metaphors are coherent, but A’s imagery is more vivid and directly tied to the implicit meaning. [RESULT] A"
The weight of intoxication pressed down on his shoulders.,He was weighed down by drink.,A,"Feedback: Both responses convey the implicit meaning of being drunk as a physical burden, but they differ in imagery and originality. Response A uses ""the weight of intoxication pressed down on his shoulders,"" which creates vivid, specific imagery by linking ""intoxication"" to a physical weight and evoking the metaphor of carrying a burden. This aligns closely with the implicit meaning while adding imaginative detail. Response B, ""he was weighed down by drink,"" is more direct but generic, using a common phrase (""weighed down"") and the term ""drink,"" which is less precise than ""intoxication."" While both capture the core idea, Response A’s imagery is more original and evocative, making the metaphor feel more tangible and immersive. [RESULT] A"
The schedule is racing down a steep hill.,"A runaway schedule, galloping out of control.",B,"Feedback: Both metaphors convey the idea of rapid motion, aligning with the implicit meaning of time moving too fast. However, Response B (""A runaway schedule, galloping out of control"") more directly captures the ""out of control"" aspect through ""runaway"" and ""galloping,"" which evoke loss of restraint and chaotic speed. Response A (""The schedule is racing down a steep hill"") implies speed but lacks the explicit imagery of uncontrolled motion. While both use vivid verbs, B’s phrasing is more imaginative and precise in reflecting the dual elements of rapidity and lack of control. [RESULT] B"
The sunbeam drew a straight line through the darkness.,A beacon slicing through darkness.,B,"Feedback: Both metaphors convey light penetrating darkness to create a path, but differ in vividness and originality. Response A uses a literal ""sunbeam"" and ""straight line,"" which is clear but formulaic, relying on common imagery. Response B employs a ""beacon"" and ""slicing,"" evoking a dynamic, intentional action and a more vivid, imaginative image of guidance through darkness. The beacon metaphor aligns with the implicit meaning of direction, while ""slicing"" adds kinetic energy and precision. Both meet the core idea, but B’s originality and stronger imagery make it more effective. [RESULT] B"
Time flows like liquid assets through our fingers.,Sands of time slip through our fingers.,A,"Feedback: Response A directly incorporates ""liquid assets"" to represent money, explicitly linking time and money as resources that ""flow through our fingers,"" aligning precisely with the implicit meaning. Response B uses ""sands of time,"" a traditional metaphor for time's passage, but omits any reference to money, making it less aligned with the dual focus of the implicit meaning. Both use vivid imagery, but A’s creative fusion of time and money enhances clarity and originality, while B’s imagery, though coherent, is generic and one-dimensional. [RESULT] A"
He prowls through the nightclub like a hungry wolf.,A tiger in the hunt for love's next prey.,B,"Feedback: Both metaphors use predatory animals to convey aggressive behavior, but Response B (""A tiger in the hunt for love's next prey"") aligns more closely with the implicit meaning through its imaginative twist. While ""wolf"" in Response A is a direct but common symbol of predation, ""tiger"" in B evokes a more aggressive, powerful predator. The addition of ""love's next prey"" in B adds a layer of seductive menace, enhancing the metaphor’s originality and vividness by suggesting calculated, alluring aggression. Response A’s imagery is clear but generic, whereas B’s phrasing introduces a nuanced duality between ""love"" and ""prey,"" making the predatory intent feel more layered and immersive. Both are coherent, but B’s creativity and alignment with the implicit meaning’s aggressive tone make it superior. [RESULT] B"
Her inner fire fuels her creative abilities.,Passion fuels her creative engine.,B,"Feedback: Both metaphors align with the implicit meaning that passion drives creativity by using ""fuels"" to connect the concepts. Response A employs ""inner fire,"" a vivid and traditional metaphor for passion, which directly ties to the emotional core of creativity. Response B uses ""creative engine,"" a more mechanical yet imaginative metaphor that emphasizes the functional, sustained drive of passion. While both are coherent, ""inner fire"" is more universally relatable and vivid, whereas ""engine"" introduces a slightly more abstract but original comparison. The imagery in A is stronger in emotional resonance, while B’s metaphor offers a fresh angle on the process of creativity. [RESULT] B"
The shifting tides of change deepen the gulf between us.,Differences widen like cracks in the earth.,A,"Feedback: Both metaphors address growing separation in a relationship, but they differ in imagery and depth. Response A uses ""shifting tides of change"" and ""deepen the gulf,"" evoking a natural, dynamic process with emotional weight, while Response B employs ""cracks in the earth,"" a more common metaphor that emphasizes physical widening. A’s imagery is more vivid and imaginative, linking change to inevitable, natural forces, and ""gulf"" conveys emotional depth. B’s ""cracks"" is effective but generic. Both align with the implicit meaning, but A’s tone and originality better reflect the nuanced concept of evolving distance. [RESULT] A"
Time is a sealed vessel that can only hold so many moments.,"Hours slip through our grasp, unrecoverable.",A,"Feedback: Both metaphors address the finiteness of time but differ in imagery and alignment with the implicit meaning. Response A uses a ""sealed vessel"" to symbolize a fixed, unexpandable limit, directly mirroring the concept of time as finite and quantifiable. The metaphor is vivid and imaginative, evoking a clear image of constrained capacity. Response B employs the common ""slip through our grasp"" imagery, emphasizing irretrievability but less directly linking to finiteness (e.g., time could still be infinite yet lost). While B’s imagery is coherent and relatable, it is more generic and less precise in conveying the fixed, limited nature of time. A’s metaphor better aligns with the implicit meaning and offers a more original, concrete representation of time’s limitations. [RESULT] A"
She hoards her beliefs like precious jewels.,Clinging to convictions like a lifebuoy.,A,"Feedback: Both metaphors convey the idea of protecting personal beliefs, but Response A more directly aligns with the implicit meaning of ""protectively guards and values."" ""Hoards her beliefs like precious jewels"" vividly captures the act of guarding (hoarding) and the intrinsic value (precious jewels), while also evoking a sense of care and rarity. Response B, ""clinging to convictions like a lifebuoy,"" emphasizes desperation and survival rather than valuing, as lifebuoys are typically associated with immediate danger rather than cherished possessions. While both use tangible objects, A’s imagery is more coherent and imaginative in reflecting the dual aspects of protection and valuation. [RESULT] A"
The anger bubbling inside him erupted into violent force.,Rage kindled flames of violence.,A,"Feedback: Both metaphors use fire-related imagery to convey intense emotion, but they differ in vividness and alignment with the implicit meaning. Response A (""bubbling... erupted into violent force"") captures the *build-up* and *sudden release* of uncontrolled emotion more clearly, with ""bubbling"" suggesting simmering tension and ""erupted"" emphasizing the explosive, chaotic nature of the outburst. Response B (""Rage kindled flames of violence"") is more abstract, using ""kindled"" to imply a spark igniting violence, but lacks the dynamic progression and visceral immediacy of A. While both align with the implicit meaning, A’s imagery is more vivid, coherent, and directly ties to the concept of an uncontrolled outburst. [RESULT] A"
"Some people are like rechargeable batteries, bouncing back after every drain.","Bouncing back from adversity, renewed.",A,"Feedback: Response A employs a concrete and imaginative metaphor (rechargeable batteries) that directly aligns with the implicit meaning of resilience and recovery from exhaustion, using vivid imagery to depict a cyclical process of draining and recharging. Response B, while mentioning ""bouncing back,"" lacks a distinct metaphor and instead uses a vague, abstract phrase (""renewed"") that does not evoke as clear or imaginative imagery. Both references the concept of bouncing back, but A’s specificity and coherence make it more effective in conveying the intended meaning. [RESULT] A"
The immune system is our body's front-line defense troops.,Natural Shield. The immune system guarding our wellbeing.,A,"Feedback: Both metaphors capture the implicit meaning of protection but differ in vividness and specificity. Response A uses ""front-line defense troops,"" which vividly conveys active engagement and strategic defense, aligning strongly with the tone of ""active defense."" Response B, ""Natural Shield,"" is more abstract and passive, emphasizing protection but lacking the dynamic imagery of combat or action. Response A’s military metaphor is more imaginative and directly evokes the concept of organized, proactive defense, whereas Response B’s imagery is generic and less evocative of active threat response. [RESULT] A"
Her words were sharp daggers that pierced through his defenses.,Her words shattered his emotional fortress.,B,"Feedback: Both metaphors convey that words are hurtful by breaking emotional defenses, aligning with the implicit meaning. Response A uses ""sharp daggers"" and ""pierced,"" a common but vivid image for direct harm, while Response B's ""shattered his emotional fortress"" offers a more original and layered metaphor, emphasizing both the fragility of defenses and the intensity of the emotional impact. B’s imagery is more imaginative and evokes a stronger sense of destruction, whereas A relies on a conventional metaphor. Both are coherent, but B’s uniqueness and vividness better capture the emotional wounding aspect. [RESULT] B"
The darkness was a concrete wall before me.,Blinded and grounded by the dark abyss.,A,"Feedback: Both metaphors convey oppressive darkness, but Response A uses a concrete wall, which directly evokes a physical, impenetrable barrier blocking the path, aligning precisely with the implicit meaning. Response B’s ""dark abyss"" is more abstract and evokes depth and existential weight, but it lacks the clarity of a tangible obstruction. While B adds sensory elements (blinded, grounded), A’s imagery is more vivid and focused on the core concept of a direct obstacle. A’s metaphor is simpler yet more effective in capturing the literal and emotional tone of the implicit meaning. [RESULT] A"
The mind is a muscle that needs regular exercise.,Mind shapeshifts with each learning experience.,A,"Feedback: Both metaphors aim to convey that mental capabilities strengthen through practice. Response A uses the familiar ""muscle"" metaphor, which directly links mental exercise to physical strengthening, aligning closely with the implicit meaning through clear, relatable imagery. Response B employs ""shapeshifts,"" evoking transformation but less directly connecting to the idea of strengthening; it emphasizes adaptability over incremental growth. While A is more literal and coherent in reflecting the core concept of strengthening through practice, B offers a more imaginative twist, though its metaphor is less precise. A better captures the intended meaning with vivid, straightforward imagery, whereas B’s abstract imagery risks ambiguity. [RESULT] A"
Their relationship is a family tree with deep roots.,Their bond is a deeply rooted tree.,A,"Feedback: Both responses use a tree with deep roots to symbolize a strong, enduring connection with historical depth, aligning with the implicit meaning. However, Response A (""family tree with deep roots"") is more vivid and specific, directly linking the metaphor to familial lineage and historical continuity, which enhances clarity and imagery. Response B (""deeply rooted tree"") is coherent but generic, as ""deeply rooted"" is a common phrase and ""bond"" is less precise than ""family tree."" Response A’s specificity and imaginative use of a familiar metaphor make it a stronger representation of the concept. [RESULT] A"
The blanket of darkness wrapped around the world.,A shroud of darkness draped the scene.,A,"Feedback: Both metaphors convey the idea of darkness enveloping everything, but they differ in vividness and alignment with the implicit meaning. ""Blanket of darkness wrapped around the world"" (A) uses a common but effective metaphor that explicitly emphasizes the all-encompassing nature of darkness through ""wrapped around the world,"" aligning closely with the implicit meaning. ""Shroud of darkness draped the scene"" (B) introduces a more somber, specific image (shroud) that evokes finality or mourning, which is less directly tied to the concept of ""complete enveloping"" and slightly less vivid in conveying universal coverage. While B offers a marginally more original image, A’s phrasing is more precise and coherent with the goal of representing total darkness. [RESULT] A"
She's a bower bird collecting admirers.,A garden blooming with admirers' attentions.,A,"Feedback: Both metaphors convey the implicit meaning of attracting multiple romantic interests, but they differ in specificity and originality. Response A uses the bower bird, a creature known for collecting items to attract mates, which directly parallels the act of ""collecting admirers"" and aligns precisely with the implicit meaning. The imagery is vivid and imaginative, leveraging a specific biological behavior. Response B evokes a ""garden blooming"" to suggest abundance and growth, which is also vivid but less directly tied to the act of actively collecting admirers. While both are coherent, Response A’s specificity and unique reference to bower birds make it more imaginative and tightly aligned with the concept of deliberate collection. [RESULT] A"
His obligations were packed into containers too small to hold them.,"Burdened by too many responsibilities, he teetered on the edge.",B,"Feedback: Both metaphors address the implicit meaning of being overwhelmed by responsibilities but differ in imagery and effectiveness. Response A uses ""containers too small to hold them,"" a static metaphor that directly conveys excess but lacks dynamic action. Response B employs ""teetered on the edge,"" which adds vivid motion and urgency, emphasizing the precariousness of being overwhelmed. While A is clear and literal, B’s imagery is more imaginative and emotionally resonant, better capturing the instability and tension inherent in the implicit meaning. [RESULT] B"
Their appearance is a protective shell.,Masks hide heart's trials.,B,"Feedback: Both metaphors address the concept of concealing one's true self through outward appearance. Response A uses a ""protective shell,"" a clear and common metaphor that directly conveys shielding. It is coherent but lacks originality, relying on a well-worn image. Response B employs ""masks"" paired with ""heart's trials,"" creating more vivid and layered imagery. The phrase ""heart's trials"" adds emotional depth, suggesting internal struggles hidden by the facade. While both align with the implicit meaning, B’s metaphor is more imaginative and evocative, effectively balancing clarity and originality. [RESULT] B"
This theory gave birth to numerous new research directions.,One theory sparked a wildfire of research discoveries.,B,"Feedback: Both metaphors convey the implicit meaning that the theory originated multiple new ideas. Response A uses the metaphor of ""giving birth,"" which is direct and aligns well with the idea of creation but lacks vivid or imaginative imagery. Response B employs the metaphor of a ""wildfire,"" which is more vivid and evokes a sense of rapid, widespread spread, aligning with the multiplicity and energy of new discoveries. However, ""wildfire"" may subtly imply chaos or destruction, slightly diverging from the neutral or positive tone of the implicit meaning. Response A is more literal and accurate in tone, while Response B offers greater imaginative flair but with a minor risk of misinterpretation. [RESULT] B"
He marched into a new phase of life.,He engineered new chapters in his life.,A,"Feedback: Both metaphors convey a transition to a new life stage, but differ in alignment with the implicit meaning of *confidence*. Response A uses ""marched,"" which evokes a vivid, purposeful, and assertive action, directly mirroring the confidence of a deliberate transition. The phrase ""new phase of life"" is straightforward but effective. Response B, ""engineered new chapters,"" implies calculated planning (""engineered"") and uses the common metaphor ""chapters,"" which is less original and slightly less dynamic. While both are coherent, A’s imagery is more vivid and directly tied to the tone of confidence, whereas B’s ""engineered"" feels more technical and less emotionally resonant. A better captures the implicit meaning’s emphasis on assured movement. [RESULT] A"
Time bankruptcy left him with nothing but regrets.,Time's relentless chase brings regret.,A,"Feedback: Response A and Response B both address the theme of time and regret but differ in alignment with the implicit meaning. Response A (""Time bankruptcy left him with nothing but regrets"") directly ties ""bankruptcy"" to emotional loss and emptiness, using a metaphor that is vivid and concrete, aligning closely with the idea of wasting time leading to regret. The imagery of financial ruin as a metaphor for time waste effectively conveys the emptiness and finality of the outcome. Response B (""Time's relentless chase brings regret"") introduces a more abstract and ambiguous image. While ""relentless chase"" suggests urgency, it does not clearly connect to the concept of ""wasting time"" or the resulting emptiness. The cause-effect relationship is less explicit, and the imagery lacks the same level of coherence and specificity as Response A. Both use ""regret,"" but Response A’s metaphor better captures the emotional loss and emptiness implied. [RESULT] A"
He guarded his reactions like precious jewels.,"Mastering his emotions, a calm sea within.",A,"Feedback: Response A and Response B both aim to convey protectiveness of emotions but differ in alignment with the implicit meaning. Response A (""guarded his reactions like precious jewels"") directly mirrors the act of protection by emphasizing active guarding and the value of reactions, aligning closely with the implicit meaning. The imagery is vivid and concrete, using a familiar metaphor of jewels to evoke protectiveness. Response B (""a calm sea within"") evokes emotional control but shifts focus to inner calmness rather than active protection. While the sea imagery is evocative, it lacks the explicit connection to guarding or concealment, making it less precise. Response A’s clarity and direct alignment with the implicit meaning make it the stronger choice. [RESULT] A"
He nibbled cautiously at the edges of opportunity.,Hesitant steps toward uncertain gains.,A,"Feedback: Both metaphors convey hesitation but differ in vividness and alignment with the implicit meaning. Response A (""nibbled cautiously at the edges of opportunity"") uses original, sensory imagery to depict partial engagement, directly mirroring the idea of avoiding full commitment. The metaphor’s specificity and tone align tightly with the implicit meaning. Response B (""hesitant steps toward uncertain gains"") is more generic, relying on common phrasing and focusing on cautious movement rather than restraint. While it captures hesitation, it lacks the imaginative clarity and direct connection to ""not fully embracing"" the situation that Response A achieves. [RESULT] A"
Pentagons are vaults of five-sided wisdom.,"Five sides of forward motion, balanced to form progress.",A,"Feedback: Response A (""Pentagons are vaults of five-sided wisdom"") aligns more closely with the implicit meaning of geometric shapes containing hidden knowledge and secrets. The metaphor uses ""vaults"" to evoke the idea of stored, guarded, or concealed wisdom, which directly ties to the concept of hidden knowledge. The phrase ""five-sided wisdom"" also explicitly connects the geometric shape to the abstract notion of wisdom as something valuable and secret. In contrast, Response B (""Five sides of forward motion, balanced to form progress"") emphasizes motion and progress rather than secrecy or hidden knowledge, making its connection to the implicit meaning weaker. While both metaphors are coherent, Response A’s imagery is more vivid and imaginative in capturing the idea of concealed knowledge, whereas Response B’s focus on balance and progress diverges from the intended concept. [RESULT] A"
The locomotive of circumstance steams ahead relentlessly.,A freight train relentlessly advances.,A,"Feedback: Both metaphors convey an unstoppable force moving forward, but Response A (""The locomotive of circumstance steams ahead relentlessly"") aligns more closely with the implicit meaning by explicitly linking the metaphor to ""circumstance,"" emphasizing events beyond control. The phrase ""steams ahead"" adds vivid sensory imagery, while ""locomotive"" evokes a classic, powerful machine. Response B (""A freight train relentlessly advances"") uses simpler, more generic language, with ""freight train"" and ""advances"" lacking the imaginative specificity of A. While both are coherent, A’s originality and tighter connection to the concept of uncontrollable events make it superior. [RESULT] A"
Her brilliant idea was a beacon in the darkness.,Her idea shone a beacon through the fog.,B,"Feedback: Both metaphors use ""beacon"" to symbolize guidance, aligning with the implicit meaning of clarity in confusion. Response A (""beacon in the darkness"") is a classic, direct metaphor, while Response B (""shone a beacon through the fog"") adds dynamic action (""shone"") and a slightly different context (fog instead of darkness). Fog may imply a subtler form of confusion compared to darkness, but both effectively convey guidance. Response B’s verb enhances vividness and imagination, making it marginally more engaging, though both are coherent. [RESULT] B"
She loaded her argument with verbal ammunition.,Arming her words with facts.,A,"Feedback: Both metaphors use military imagery to convey the idea of words as weapons, but they differ in vividness and alignment with the aggressive tone of the implicit meaning. Response A (""She loaded her argument with verbal ammunition"") employs ""ammunition,"" a term directly tied to weaponry and combat, which vividly evokes the aggressive act of preparing to attack with words. The phrase is coherent and imaginative, emphasizing the strategic, forceful nature of the debate. Response B (""Arming her words with facts"") uses ""arming"" to suggest equipping words, but ""facts"" softens the aggressive tone, implying a more rational or defensive stance rather than a weaponized one. While both metaphors align with the core concept, A’s imagery is more vivid, original, and closely matches the aggressive intent of the implicit meaning. [RESULT] A"
His mind was starving for new ideas.,"Determination's fuel, effort's engine, progress's flight.",A,"Feedback: Response A directly captures the implicit meaning of intellectual hunger through the metaphor of ""starving,"" aligning clearly with the desperate need for stimulation. Its imagery is vivid and straightforward, making the concept immediately relatable. Response B uses a triad of abstract metaphors (fuel, engine, flight) that evoke action and progress but lack a clear connection to ""hunger"" or mental stimulation. While B’s structure is imaginative, its imagery is fragmented and less coherent in conveying the intended concept. Both responses emphasize drive, but A’s alignment with the core theme is stronger and more precise. [RESULT] A"
His authority rose to new heights.,He climbed the power ladder.,A,"Feedback: Both Response A (""His authority rose to new heights"") and Response B (""He climbed the power ladder"") align with the implicit meaning of increasing power and influence through upward motion. However, they differ in originality and vividness. Response A uses a more poetic and flexible image of ""rising to new heights,"" which evokes a sense of elevation and grandeur, though it is somewhat generic. Response B employs the ""power ladder,"" a common cliché that conveys structured progression but feels less imaginative. Both metaphors are coherent, but Response A’s imagery is slightly more evocative and less overused, making it a clearer and more imaginative representation of the concept. [RESULT] A"
She wears her appearance like a removable book sleeve.,Grit and determination personified.,A,"Feedback: Response A effectively conveys the implicit meaning by using the concrete, relatable image of a removable book sleeve, directly suggesting an artificial, changeable appearance. Response B, while vivid, focuses on abstract inner traits (grit and determination) rather than external artificiality. Both use metaphor, but A aligns precisely with the intended concept, while B diverges from it. [RESULT] A"
The train of consequences follows its causal tracks.,"Cause and effect, a chain reaction.",A,"Feedback: Both Response A and Response B convey the concept of cause and effect, but they differ in alignment with the implicit meaning of ""inevitable, predetermined sequence."" Response A (""The train of consequences follows its causal tracks"") uses a vivid, original metaphor that strongly implies inevitability through the imagery of a train on fixed tracks, aligning closely with the idea of a predetermined sequence. Response B (""Cause and effect, a chain reaction"") is accurate but generic, as ""chain reaction"" emphasizes sequential causality without the same sense of inescapable inevitability. While both capture the core concept, Response A’s imagery is more imaginative and directly evokes the tone of inevitability and structure in the implicit meaning. [RESULT] A"
Their ethics were as unsullied as morning dew.,"Unstained by vice, they walked the upright path.",B,"Feedback: Both metaphors convey ""pure and untainted moral character,"" but they differ in imagery and originality. Response A uses ""morning dew,"" a vivid and traditional symbol of purity, effectively aligning with the implicit meaning through natural imagery. However, the metaphor is somewhat cliché and lacks originality. Response B employs a more abstract but coherent metaphor with ""upright path,"" which directly ties to moral behavior and uses ""unstained by vice"" to emphasize the untainted aspect. While B’s imagery is less vivid than A’s, it is more imaginative in framing morality as a journey and is slightly more accurate in capturing the moral dimension of the implicit meaning. A’s strength lies in its vividness, while B excels in originality and direct alignment with the moral concept. [RESULT] B"
The river of time carries cause to effect's shore.,Causes ripple through the river of time.,A,"Feedback: Both metaphors use the ""river of time"" to convey linearity, but differ in how they represent the cause-effect relationship. Response A explicitly maps ""cause"" to ""effect's shore,"" creating a direct, directional flow that aligns tightly with the implicit meaning. Its imagery is coherent and straightforward, though conventional. Response B introduces ""ripples,"" which evokes a more dynamic, spreading effect, but risks implying non-linear or multi-directional consequences, slightly diverging from the linear cause-to-effect focus. While both use vivid imagery, A’s directness better matches the implicit meaning’s clarity and linearity. [RESULT] A"
Properties are friction points in economic motion.,Properties shape economic currents.,A,"Feedback: Both metaphors use physical imagery to represent economic dynamics. Response A (""friction points"") directly aligns with the implicit meaning of resistance through the clear mechanical metaphor of friction, which inherently implies obstruction. Response B (""shape economic currents"") evokes influence but lacks the explicit connection to resistance, as ""shape"" suggests guidance rather than obstruction. While B offers a more fluid and poetic image, A’s specificity to the concept of resistance makes it more accurate and vivid for the intended meaning. [RESULT] A"
He's standing on shaky emotional terrain.,A storm brews within his heart.,B,"Feedback: Both metaphors address emotional instability, but they differ in vividness and alignment with the implicit meaning. Response A uses ""shaky emotional terrain,"" a direct yet generic metaphor that conveys instability through physical instability. It is coherent but lacks imaginative depth. Response B, ""a storm brews within his heart,"" employs a more dynamic and vivid image, evoking both turmoil and unpredictability. The storm metaphor is more imaginative and aligns closely with the implicit meaning by suggesting both internal chaos and the gradual build-up of uncertainty. While both capture the core concept, B’s imagery is more evocative and thematically resonant. [RESULT] B"
States are waypoints on the journey of progress.,Each state is a rung on our nation's ladder of progress.,B,"Feedback: Both metaphors convey progress as a journey with stages, but they differ in imagery and clarity. ""Waypoints"" (A) suggests discrete markers along a path, aligning with milestones, while ""rungs on a ladder"" (B) emphasizes structured, incremental steps. The ladder metaphor (B) is more vivid and relatable, as ladders inherently imply sequential progression and distinct stages. ""Waypoints"" is slightly abstract and less common, making B more effective in capturing the implicit meaning of structured milestones. Both are coherent, but B’s imagery is more imaginative and directly tied to the concept of a continuous journey with clear steps. [RESULT] B"
Her gaze stroked the delicate flower petals.,She plunged into the intricacies of progress's face.,A,"Feedback: Response A aligns more closely with the implicit meaning of ""gentle and tender observation with care and affection,"" using the verb ""stroked"" to evoke a soft, deliberate action and ""delicate flower petals"" to emphasize fragility and tenderness. Response B, while containing ""intricacies"" (suggesting careful attention), uses ""plunged"" and ""progress's face,"" which introduces intensity and abstraction that clash with the gentle tone. Both responses attempt to convey observation, but A’s imagery is more vivid, coherent, and directly evocative of care and affection, whereas B’s metaphor feels disjointed and less aligned with the intended emotional nuance. [RESULT] A"
Their business practices were crystal clear.,Honesty's beacon guided their business dealings.,B,"Feedback: Response A uses a direct and clear metaphor (""crystal clear"") that effectively conveys transparency, aligning with the implicit meaning but lacking originality or vivid imagery. Response B employs a more imaginative metaphor (""Honesty's beacon""), evoking a vivid image of guidance and visibility, which closely aligns with both transparency and honesty. While both metaphors capture the intended meaning, B’s imagery is more original and evocative, enhancing the conceptual clarity and emotional resonance. [RESULT] B"
The students devoured every new concept.,Sponges drinking in knowledge.,A,"Feedback: Both metaphors convey eagerness and rapid learning, but they differ in imagery and alignment with the implicit meaning. ""Devoured"" (Response A) is a direct, active verb that vividly captures intense enthusiasm and rapid consumption, aligning closely with the implicit meaning. ""Sponges drinking in knowledge"" (Response B) uses a classic metaphor for absorption, but the phrase is less dynamic and slightly redundant (""sponges"" absorb, not ""drink""). Response A’s imagery is more original and precise, while Response B’s metaphor feels generic and less imaginative. Response A better reflects the intensity of ""eager and rapid learning with intense enthusiasm."" [RESULT] A"
His anger made a U-turn into calm understanding.,"From fury to calm, a storm to stillness.",B,"Feedback: Both metaphors convey a sudden shift from anger to calmness, aligning with the implicit meaning. Response A uses ""U-turn,"" a literal action that effectively suggests abrupt reversal but lacks vivid imagery. Response B employs ""storm to stillness,"" evoking a more vivid and natural contrast, enhancing coherence and emotional resonance. While both capture the core idea, Response B’s metaphor is more imaginative and evocative, using classic symbolic elements (storm/stillness) to deepen the imagery. [RESULT] B"
My possessions have become my masters.,"Obligations, shackles binding my will.",A,"Feedback: Both metaphors address the control of life by material things but differ in alignment and imagery. Response A directly equates possessions to ""masters,"" clearly conveying domination by material goods, which aligns tightly with the implicit meaning. Its imagery is straightforward and vivid, though less imaginative. Response B uses ""shackles binding my will,"" a vivid metaphor, but shifts focus to ""obligations,"" which could ambiguously imply non-material constraints. While B offers a slightly more original image, its connection to the implicit meaning is less direct and risks conflating obligations with material control. A is clearer and more precise in capturing the intended concept. [RESULT] A"
They shared the same emotional address.,"Their hearts intertwined, creating an emotional tapestry.",B,"Feedback: Response A uses the metaphor ""same emotional address,"" which directly conveys identical emotional states through a literal analogy, but the imagery is abstract and lacks vividness. Response B employs ""hearts intertwined, creating an emotional tapestry,"" offering a more imaginative and vivid image of connection, though ""tapestry"" implies complexity and diversity rather than exact sameness. Both metaphors align with the implicit meaning of shared emotions, but Response B’s imagery is more creative and evocative, even if it slightly diverges from the strict concept of ""identical"" feelings. Response A is clearer in meaning but less original. [RESULT] B"
His heart needed a hardware upgrade.,"His heart, a closed fist, needed to open.",B,"Feedback: Response A uses a tech metaphor (""hardware upgrade"") to imply emotional improvement, which is clear but generic and lacks vivid imagery. Response B employs a more original and vivid simile (""a closed fist, needed to open""), directly evoking the physical act of opening to symbolize emotional growth. Both align with the implicit meaning, but B’s imagery is more coherent and imaginative, creating a stronger visual and emotional connection. [RESULT] B"
The parent theory has spawned many offspring in different fields.,A single seed germinates into an orchard of ideas.,B,"Feedback: Both metaphors convey the implicit meaning of one main idea generating multiple related ideas. Response A uses ""parent theory"" and ""offspring,"" which directly mirrors the familial metaphor, but the imagery is straightforward and less imaginative. Response B employs a botanical metaphor with ""seed"" and ""orchard,"" offering a more vivid and dynamic image of growth and diversity. While both align with the meaning, B’s imagery is more original and evocative, enhancing clarity and imaginative depth. [RESULT] B"
Her appetite for knowledge was insatiable.,A bottomless well of curiosity.,B,"Feedback: Response A uses a direct simile (""insatiable"") that clearly conveys an endless desire but lacks originality and vivid imagery. Response B employs a more imaginative metaphor (""bottomless well"") that creates a stronger visual and emotional connection to the concept of unending curiosity. Both capture the implicit meaning, but B’s imagery is more evocative and metaphorically precise. The use of ""bottomless well"" in B directly evokes the idea of an unquenchable thirst for knowledge, while A’s phrasing is generic and less inventive. [RESULT] B"
The medicine of compromise healed the rift between them.,"Bending, not breaking, brought them together.",A,"Feedback: Both responses capture the implicit meaning that compromise resolves conflicts and repairs relationships, but they differ in imagery and clarity. Response A uses ""medicine"" and ""healed rift,"" directly linking compromise to healing and repair, creating a vivid, concrete metaphor. Response B employs ""bending, not breaking,"" which evokes flexibility and resilience but less explicitly conveys repair. While both are coherent, A’s imagery is more aligned with the implicit meaning’s emphasis on resolution and healing, making it more imaginative and precise. [RESULT] A"
She handed him the responsibility of leadership.,He was entrusted with the reins.,A,"Feedback: Both responses use physical action to convey the transfer of leadership responsibility. Response A employs ""handed,"" a direct verb suggesting physical transfer, aligning closely with the implicit meaning. Response B uses ""reins,"" a metaphor for control, which is physical but less explicitly about transfer. While ""reins"" is vivid and traditional, it lacks the literal physicality of ""handed."" A better captures the implicit meaning of transferring a physical object, though B offers slightly more imaginative imagery. [RESULT] A"
Her presence faded like a dimming light.,She faded into the background.,A,"Feedback: Both metaphors convey the implicit meaning of gradual disappearance. Response A uses ""dimming light,"" a vivid and imaginative simile that evokes a clear, visual process of fading. Response B employs ""faded into the background,"" a more abstract and common idiom with less original imagery. While both align with the concept, A’s specificity and sensory clarity make it more evocative and imaginative. [RESULT] A"
Their relationship was stuck in an infinite loop.,Trapped in a repeating relationship rut.,A,"Feedback: Both Response A and Response B effectively capture the implicit meaning of a repetitive, cyclical pattern without progress. Response A (""infinite loop"") uses a highly imaginative and vivid metaphor from computer science, evoking a precise, unending cycle with technical clarity. Response B (""repeating relationship rut"") is coherent but relies on a more generic, clichéd image (""rut"") that lacks the originality and specificity of ""infinite loop."" While both align with the intended meaning, Response A’s technical metaphor is more imaginative and evokes a stronger, more precise sense of cyclical stagnation. [RESULT] A"
His gaze grasped every detail of the painting.,He delved deep into the painting's secrets.,A,"Feedback: Both metaphors convey intense observation, but Response A directly references ""every detail,"" aligning precisely with the implicit meaning of thorough attention. ""Grasped"" vividly suggests active, complete engagement with the painting’s elements. Response B uses ""delved deep"" and ""secrets,"" which evokes exploration but shifts focus to uncovering hidden aspects rather than meticulous detail observation. While both are coherent, Response A’s imagery is more specific and directly ties to the intended concept, making it clearer and more imaginative. [RESULT] A"
Their minds were immune to rational arguments after exposure to propaganda.,Misinformation planted seeds of rational resistance.,A,"Feedback: Both metaphors address the resistance to logic caused by propaganda, but they differ in clarity and alignment with the implicit meaning. Response A uses ""immune"" to directly convey resistance to rational arguments, which closely mirrors the implicit meaning with a clear, medical metaphor. Response B employs ""planted seeds of rational resistance,"" which is more imaginative but introduces ambiguity: ""rational resistance"" contradicts itself, as resistance to logic is inherently irrational, muddying the intended concept. While B’s imagery is vivid and metaphorical, its phrasing weakens the alignment with the implicit meaning. A is more accurate and coherent, whereas B’s creativity is offset by conceptual inconsistency. [RESULT] A"
They skipped toward their transformation.,Seizing growth with eager arms.,A,"Feedback: Both metaphors convey a positive approach to change, but they differ in capturing the ""journey"" aspect of the implicit meaning. ""Skipped toward their transformation"" (A) uses vivid, dynamic imagery that suggests both motion and joy, aligning closely with a ""journey."" The word ""skipped"" evokes a light, eager movement, while ""transformation"" directly ties to change. In contrast, ""Seizing growth with eager arms"" (B) emphasizes eagerness and proactivity but lacks the sense of motion or journey. The phrase ""seizing growth"" is less original and more abstract, making the imagery less vivid. While both convey positivity, A’s specificity and alignment with the journey metaphor make it more imaginative and coherent. [RESULT] A"
The management climbed to absolute control.,Power quietly seized control.,B,"Feedback: Response A uses ""climbed to absolute control,"" which suggests a gradual process but ""absolute control"" implies a definitive endpoint, potentially diluting the nuance of ongoing, incremental dominance. Response B, ""Power quietly seized control,"" employs ""quietly"" to imply subtlety and gradual accumulation, while ""seized"" conveys forceful acquisition. Both metaphors align with the implicit meaning but B’s imagery is more vivid and precise in capturing the unobtrusive, incremental nature of power consolidation. B avoids clichés and better balances subtlety with action, making it more imaginative and coherent. [RESULT] B"
His temper simmered just below the surface.,A volcano of rage simmered beneath his surface.,B,"Feedback: Both responses use ""simmered"" to convey suppressed anger, aligning with the implicit meaning. Response A is straightforward but generic, using ""temper"" and ""surface"" without distinct imagery. Response B enhances vividness by introducing ""volcano of rage,"" a classic metaphor for explosive potential, which more directly mirrors the implicit meaning of suppressed anger ready to erupt. B’s imagery is more imaginative and coherent, as a volcano inherently implies latent danger and imminent eruption, whereas A’s phrasing lacks the same symbolic depth. [RESULT] B"
Life is a canvas painting existence's story.,Life's a novel penned by our deeds.,B,"Feedback: Both metaphors convey life as a creative process shaped by the individual. Response A uses a ""canvas"" to imply painting existence's story, which is a common metaphor but lacks originality and clarity due to awkward phrasing. Response B employs a ""novel penned by our deeds,"" offering a more vivid and coherent image by directly linking actions (""deeds"") to the creative act of writing life. While both align with the implicit meaning, B’s imagery is more imaginative and precise, emphasizing active authorship through deeds. [RESULT] B"
Their savings pooled together created a reservoir of opportunity.,"Their savings pooled, fueling future growth.",A,"Feedback: Both metaphors convey the idea of pooled financial resources leading to possibilities, but they differ in alignment with the implicit meaning and imagery. Response A uses ""reservoir of opportunity,"" which vividly evokes a stored, abundant source of potential, closely mirroring the implicit meaning of ""abundant possibilities."" The metaphor is slightly cliché but remains coherent and imaginative. Response B employs ""fueling future growth,"" which is effective in suggesting action and progression but narrows the focus to growth rather than the broader ""possibilities"" in the implicit meaning. While both are coherent, A’s metaphor more directly captures the concept of abundance and variety in opportunities, whereas B’s imagery leans toward a specific outcome (growth) rather than the general idea of possibilities. [RESULT] A"
Each team member carries their own backpack of responsibilities.,"A well-oiled machine, each part plays its role.",A,"Feedback: Both metaphors address teamwork, but Response A (""backpack of responsibilities"") directly ties to individual burden and personal accountability through the vivid, relatable image of carrying one’s own load. Response B (""well-oiled machine"") emphasizes coordination and efficiency, which indirectly relates to roles but lacks the explicit focus on personal responsibility. A’s imagery is more imaginative and precise for the implicit meaning, while B’s metaphor is generic and less aligned with the concept of individual accountability. [RESULT] A"
He's my prized masterpiece in life's gallery.,He's my greatest life masterpiece.,A,"Feedback: Both responses convey the implicit meaning of someone being highly valued and cherished. Response A (""prized masterpiece in life's gallery"") uses a vivid, layered metaphor that evokes a clear visual of a treasured artwork displayed in a gallery, enhancing the sense of uniqueness and irreplaceability. Response B (""greatest life masterpiece"") is concise but lacks the extended imagery and originality of A, making it more generic. While both align with the intended meaning, A’s gallery metaphor creates a stronger emotional and visual impact, meeting the criteria for vividness and imaginative representation. [RESULT] A"
She circles potential mates like a shark sensing blood.,A relentless hunter in the dating game.,A,"Feedback: Response A employs a vivid, specific image of a shark sensing blood, which directly evokes predatory instinct and calculated precision in circling prey, aligning closely with the implicit meaning. Response B uses a generic ""relentless hunter"" metaphor, which conveys persistence but lacks the vivid, sensory detail of A and only partially addresses the calculating aspect. Both metaphors capture predatory behavior, but A’s shark imagery is more imaginative, coherent, and tightly linked to the concept of strategic, blood-sensing calculation in dating. [RESULT] A"
Medical specialists are the commanding officers in the war room.,Maestros orchestrate healing symphonies.,A,"Feedback: Both metaphors convey authority and leadership, but Response A directly ties ""commanding officers"" and ""war room"" to high-stakes decision-making, aligning closely with the implicit meaning of authoritative leadership. Response B uses ""maestros"" and ""healing symphonies,"" which evoke coordination and artistry but less explicitly emphasize critical decision-making. While B is imaginative, A’s military imagery is more vivid and precise for the intended concept. [RESULT] A"
Fresh ideas are bright lanterns in the dark.,New ideas are beacons in the fog.,B,"Feedback: Both metaphors convey ideas as sources of light in uncertain conditions, aligning with the implicit meaning. However, ""beacons in the fog"" (B) more precisely captures guidance through uncertainty, as beacons are explicitly navigational aids, while ""lanterns in the dark"" (A) emphasize illumination over direction. B’s imagery is more vivid and specific, with fog evoking dense uncertainty better than ""dark,"" which is generic. A uses ""bright"" redundantly, weakening originality. Both are coherent, but B’s metaphor is more imaginative and tightly aligned with the intended concept. [RESULT] B"
She sealed her obligations in airtight containers.,She anchored her promises in steadfastness.,A,"Feedback: Both metaphors address the implicit meaning of strict commitment to responsibilities, but they differ in imagery and alignment. Response A uses ""airtight containers,"" evoking a vivid, concrete image of obligations sealed tightly and permanently, directly reflecting strictness and precision. Response B employs ""anchored in steadfastness,"" which conveys stability but relies on a more abstract and generic term (""steadfastness""). While both are coherent, Response A offers sharper, more imaginative imagery that closely ties to the concept of unyielding commitment, whereas Response B’s metaphor is slightly less vivid and slightly more conventional. [RESULT] A"
Her eyes reached out and caressed the landscape.,Absorbing every detail like a sponge.,A,"Feedback: Response A (""Her eyes reached out and caressed the landscape"") and Response B (""Absorbing every detail like a sponge"") both aim to convey gentle, loving observation of scenery but differ in alignment with the implicit meaning. Response A uses ""caressed,"" which directly evokes tenderness and intimacy, aligning strongly with the ""gentle, loving"" aspect. The imagery is vivid and personifies the eyes as active, affectionate agents. Response B employs a sponge metaphor, which emphasizes thorough absorption of details but lacks the emotional warmth and specificity of ""caressed."" While B’s imagery is coherent, it feels generic and focuses more on capacity than on the loving tone. A’s metaphor is more imaginative and closely matches the implicit meaning in both tone and imagery. [RESULT] A"
The manager passed the decision-making power to his team.,He gave his team the wings to soar.,B,"Feedback: Response A is a literal statement rather than a metaphor, failing to use figurative language to convey the implicit meaning. Response B employs a metaphor (""wings to soar""), which evokes vivid imagery of empowerment and freedom, aligning closely with the transfer of authority and responsibility. Both responses communicate the core idea of delegation, but Response B’s metaphor is more imaginative and evocative, while Response A lacks metaphorical depth. Response B’s imagery is coherent and directly ties to the concept of granting autonomy, whereas Response A’s phrasing is direct but unoriginal. [RESULT] B"
His movements were precious commodities under lock and key.,"He mastered his movements, precise and intent.",A,"Feedback: Response A uses a vivid and imaginative metaphor (""precious commodities under lock and key"") that directly evokes restriction and control through the imagery of secured, scarce items. It aligns closely with the implicit meaning by emphasizing both the guarded nature and value of the movements. Response B (""mastered his movements, precise and intent"") conveys control through mastery but lacks the explicit imagery of restriction. While B suggests intentional control, it does not evoke the same sense of enforced limitation as A. Response A’s metaphor is more original, vivid, and tonally aligned with the concept of restricted movement. [RESULT] A"
Each option is a product on the shelf of possibilities.,Weighing the apples of choice,A,"Feedback: Both metaphors relate to choices as available items, but Response A (""product on the shelf"") directly and clearly aligns with the implicit meaning by emphasizing selection from a tangible, organized collection. Response B (""apples of choice"") introduces a less precise analogy, as ""apples"" are specific and not inherently tied to the abstract concept of selection. A is more vivid and coherent, while B’s imagery is generic and slightly ambiguous due to the unrelated verb ""weighing,"" which shifts focus to evaluation rather than availability. [RESULT] A"
He sprinted toward personal growth.,Seizing growth with every step.,B,"Feedback: Both Response A and Response B convey the implicit meaning of rapid and determined self-improvement, but they differ in imagery and originality. Response A uses the literal action of ""sprinting"" to emphasize speed, which is vivid but generic, while Response B employs ""seizing growth with every step,"" combining determination (""seizing"") and incremental progress (""every step"") in a more imaginative and layered metaphor. Response A’s imagery is clear and direct, aligning closely with the tone of urgency, but lacks nuance. Response B’s phrasing is more abstract, creating a dynamic sense of active pursuit and sustained effort, which better captures the dual aspects of ""rapid"" and ""determined."" While both are coherent, B’s originality and layered imagery make it a more effective representation of the concept. [RESULT] B"
"Like a software update, the replacement fixed old bugs.",A solution's ripple smoothed out the disorder.,A,"Feedback: Response A directly connects ""replacement"" to a software update, a modern, relatable concept that clearly aligns with the implicit meaning of improvement through upgrade. Its imagery is coherent and precise, though somewhat generic. Response B uses a ripple effect to suggest a solution spreading and resolving disorder, which is more imaginative and poetic but less directly tied to the idea of replacement. While B’s metaphor is more vivid, its connection to the implicit meaning is indirect and abstract. A captures the core concept more clearly and accurately, whereas B’s metaphor risks ambiguity. [RESULT] A"
The project timeline is sliding on ice.,A dancing schedULE veers unpredictably.,B,"Feedback: Both metaphors convey instability, but Response B more effectively captures the ""out of control"" aspect through ""veers unpredictably,"" which directly implies erratic movement. Response A’s ""sliding on ice"" evokes instability but lacks the dynamic, chaotic energy of B’s ""dancing schedule,"" which combines motion (""dancing"") with sudden shifts (""veers""). While A uses a common metaphor (ice = slipperiness), B’s imagery is more original and vividly aligns with the implicit meaning. However, B’s phrasing (""schedULE"") introduces a minor coherence issue. Overall, B’s imaginative and precise alignment with the concept outweighs its slight awkwardness. [RESULT] B"
The lighthouse beam drew lines of hope across the sea.,Lighthouse beacon carves clear watery highways.,B,"Feedback: Both metaphors use lighthouse imagery to connect light with guidance, aligning with the implicit meaning. Response A’s “lines of hope” directly ties to the concept of hope as guidance but uses a more literal and less imaginative structure. Response B’s “carves clear watery highways” is more vivid and original, as “highways” evokes structured, navigable paths through darkness, while “carves” adds dynamic action. B’s metaphor better captures the dual aspects of guidance and salvation through imaginative, coherent imagery. [RESULT] B"
The economy is climbing out of recession.,Economy seeds sprout after winter's thaw.,B,"Feedback: Both metaphors convey economic recovery and upward progress from a difficult situation, but they differ in vividness and originality. Response A uses the straightforward ""climbing out of recession,"" which is clear and literal but lacks imaginative imagery. Response B employs the metaphor of ""economy seeds sprout after winter's thaw,"" evoking a vivid, cyclical natural image that aligns closely with the implicit meaning. While A directly states the action, B enriches the concept with layered imagery of renewal after hardship, making it more imaginative and evocative. The coherence and tone of B better reflect the nuanced process of recovery. [RESULT] B"
His obligations were stacked like overflowing containers.,Caught in a crossfire of conflicting interests.,A,"Feedback: Both metaphors convey being overwhelmed, but they differ in alignment with the implicit meaning. Response A uses ""overflowing containers"" to directly evoke a physical accumulation of responsibilities, which vividly mirrors the ""overwhelming amount"" of obligations. The imagery is concrete and aligns closely with the concept of volume. Response B, ""crossfire of conflicting interests,"" emphasizes tension between opposing forces rather than sheer quantity. While it implies pressure, it focuses more on conflict than the weight of numerous responsibilities. A is more precise in capturing the implicit meaning, while B introduces a secondary theme of conflict that slightly diverges from the core idea. [RESULT] A"
The magnetic field of commitment drew him back to his promises.,Duty's anchor held him steady to his promises.,A,"Feedback: Both metaphors address the concept of obligation pulling someone to their word, but they differ in alignment with the ""irresistible force"" aspect. Response A uses ""magnetic field,"" a scientific metaphor that implies a dynamic, invisible force capable of drawing someone back, closely mirroring the implicit meaning’s emphasis on an irresistible pull. The verb ""drew him back"" directly conveys movement toward the promises. Response B employs ""anchor,"" which traditionally signifies stability and resistance to movement, aligning more with being held in place than being pulled. While ""duty"" is thematically relevant, the static nature of an anchor contrasts with the active, forceful pull described in the implicit meaning. Both metaphors are vivid and coherent, but A’s imagery more accurately captures the dynamic, irresistible force of obligation. [RESULT] A"
His reasoning reached new heights.,His mind climbed the ladder of logic.,B,"Feedback: Both metaphors use upward motion to convey progress toward intellectual achievement. Response A (""reached new heights"") is a common and clear metaphor but lacks specificity in how the achievement was attained, making it slightly generic. Response B (""climbed the ladder of logic"") introduces a structured, step-by-step progression (""ladder"") and explicitly ties the achievement to logical reasoning, aligning more precisely with the implicit meaning of intellectual understanding. While both are coherent, B’s imagery is more vivid, original, and directly connects to the method of achieving advanced understanding. [RESULT] B"
"Like stepping stones across a river, each mark bridges gaps in the scale.",A ruler's lines guide progress.,A,"Feedback: Both metaphors convey the idea of progressive steps, but they differ in alignment with the implicit meaning and imagery. Response A uses ""stepping stones across a river,"" which vividly evokes incremental movement toward a goal, with each stone symbolizing a step bridging gaps. The metaphor is coherent and imaginative, directly reflecting the notion of progression. Response B, ""a ruler's lines guide progress,"" is less vivid and more abstract. While it implies measurement and direction, it lacks the dynamic, goal-oriented imagery of stepping stones. The ""ruler's lines"" feel static and generic, offering less clarity about reaching a destination. A better captures the implicit meaning with its stronger, more relatable imagery. [RESULT] A"
She stands at the crossroads of conflicting beliefs.,Weighing anchor between opposing winds.,B,"Feedback: Both metaphors convey the tension of difficult decision-making between opposing ideologies, but they differ in imagery and originality. Response A uses the well-established ""crossroads"" metaphor, which is clear and directly references conflicting beliefs but lacks originality. Response B employs a more imaginative nautical image (""weighing anchor between opposing winds""), evoking a dynamic, vivid scene of struggle and hesitation. While A is more explicit in referencing ideological conflict, B’s metaphor is richer in metaphorical depth, using ""opposing winds"" to symbolize competing forces and ""weighing anchor"" to suggest the act of deliberation. Both align with the implicit meaning, but B’s imagery is more original and evocative. [RESULT] B"
His mind digested the new information slowly.,He marinated in new insights.,A,"Feedback: Both metaphors relate to slow processing akin to digestion, but ""digested"" (A) directly mirrors the implicit meaning of breaking down food, while ""marinated"" (B) evokes soaking/absorption rather than digestion, making A more precise. A uses familiar, coherent imagery, whereas B is more imaginative but less aligned with the digestive metaphor. [RESULT] A"
She leaped into a new mindset.,Changing lenses on life's camera.,B,"Feedback: Both metaphors address the implicit meaning of sudden transformation of thinking, but differ in vividness and originality. ""She leaped into a new mindset"" (A) uses a physical action (""leaped"") to imply abruptness, aligning with the tone of suddenness. However, the phrase ""new mindset"" is literal, reducing the metaphor’s imaginative quality. ""Changing lenses on life's camera"" (B) offers a more original and vivid image, using the camera lens metaphor to symbolize perspective shifts, which effectively conveys a transformation in thinking. While B’s ""changing lenses"" may imply a slightly more deliberate process than A’s ""leap,"" the metaphor remains coherent and imaginative. B better balances originality, clarity, and alignment with the implicit meaning. [RESULT] B"
"This idea is a renewable energy source, generating endless possibilities.",An ever-blooming wellspring of creativity.,B,"Feedback: Both metaphors align with the implicit meaning of an inexhaustible, continuous source of opportunities. Response A uses ""renewable energy source,"" a precise and modern analogy that directly conveys sustainability and endless production. It is clear but lacks vivid imagery. Response B, ""ever-blooming wellspring of creativity,"" is more imaginative and evocative. ""Ever-blooming"" adds a dynamic, growth-oriented layer, while ""wellspring"" metaphorically suggests a continuous flow. B’s poetic language and layered imagery (""ever-blooming"" + ""wellspring"") make it more vivid and original, though A remains coherent and accurate. The key difference lies in B’s stronger visual and imaginative quality, which better captures the implicit meaning’s tone and depth. [RESULT] B"
Economics is a weather system of fluctuating patterns and predictions.,Economic patterns are puzzles waiting to be decoded.,A,"Feedback: Response A and Response B both use metaphors to convey economic unpredictability, but they differ in alignment with the implicit meaning. Response A (""weather system of fluctuating patterns"") directly mirrors the implicit reference to weather patterns, using vivid, coherent imagery that emphasizes constant change and unpredictability. Response B (""puzzles waiting to be decoded"") evokes complexity but shifts focus to solvability rather than inherent unpredictability, which weakens its alignment with the implicit meaning. While both metaphors are imaginative, A’s imagery is more precise and thematically consistent with the reference. [RESULT] A"
Their relationship hit a roadblock.,Love hit a rough patch.,A,"Feedback: Both Response A and Response B use common metaphors to convey a setback in a relationship, but they differ in precision and alignment with the implicit meaning. ""Hit a roadblock"" (Response A) directly implies a sudden, concrete obstruction to progress, aligning closely with the implicit meaning of a halted advancement. In contrast, ""hit a rough patch"" (Response B) suggests ongoing difficulty rather than a complete stop, making it less specific to the idea of sudden cessation. While both are coherent, Response A’s imagery is more vivid and directly tied to the concept of abrupt hindrance, whereas Response B’s metaphor is broader and less imaginative for the exact scenario. [RESULT] A"
"Like a speeding train, the force crashes through all barriers.",A hammer breaks through every wall.,A,"Feedback: Both metaphors convey unstoppable power through forceful imagery, but differ in capturing momentum. Response A uses a ""speeding train,"" inherently emphasizing continuous motion and sustained momentum, aligning closely with the implicit meaning of relentless force. Its phrasing (""crashes through all barriers"") adds dynamic vividness. Response B employs a ""hammer breaking walls,"" which effectively symbolizes power but lacks the sustained motion implied by momentum. The hammer’s imagery is more abrupt and localized, making it less precise for the dual emphasis on power and ongoing force. While both are vivid, Response A better integrates the tonal and conceptual elements of the implicit meaning. [RESULT] A"
Language is a garden where meaning blooms.,Seeds of thought bloom into full dialogues.,A,"Feedback: Both metaphors use floral imagery to convey growth and development, aligning with the implicit meaning of language as a blooming garden. Response A (""Language is a garden where meaning blooms"") directly equates language to a garden, with ""meaning"" as the bloom, creating a clear, concise metaphor that mirrors the implicit meaning's structure. Response B (""Seeds of thought bloom into full dialogues"") emphasizes the progression from ideas to dialogues, using ""seeds of thought"" to imply the origin of language. While both are vivid, Response A is more literal in matching the garden-meaning connection, whereas Response B introduces an additional layer of abstraction by focusing on thought seeds rather than language itself. Response A’s imagery is more cohesive and directly reflects the implicit meaning’s phrasing, making it slightly more accurate and imaginative. [RESULT] A"
"These facts are floating in space, disconnected from reality.",Orphaned facts wandering in search of purpose.,B,"Feedback: Both metaphors address the implicit meaning of information lacking context or grounding in reality. Response A uses ""floating in space"" to depict disconnection, which is direct but employs a common, static image. Response B introduces ""orphaned facts wandering in search of purpose,"" combining the metaphor of abandonment (""orphaned"") with dynamic movement (""wandering""), adding layers of imagination and emotional resonance. While A is clear, B’s imagery is more vivid, original, and closely aligns with the tone of the implicit meaning by emphasizing both disconnection and the absence of purpose. The difference lies in B’s richer, more evocative language. [RESULT] B"
These treasures I guard are the duties I must protect.,Careful tending guards important duties.,A,"Feedback: Both responses convey the idea that duties require protection, but Response A directly equates duties to ""treasures,"" aligning more closely with the implicit meaning of valuing duties as precious. Response B uses ""important duties"" and ""careful tending,"" which are less vivid and lack the imaginative leap of comparing duties to tangible treasures. Response A’s imagery is more vivid and coherent, with a clear metaphor that mirrors the tone and concept of the implicit meaning. Response B’s phrasing is generic and less specific in evoking the value aspect. [RESULT] A"
The community developed antibodies against extremist propaganda.,The community developed an immunity to extremist voices.,A,"Feedback: Both metaphors use the immune system to represent natural defenses, aligning with the implicit meaning. Response A (""antibodies"") employs a more specific and vivid biological image, suggesting targeted resistance against a defined threat (propaganda), which enhances clarity and originality. Response B (""immunity"") conveys protection but is more abstract and generic, lacking the precise imagery of antibodies. While both are coherent, A’s specificity better reflects the ""natural defenses"" concept by mirroring the immune system’s active, adaptive response. [RESULT] A"
Their relationship conducts a harmonious ensemble.,Love's compass steers us through interpersonal seas.,A,"Feedback: Both metaphors convey synchronization and balance, but Response A uses the ""harmonious ensemble"" to directly evoke coordinated unity, aligning precisely with the implicit meaning. Response B employs a ""compass"" and ""seas"" metaphor, which suggests guidance rather than synchronization. While B is imaginative, its imagery is less vividly tied to the concept of perfect balance compared to A’s clear musical metaphor. A’s imagery is more coherent and directly captures the intended concept. [RESULT] A"
The media's bias induced a national nausea of disgust.,Bias-filled headlines sparked public backlash.,A,"Feedback: Response A uses the metaphor ""national nausea of disgust,"" which vividly captures the physical and emotional reaction to media bias, directly aligning with the implicit meaning of making the nation feel sick and disgusted. Response B's ""public backlash"" is accurate but generic, lacking the visceral imagery and emotional intensity of nausea. Both responses convey negative consequences of bias, but A’s metaphor is more imaginative and closely matches the tone and concept of the implicit meaning. [RESULT] A"
Life's conveyor belt carries events steadily ahead.,"Life's gears grind forward, situation by situation.",B,"Feedback: Both metaphors convey the mechanical and continuous nature of life’s progression, aligning with the implicit meaning. Response A uses a ""conveyor belt"" to illustrate steady, unceasing movement, which is clear and familiar but slightly generic. Response B employs ""gears grind forward,"" evoking a more vivid, tactile image of mechanical persistence with the word ""grind,"" suggesting effort and inevitability. While both are coherent, B’s imagery is more dynamic and original, capturing the relentless, almost laborious quality of life’s motion. A is effective but less imaginative, relying on a common industrial metaphor. [RESULT] B"
His mind climbed to clearer perspectives.,He sharpened his mind with wisdom's edge.,A,"Feedback: Both metaphors convey the implicit meaning of achieving clarity of thought but differ in imagery and originality. Response A uses ""climbed to clearer perspectives,"" offering a vivid, physical ascent that directly ties to the goal of mental clarity. The phrase ""clearer perspectives"" is explicit and aligns closely with the intended concept. Response B employs ""sharpened his mind with wisdom's edge,"" blending the metaphor of sharpening with the abstract ""wisdom's edge."" While imaginative, it introduces a secondary metaphor (edge of wisdom) that slightly complicates clarity. A’s imagery is more straightforward and vivid, while B’s is creative but less direct. Both are coherent, but A better balances vividness and accuracy to the implicit meaning. [RESULT] A"
We're scaling the cliffs of passing seconds.,"Time's river, our relentless progress.",A,"Feedback: Response A uses the metaphor of ""cliffs"" to evoke a vertical, arduous ascent, directly aligning with the implicit meaning of time as an upward struggle. The imagery is vivid and specific, emphasizing effort and difficulty through the act of ""scaling."" Response B, while evoking motion with ""river"" and persistence through ""relentless progress,"" lacks the upward trajectory central to the implicit meaning. The river metaphor is more horizontal and less aligned with the challenging climb. Both metaphors are coherent, but A’s imagery is more imaginative and tightly connected to the required concept. [RESULT] A"
Writing is the compass that guides wandering ideas home.,Writing shapes the chaos of thoughts.,A,"Feedback: Both metaphors align with the implicit meaning of providing direction and structure to scattered thoughts. Response A uses a ""compass"" to evoke a vivid, familiar image of guidance and purpose, directly linking to the idea of directing ""wandering ideas"" toward a coherent destination (""home""). Response B employs ""shapes the chaos"" to imply transformation and organization, which is effective but less vivid and slightly more abstract. While both capture the core concept, Response A’s imagery is more original and evokes a clearer, more dynamic sense of direction and resolution, aligning more closely with the rubric’s emphasis on vividness and coherence. [RESULT] A"
These scattered facts need to be mapped out.,Shaping chaos into orderly thoughts.,B,"Feedback: Both metaphors convey the implicit meaning of organizing disorganized information, but they differ in vividness and originality. Response A (""These scattered facts need to be mapped out"") uses literal language and a common verb (""mapped"") to suggest structure, which is clear but lacks imaginative imagery. Response B (""Shaping chaos into orderly thoughts"") employs more dynamic and poetic phrasing, with ""chaos"" evoking vivid imagery of disorder and ""shaping"" implying active transformation. While both align with the meaning, B’s metaphor is more original and evocative, creating a stronger sense of transformation from disorder to order. [RESULT] B"
The river of events flows endlessly downstream.,Time marches relentlessly forward.,B,"Feedback: Both metaphors convey the continuous and unstoppable nature of time/events. Response A uses a river metaphor (""flows endlessly downstream""), a classic but slightly generic image that aligns well with the implicit meaning. Response B (""Time marches relentlessly forward"") employs a more dynamic and personified image, with ""marches"" and ""relentlessly"" emphasizing inevitability and mechanical persistence. While both are coherent, B’s imagery is more vivid and original, directly evoking unstoppable progression. A’s reference to ""events"" is less central to the metaphor compared to B’s focused depiction of time. B better captures the tone and precision of the implicit meaning. [RESULT] B"
She walked herself into a new career path.,She climbed the career ladder with grit.,A,"Feedback: Both metaphors convey movement in a professional context, but they differ in alignment with the implicit meaning of ""new direction."" Response A uses ""walked into a new career path,"" which directly references a ""new path,"" explicitly matching the implicit meaning. Its imagery is straightforward and clear, though conventional. Response B employs ""climbed the career ladder,"" a common metaphor for upward progression, but it lacks explicit reference to a ""new"" direction, instead emphasizing persistence (""with grit"") and vertical advancement. While B’s imagery is vivid and familiar, it is less precise in capturing the specific idea of a *new* professional trajectory. Response A’s directness and alignment with the implicit meaning make it more accurate and imaginative for this context. [RESULT] A"
The fog lifts to reveal countless trails ahead.,Clarity births new possibilities.,A,"Feedback: Response A and Response B both address the implicit meaning of clarity emerging from confusion about life choices, but they differ in imagery and alignment. Response A (""The fog lifts to reveal countless trails ahead"") uses vivid, sensory imagery (fog lifting, trails) to directly mirror the transition from confusion to clarity and the multiplicity of life choices. The metaphor is coherent, imaginative, and closely ties to the implicit meaning. Response B (""Clarity births new possibilities"") is more abstract and conceptual, with ""births"" implying creation but lacking the visual and emotional resonance of fog and trails. While B conveys the idea of new possibilities, it does not explicitly evoke the prior confusion or the clarity’s emergence, making it less vivid and slightly less aligned with the implicit meaning. [RESULT] A"
His time account was running dangerously low.,Time's hourglass neared empty.,A,"Feedback: Response A directly employs the ""bank account"" metaphor, aligning with the implicit meaning of time as a finite, valuable resource. It conveys urgency with ""dangerously low,"" enhancing vividness and relevance. Response B uses the hourglass, a common time metaphor, but lacks the financial analogy central to the implicit meaning. While both are coherent, A’s imagery is more specific and imaginative in reflecting the money-as-time concept. [RESULT] A"
The lines waltz around the composition.,Linear lines harmonize in a fluid dance.,A,"Feedback: Both metaphors use dance imagery to convey graceful movement, aligning with the implicit meaning. Response A (""waltz around the composition"") offers a vivid, specific reference to a structured, elegant dance, evoking rhythmic fluidity. Response B (""harmonize in a fluid dance"") emphasizes coordination and flow but introduces redundancy (""linear lines"") that slightly undermines coherence. While both are imaginative, A’s precision and lack of conflicting imagery make it more effective. [RESULT] A"
The news struck her mind like a hammer on glass.,The news shattered her peace.,B,"Feedback: Both metaphors convey sudden destruction, but Response B more directly references the psychological state (""peace"") and uses the verb ""shattered"" to align precisely with the implicit meaning of devastating impact. Response A's ""hammer on glass"" offers vivid imagery but is a more common, physical metaphor that less directly addresses the internal psychological disruption. B's abstraction is more imaginative and thematically focused on the mental state, while A's imagery, though vivid, feels slightly generic. [RESULT] B"
"The footsteps of time echo behind us, growing ever closer.",Sands of time relentlessly slip.,A,"Feedback: Both metaphors reference time's movement, but Response A (""footsteps...growing ever closer"") directly conveys pursuit and closing proximity, aligning precisely with the implicit meaning of time actively chasing and catching up. Response B (""sands...relentlessly slip"") evokes time's passage but lacks the active pursuit element, focusing instead on continuous flow without directional intent. Response A’s imagery is more vivid and specific to the concept, while B’s metaphor is generic and indirect. [RESULT] A"
She's mainlining validation through constant selfie-posting.,optimism fuels self-improvement through labor,A,"Feedback: Response A effectively captures the implicit meaning of addiction to social media validation through the vivid and specific metaphor of ""mainlining validation,"" which evokes a compulsive, drug-like dependency. The phrase ""constant selfie-posting"" directly ties the addiction to social media behavior, creating a coherent and imaginative image. In contrast, Response B uses generic and unrelated imagery (""optimism fuels self-improvement through labor"") that lacks connection to the concept of addiction or social media. While both responses employ metaphorical language, Response A’s imagery is far more original, vivid, and aligned with the implicit meaning, whereas Response B fails to address the core idea. [RESULT] A"
Each second is a meteor hurtling toward Earth's atmosphere.,"The future pulls us forward, relentless and swift.",A,"Feedback: Response A uses a vivid and specific image (a meteor hurtling through Earth's atmosphere) to convey rapid, dramatic motion, directly mirroring the implicit meaning of time's swift, unstoppable passage. The meteor's trajectory implies inevitability and intensity, aligning with the tone of urgency. Response B, while coherent, employs a more abstract and generic metaphor (""pulls us forward"") that conveys speed but lacks the striking imagery and dramatic flair of Response A. Both capture the concept of rapid time passage, but A's originality and vividness make it more effective. [RESULT] A"
The chef extended flavors to simple ingredients.,Crafting flavors from life's ingredients.,B,"Feedback: Both metaphors address the chef's transformation of ingredients, but they differ in alignment with the implicit meaning. Response A uses ""extended,"" which implies adding to simple ingredients but lacks the vivid imagery of transformation into complexity. Response B employs ""crafting"" and ""life's ingredients,"" evoking a more imaginative and coherent process of creative transformation, though ""life's ingredients"" is slightly abstract. B better captures the intended concept of turning basic elements into intricate flavors through its metaphorical depth and alignment with the implicit meaning. [RESULT] B"
The competing theories engaged in a survival of the fittest.,Theories clashed until one conquered.,A,"Feedback: Both metaphors convey academic competition and dominance, but they differ in vividness and originality. Response A uses ""survival of the fittest,"" a well-known phrase that vividly evokes natural selection and aligns strongly with the implicit meaning of competitive dominance in academia. It is imaginative and specific, enhancing coherence. Response B, ""theories clashed until one conquered,"" is simpler and more direct but lacks the same level of originality and vivid imagery; ""clashed"" and ""conquered"" are generic terms that do not carry the same depth of metaphorical resonance. While both meet the criteria, Response A better captures the intended concept with its stronger, more evocative imagery. [RESULT] A"
Our schedule is bouncing like a rubber ball.,A rollercoaster journey through time.,B,"Feedback: Both metaphors aim to convey unpredictability and constant change, but they differ in vividness and alignment with the implicit meaning. ""Bouncing like a rubber ball"" (A) suggests erratic motion but lacks the dynamic, multifaceted imagery of a rollercoaster (B). The rubber ball metaphor is simple and somewhat generic, while the rollercoaster evokes a more vivid, immersive experience with inherent unpredictability and continuous motion. Additionally, ""rollercoaster journey through time"" (B) adds a temporal dimension that subtly reinforces the idea of ongoing, shifting changes. A captures the basic concept but falls short in originality and depth compared to B. [RESULT] B"
Their love hit a dead end.,Their relationship reached a dead end.,B,"Feedback: Both responses use the ""dead end"" metaphor to convey the lack of future in a relationship, aligning with the implicit meaning. However, Response B (""relationship reached a dead end"") is more precise, as the implicit meaning explicitly refers to the relationship rather than just love. While both metaphors are common and straightforward, B’s wording directly matches the subject of the implicit meaning, making it slightly more accurate. Neither adds unique imagery, but B avoids narrowing the scope to ""love,"" which could imply a more specific or partial aspect of the relationship. [RESULT] B"
The memories fractured like a dropped mirror in her mind.,Shattered glass hid her forgotten past.,A,"Feedback: Both metaphors use broken glass imagery to convey fragmented mental states. Response A directly links ""fractured memories"" to a ""dropped mirror,"" vividly illustrating sudden, chaotic breakage in the mind, aligning closely with the distress caused by scattered thoughts. Response B employs ""shattered glass"" to symbolize a hidden past, which introduces ambiguity by emphasizing concealment over the active fracturing and distress implied in the implicit meaning. While both are vivid, A’s imagery is more coherent and precise in capturing the dynamic, distressing nature of broken thoughts. [RESULT] A"
The government is society's brain.,Government: the steering wheel of society.,A,"Feedback: Both metaphors align with the implicit meaning of control and direction, but ""The government is society's brain"" (A) more directly mirrors the central, systemic control implied by a brain governing a body. ""Government: the steering wheel of society"" (B) evokes active guidance but lacks the holistic, foundational role of a brain, as a steering wheel operates within a larger mechanical system. A’s imagery is more coherent with the implicit meaning, while B’s is slightly less comprehensive but still vivid. [RESULT] A"
Their public image is a glossy magazine cover.,They wore masks of refined sophistication.,A,"Feedback: Both metaphors address the implicit meaning of a superficial and artificially polished appearance, but they differ in vividness and originality. Response A (""glossy magazine cover"") directly evokes a polished, visually striking surface that is inherently artificial and curated, aligning closely with the concept. The imagery is concrete and modern, emphasizing the manufactured perfection of a magazine cover. Response B (""masks of refined sophistication"") uses a classic metaphor (masks) to imply hidden authenticity, but ""refined sophistication"" feels slightly abstract and less vivid compared to the tangible, visual clarity of a magazine cover. While both convey superficiality, A’s metaphor is more imaginative and directly tied to the implicit meaning through its literal association with artificial polish. [RESULT] A"
Philosophy is an endless ocean with depths yet to be explored.,Philosophy: a boundless ocean of thought.,A,"Feedback: Both Response A and Response B use the ocean metaphor to convey the vastness of philosophy, aligning with the implicit meaning. However, Response A explicitly mentions ""depths yet to be explored,"" which directly captures the idea of undiscovered knowledge and adds a sense of mystery. Response B, while concise, uses ""a boundless ocean of thought,"" which is slightly less vivid in conveying the mysterious and unexplored aspects. The imagery in Response A is more specific and imaginative, making it a clearer representation of the implicit meaning. [RESULT] A"
The body's fever is its thermal weapon against pathogens.,Fever's fiery guard keeps intruders at bay.,A,"Feedback: Both metaphors convey fever as a defense mechanism, but Response A (""thermal weapon"") directly ties fever to a specific, active role in combating pathogens, aligning more precisely with the implicit meaning. Response B (""fiery guard"") uses ""intruders"" instead of pathogens, which is less precise but still evocative. A’s imagery is more original and vivid, with ""thermal weapon"" suggesting a deliberate, targeted defense, while B’s ""fiery guard"" is effective but slightly generic. Both are coherent, but A’s specificity and imaginative linkage to the immune process make it clearer and more accurate. [RESULT] A"
Love is two melodies weaving into one song.,Two souls weaving a Symphony of Life.,B,"Feedback: Both metaphors use musical imagery to convey the union of two entities. Response A (""two melodies weaving into one song"") presents a clear, coherent image of merging parts into a unified whole, but the metaphor is somewhat generic and literal. Response B (""two souls weaving a Symphony of Life"") expands the scope with a more vivid and imaginative concept, suggesting a grander, ongoing journey of unity. The addition of ""souls"" and ""Symphony of Life"" adds emotional depth and originality, aligning more closely with the implicit meaning’s emphasis on harmonious transformation. While both capture the core idea, B’s layered imagery and poetic scale make it more evocative and aligned with the reference. [RESULT] B"
Yesterday's seeds grow into tomorrow's consequences.,"Seeds of today, blossoms of tomorrow.",B,"Feedback: Both metaphors use seeds and future outcomes to represent present actions and their effects. Response A directly references ""consequences,"" aligning closely with the implicit meaning, but its mention of ""yesterday's seeds"" creates a slight temporal inconsistency (actions are in the present, not past). Response B uses ""blossoms,"" a more poetic and vivid image, and aligns the time frame (today to tomorrow) without implying the nature of future effects. While A is more explicit in meaning, B offers stronger imagery and coherence. [RESULT] B"
His emotional equilibrium is a well-calibrated scale.,A calm sea conceals turbulent depths.,A,"Feedback: Response A directly aligns with the implicit meaning of ""perfect emotional balance and stability"" by using the metaphor of a ""well-calibrated scale,"" which evokes precision and equilibrium. The imagery is clear and coherent, though somewhat conventional. Response B, ""a calm sea conceals turbulent depths,"" introduces a contradiction by implying hidden turmoil beneath the surface, which conflicts with the concept of ""perfect"" stability. While B offers vivid imagery, its focus on concealed instability diverges from the intended meaning. Both use natural or measurable imagery, but A adheres strictly to the goal of conveying flawless balance, whereas B inadvertently undermines it. [RESULT] A"
Untrodden paths hold treasures waiting to be discovered.,Untrodden paths hold hidden treasures.,A,"Feedback: Both metaphors use ""untrodden paths"" to symbolize unexplored opportunities and ""treasures"" to represent valuable discoveries, aligning with the implicit meaning. However, Response A adds ""waiting to be discovered,"" which emphasizes the active process of uncovering value through exploration, making the imagery more vivid and directly tied to the concept of discovery. Response B’s ""hidden treasures"" conveys the idea of concealed value but lacks the dynamic element of anticipation or action implied in ""waiting to be discovered."" While both are coherent, Response A’s phrasing enhances the metaphor’s imaginative and motivational tone, aligning more closely with the implicit meaning’s emphasis on the link between exploration and discovery. [RESULT] A"
His emotions are earthed like a lightning rod.,"His emotions, a garden he cultivates with care.",A,"Feedback: Both metaphors convey controlled emotions, but Response A uses ""earthed like a lightning rod,"" which directly ties to the implicit meaning of grounding by referencing a physical mechanism that channels and stabilizes energy. This imagery is vivid and precise, aligning closely with the idea of emotional stability. Response B, ""a garden he cultivates with care,"" emphasizes nurturing and effort but lacks the direct connection to grounding; gardens require attention but do not inherently imply being rooted or stable. While both are coherent, A’s specificity to grounding and its technical imagery (lightning rod) make it more imaginative and aligned with the implicit meaning. [RESULT] A"
The research team's efforts pulse with vital energy.,Churning out results through collective grit.,A,"Feedback: Response A (""The research team's efforts pulse with vital energy"") closely aligns with the implicit meaning of ""dynamic and alive with activity"" through the vivid, lifelike imagery of a ""pulse"" and ""vital energy,"" which directly evoke motion and vitality. Response B (""Churning out results through collective grit"") uses the metaphor of mechanical production (""churning"") and emphasizes perseverance (""grit""), which reflects activity but lacks the organic, dynamic energy implied in the reference. While both convey effort, Response A’s imagery is more imaginative and coherent in capturing the ""alive"" aspect, whereas Response B’s phrasing leans toward a generic, industrious tone. [RESULT] A"
Their passion was a blinding sunrise that consumed the dawn.,Love's all-consuming fire engulfed their existence.,B,"Feedback: Both metaphors aim to convey overwhelming love, but they differ in clarity and alignment with the implicit meaning. Response A uses ""blinding sunrise"" and ""consumed the dawn,"" which evokes vivid imagery but risks ambiguity—sunrise typically symbolizes hope or new beginnings, not necessarily all-encompassing dominance. The phrase ""consumed the dawn"" is poetic but less direct in conveying how love overshadows everything. Response B employs ""all-consuming fire,"" a more conventional yet precise metaphor for intense, all-encompassing emotion, paired with ""engulfed their existence,"" which directly ties to the idea of love overshadowing other aspects of life. B’s language is more coherent and tightly aligned with the implicit meaning, using ""fire"" as a universally recognized symbol of passion and destruction. While A offers originality, B excels in clarity and directness. [RESULT] B"
His determination was an unstoppable momentum carrying him through obstacles.,"With unyielding will, he climbed every setback.",A,"Feedback: Both responses convey the implicit meaning of unwavering persistence against challenges, but they differ in originality and vividness. Response A uses ""unstoppable momentum"" to evoke a dynamic, physics-based metaphor that suggests relentless forward motion, which is both imaginative and vivid. Response B employs ""climbed every setback,"" a more conventional metaphor that is coherent but less original. While both align with the intended meaning, Response A’s imagery is more striking and unique, making it a clearer and more imaginative representation. [RESULT] A"
We need to navigate through these murky waters carefully.,Approach the fog with strategic patience.,B,"Feedback: Both metaphors use natural imagery to represent uncertainty (murky waters/fog) and emphasize caution. Response A’s ""navigate through murky waters"" is a well-established metaphor for navigating ambiguity, conveying a clear need for careful action. Response B’s ""fog with strategic patience"" introduces a unique twist by pairing fog (obscurity) with ""strategic patience,"" suggesting a deliberate, calculated approach to uncertainty. While both align with the implicit meaning, B’s addition of ""strategic patience"" enhances specificity and imagination by tying patience to strategy, directly addressing risk management. However, ""strategic patience"" may slightly overcomplicate the metaphor compared to A’s straightforward navigation imagery. B better balances vividness, originality, and alignment with the concept of managing risk through both caution and planning. [RESULT] B"
The whiskey was a tornado that tore through his balance.,His balance danced with the drinks.,A,"Feedback: Both metaphors address the impact of alcohol on balance, but Response A uses ""tornado"" to vividly depict sudden, violent destruction, aligning directly with the implicit meaning of alcohol’s harmful effects. Response B’s ""danced with the drinks"" is less clear, as ""danced"" implies grace or rhythm rather than destruction, creating ambiguity. While both reference balance, A’s imagery is more coherent and imaginative in conveying the intended concept. [RESULT] A"
The team members are notes in a perfect chord.,United pieces form a harmonious puzzle.,A,"Feedback: Both metaphors convey collaboration through the idea of parts working together, but Response A (""notes in a perfect chord"") more directly aligns with the implicit meaning of *harmony* by using a musical metaphor, which inherently evokes tonal unity and balance. Response B (""harmonious puzzle"") uses a familiar image of interlocking pieces, but ""harmonious"" feels redundant with the implicit meaning and the puzzle metaphor emphasizes fitting together over the fluid, blended harmony implied by a chord. Response A’s imagery is more vivid and original, as musical notes in a chord evoke a dynamic, interdependent system, while the puzzle metaphor in B is generic and less imaginative. Both are coherent, but A better captures the nuanced concept of harmony as a seamless, resonant whole. [RESULT] A"
Their communication interface was incompatible.,Two ships sailing in different seas.,B,"Feedback: Response A uses a literal, technical description (""incompatible communication interface"") that directly references the inability to connect but lacks vivid imagery or emotional resonance. It aligns with the implicit meaning in a functional sense but is generic and abstract. Response B (""two ships sailing in different seas"") employs a more imaginative and evocative metaphor, suggesting physical and emotional separation. While both metaphors reflect disconnection, B’s imagery is more vivid and metaphorically layered, though ""different seas"" may slightly dilute the clarity of the metaphor compared to a more common phrase like ""ships passing in the night."" B better balances originality, coherence, and alignment with the implicit meaning. [RESULT] B"
Time hands wisdom to those who wait.,Life's school of hard knocks teaches life's greatest lessons.,A,"Feedback: Response A aligns more directly with the implicit meaning by explicitly linking patience (""those who wait"") to the acquisition of wisdom, a clear representation of knowledge and understanding. Its imagery is concise and original, personifying Time as a giver of wisdom, which is both vivid and thematically precise. Response B, while also conveying a connection between life experiences and learning, emphasizes struggle (""hard knocks"") over patience, slightly diverging from the core concept. Its imagery, though vivid, relies on a common idiom, reducing its originality. Both responses are coherent, but Response A’s alignment with the intended meaning is stronger and more imaginative. [RESULT] A"
Love is two hands completing one embrace.,Two hearts rowing in tandem towards affection.,B,"Feedback: Both metaphors convey unity and connection, but they differ in imagery and originality. Response A uses ""two hands completing one embrace,"" a direct and relatable image of physical closeness, which aligns well with the implicit meaning but lacks imaginative depth. Response B, ""two hearts rowing in tandem towards affection,"" employs a more dynamic and metaphorical image, suggesting coordinated effort and shared direction, which enhances the sense of unity with a vivid, original analogy. While A is coherent and clear, B’s imagery is more imaginative and evokes a stronger sense of partnership and purpose, aligning more closely with the rubric’s emphasis on vividness and originality. [RESULT] B"
Events are racing down a highway of change.,circumstances shape and harden like clay,A,"Feedback: Response A uses the metaphor of events ""racing down a highway of change,"" which directly conveys rapid, forward motion through the active verb ""racing"" and the structured imagery of a ""highway."" This aligns closely with the implicit meaning of unstoppable progression, as highways imply direction and momentum. Response B, ""circumstances shape and harden like clay,"" evokes transformation and solidity but lacks the sense of speed or inevitability. While ""shaping"" suggests gradual formation, ""harden"" implies a slow solidification, conflicting with the urgency in the implicit meaning. Both metaphors use tangible imagery, but A’s coherence with motion and direction makes it more vivid and precise for the intended concept. [RESULT] A"
Laughter is a volatile compound of friendship.,Friendship's fragile tapestry woven with laughter threads.,A,"Feedback: Both metaphors link laughter and friendship to convey joy, but differ in alignment with the explosive implicit meaning. Response A (""volatile compound"") directly evokes sudden, intense energy through the term ""volatile,"" closely mirroring the ""explosive moments"" in the implicit meaning. Its imagery is vivid and concise. Response B (""fragile tapestry"") uses ""fragile"" and ""threads"" to suggest delicacy and interconnectedness, but lacks the urgency or intensity implied by ""explosive."" While B’s metaphor is coherent, it is less imaginative and less precise in capturing the explosive aspect. A’s metaphor is more original and tightly aligned with the intended concept. [RESULT] A"
Love is the inheritance they share.,Love's experience forges their unbreakable bond.,A,"Feedback: Response A directly uses ""inheritance"" and ""share,"" aligning closely with the implicit meaning of love as a passed-down family heirloom. The metaphor is clear and literal, capturing the concept effectively. Response B uses ""experience forges"" and ""unbreakable bond,"" which emphasizes the creation of a strong connection through shared experiences but lacks the heirloom or inheritance aspect. While both responses are coherent, Response A’s imagery is more vivid and directly tied to the implicit meaning, whereas Response B’s metaphor diverges from the heirloom concept. [RESULT] A"
She labeled each obligation container with careful precision.,"tags. Remember, it must be 10 words or fewer, and should consist only of the metaphor itself.</metaphor_

<metaphor>She mastered chaos, making order her ally.",B,"Feedback: Response A uses literal language (""labeled,"" ""obligation container"") to describe organization but lacks imaginative or vivid imagery, resulting in a generic and somewhat abstract representation. Response B (""She mastered chaos, making order her ally"") employs dynamic, contrasting imagery (chaos vs. order) that vividly conveys the transformative act of organizing responsibilities. While both align with the implicit meaning, B’s metaphor is more imaginative, evocative, and concise, directly reflecting the meticulous control implied in ""organizing responsibilities."" A’s metaphor is coherent but overly literal and less creative. [RESULT] B"
The conference was an intellectual buffet.,"tags. Remember, it must be 10 words or fewer, and should consist only of the metaphor itself.

<metaphor>
A garden of creative ideas blossomed.",A,"Feedback: Both metaphors use natural imagery to convey variety, but Response A (""intellectual buffet"") directly aligns with the implicit meaning of ""available for consumption"" through the explicit association of a buffet with selection and accessibility. Response B (""garden of creative ideas blossomed"") emphasizes growth and abundance but lacks the direct connection to consumption, making it less precise. While both are vivid, A's metaphor is more specific and accurate to the intended concept. [RESULT] A"
The company digested the new acquisition slowly.,Company cultures melded like puzzle pieces.,A,"Feedback: Both metaphors address the integration of a new acquisition, but they differ in alignment with the implicit meaning of ""gradual processing."" Response A uses ""digested,"" a metaphor that directly implies internal processing and absorption, closely matching the concept of a company methodically integrating a purchase. The adverb ""slowly"" explicitly conveys the gradual nature. Response B, with ""puzzle pieces,"" emphasizes the fitting together of cultures, which is vivid but less precise in capturing the ""processing"" aspect. While B offers a more imaginative visual, it lacks the explicit reference to gradual integration and focuses on cultural alignment rather than the company's methodical handling of the acquisition. A aligns more closely with the implicit meaning, while B sacrifices specificity for imagery. [RESULT] A"
Love is a winding road with unexpected turns.,Love's journey is a winding road.,A,"Feedback: Both metaphors use ""winding road"" to imply unpredictability, aligning with the implicit meaning. Response A adds ""unexpected turns,"" directly emphasizing the element of surprises, making the imagery more vivid and specific. Response B, while coherent, uses a generic metaphor without explicitly highlighting the ""surprises"" aspect. A’s addition of ""unexpected turns"" enhances imaginative clarity and aligns more precisely with the intended concept. [RESULT] A"
Each fork in the road branches into new horizons.,Each fork in the road unfurls choices.,A,"Feedback: Both metaphors use ""fork in the road"" to symbolize life choices, aligning with the implicit meaning of choices leading to opportunities. Response A (""branches into new horizons"") directly ties to ""opportunities and possibilities"" through ""horizons,"" a vivid and traditional metaphor that clearly conveys expansive outcomes. Response B (""unfurls choices"") focuses on the act of revealing options but lacks the same clarity in suggesting future possibilities. While both are coherent, A’s imagery is more vivid and directly aligned with the intended meaning, whereas B’s ""unfurls"" is slightly less imaginative and less explicit in linking choices to future opportunities. [RESULT] A"
We're traversing the rocky valleys of our past.,"Nostalgia's grip, pulling us back to past trials.",A,"Feedback: Both metaphors address the theme of confronting difficult past experiences, but they differ in alignment with the implicit meaning and imagery. Response A uses ""rocky valleys"" to evoke a direct, active journey through hardship, which closely mirrors the act of ""dealing with"" difficult memories. The imagery is vivid and coherent, linking physical terrain to emotional struggle. Response B employs ""nostalgia's grip"" to suggest a passive, inescapable pull toward past trials, which is imaginative but introduces ambiguity due to nostalgia’s typically bittersweet or sentimental connotation. While B’s metaphor is evocative, it slightly diverges from the explicit focus on actively grappling with painful memories, as the grip of nostalgia may imply longing rather than confrontation. A’s metaphor is more precise and directly captures the intended concept. [RESULT] A"
She stands firm like a deeply rooted tree in emotional storms.,A rock amidst the stormy sea.,A,"Feedback: Both metaphors convey emotional stability and resilience through natural imagery, but they differ in specificity and vividness. Response A (""deeply rooted tree in emotional storms"") directly ties the metaphor to emotional turmoil, using the tree's roots to emphasize enduring strength and adaptability. The phrase ""emotional storms"" explicitly aligns with the implicit meaning, enhancing clarity. Response B (""rock amidst the stormy sea"") evokes resilience but is less specific to emotional challenges and relies on a more generic, passive symbol (rock). While both are vivid, A's imagery is more imaginative and contextually precise, making it a clearer and more accurate representation of the intended concept. [RESULT] A"
He devoured every opportunity that came his way.,He grabbed life by the opportunities.,A,"Feedback: Response A (""devoured"") vividly captures the implicit meaning of intense hunger and consumption of opportunities, using a strong, coherent metaphor. Response B (""grabbed life by the opportunities"") is less effective, as it mixes idioms and lacks the same visceral imagery. Both aim to convey eagerness, but A’s directness and clarity align more closely with the tone and concept of ""eagerly consuming chances."" [RESULT] A"
Her feet are firmly planted in reality.,A calm sea within her storm.,A,"Feedback: Response A directly captures the implicit meaning of being practical and grounded through the clear, conventional imagery of ""feet planted in reality,"" which aligns precisely with the concept of real-world stability. Response B, while more imaginative with ""a calm sea within her storm,"" uses abstract imagery that evokes resilience or inner peace rather than practicality, creating a weaker connection to the intended meaning. Both use nature-based metaphors, but A’s specificity and direct alignment with the implicit meaning make it more effective. [RESULT] A"
The alcohol demolished his composure like a wrecking ball.,"Raging storm, wrecking ball in motion.",A,"Feedback: Both metaphors use ""wrecking ball"" to convey destruction, aligning with the implicit meaning of alcohol eroding self-control. Response A directly links alcohol to the destruction of ""composure"" through a clear, single metaphor, using vivid imagery with a coherent cause-effect structure. Response B employs two fragmented metaphors (""raging storm,"" ""wrecking ball in motion""), which are less explicit in connecting alcohol to the loss of dignity and self-control, creating ambiguity. While both use strong imagery, A’s specificity and clarity better capture the implicit meaning, making it more imaginative and coherent. [RESULT] A"
The facts lined up perfectly in the investigation.,Logic's puzzle pieces fit the case concluded.,A,"Feedback: Both metaphors address the alignment of evidence, but Response A (""The facts lined up perfectly in the investigation"") is more direct and coherent, clearly conveying an orderly, conclusive arrangement. Response B (""Logic's puzzle pieces fit the case concluded"") uses a metaphor (""puzzle pieces"") that is imaginative but slightly disjointed in phrasing (""fit the case concluded""), reducing clarity. Response A aligns closely with the implicit meaning through straightforward imagery, while Response B’s metaphor is less vivid and structurally awkward. [RESULT] A"
His jokes left deep emotional scars that never fully healed.,"Jests as seeds, blooming happiness.",A,"Feedback: Response A directly aligns with the implicit meaning by using ""deep emotional scars that never fully healed"" to convey lasting damage caused by hurtful words. While ""jokes"" introduces a slight contradiction (as jokes are typically light-hearted), the core imagery of enduring harm is vivid and coherent. Response B, however, misrepresents the implicit meaning entirely, using ""jests as seeds, blooming happiness"" to suggest positive growth rather than lasting damage. The imagery in B is vivid but in the opposite direction of the intended concept, making it ineffective. Both responses use metaphorical language, but A’s alignment with the reference in meaning and tone is significantly stronger. [RESULT] A"
Her feelings raced through her mind like a speeding train.,Riding a rollercoaster of emotions.,B,"Feedback: Both metaphors convey rapid movement, but Response B more accurately captures the ""overwhelming rush of emotions"" with its inherent unpredictability and intensity. The rollercoaster metaphor (B) inherently includes both upward and downward emotional shifts, aligning better with the chaotic, turbulent nature of intense emotions. Response A's ""speeding train"" emphasizes velocity but lacks the emotional turbulence implied in the reference. While both are vivid, B's imagery is more directly tied to the emotional overwhelm aspect of the implicit meaning. [RESULT] B"
Possessions are the anchors of property ownership.,"tags. Remember, it must be 10 words or fewer, and should consist only of the metaphor itself.

<metaphor>Fingerprints on keys prove ownership of apartments.",A,"Feedback: Response A (""Possessions are the anchors of property ownership"") and Response B (""Fingerprints on keys prove ownership of apartments"") both address ownership but diverge in alignment with the implicit meaning. The metaphor ""anchors"" directly reflects the idea of being ""fixed in place,"" as anchors physically hold objects stationary, aligning closely with the concept of material belongings restricting movement. However, the phrase ""property ownership"" shifts focus toward legal rights rather than the emotional or physical burden implied. Response B uses ""fingerprints on keys"" to symbolize ownership, which is imaginative and specific but fails to convey the weight or restriction of possessions. Instead, it emphasizes proof of ownership through physical evidence, which is unrelated to the implicit meaning of being weighed down. While both metaphors are coherent, Response A’s imagery is more relevant to the core concept of fixation, whereas Response B’s is original but misaligned. [RESULT] A"
