predicted_metaphor_A,predicted_metaphor_B,command-a-03-2025_score,command-a-03-2025_generation
Drinks washed away her clear thoughts.,Time is a gentle surgeon.,A,"Feedback: Response A (""Drinks washed away her clear thoughts"") aligns more closely with the implicit meaning of loss of self-control due to excessive drinking, as it directly connects the act of drinking to the erosion of clarity and control. The imagery is vivid and coherent, effectively conveying the intended concept. Response B (""Time is a gentle surgeon"") diverges significantly from the implicit meaning, as it metaphorically associates time with healing or gradual change, which is unrelated to the effects of excessive drinking. While Response B is imaginative, it fails to capture the intended meaning. Therefore, Response A is a clearer and more accurate representation. [RESULT] A"
Her journey climbed steadily upward.,Puzzle pieces fall into place.,A,"Feedback: Response A (""Her journey climbed steadily upward"") directly aligns with the implicit meaning of a gradual, consistent increase or progress by using the imagery of a steady upward climb, which clearly conveys the idea of continuous advancement. The metaphor is vivid and coherent, effectively capturing the intended concept. Response B (""Puzzle pieces fall into place"") suggests a sense of completion or resolution rather than a gradual, consistent increase, making it less aligned with the implicit meaning. While both metaphors use clear imagery, Response A is more accurate and imaginative in representing the original idea. [RESULT] A"
Circles dancing in harmony form ovals.,Life is a river.,A,"Feedback: Response A, ""Circles dancing in harmony form ovals,"" captures the concept of balance and harmony through the imagery of circles creating ovals, which aligns with the implicit meaning of ovals representing perfect balance and gentle flow. However, the metaphor is somewhat abstract and lacks vividness, making it less imaginative. Response B, ""Life is a river,"" conveys the idea of gentle flow but does not explicitly address the balance or the shape of ovals, making it less aligned with the implicit meaning. Both metaphors have their strengths, but Response A is closer to the intended concept, though it could be more vivid. [RESULT] A"
He's a delicate flower easily bruised.,Work was a heavy weight.,A,"Feedback: Response A (""He's a delicate flower easily bruised"") directly aligns with the implicit meaning of fragile and delicate emotions, using vivid and coherent imagery of a flower to convey vulnerability. It is highly imaginative and accurately captures the intended concept. Response B (""Work was a heavy weight"") focuses on the burden of work, which does not align with the implicit meaning of fragile emotions; instead, it conveys a sense of pressure or stress. While both responses use clear imagery, only Response A effectively represents the intended idea. [RESULT] A"
"Light slipped in softly, unobtrusively.",Memories fade like sand.,A,"Feedback: Response A (""Light slipped in softly, unobtrusively"") aligns closely with the implicit meaning of light flowing smoothly and gracefully into a space. It uses vivid and coherent imagery, effectively capturing the gentle, unobtrusive nature of light entering a space. In contrast, Response B (""Memories fade like sand"") diverges significantly from the implicit meaning, as it focuses on the transient nature of memories rather than the smooth flow of light. While Response B is imaginative, it fails to convey the intended concept. Response A is a clearer, more accurate, and more imaginative representation of the original idea. [RESULT] A"
They painted their dreams into reality.,Learning is a winding staircase.,A,"Feedback: Response A (""They painted their dreams into reality"") directly aligns with the implicit meaning of achieving or realizing a goal/dream, using vivid and coherent imagery that clearly conveys the concept of transforming abstract aspirations into tangible outcomes. It scores a 5 for its imaginative and precise representation. Response B (""Learning is a winding staircase"") metaphorically suggests a gradual, ongoing process rather than the completion or realization of a goal, making it less aligned with the implicit meaning. Its imagery is vivid but does not capture the intended concept of achievement, scoring a 3. The commonality is that both use creative metaphors, but they differ in their alignment with the implicit meaning. [RESULT] A"
Ideas blossom in fertile minds.,Time is a river.,A,"Feedback: Response A (""Ideas blossom in fertile minds"") aligns closely with the implicit meaning, emphasizing the need for nurturing and the right environment for ideas to develop, using vivid and coherent imagery of growth and fertility. Response B (""Time is a river"") does not capture the implicit meaning, as it focuses on the flow of time rather than the conditions necessary for idea development. While both metaphors are imaginative, only Response A effectively conveys the intended concept. [RESULT] A"
They are a fortress of resources.,It's a puzzle with missing pieces.,A,"Feedback: Response A (""They are a fortress of resources"") aligns more closely with the implicit meaning of controlling or possessing large amounts of wealth or resources, as it conveys strength, security, and abundance, which are key aspects of resource control. The imagery is vivid and coherent, effectively capturing the idea of dominance and protection over resources. In contrast, Response B (""It's a puzzle with missing pieces"") does not align well with the implicit meaning, as it suggests incompleteness or uncertainty rather than control or possession. The imagery in Response B is less relevant and fails to convey the intended concept of resource dominance. Therefore, Response A is a clearer, more accurate, and more imaginative representation of the original idea. [RESULT] A"
New theory is classical mechanics' child.,Emotions are a stormy sea.,A,"Feedback: Response A directly relates the new theory to classical mechanics through a familial metaphor, effectively capturing the idea of evolution and close relationship, though the imagery is somewhat plain and lacks vividness. Response B, while vivid and imaginative, does not align with the implicit meaning as it describes emotions rather than the relationship between theories. Response A better aligns with the implicit meaning but lacks the imaginative depth of Response B. [RESULT] A"
,Life is a woven tapestry.,B,"Feedback: Response B, ""Life is a woven tapestry,"" partially captures the implicit meaning of time being valuable and finite, as a tapestry implies a gradual, intricate process that cannot be undone or altered once completed, reflecting the finite nature of time. However, it lacks explicit imagery related to depletion or the value of time, making the connection less direct. Response A is not applicable as it is ""nan,"" providing no metaphor to evaluate. Between the two, Response B is the only viable option but scores a 3 due to its loose reflection of the intended meaning and generic imagery. [RESULT] B"
Supervisor handed duties to team leaders.,Money grew on their trees.,A,"Feedback: Response A directly describes the transfer of duties from a supervisor to team leaders, which aligns closely with the implicit meaning of transferring burden or duty. However, it lacks imaginative or vivid imagery, making it more of a literal statement than a metaphor. Response B, ""Money grew on their trees,"" uses vivid and imaginative imagery but fails to convey the transfer of burden or duty, instead suggesting ease or abundance. Neither metaphor fully meets the criteria, but Response A more accurately reflects the intended meaning, albeit without creativity. [RESULT] A"
Gathering tools for our long voyage ahead.,Triumph is a mountain climb.,A,"Feedback: Both metaphors attempt to convey the idea of preparing for a challenging future, but they differ in their approach and effectiveness. Response A, ""Gathering tools for our long voyage ahead,"" directly emphasizes preparation and the necessity of equipping oneself for a journey, which aligns well with the implicit meaning. The imagery is coherent and conveys a sense of readiness, though it is somewhat generic and lacks vividness. Response B, ""Triumph is a mountain climb,"" focuses more on the challenge and achievement aspect of the journey rather than the preparation. While it captures the difficulty of the endeavor, it does not explicitly address the act of preparing, making it less aligned with the implicit meaning. In terms of imagery, the mountain climb is vivid and imaginative, but it diverges from the core idea of preparation. Response A is more accurate in reflecting the implicit meaning, while Response B is more imaginative but less focused on preparation. [RESULT] A"
Their hands painted the economy's growth.,Time is a silent thief.,A,"Feedback: Response A (""Their hands painted the economy's growth"") aligns more closely with the implicit meaning of treating the economy as a physical entity that can be steered or directed. The metaphor effectively conveys the idea of human agency shaping the economy, using vivid and coherent imagery of hands actively painting growth. In contrast, Response B (""Time is a silent thief"") does not relate to the implicit meaning, as it focuses on the abstract concept of time rather than the economy. While Response B is imaginative, it fails to capture the intended concept. [RESULT] A"
"Drunk, he moved like molasses.",She is a solid rock.,A,"Feedback: Response A (""Drunk, he moved like molasses"") aligns closely with the implicit meaning of being drunk making movement difficult and burdensome. The metaphor effectively conveys the sluggishness and heaviness associated with intoxication through the vivid imagery of molasses, which is known for its slow, sticky movement. Response B (""She is a solid rock"") does not relate to the implicit meaning, as it suggests stability and strength rather than difficulty in movement. While both metaphors use clear imagery, only Response A accurately captures the intended concept. [RESULT] A"
She juggled life's tasks with grace.,Life is a rollercoaster ride.,A,"Feedback: Response A, ""She juggled life's tasks with grace,"" and Response B, ""Life is a rollercoaster ride,"" both attempt to convey a metaphorical understanding of life's challenges, but neither aligns closely with the implicit meaning of time management as a financial investment strategy. Response A focuses on balancing tasks gracefully, which is more about multitasking and poise rather than strategic planning or resource allocation. Response B emphasizes the unpredictable and emotional nature of life, which is unrelated to the structured and calculated approach implied in financial investment. Between the two, Response A is slightly more aligned with the concept of managing multiple elements (tasks vs. investments) but still falls short in capturing the strategic and financial aspects. Response B is entirely off-topic in this context. Both metaphors use generic imagery and fail to convey the intended concept effectively. [RESULT] A"
Her anger simmered like boiling water.,Life is a winding road.,A,"Feedback: Response A (""Her anger simmered like boiling water"") aligns closely with the implicit meaning of intense anger spreading outward with scorching intensity, using vivid and coherent imagery that directly relates to the concept of anger as a powerful, heat-like force. In contrast, Response B (""Life is a winding road"") does not capture the implicit meaning at all, as it focuses on the unpredictable nature of life rather than the intensity and outward spread of anger. Response A effectively conveys the intended concept with clear and imaginative imagery, while Response B is unrelated and generic. [RESULT] A"
A compass guided them through turbulent waters.,Beauty is a broken vase.,A,"Feedback: Response A (""A compass guided them through turbulent waters"") aligns more closely with the implicit meaning of overcoming difficulties leading to positive change. It uses vivid and coherent imagery of navigation through challenges, symbolizing guidance and eventual success. In contrast, Response B (""Beauty is a broken vase"") does not capture the implicit meaning effectively; it suggests fragility or loss rather than resilience or transformation. While both metaphors are imaginative, Response A is more accurate and relevant to the intended concept. [RESULT] A"
"Choosing wisely, acting firmly.",Success is a distant mountain.,A,"Feedback: Neither Response A nor Response B effectively captures the implicit meaning of making final decisions about relationships being like making purchases at a store. Response A (""Choosing wisely, acting firmly"") focuses on decision-making and action but lacks the transactional and evaluative elements of a store purchase. Response B (""Success is a distant mountain"") introduces a goal-oriented imagery but diverges entirely from the implicit meaning, focusing on achievement rather than decision-making in relationships. Both metaphors fail to convey the specific concept of evaluating and committing to choices in a relationship context. Response A is slightly closer to the idea of decision-making but remains generic and lacks the transactional nuance. Response B is entirely unrelated. [RESULT] A"
Soft voices whispered calm into her storm.,Love bridged the gap.,A,"Feedback: Response A, ""Soft voices whispered calm into her storm,"" effectively captures the implicit meaning of emotional comfort and healing by using vivid and coherent imagery. The metaphor of soft voices calming a storm directly aligns with the idea of soothing turmoil, making it highly imaginative and clear. In contrast, Response B, ""Love bridged the gap,"" while touching on emotional connection, is less vivid and more generic in its imagery. It does not as closely or imaginatively convey the specific concept of emotional comfort and healing as Response A does. Therefore, Response A better meets the criteria of being a clearer, more accurate, and more imaginative representation of the original idea. [RESULT] A"
"Racing to innovate, companies sped past each other.",Life is a winding road.,A,"Feedback: Response A directly captures the implicit meaning of intense competition and rapid advancement by using the imagery of companies racing past each other, which vividly conveys speed, urgency, and rivalry. It aligns closely with the intended concept and employs coherent, imaginative language. Response B, while imaginative, only loosely reflects the implicit meaning; the metaphor of life as a winding road suggests unpredictability and journey but lacks the elements of competition and rapid advancement. Response A is more precise and vivid in representing the original idea. [RESULT] A"
The present is the canvas of life.,Life is a fleeting river.,A,"Feedback: Response A (""The present is the canvas of life"") and Response B (""Life is a fleeting river"") both attempt to capture the implicit meaning of stability and grounding in existence, but they do so with varying degrees of success. Response A uses the metaphor of a canvas, which implies a sense of creation and permanence, aligning more closely with the idea of stability. The imagery is coherent and suggests a grounded, intentional existence. In contrast, Response B uses the metaphor of a river, which emphasizes transience and movement, contradicting the implicit meaning of stability. While the river metaphor is vivid, it fails to convey the intended concept of grounding. Response A is more accurate and imaginative in representing the original idea. [RESULT] A"
Alcohol draped him in a sleepy blanket.,Life is a stormy sea.,A,"Feedback: Response A (""Alcohol draped him in a sleepy blanket"") aligns closely with the implicit meaning of extreme drowsiness caused by alcohol consumption, using vivid and coherent imagery that directly connects alcohol to a state of sleepiness. The metaphor is imaginative and effectively conveys the intended concept by personifying alcohol as something that envelops the individual in a ""sleepy blanket,"" which is both clear and evocative. In contrast, Response B (""Life is a stormy sea"") does not relate to the implicit meaning at all, as it addresses a broader, unrelated concept of life's challenges rather than the specific effect of alcohol. Response A clearly outperforms Response B in capturing the intended meaning, vividness, and coherence. [RESULT] A"
Belongings paved her path to wealth.,Adversity is a forge.,A,"Feedback: Response A (""Belongings paved her path to wealth"") aligns more closely with the implicit meaning of material possessions enabling access to social status and opportunities, as it directly connects belongings to wealth and success. The imagery is coherent and straightforward, though somewhat generic. Response B (""Adversity is a forge"") diverges significantly from the implicit meaning, focusing on adversity as a transformative force rather than material possessions. While vivid and imaginative, it fails to capture the intended concept. Response A better meets the criteria by maintaining relevance, clarity, and coherence. [RESULT] A"
She carved her path to success.,Life is a puzzle to solve.,A,"Feedback: Response A (""She carved her path to success"") directly aligns with the implicit meaning of progress through effort and determination, using vivid and coherent imagery of carving, which implies active, deliberate, and challenging work. It effectively conveys the concept of shaping one's destiny through persistent effort. Response B (""Life is a puzzle to solve"") captures the idea of effort but focuses more on problem-solving rather than the determined progression implied in the implicit meaning. While imaginative, it is less aligned with the specific tone of relentless determination. Response A is clearer and more accurate in representing the original idea. [RESULT] A"
Lack was a heavy stone around her neck.,Time polishes the rough edges.,A,"Feedback: Response A (""Lack was a heavy stone around her neck"") better captures the implicit meaning of personal traumas or deficiencies harming others, as it vividly conveys the burden and negative impact through the imagery of a heavy stone, which aligns with the idea of something personal becoming a weapon. In contrast, Response B (""Time polishes the rough edges"") focuses on improvement and smoothing over issues, which does not align with the implicit meaning of harm caused by personal traumas. While both metaphors use coherent imagery, Response A is more accurate and imaginative in representing the intended concept. [RESULT] A"
Rapidly spreading wildfire of influence.,City is a golden ladder.,A,"Feedback: Response A, ""Rapidly spreading wildfire of influence,"" aligns closely with the implicit meaning of a rapid rise to power and success, capturing the intensity and speed of the ascent. The imagery of a wildfire is vivid and conveys a sense of unstoppable force, which effectively mirrors the concept of rapid success. In contrast, Response B, ""City is a golden ladder,"" is less directly related to the implicit meaning. While the golden ladder suggests opportunity and upward mobility, it does not inherently convey the rapid or overwhelming nature of the rise to power. The imagery is coherent but lacks the immediacy and forcefulness present in Response A. Therefore, Response A is more imaginative, vivid, and aligned with the intended meaning. [RESULT] A"
She saw the big picture in one glance.,Her past is a ghost.,A,"Feedback: Response A, ""She saw the big picture in one glance,"" aligns more closely with the implicit meaning of taking in everything visually with care and attention. It conveys the idea of comprehensive understanding and quick perception, which matches the intended concept. The imagery is clear and coherent, though it lacks a highly imaginative or vivid element, earning it a score of 4. Response B, ""Her past is a ghost,"" diverges significantly from the implicit meaning, as it focuses on the intangible and haunting nature of the past rather than visual perception or attention. The imagery is vivid but unrelated to the intended concept, earning it a score of 2. [RESULT] A"
Life's forks offer new horizon vistas.,Challenges are stepping stones.,B,"Feedback: Both metaphors aim to convey the idea that life choices lead to opportunities, but they differ in their approach and effectiveness. Response A, ""Life's forks offer new horizon vistas,"" uses the imagery of forks (choices) leading to expansive vistas (opportunities), which is vivid and aligns well with the implicit meaning. However, the phrase ""horizon vistas"" is somewhat generic and lacks the immediacy of a more concrete image. Response B, ""Challenges are stepping stones,"" directly links challenges (a specific aspect of life choices) to progress, creating a clear and coherent metaphor that is both imaginative and relatable. While both responses capture the implicit meaning, Response B does so with more precision and vividness, making it the stronger choice. [RESULT] B"
Lamps painted circles on the night's canvas.,Actions are the mirror.,A,"Feedback: Response A uses vivid imagery of ""lamps painted circles on the night's canvas,"" which captures the idea of light spreading in a creative and coherent manner, aligning closely with the implicit meaning of light spreading like liquid. It effectively conveys the concept through imaginative and clear imagery. Response B, ""actions are the mirror,"" does not relate to the implicit meaning of light spreading and collecting like liquid; it is unclear and lacks coherence with the intended concept. The imagery in Response B is generic and does not capture the essence of the implicit meaning. Therefore, Response A is the better metaphor. [RESULT] A"
Watering flowers blooms success gradually.,Bricks build a castle.,B,"Feedback: Both metaphors attempt to convey the idea of gradual accumulation leading to success, but they differ in their approach and effectiveness. Response A, ""Watering flowers blooms success gradually,"" uses a natural, organic process to represent the accumulation of good habits, which aligns well with the implicit meaning. The imagery is vivid and coherent, as it evokes a clear picture of nurturing growth over time. However, it slightly deviates from the original concept by focusing on the outcome (blooming) rather than the process of accumulation itself. Response B, ""Bricks build a castle,"" employs a more structured and deliberate process, emphasizing the step-by-step accumulation of efforts. This metaphor is highly coherent and aligns closely with the idea of good habits building future success, as each brick represents a habit contributing to a larger, tangible achievement. While both metaphors are imaginative, Response B more accurately captures the incremental and purposeful nature of habit accumulation. [RESULT] B"
Their laughter ignited a joyous fire.,Unity was their winning anchor.,A,"Feedback: Response A, ""Their laughter ignited a joyous fire,"" effectively captures the implicit meaning of happiness spreading rapidly from person to person by using vivid imagery of fire, which naturally evokes the idea of rapid, uncontrollable spread. The metaphor is imaginative and aligns closely with the intended concept, earning a score of 5. Response B, ""Unity was their winning anchor,"" while coherent, does not directly convey the idea of happiness spreading rapidly. Instead, it focuses on stability and collective strength, which is a different concept altogether. This metaphor has a weak relation to the implicit meaning and uses imagery that does not align with the intended tone, earning a score of 2. The commonality between the two responses is their attempt to convey a positive emotional state, but they differ significantly in their approach and effectiveness. [RESULT] A"
Life draws its map through space and time.,Life is a winding road.,A,"Feedback: Both metaphors attempt to capture the essence of existence manifesting throughout the universe, but they differ in their approach and effectiveness. Response A, ""Life draws its map through space and time,"" aligns more closely with the implicit meaning by explicitly mentioning ""space and time,"" which resonates with the concept of the universe. However, the imagery is somewhat abstract and less vivid, making it harder to grasp immediately. Response B, ""Life is a winding road,"" uses a more familiar and vivid image but focuses on the journey aspect of life rather than its manifestation throughout the universe, thus missing the broader cosmic context. While Response B is more imaginative and accessible, Response A better captures the intended meaning despite its less vivid imagery. [RESULT] A"
She conserves energy like a miser saves gold.,Memories are her ghosts.,A,"Feedback: Response A directly aligns with the implicit meaning of carefully managing limited energy resources by comparing energy conservation to a miser saving gold, effectively conveying the idea of meticulous resource management. The imagery is clear and coherent, though somewhat conventional. Response B, while imaginative, diverges from the implicit meaning by focusing on memories as ghosts, which does not relate to energy management. The imagery in Response B is vivid but fails to capture the intended concept. Response A better meets the criteria by closely aligning with the implicit meaning and using coherent imagery, albeit less original. [RESULT] A"
Pencil strokes built the masterpiece slowly.,Mind is a stormy canvas.,A,"Feedback: Response A (""Pencil strokes built the masterpiece slowly"") aligns more closely with the implicit meaning of creation as a gradual process of movement and transformation. It effectively conveys the idea of a slow, deliberate progression toward a final masterpiece, using vivid and coherent imagery of pencil strokes. In contrast, Response B (""Mind is a stormy canvas"") captures transformation but lacks the gradual, process-oriented aspect of creation, focusing instead on the chaotic nature of the mind, which is less aligned with the implicit meaning. Response A is more imaginative and accurate in representing the original idea. [RESULT] A"
Characters swap in a social drama.,Wisdom is a layered tapestry.,A,"Feedback: Response A (""Characters swap in a social drama"") partially captures the idea of exchange but lacks the depth and vividness needed to convey the implicit meaning of personal traits as precious items. It focuses on the act of swapping without emphasizing the value or significance of the traits being exchanged. Response B (""Wisdom is a layered tapestry"") introduces a vivid and coherent image but does not align with the implicit meaning of exchanging personal traits as precious items. It emphasizes complexity and depth rather than exchangeability. Neither metaphor fully meets the criteria, but Response A slightly better reflects the concept of exchange, albeit weakly. [RESULT] A"
She weaved her way to dominance.,The city is a canvas.,A,"Feedback: Response A (""She weaved her way to dominance"") aligns more closely with the implicit meaning of rising to a higher status or authority level, as it conveys a deliberate and strategic progression toward dominance, which resonates with the idea of ascending to power. The imagery is coherent and suggests a purposeful journey, though it lacks vividness and originality. Response B (""The city is a canvas"") diverges significantly from the implicit meaning, as it focuses on creativity or potential rather than the rise to authority. While imaginative, it fails to capture the intended concept. Response A is more accurate and relevant, despite its less vivid imagery. [RESULT] A"
Brain needs sleep like soil needs rain.,Learning is a never-ending staircase.,A,"Feedback: Response A directly relates the brain's need for sleep to soil needing rain, creating a vivid and coherent image that aligns closely with the implicit meaning of the mind needing rest to function properly. It effectively conveys the concept of replenishment and necessity, mirroring the idea of a computer needing a reboot. Response B, while imaginative, focuses on the continuous nature of learning rather than the need for rest or replenishment, making it less aligned with the implicit meaning. The imagery in Response A is more specific and relevant to the intended concept, whereas Response B's metaphor is more abstract and less directly connected. [RESULT] A"
"Drop by drop, ink fills the page of knowledge.",Imagination fuels the engine.,A,"Feedback: Response A uses the imagery of ink filling a page drop by drop, which conveys a gradual and cumulative process, somewhat aligning with the collaborative nature of building scientific knowledge. However, it lacks the puzzle-like assembly aspect of the implicit meaning and does not emphasize collaboration. Response B, ""Imagination fuels the engine,"" introduces a dynamic and active imagery but focuses on imagination rather than collaboration or the puzzle-like assembly of knowledge. Neither metaphor fully captures the implicit meaning of scientific knowledge being built collaboratively like assembling a puzzle. Response A is slightly closer in conveying a gradual process, but both fall short in vividness and coherence with the intended concept. [RESULT] A"
Her dreams shattered like glass.,Partners in a strong fortress.,A,"Feedback: Response A (""Her dreams shattered like glass"") effectively captures the implicit meaning of declining from optimism to deep sadness by using vivid and coherent imagery of fragility and destruction, aligning closely with the emotional shift. In contrast, Response B (""Partners in a strong fortress"") does not reflect the implicit meaning, as it conveys strength and unity rather than a decline into sadness. Response A is highly imaginative and directly relates to the intended concept, while Response B is entirely unrelated. [RESULT] A"
Their desire ignited like wildfire.,They were a well-oiled machine.,A,"Feedback: Response A (""Their desire ignited like wildfire"") captures the intensity and uncontrollable nature of extreme tension or conflict, aligning closely with the implicit meaning through vivid and imaginative imagery. It effectively conveys the explosive and destructive potential of such emotions. In contrast, Response B (""They were a well-oiled machine"") suggests efficiency and harmony, which contradicts the idea of tension or conflict, failing to align with the implicit meaning. While Response A uses a metaphor that is both coherent and evocative, Response B’s imagery is not only generic but also misaligned with the intended concept. [RESULT] A"
Harsh winds blew out her inner flame.,Time is a gentle surgeon.,A,"Feedback: Response A (""Harsh winds blew out her inner flame."") aligns more closely with the implicit meaning of harmful words gradually destroying someone's determination. It effectively uses vivid imagery of a flame being extinguished by harsh winds, which metaphorically represents the erosion of inner strength or determination. The metaphor is coherent and directly relates to the concept of something being destroyed over time. In contrast, Response B (""Time is a gentle surgeon."") does not capture the destructive nature of harmful words; instead, it implies a healing or corrective process, which is misaligned with the implicit meaning. While Response B is imaginative, it fails to convey the intended concept accurately. [RESULT] A"
Economic storm flooded the financial landscape.,Learning is a path.,A,"Feedback: Response A uses the metaphor of an ""economic storm flooding the financial landscape,"" which vividly captures the overwhelming and destructive force of financial problems. The imagery of a storm and flooding effectively conveys chaos and devastation, aligning closely with the implicit meaning. In contrast, Response B, ""Learning is a path,"" does not relate to the implicit meaning of financial problems and instead focuses on a different concept entirely, making it irrelevant to the evaluation. Response A is highly imaginative, coherent, and directly aligned with the intended meaning, while Response B fails to address the topic. [RESULT] A"
Drops of light danced down the room.,Wisdom is a tapestry.,A,"Feedback: Response A (""Drops of light danced down the room"") captures the fluid, flowing nature of light, aligning closely with the implicit meaning of light flowing like water in a waterfall. The imagery is vivid and coherent, effectively conveying the intended concept through the metaphor of light as drops that dance, which suggests movement and fluidity. In contrast, Response B (""Wisdom is a tapestry"") does not relate to the implicit meaning at all, as it introduces a completely different concept (wisdom) and imagery (tapestry) that lacks any connection to the flow of light or water. Response A is highly imaginative and aligns well with the reference meaning, while Response B fails to reflect the intended concept. [RESULT] A"
A tangled web of tasks.,Emotions are a kaleidoscope.,B,"Feedback: Response A, ""A tangled web of tasks,"" effectively conveys the idea of chaos and lack of control through the imagery of a tangled web, which is a well-established metaphor for complexity and confusion. It aligns closely with the implicit meaning of being chaotic and out of control, though it is somewhat generic and lacks originality. Response B, ""Emotions are a kaleidoscope,"" introduces vivid and imaginative imagery, capturing the unpredictable and ever-changing nature of emotions, which resonates with the chaotic aspect of the implicit meaning. However, it is less direct in conveying the ""out of control"" element compared to Response A. Both metaphors are coherent, but Response B is more imaginative and vivid, while Response A is more straightforward in aligning with the implicit meaning. [RESULT] B"
A relationship wrapped in eternal silk.,Freedom is an open road.,A,"Feedback: Response A, ""A relationship wrapped in eternal silk,"" uses imagery that suggests something delicate, valuable, and enduring, which aligns with the implicit meaning of a precious and irreplaceable person to be treasured. The metaphor is vivid and coherent, effectively conveying the idea of something to be cherished and protected. Response B, ""Freedom is an open road,"" while imaginative, does not align with the implicit meaning as it emphasizes openness and lack of constraints rather than the value and irreplaceability of a person. The imagery in Response B is vivid but fails to capture the intended concept. Therefore, Response A better meets the criteria by closely aligning with the implicit meaning and using appropriate, vivid imagery. [RESULT] A"
He composed silence into melody.,Team is a fortress.,A,"Feedback: Response A (""He composed silence into melody"") aligns more closely with the implicit meaning of ""creation emerging from nothingness"" compared to Response B (""Team is a fortress""). Response A vividly and coherently captures the idea of transforming emptiness (silence) into something meaningful (melody), which directly reflects the concept of creation from nothingness. The imagery is imaginative and clear, effectively conveying the intended idea. In contrast, Response B, while imaginative, does not align with the implicit meaning; it suggests strength and unity (a fortress) rather than creation from nothingness. Therefore, Response A is the clearer, more accurate, and more imaginative representation. [RESULT] A"
"Tension sparked like fireworks, uncontrollable.",City is a canvas.,A,"Feedback: Response A (""Tension sparked like fireworks, uncontrollable"") aligns closely with the implicit meaning of a sudden, uncontrollable emotional outburst. The metaphor effectively captures the explosive and unpredictable nature of such emotions, using vivid imagery of fireworks to convey intensity and lack of control. Response B (""City is a canvas"") fails to reflect the implicit meaning, as it lacks any connection to sudden emotional outbursts and instead suggests a static, creative space. While both responses use imagery, only Response A is coherent and imaginative in representing the intended concept. [RESULT] A"
Her mind dances as one symphony.,The city is a dream factory.,A,"Feedback: Response A, ""Her mind dances as one symphony,"" aligns more closely with the implicit meaning of harmonious coordination of multiple skills and abilities. It effectively conveys the idea of different elements working together in a unified, graceful manner, much like the instruments in a symphony. The imagery is vivid and coherent, capturing the essence of coordination and harmony. Response B, ""The city is a dream factory,"" while imaginative, does not directly reflect the implicit meaning. It suggests a place where dreams are produced, which is more about creativity and output rather than the coordination of skills. The imagery is vivid but less aligned with the intended concept. Therefore, Response A is the clearer, more accurate, and more imaginative representation. [RESULT] A"
She weighs their proposal meticulously.,Life is a rollercoaster.,A,"Feedback: Response A (""She weighs their proposal meticulously"") directly reflects the mental burden and careful consideration involved in a difficult decision-making process, aligning closely with the implicit meaning. The imagery is coherent and conveys the intended concept effectively, though it lacks vividness and imaginative flair. Response B (""Life is a rollercoaster"") captures the idea of ups and downs but does not specifically address the mental burden or decision-making process, making it less aligned with the implicit meaning. While Response B is more imaginative and vivid, it fails to convey the core concept accurately. Response A is more precise and relevant, despite its less imaginative imagery. [RESULT] A"
New funds watered startup gardens.,Words are sharp knives.,A,"Feedback: Response A (""New funds watered startup gardens"") aligns closely with the implicit meaning of money flowing into and nurturing business growth, using vivid and coherent imagery that directly relates to the concept of nurturing and growth. It effectively conveys the intended idea through a clear and imaginative metaphor. In contrast, Response B (""Words are sharp knives"") does not align with the implicit meaning, as it focuses on the sharpness and potential harm of words rather than the nurturing aspect of financial investment. While Response B is vivid and imaginative, it fails to capture the intended concept. [RESULT] A"
She swims through toxic waters carefully.,Life is an open sky.,A,"Feedback: Response A (""She swims through toxic waters carefully"") aligns more closely with the implicit meaning of harmful and toxic verbal abuse, as it uses vivid imagery of navigating through a dangerous environment, which metaphorically reflects the experience of enduring verbal toxicity. The metaphor is coherent and effectively conveys the concept of caution and struggle in a harmful situation. In contrast, Response B (""Life is an open sky"") does not capture the implicit meaning, as it suggests freedom and openness rather than toxicity or harm, making it unrelated to the intended concept. Response A is more imaginative and accurate in representing the original idea. [RESULT] A"
His words triggered a storm of disgust.,Change is a breath.,A,"Feedback: Response A effectively captures the implicit meaning by using the metaphor ""His words triggered a storm of disgust,"" which vividly conveys the intense, overwhelming, and unpleasant reaction to the words. The imagery of a storm aligns closely with the idea of something powerful and undesirable, mirroring the sickening effect of the words. In contrast, Response B, ""Change is a breath,"" does not align with the implicit meaning, as it suggests something gentle and natural rather than unpleasant or sickening. The imagery in Response B is coherent but fails to reflect the intended concept. Response A is more imaginative, vivid, and accurate in representing the original idea. [RESULT] A"
Winning sets all hearts to race.,Life is a maze.,A,"Feedback: Response A (""Winning sets all hearts to race"") captures the implicit meaning more effectively by directly linking the concept of a goal (winning) to its motivating effect on people (hearts racing), creating a vivid and coherent image of excitement and drive. In contrast, Response B (""Life is a maze"") focuses on the complexity and uncertainty of life, which, while imaginative, does not directly convey the idea of a goal attracting and motivating people. Response A aligns more closely with the intended meaning and uses more relevant imagery. [RESULT] A"
She floated into peace like a feather on calm water.,She was a puzzle piece.,A,"Feedback: Response A uses vivid and coherent imagery of a feather gently settling on calm water, which effectively conveys a sense of tranquility and ease, aligning well with the implicit meaning of mental exhaustion and lack of energy as it suggests a peaceful resolution to a state of fatigue. In contrast, Response B, ""She was a puzzle piece,"" lacks clarity and vividness in relation to the implicit meaning, as it does not directly evoke the concept of mental exhaustion or energy depletion, instead suggesting a sense of fitting into a larger whole, which is unrelated to the intended idea. Response A is more imaginative and accurately captures the intended concept, while Response B falls short in both vividness and alignment with the implicit meaning. [RESULT] A"
Time weaves silent magic through life.,Creativity is a spark.,A,"Feedback: Response A (""Time weaves silent magic through life"") aligns closely with the implicit meaning of time bringing profound changes without noise, effectively capturing the concept through vivid and coherent imagery. The metaphor emphasizes the transformative power of time (""weaves magic"") while highlighting its quiet nature (""silent""), which directly reflects the intended idea. In contrast, Response B (""Creativity is a spark"") diverges significantly from the implicit meaning, focusing on creativity rather than time and failing to address the themes of profound change or silence. While both responses use imaginative language, only Response A accurately and vividly conveys the intended concept. [RESULT] A"
Literature is a fertile soil for thoughts.,Creativity is a spark.,A,"Feedback: Response A (""Literature is a fertile soil for thoughts"") aligns more closely with the implicit meaning, as it directly conveys the idea that literature nurtures and produces creative thoughts, using vivid and coherent imagery of fertile soil to symbolize growth and nourishment. Response B (""Creativity is a spark"") captures a different aspect of creativity—its sudden and transformative nature—but does not directly address the nurturing role of literature. While both metaphors are imaginative, Response A is more accurate and coherent in representing the intended concept. [RESULT] A"
Adding weights to an already heavy backpack.,Life is a marathon.,A,"Feedback: Response A (""Adding weights to an already heavy backpack"") more closely aligns with the implicit meaning of material possessions accumulating as burdens, as it directly conveys the idea of adding weight to an already heavy load, mirroring the concept of accumulating possessions. The imagery is vivid and coherent, effectively capturing the intended burden. In contrast, Response B (""Life is a marathon"") is a common metaphor that, while imaginative, does not specifically address the accumulation of material possessions or their burden. It is more general and less aligned with the implicit meaning. Response A is clearer and more accurate in representing the original idea. [RESULT] A"
Laughter was a balm for tough times.,Learning is a never-ending path.,A,"Feedback: Response A (""Laughter was a balm for tough times"") aligns closely with the implicit meaning, effectively conveying that laughter serves as emotional healing during difficult times. The metaphor uses vivid and coherent imagery, comparing laughter to a balm, which is a clear and imaginative representation of its soothing and restorative qualities. In contrast, Response B (""Learning is a never-ending path"") does not relate to the implicit meaning at all, as it discusses learning rather than laughter or emotional healing. Response A is highly imaginative, vivid, and accurately captures the intended concept, while Response B fails to address the given idea. [RESULT] A"
Project bloomed like a fully grown flower.,Life is a puzzle.,A,"Feedback: Response A (""Project bloomed like a fully grown flower"") uses vivid and coherent imagery, but it does not closely align with the implicit meaning of ""successfully completed or landed safely."" The metaphor suggests growth and flourishing, which is more about development rather than completion. Response B (""Life is a puzzle"") also does not directly capture the implicit meaning, as it implies complexity and ongoing effort rather than a state of completion. However, neither metaphor effectively conveys the intended concept. Response A is slightly more imaginative and coherent in its imagery compared to Response B, which is more generic and less vivid. [RESULT] A"
She stands firm like a rock.,Life is a rollercoaster.,A,"Feedback: Neither Response A nor Response B effectively captures the implicit meaning of ""eagerly and completely accepting or seizing control and authority."" Response A, ""She stands firm like a rock,"" conveys stability and steadfastness but lacks the proactive and assertive elements of seizing control. Response B, ""Life is a rollercoaster,"" suggests unpredictability and emotional highs and lows, which is entirely unrelated to the implicit meaning. Both metaphors fail to align with the intended concept, but Response A is slightly more coherent in its imagery, albeit still misaligned. [RESULT] A"
She rowed with fading oars toward the shore.,Emotions are a maze.,A,"Feedback: Response A (""She rowed with fading oars toward the shore"") aligns more closely with the implicit meaning of operating with minimal energy and exhausted resources. The imagery of fading oars vividly conveys the depletion of energy and effort, creating a coherent and imaginative representation of the concept. In contrast, Response B (""Emotions are a maze"") focuses on complexity and confusion rather than exhaustion or limited resources, failing to capture the intended meaning. While both metaphors use imagery, Response A is more accurate and vivid in reflecting the implicit meaning. [RESULT] A"
Career shifted with the promotion.,The city is a canvas.,B,"Feedback: Response A (""Career shifted with the promotion"") directly addresses a change in career direction but lacks vivid imagery and fails to capture the suddenness or dramatic nature of the implicit meaning. It is straightforward but uninspired. Response B (""The city is a canvas"") introduces a vivid and imaginative image but does not directly relate to a career change or convey the idea of a sudden dramatic shift. Neither metaphor fully aligns with the implicit meaning, but Response B offers more imaginative imagery, even if it is less relevant. [RESULT] B"
She nurtured affection like a garden.,Time is a sculptor.,A,"Feedback: Response A (""She nurtured affection like a garden"") aligns closely with the implicit meaning of love requiring careful attention and protection to grow, as it directly conveys the idea of nurturing and tending to something delicate, much like a garden. The imagery is vivid and coherent, effectively capturing the concept of growth and care. In contrast, Response B (""Time is a sculptor"") does not directly relate to the implicit meaning, as it focuses on the shaping and transformative nature of time rather than the nurturing aspect of love. While both metaphors are imaginative, Response A is more accurate and relevant to the intended concept. [RESULT] A"
A lamp in the dark room of uncertainty.,Petals on a breeze.,A,"Feedback: Response A (""A lamp in the dark room of uncertainty"") directly aligns with the implicit meaning by clearly depicting a moment of clarity (the lamp) within overwhelming uncertainty (the dark room). The imagery is vivid and coherent, effectively conveying the intended concept. Response B (""Petals on a breeze"") lacks a clear connection to the implicit meaning, as it evokes fragility or transience rather than clarity in uncertainty. While Response B has poetic imagery, it fails to capture the intended concept. Response A is superior in both alignment and vividness. [RESULT] A"
Math is a staircase of complex steps.,Education is a key.,A,"Feedback: Response A (""Math is a staircase of complex steps"") better captures the implicit meaning of mathematics being challenging with many difficult concepts to master. It uses vivid and coherent imagery of a staircase, which inherently implies progression and difficulty, aligning closely with the idea of mastering complex steps. Response B (""Education is a key"") is more generic and does not specifically address the challenges or complexity of mathematics, focusing instead on the broader concept of education as a tool for access. While both metaphors are coherent, Response A is more imaginative and directly relevant to the implicit meaning. [RESULT] A"
He charts his emotions carefully.,Life is a rollercoaster.,A,"Feedback: Response A (""He charts his emotions carefully"") aligns more closely with the implicit meaning of control and restraint over feelings, as it directly conveys the idea of carefully managing emotions through the imagery of charting, which implies precision and deliberate action. In contrast, Response B (""Life is a rollercoaster"") focuses on the unpredictable and turbulent nature of life, which does not directly reflect the concept of control or restraint over feelings. While both metaphors use vivid imagery, Response A is more coherent and accurate in representing the intended meaning. [RESULT] A"
They're walking on thin ice.,He is a fountain of knowledge.,A,"Feedback: Response A (""They're walking on thin ice"") directly aligns with the implicit meaning of being in a dangerous or precarious situation with risk of failure, using vivid and coherent imagery that clearly conveys the intended concept. Response B (""He is a fountain of knowledge"") diverges significantly from the implicit meaning, as it portrays a positive attribute of abundant knowledge rather than a risky or precarious situation. While both metaphors are coherent, only Response A captures the intended tone and imagery of danger and risk. [RESULT] A"
A relationship is a garden needing watering.,Life is a tightrope.,A,"Feedback: Response A (""A relationship is a garden needing watering"") aligns more closely with the implicit meaning of love as a shared journey requiring effort and commitment, as it emphasizes the need for continuous care and nurturing, which parallels the idea of effort. The imagery is coherent and vivid, effectively conveying the concept of maintenance in a relationship. Response B (""Life is a tightrope"") captures the idea of balance and effort but is less specific to the shared journey aspect of love, focusing more on individual precariousness rather than mutual commitment. While both metaphors use clear imagery, Response A is more accurate and imaginative in representing the original idea. [RESULT] A"
Light grows brighter with gathered evidence.,Ideas are sparks combined.,A,"Feedback: Both metaphors attempt to capture the implicit meaning of understanding improving with more information, but they differ in their approach and effectiveness. Response A, ""Light grows brighter with gathered evidence,"" uses a vivid and coherent image of light increasing in brightness, which directly parallels the concept of understanding deepening as evidence accumulates. This metaphor is highly imaginative and aligns closely with the implicit meaning, earning a score of 5. Response B, ""Ideas are sparks combined,"" while creative, focuses more on the combination of ideas rather than the gradual improvement of understanding. The imagery of sparks is vivid but less directly tied to the incremental growth of knowledge, making it a looser fit for the implicit meaning, earning a score of 3. [RESULT] A"
They swim in a sea of opportunities.,They are drowning in tasks.,A,"Feedback: Response A (""They swim in a sea of opportunities"") aligns closely with the implicit meaning of having many available chances for success, using vivid and coherent imagery of swimming in a vast, abundant sea. It effectively conveys the idea of navigating through plentiful opportunities with ease and freedom. In contrast, Response B (""They are drowning in tasks"") diverges from the implicit meaning by emphasizing overwhelm and struggle rather than abundance and possibility. While its imagery is vivid, it fails to capture the positive and resourceful tone of the implicit meaning. Response A is clearer, more accurate, and more imaginative in representing the original idea. [RESULT] A"
Breadcrumbs from others guide our transformation journey.,Learning is a journey.,A,"Feedback: Response A (""Breadcrumbs from others guide our transformation journey"") aligns more closely with the implicit meaning by emphasizing the role of others in guiding personal growth, using vivid and coherent imagery of breadcrumbs as a metaphor for guidance. It captures the idea that external influences help us navigate and understand our path. In contrast, Response B (""Learning is a journey"") is more generic and fails to explicitly convey the role of others in the process, focusing solely on the journey aspect without the guiding element. Response A is more imaginative and accurate in representing the original idea. [RESULT] A"
They are a steady stream of success.,Experience is the teacher.,A,"Feedback: Response A, ""They are a steady stream of success,"" conveys a sense of continuous and reliable achievement, which aligns somewhat with the implicit meaning of firmly grasping and holding onto success. However, it lacks the imagery of active retention or control, focusing more on the flow rather than the grip. Response B, ""Experience is the teacher,"" shifts the focus to learning and guidance, which diverges significantly from the implicit meaning of holding onto achievement. Neither metaphor fully captures the idea of firmly grasping success, but Response A is closer in tone and imagery, albeit still lacking in vividness and direct alignment. Response B is more imaginative but entirely misses the intended concept. [RESULT] A"
"He charted his course, steering steadily within himself.",Falling seeds new growth.,B,"Feedback: Response A uses the metaphor of ""charting a course and steering steadily,"" which suggests deliberate and controlled movement, contradicting the implicit meaning of moving ""quickly but casually without full commitment."" The imagery is coherent but misaligned with the intended concept. Response B, ""Falling seeds new growth,"" implies natural, effortless change, which partially aligns with ""casually"" but lacks the ""quick"" and ""without full effort"" aspects, and the imagery is somewhat vague. Both responses fail to fully capture the implicit meaning, but Response B is closer in tone, though still incomplete. [RESULT] B"
Familiar comfort woven into their shared fabric.,Memories are the tapestry.,A,"Feedback: Both metaphors attempt to convey the idea of emotional security and comfort derived from familiar elements, but they differ in their approach and effectiveness. Response A, ""Familiar comfort woven into their shared fabric,"" uses the imagery of fabric to suggest a deep, interwoven connection that provides comfort, aligning well with the implicit meaning. The metaphor is coherent and vivid, though it could be more imaginative in its execution. Response B, ""Memories are the tapestry,"" focuses on memories as the source of comfort, which is a common trope and thus less original. While it captures the idea of emotional security, it does not explicitly tie it to ""familiar beliefs"" as the implicit meaning requires. Response A more closely aligns with the intended concept by emphasizing the shared and familiar nature of the comfort, making it a clearer and more accurate representation. [RESULT] A"
She is a calm lighthouse guiding others through storms.,The forest is a sleeping beast.,A,"Feedback: Response A directly aligns with the implicit meaning of stability and guidance during difficult emotional times, using a vivid and coherent image of a calm lighthouse guiding others through storms. It effectively conveys the intended concept with clarity and imagination. Response B, while imaginative, does not align with the implicit meaning as it portrays a forest as a sleeping beast, which does not inherently convey stability or guidance. The imagery in Response B is vivid but fails to capture the intended concept. Response A is superior in aligning with the implicit meaning, coherence, and effectiveness in conveying the intended idea. [RESULT] A"
Light dawned as the fog lifted.,Time peels the onion.,A,"Feedback: Both metaphors aim to convey the idea of gradual clarity and understanding, but they differ in their approach and effectiveness. Response A, ""Light dawned as the fog lifted,"" directly aligns with the implicit meaning by using imagery of light and fog to symbolize clarity emerging from obscurity, which is vivid and coherent. Response B, ""Time peels the onion,"" while imaginative, conveys a process of gradual revelation but is less directly tied to the concept of clarity and understanding. The onion metaphor suggests layers being removed over time, which is more about uncovering complexity rather than achieving clarity. Response A is more precise and vivid in capturing the intended meaning. [RESULT] A"
A flame waiting to ignite.,Life is a delicate flower.,A,"Feedback: Response A (""A flame waiting to ignite"") more closely aligns with the implicit meaning of explosive potential for romance or conflict, as it directly evokes the idea of latent energy ready to burst into action, which mirrors the intensity and unpredictability of the intended concept. The imagery is vivid and coherent, capturing both the potential for passion and the risk of combustion. In contrast, Response B (""Life is a delicate flower"") focuses on fragility and beauty, which, while poetic, does not convey the explosive or dual nature of romance and conflict as effectively. Response B’s imagery is more static and lacks the dynamic tension present in the implicit meaning. [RESULT] A"
Time is an unstoppable current.,Life is a winding road.,A,"Feedback: Response A (""Time is an unstoppable current"") aligns more closely with the implicit meaning of time being unstoppable and destructive in its forward motion. The metaphor effectively captures the relentless and overpowering nature of time, with the imagery of a current being vivid and coherent. In contrast, Response B (""Life is a winding road"") focuses on the unpredictable and varied nature of life, which, while imaginative, does not directly convey the destructive or unstoppable aspect of time. Response A is more precise and relevant to the intended concept. [RESULT] A"
Time is the unseen traveler in our lives.,Life is a delicate flower.,A,"Feedback: Response A (""Time is the unseen traveler in our lives"") better captures the implicit meaning of time being constant and inescapable compared to Response B (""Life is a delicate flower""). Response A uses the imagery of an ""unseen traveler,"" which effectively conveys the idea that time is always present, moving forward relentlessly, and cannot be avoided, aligning closely with the intended concept. The metaphor is vivid and coherent, emphasizing time's persistent and unavoidable nature. In contrast, Response B focuses on the fragility and beauty of life, which, while imaginative, does not directly address the constancy or inescapability of time. It diverges from the implicit meaning and instead highlights life's vulnerability, making it less relevant to the intended concept. [RESULT] A"
They swim deeper into troubled waters.,Time is a gentle surgeon.,B,"Feedback: Response A (""They swim deeper into troubled waters"") captures the idea of being entangled in harmful relationships and the difficulty of escaping, aligning well with the implicit meaning. The imagery of troubled waters is vivid and conveys the sense of danger and struggle. However, it lacks the nuance of the slow, gradual consumption implied in the implicit meaning. Response B (""Time is a gentle surgeon"") introduces a more imaginative and nuanced concept, suggesting a gradual, almost imperceptible process, which closely aligns with the idea of being slowly consumed. The imagery is coherent and effectively conveys the intended concept, though it slightly deviates from the explicit theme of harmful relationships. Response A is more direct but less imaginative, while Response B is more imaginative and nuanced but slightly less direct. [RESULT] B"
"Empty shells of convictions, easily discarded.",Life is a path.,A,"Feedback: Response A, ""Empty shells of convictions, easily discarded,"" directly captures the implicit meaning of the superficial and disposable nature of certain beliefs, using vivid and coherent imagery that aligns closely with the intended concept. The metaphor of ""empty shells"" effectively conveys the idea of hollow or meaningless convictions that can be easily cast aside, making it highly imaginative and accurate. In contrast, Response B, ""Life is a path,"" is a generic metaphor that does not specifically address the disposable nature of beliefs and lacks the vividness and coherence needed to convey the implicit meaning. While it is a common and coherent metaphor, it fails to align with the specific concept being evaluated. [RESULT] A"
Alcohol painted his thoughts with fog.,Time is a river.,A,"Feedback: Response A (""Alcohol painted his thoughts with fog"") aligns closely with the implicit meaning of alcohol destroying clear thinking, using vivid and coherent imagery that directly connects alcohol to the obscuring of thoughts. It effectively conveys the intended concept through a clear and imaginative metaphor. In contrast, Response B (""Time is a river"") does not relate to the implicit meaning at all, as it discusses the passage of time rather than the effects of alcohol on thinking. The imagery in Response B is vivid but entirely unrelated to the intended concept. Therefore, Response A is a clearer, more accurate, and more imaginative representation of the original idea. [RESULT] A"
"Time weaves through life, altering threads.",Imagination is a key.,A,"Feedback: Response A (""Time weaves through life, altering threads"") better captures the implicit meaning of time's constant change and adaptation, as it uses the imagery of weaving to suggest ongoing modification and transformation, which aligns closely with the chameleon analogy. It is more vivid and coherent in conveying the concept of continuous alteration. Response B (""Imagination is a key"") fails to relate to the implicit meaning of time's adaptive nature and instead introduces an unrelated concept, making it less relevant and imaginative in this context. [RESULT] A"
Her love flowed like an ever-full river.,They were a puzzle with all the right pieces.,A,"Feedback: Response A effectively captures the implicit meaning of warmth and continuous flow of love by using the imagery of an ""ever-full river,"" which conveys both the unending nature and the soothing, nurturing aspect of love. The metaphor is vivid and coherent, aligning closely with the intended concept. Response B, while imaginative, focuses on the idea of completeness and fitting together (""puzzle with all the right pieces""), which does not directly reflect the warmth or continuous flow of love. It is more about compatibility rather than the enduring and nurturing aspect of love. Response A is clearer and more accurate in representing the original idea. [RESULT] A"
State policies clash with market realities.,Life is a winding road.,A,"Feedback: Response A directly addresses the concept of incompatibility by comparing state policies and market realities, which clearly conveys the idea of fundamentally mismatched elements. It aligns closely with the implicit meaning and uses coherent imagery, earning a score of 4. Response B, while vivid and imaginative, describes life as a winding road, which does not directly capture the idea of incompatibility or mismatched situations, making it less relevant to the implicit meaning and earning a score of 2. [RESULT] A"
She dove deep into her thoughts.,Time is a river.,B,"Feedback: Response A (""She dove deep into her thoughts"") captures the overwhelming aspect of the implicit meaning by suggesting an intense immersion in thoughts, but it lacks the continuous and flowing nature implied by the metaphor. The imagery is somewhat vivid but does not fully convey the unending stream of thoughts. Response B (""Time is a river"") aligns more closely with the implicit meaning by emphasizing the continuous and unyielding flow, which mirrors the overwhelming and ongoing nature of thoughts. However, it does not directly address the personal or internal aspect of thoughts. Response B is more imaginative and coherent in representing the continuous stream, while Response A is more focused on the depth of immersion. [RESULT] B"
He devoured the book with eagerness.,Team is a well-oiled machine.,A,"Feedback: Response A (""He devoured the book with eagerness"") captures the implicit meaning of quick, fluid movement of eyes while reading more closely than Response B. It uses vivid imagery of ""devouring"" to imply rapid and eager engagement with the book, which aligns well with the idea of quick eye movement. However, it slightly overemphasizes eagerness rather than the fluidity of the movement. Response B (""Team is a well-oiled machine"") focuses on efficiency and coordination but does not relate to the act of reading or eye movement, making it irrelevant to the implicit meaning. Response A is more coherent and imaginative in conveying the intended concept, though it could be more precise in depicting fluidity. [RESULT] A"
She carved her path with moral compass.,Life is a rollercoaster.,A,"Feedback: Response A (""She carved her path with moral compass"") aligns more closely with the implicit meaning of maintaining and improving ethical standards through self-reflection. It uses vivid imagery of carving a path, which suggests deliberate and intentional action, while the ""moral compass"" directly ties to ethical standards. In contrast, Response B (""Life is a rollercoaster"") is a common metaphor that conveys unpredictability and ups and downs but lacks a direct connection to ethical self-improvement or moral standards. While both metaphors are coherent, Response A is more imaginative and accurate in representing the intended concept. [RESULT] A"
Their words carved deep rifts in their bond.,Time is a gentle surgeon.,A,"Feedback: Response A (""Their words carved deep rifts in their bond"") aligns closely with the implicit meaning by directly linking heated arguments to permanent damage in relationships, using vivid and coherent imagery of ""carved deep rifts"" to convey the severity of the impact. Response B (""Time is a gentle surgeon"") diverges significantly from the implicit meaning, as it focuses on time's healing nature rather than the destructive effect of arguments. While Response B is imaginative, it fails to capture the intended concept. Response A is clearer, more accurate, and directly reflects the implicit meaning. [RESULT] A"
A bolt of clarity sliced through confusion.,Learning is a map.,A,"Feedback: Neither Response A nor Response B effectively captures the implicit meaning of lightning being personified as an author writing its signature in the sky. Response A, ""A bolt of clarity sliced through confusion,"" uses vivid imagery but focuses on clarity overcoming confusion, which is unrelated to the personification of lightning as an author. Response B, ""Learning is a map,"" is even more disconnected, as it discusses learning in a metaphorical context without any reference to lightning or authorship. Both responses fail to align with the intended concept, though Response A has slightly more vivid imagery. [RESULT] A"
Love weaves separate threads into one strong rope.,Time is a slow river.,A,"Feedback: Response A directly aligns with the implicit meaning by illustrating how separate threads (entities) are woven into a strong rope (unified and stronger together), using vivid and coherent imagery that clearly conveys the intended concept. Response B, while imaginative, focuses on the slow and continuous nature of time, which does not capture the idea of unification or strength through togetherness. The imagery in Response A is more precise and relevant to the implicit meaning, making it a clearer and more accurate representation. [RESULT] A"
Their beliefs are scattered like autumn leaves.,Life is a stormy sea.,A,"Feedback: Response A, ""Their beliefs are scattered like autumn leaves,"" effectively captures the implicit meaning of isolated and disconnected beliefs by using the vivid imagery of scattered leaves, which naturally evokes a sense of disarray and lack of coherence. The metaphor aligns closely with the intended concept and is imaginative in its use of seasonal imagery. Response B, ""Life is a stormy sea,"" while vivid and imaginative, does not directly address the idea of isolated and disconnected beliefs. Instead, it conveys a broader, more general sense of turmoil and unpredictability, which is less specific to the implicit meaning. Therefore, Response A is more accurate and coherent in representing the original idea. [RESULT] A"
Fear paralyzed his response.,Time is a river.,A,"Feedback: Response A directly aligns with the implicit meaning, clearly conveying that fear paralyzes and prevents action through vivid and coherent imagery. It uses the word ""paralyzed"" to directly mirror the concept of being unable to act due to fear, making it highly accurate and imaginative. Response B, while imaginative, does not align with the implicit meaning; it compares time to a river, which is a common metaphor but does not relate to fear or paralysis. The imagery in Response B is vivid but fails to capture the intended concept. Therefore, Response A is the clearer, more accurate, and more imaginative representation of the original idea. [RESULT] A"
River分流加剧贫富差距。,Life is a tapestry.,A,"Feedback: Response A (""River分流加剧贫富差距"") directly addresses the implicit meaning by illustrating how opportunities, like a river's flow, diverge and exacerbate inequality, which aligns closely with the idea of unequal distribution of success opportunities. The imagery is vivid and coherent, effectively conveying the concept through a natural phenomenon. Response B (""Life is a tapestry"") is more abstract and does not directly address the unequal distribution of opportunities. While it suggests complexity and interconnectedness, it lacks the specificity needed to reflect the implicit meaning. Response A is clearer, more accurate, and more imaginative in representing the original idea. [RESULT] A"
A symphony of personalities plays together.,Mind is an endless fountain.,A,"Feedback: Response A, ""A symphony of personalities plays together,"" effectively captures the implicit meaning of multiple aspects of personality coexisting within one person by using the vivid and coherent imagery of a symphony, where different instruments (personalities) harmonize to create a unified whole. This metaphor aligns closely with the intended concept, offering a clear and imaginative representation. In contrast, Response B, ""Mind is an endless fountain,"" while imaginative, does not directly convey the idea of multiple coexisting personalities. Instead, it suggests a continuous flow of thoughts or ideas, which is less aligned with the implicit meaning. Response A is more vivid, coherent, and accurate in representing the original idea. [RESULT] A"
Creative seeds bloom with care and time.,Life is a winding road.,A,"Feedback: Response A directly aligns with the implicit meaning by using the metaphor of ""creative seeds blooming with care and time,"" which vividly and coherently captures the idea that ideas require nurturing and time to develop. The imagery of seeds growing into blooms is highly imaginative and accurately reflects the concept of gradual development and care. In contrast, Response B, ""Life is a winding road,"" while imaginative, does not closely align with the implicit meaning. It conveys the idea of life's journey and unpredictability but lacks the specific focus on nurturing and development of ideas. Response A is more accurate, vivid, and coherent in representing the intended concept. [RESULT] A"
It's a bottomless pit swallowing resources.,Time is a gentle surgeon.,A,"Feedback: Response A (""It's a bottomless pit swallowing resources"") aligns closely with the implicit meaning of a consuming and destructive force, effectively conveying the idea of relentless resource depletion. The imagery of a ""bottomless pit"" is vivid and coherent, emphasizing the insatiable and destructive nature of the subject. In contrast, Response B (""Time is a gentle surgeon"") diverges significantly from the implicit meaning, as it portrays time as a careful and constructive force rather than a destructive one. While the imagery in Response B is imaginative, it fails to capture the consuming and destructive essence required. Response A is more accurate and vivid in representing the intended concept. [RESULT] A"
New ideas are seismic shifts in thought.,Adversity is a forge.,B,"Feedback: Response A (""New ideas are seismic shifts in thought"") captures the concept of disruptive change but focuses more on the transformative aspect of new ideas rather than the destruction of established systems, partially aligning with the implicit meaning. Its imagery is vivid and coherent but lacks the element of destruction inherent in the implicit meaning. Response B (""Adversity is a forge"") conveys the idea of transformation through hardship, which is more aligned with the implicit meaning of disruptive change that destroys established systems, as a forge implies both destruction and reshaping. While its imagery is vivid, it slightly deviates from the focus on destruction. Response A is more imaginative but less accurate, while Response B is more accurate but less imaginative. [RESULT] B"
His joy burst like fireworks.,Cities are golden ladders.,A,"Feedback: Response A (""His joy burst like fireworks"") effectively captures the implicit meaning of a sudden and explosive increase in joy, using vivid and coherent imagery that aligns closely with the intended concept. The metaphor is highly imaginative and directly conveys the intensity and immediacy of the emotion. In contrast, Response B (""Cities are golden ladders"") does not relate to the implicit meaning, as it lacks any connection to the idea of sudden or explosive joy and instead introduces an unrelated concept. Response A clearly outperforms Response B in aligning with the implicit meaning, vividness, and coherence. [RESULT] A"
Their conversation boiled over into acid.,Teamwork was the engine.,A,"Feedback: Response A (""Their conversation boiled over into acid"") aligns more closely with the implicit meaning of an argument becoming extremely destructive and intense. The metaphor effectively captures the destructive nature of the argument by comparing it to boiling acid, which is vivid and conveys a sense of corrosive intensity. In contrast, Response B (""Teamwork was the engine"") does not relate to the implicit meaning at all, as it focuses on collaboration rather than conflict or destruction. Response A’s imagery is coherent and imaginative, while Response B fails to address the intended concept. [RESULT] A"
Nightfall turned the world into a silent library.,Time is a one-way river.,A,"Feedback: Response A, ""Nightfall turned the world into a silent library,"" captures the oppressive and constraining nature of the night by evoking a sense of enforced quiet and stillness, aligning well with the implicit meaning. The imagery is vivid and coherent, effectively conveying the intended concept. Response B, ""Time is a one-way river,"" while imaginative, does not directly relate to the oppressive and constraining aspect of the night, focusing instead on the unidirectional flow of time. It lacks the specific imagery needed to reflect the implicit meaning. Response A better aligns with the criteria by closely capturing the intended concept with vivid and coherent imagery. [RESULT] A"
She's a chameleon of personalities.,Life is a flowing river.,A,"Feedback: Response A, ""She's a chameleon of personalities,"" directly addresses the implicit meaning of multiple personalities or thoughts competing within one's consciousness, using vivid and coherent imagery that aligns closely with the intended concept. The chameleon metaphor effectively conveys adaptability and change, reflecting the internal struggle of competing personalities. In contrast, Response B, ""Life is a flowing river,"" while imaginative and vivid, does not capture the specific idea of multiple personalities or internal conflict. Instead, it conveys a broader, more general concept of life's continuous flow, which is less aligned with the implicit meaning. Therefore, Response A is a clearer, more accurate, and more imaginative representation of the original idea. [RESULT] A"
Reality takes shape like a sculpted form.,Time is a flowing river.,A,"Feedback: Both metaphors attempt to capture the concept of clarity and definition, but they differ in their approach and effectiveness. Response A, ""Reality takes shape like a sculpted form,"" aligns more closely with the implicit meaning of reality becoming clear and well-defined, as sculpting implies a process of shaping and refining, which mirrors the idea of clarity emerging. The imagery is coherent and vivid, effectively conveying the intended concept. Response B, ""Time is a flowing river,"" while imaginative, does not directly relate to the clarity and definition of reality. It focuses more on the passage of time rather than the shaping of reality, making it less aligned with the implicit meaning. Therefore, Response A is a clearer and more accurate representation. [RESULT] A"
The project was sinking like a stone.,Tapestry of cultures.,A,"Feedback: Response A (""The project was sinking like a stone"") directly aligns with the implicit meaning of an inevitable downward movement towards disaster, using vivid and coherent imagery that clearly conveys the concept of failure and decline. In contrast, Response B (""Tapestry of cultures"") does not relate to the implicit meaning, as it evokes diversity and interconnectedness rather than downward movement or disaster. Response A effectively captures the intended tone and imagery, while Response B is entirely unrelated. [RESULT] A"
Past seeds shape future harvests.,"Rivers flow, never still.",A,"Feedback: Response A (""Past seeds shape future harvests"") directly and vividly captures the implicit meaning by using the agricultural metaphor of seeds and harvests, which clearly illustrates how past actions (seeds) determine future outcomes (harvests). The imagery is coherent and imaginative, aligning closely with the concept of past events influencing the present and future. In contrast, Response B (""Rivers flow, never still"") conveys the idea of constant change but lacks a direct connection to the influence of past events on the future. While the river metaphor is vivid, it is more generic and does not specifically address the causal relationship between past and future. Response A is more accurate and imaginative in representing the intended concept. [RESULT] A"
"Fire raged, demands soaring higher.",Fire reveals true gold.,B,"Feedback: Response A uses the imagery of fire raging and demands soaring to imply a sense of chaos and escalation, which could metaphorically relate to declining standards, but it lacks clarity and directness in conveying the moral decline aspect. Response B, on the other hand, uses the refining nature of fire to reveal true gold, which is a more imaginative and vivid metaphor but fails to directly connect to the idea of moral decline. Both responses have issues with alignment to the implicit meaning, but Response B offers a more coherent and imaginative imagery, even though it doesn’t accurately capture the intended concept. [RESULT] B"
Nature blossoms anew each spring.,Learning is a lifelong path.,A,"Feedback: Response A captures the implicit meaning more closely by directly associating nature with renewal and rebirth through the imagery of blossoming in spring, which aligns well with the idea of nature as a gift-giver. The metaphor is vivid and coherent, effectively conveying the intended concept. Response B, while imaginative, diverges from the implicit meaning by focusing on the continuous aspect of learning rather than the gift-giving and renewal aspects of nature. It lacks the specific imagery of renewal and rebirth present in Response A. Therefore, Response A is a clearer and more accurate representation of the original idea. [RESULT] A"
Brief sparks of genius illuminate minds.,Canvas waiting for art.,A,"Feedback: Response A (""Brief sparks of genius illuminate minds"") aligns closely with the implicit meaning of brilliant and fleeting moments of inspiration, using vivid imagery of sparks to convey both brilliance and transience. It effectively captures the intended concept with coherence and imagination. Response B (""Canvas waiting for art"") lacks alignment with the implicit meaning, as it suggests potential rather than fleeting brilliance, and its imagery is less vivid and less relevant to the concept of momentary inspiration. The difference lies in how Response A directly embodies the idea of brief, luminous moments, while Response B metaphorically represents a state of readiness rather than the occurrence of inspiration itself. [RESULT] A"
Hope anchors us through stormy emotions.,Life is a map.,A,"Feedback: Response A (""Hope anchors us through stormy emotions"") aligns closely with the implicit meaning of hope providing support during difficult times, using vivid and coherent imagery of an anchor stabilizing amidst stormy emotions. It effectively conveys the intended concept with imaginative and clear language. In contrast, Response B (""Life is a map"") is more generic and lacks a direct connection to the implicit meaning, failing to capture the supportive role of hope during challenging times. The imagery in Response B is less vivid and less relevant to the intended concept. [RESULT] A"
Her anger was a storm cloud darkening the room.,Life is a rollercoaster.,A,"Feedback: Response A effectively captures the implicit meaning of intense anger affecting others by using the vivid imagery of a storm cloud darkening the room, which clearly conveys the emotional impact and its spread. The metaphor is coherent and imaginative, aligning closely with the intended concept. Response B, while imaginative, does not align with the implicit meaning as it describes life's ups and downs rather than the specific emotion of anger affecting others. The imagery in Response B is generic and does not capture the intensity or the effect on others as precisely as Response A. Therefore, Response A is a clearer, more accurate, and more imaginative representation of the original idea. [RESULT] A"
She walked through a storm to see sunlight.,Life is a puzzle.,A,"Feedback: Response A (""She walked through a storm to see sunlight"") directly captures the implicit meaning of struggling against overwhelming negative circumstances by using vivid and coherent imagery of enduring a storm to reach a positive outcome. It aligns closely with the intended concept, offering a clear and imaginative representation. In contrast, Response B (""Life is a puzzle"") is more generic and does not specifically convey the idea of overcoming adversity; it lacks the vividness and direct alignment with the implicit meaning. Response A is superior in both clarity and imaginative representation. [RESULT] A"
Museums of traits preserved with care.,Mind is a vast container.,A,"Feedback: Response A (""Museums of traits preserved with care"") aligns more closely with the implicit meaning of carefully selected and displayed traits with precision and value. The metaphor effectively conveys the idea of curation and preservation, which resonates with the concept of careful selection and display. The imagery is vivid and coherent, evoking a sense of deliberate arrangement and importance. In contrast, Response B (""Mind is a vast container"") captures the idea of holding or containing traits but lacks the nuance of careful selection and precise display. While it is a clear and simple metaphor, it does not fully capture the implicit meaning as well as Response A. Therefore, Response A is the better representation. [RESULT] A"
The answer lies in unexplored depths.,Time is a gentle surgeon.,A,"Feedback: Response A (""The answer lies in unexplored depths"") directly aligns with the implicit meaning of hidden potential and unexplored opportunities, using vivid and coherent imagery of uncharted territories to convey the idea of untapped possibilities. Response B (""Time is a gentle surgeon"") is imaginative but diverges from the implicit meaning, focusing more on gradual, careful transformation rather than hidden potential. While both metaphors are coherent, Response A more closely captures the intended concept with clearer and more direct imagery. [RESULT] A"
Her mind is a symphony of thoughts.,Life is a flowing river.,A,"Feedback: Response A, ""Her mind is a symphony of thoughts,"" directly captures the implicit meaning of complex and active mental activity by comparing the mind to a symphony, which inherently implies a rich, layered, and dynamic process. The imagery is vivid and coherent, effectively conveying the intended concept of multiple elements working together harmoniously. In contrast, Response B, ""Life is a flowing river,"" while imaginative and vivid, does not specifically address the complexity or activity of mental processes but rather speaks to the continuous and ever-changing nature of life in general. Although both metaphors are imaginative, Response A aligns more closely with the implicit meaning and uses more precise imagery to represent the intended concept. [RESULT] A"
"Initial success, but the mountain remains tall.",Stones form a mountain.,A,"Feedback: Both metaphors attempt to convey the implicit meaning of initial progress with remaining challenges, but they differ in their approach and effectiveness. Response A uses the imagery of a mountain to symbolize the remaining challenges, which aligns well with the implicit meaning and provides a vivid, coherent picture of the situation. It captures the idea that despite initial success, the task ahead is still daunting. Response B, on the other hand, focuses on the formation of a mountain from stones, which is less directly related to the concept of initial progress and remaining challenges. While it suggests a gradual buildup, it lacks the clarity and immediacy of Response A in conveying the intended meaning. Response A is more imaginative and aligns more closely with the implicit meaning, making it the better choice. [RESULT] A"
Theory bloomed in scientists' hearts.,City is a rising flame.,A,"Feedback: Response A (""Theory bloomed in scientists' hearts"") aligns more closely with the implicit meaning of a theory growing and becoming widely accepted, as the imagery of blooming suggests growth and acceptance, resonating with the idea of something flourishing. It is vivid and coherent, effectively conveying the intended concept. Response B (""City is a rising flame"") is imaginative but diverges from the implicit meaning, as a rising flame implies rapid growth or intensity rather than the gradual acceptance of a theory. While both metaphors use vivid imagery, Response A is more accurate and directly reflects the intended concept. [RESULT] A"
Lived experiences paint the canvas of our lives.,Adversity is a character lens.,A,"Feedback: Response A, ""Lived experiences paint the canvas of our lives,"" aligns more closely with the implicit meaning of life bringing vibrancy and meaning to an otherwise empty existence. It uses vivid and coherent imagery of a canvas being painted, which effectively conveys the idea of life adding color and substance. In contrast, Response B, ""Adversity is a character lens,"" focuses on adversity shaping character rather than the broader concept of life enriching existence, making it less aligned with the implicit meaning. While both metaphors are imaginative, Response A captures the intended concept more accurately and vividly. [RESULT] A"
Reading nourishes her mental health like water does a plant.,The city is a battery.,A,"Feedback: Response A directly aligns with the implicit meaning by comparing knowledge to nourishment, effectively mirroring the idea that ""knowledge is food for the brain."" The imagery of water nourishing a plant is vivid and coherent, creating a clear and relatable analogy. In contrast, Response B, ""The city is a battery,"" does not relate to the implicit meaning of knowledge feeding the brain; instead, it suggests energy storage, which is unrelated to the concept of mental nourishment. While Response B is imaginative, it fails to capture the intended meaning. Therefore, Response A is the better metaphor as it accurately and vividly conveys the implicit meaning. [RESULT] A"
Her mind feasted on complex puzzles.,A breath of fresh air.,A,"Feedback: Response A, ""Her mind feasted on complex puzzles,"" aligns closely with the implicit meaning of being intellectually nourishing and abundant. The metaphor effectively conveys the idea of the mind engaging with and deriving satisfaction from challenging, enriching content, much like a feast. The imagery is vivid and coherent, capturing the essence of intellectual nourishment. In contrast, Response B, ""A breath of fresh air,"" while positive, does not directly relate to intellectual abundance or nourishment. It conveys a sense of relief or renewal but lacks the specific connection to the mind's engagement with complex ideas. Therefore, Response A is a clearer, more accurate, and more imaginative representation of the original idea. [RESULT] A"
Properties are gold mines of wealth.,Knowledge is a building.,A,"Feedback: Both metaphors attempt to convey a concept of transfer and accumulation, but neither aligns closely with the implicit meaning of properties transferring and accumulating wealth like heat flows through conductors. Response A, ""Properties are gold mines of wealth,"" focuses on the accumulation aspect but lacks the imagery of transfer and flow. Response B, ""Knowledge is a building,"" emphasizes structure and accumulation but does not capture the idea of transfer or flow. Response A is slightly closer to the implicit meaning as it relates to wealth accumulation, though it remains a generic comparison. Response B diverges more significantly, focusing on structure rather than flow. Neither metaphor is highly imaginative or vivid in relation to the implicit meaning. [RESULT] A"
Their success lit a confidence flame in teammates.,Threads wove a safety net.,A,"Feedback: Response A uses a vivid and direct metaphor of a ""confidence flame"" to convey the energizing effect of success, closely aligning with the implicit meaning of revitalization. It effectively captures the idea of success spreading energy and motivation. Response B, however, uses a metaphor of ""threads weaving a safety net,"" which focuses more on stability and support rather than energy or revitalization. While imaginative, it does not align closely with the intended meaning. Response A is clearer, more accurate, and better captures the implicit meaning. [RESULT] A"
Their affection built a warm cocoon.,They were a rich tapestry.,A,"Feedback: Response A, ""Their affection built a warm cocoon,"" directly captures the implicit meaning of warm comfort and protection through vivid and coherent imagery, aligning closely with the intended concept. The metaphor of a cocoon effectively conveys the idea of a nurturing and protective environment. Response B, ""They were a rich tapestry,"" while imaginative, does not directly reflect the implicit meaning of warm comfort and protection. Instead, it suggests complexity and interconnectedness, which is a different concept. Response A is more accurate and vivid in representing the original idea. [RESULT] A"
She weaves through emotions like a skilled dancer.,She is a safe harbor.,A,"Feedback: Response A, ""She weaves through emotions like a skilled dancer,"" effectively captures the implicit meaning of skillfully maintaining balance despite emotional challenges. The imagery of a dancer weaving through emotions is vivid and coherent, conveying the idea of graceful navigation through complexity. In contrast, Response B, ""She is a safe harbor,"" while suggesting a sense of stability and refuge, does not directly address the active, dynamic aspect of balancing multiple emotional challenges. It aligns more with providing a sense of security rather than the skill of managing emotions. Response A is more imaginative and closely aligned with the intended meaning, making it the better metaphor. [RESULT] A"
She carved out time for fun.,Cultures were her canvas.,A,"Feedback: Response A (""She carved out time for fun"") aligns more closely with the implicit meaning of treating time as a resource that can be saved and stored, as the phrase ""carved out"" implies allocating or setting aside time, similar to how one might save money. The imagery is coherent and effectively conveys the concept of managing time as a valuable asset. Response B (""Cultures were her canvas"") does not relate to the implicit meaning of time as a resource; instead, it focuses on creativity and expression across cultures, which is unrelated to the idea of saving or storing time. Response A uses more relevant and vivid imagery compared to Response B, which lacks any connection to the intended concept. [RESULT] A"
He traced the skyscraper's height with his gaze.,Success is a staircase.,A,"Feedback: Response A (""He traced the skyscraper's height with his gaze"") captures the implicit meaning of looking upward gradually from bottom to top more effectively than Response B. It uses vivid and coherent imagery of tracing a skyscraper's height, which directly aligns with the gradual upward movement. In contrast, Response B (""Success is a staircase"") introduces a metaphor about success that, while imaginative, does not directly convey the act of looking upward gradually. The staircase metaphor implies a step-by-step progression but lacks the visual element of upward gazing present in Response A. Therefore, Response A is clearer, more accurate, and more imaginative in representing the original idea. [RESULT] A"
Fireworks of words exploded between them.,Team is a rich tapestry.,A,"Feedback: Response A, ""Fireworks of words exploded between them,"" aligns more closely with the implicit meaning of an intense and hostile exchange of arguments. The imagery of fireworks exploding vividly captures the intensity, conflict, and dramatic nature of the interaction, making it highly imaginative and coherent. In contrast, Response B, ""Team is a rich tapestry,"" does not reflect the implicit meaning at all; it suggests unity and diversity rather than hostility or conflict, and its imagery is unrelated to the intended concept. Therefore, Response A is the clearer, more accurate, and more imaginative representation. [RESULT] A"
Time is a steady traveler in our lives.,Healing is a long road.,A,"Feedback: Response A (""Time is a steady traveler in our lives"") captures the idea of time's constant presence but lacks the intensity and inescapable nature implied in the reference. The imagery is coherent but fails to convey the relentless pursuit aspect. Response B (""Healing is a long road"") does not align with the implicit meaning of time as a pursuer, focusing instead on a different concept entirely. Both metaphors fall short, but Response A is closer in tone and partially reflects the idea of time's persistence, albeit without the urgency or inevitability. [RESULT] A"
Communication is a bridge between minds.,Mind is a canvas.,A,"Feedback: Response A directly addresses the implicit meaning by explicitly stating that communication acts as a bridge, effectively connecting minds across distance and separation. The imagery is clear, coherent, and aligns closely with the intended concept, earning a score of 5. Response B, while imaginative, focuses on the mind as a canvas, which does not directly convey the idea of connection or bridging distance. It lacks the clarity and directness needed to reflect the implicit meaning, earning a score of 3. [RESULT] A"
"Crossroads loom large, choices define fate.",Sand slips through fingers.,A,"Feedback: Response A uses the imagery of ""crossroads"" and ""choices defining fate,"" which aligns well with the implicit meaning of facing a critical situation requiring careful handling. It conveys the idea of decision-making under pressure and the consequences of those choices, making it coherent and vivid. Response B, with ""sand slipping through fingers,"" captures the fleeting nature of control or time, which is somewhat related to the implicit meaning but lacks the direct connection to decision-making and its critical nature. While both metaphors are imaginative, Response A more closely aligns with the intended concept by explicitly linking choices to fate in a critical moment. Response B, though vivid, is less precise in conveying the specific aspect of careful handling required in a dangerous situation. [RESULT] A"
All paths led back to the central issue.,Life was a dead end.,A,"Feedback: Response A (""All paths led back to the central issue"") aligns closely with the implicit meaning of multiple actions or events revolving around one main problem, as it effectively conveys the idea of convergence toward a single core issue. The imagery is coherent and vivid, using the metaphor of paths leading back to a central point, which clearly represents the recurring focus on one problem. In contrast, Response B (""Life was a dead end"") does not capture the implicit meaning well, as it implies a lack of progress or resolution rather than multiple actions revolving around a central issue. The imagery in Response B is less relevant and fails to convey the intended concept accurately. Therefore, Response A is a clearer, more accurate, and more imaginative representation of the original idea. [RESULT] A"
A foggy puzzle with missing pieces.,Life is a river.,A,"Feedback: Response A, ""A foggy puzzle with missing pieces,"" aligns more closely with the implicit meaning of something being difficult to understand or solve due to unclear circumstances. It effectively captures the idea of confusion and incompleteness, using vivid and coherent imagery that directly relates to the concept. In contrast, Response B, ""Life is a river,"" while imaginative, does not specifically address the difficulty of understanding or solving something due to unclear circumstances. It conveys a broader, more general concept of life's flow rather than the specific challenge implied in the implicit meaning. Therefore, Response A is more accurate and imaginative in representing the original idea. [RESULT] A"
He was a conductor of many moving parts.,Rock in turbulent waters.,A,"Feedback: Response A, ""He was a conductor of many moving parts,"" aligns closely with the implicit meaning of managing multiple tasks simultaneously with skill. The metaphor effectively conveys the idea of orchestrating various elements, which is vivid and coherent. Response B, ""Rock in turbulent waters,"" while imaginative, does not clearly reflect the skill or active management aspect of the implicit meaning; instead, it suggests stability amidst chaos, which is a different concept. Response A is more accurate and coherent in representing the intended idea. [RESULT] A"
A puzzle too vast for one attempt.,Success is a long marathon.,A,"Feedback: Both metaphors attempt to convey the idea that the project is overwhelming and difficult to handle in one attempt. Response A, ""A puzzle too vast for one attempt,"" aligns closely with the implicit meaning by emphasizing the complexity and scale of the task, making it clear that a single effort is insufficient. The imagery of a vast puzzle is vivid and coherent, effectively capturing the overwhelming nature of the project. Response B, ""Success is a long marathon,"" while imaginative, focuses more on the endurance required for success rather than the immediate difficulty of handling the project in one attempt. It conveys persistence but does not directly address the overwhelming complexity as clearly as Response A. Therefore, Response A is a clearer, more accurate, and more imaginative representation of the original idea. [RESULT] A"
Shopping addiction dug a deeper hole.,The house is a hidden gem.,A,"Feedback: Response A (""Shopping addiction dug a deeper hole"") directly addresses the implicit meaning of excessive and unhealthy shopping behavior by using the imagery of digging a deeper hole, which vividly conveys the idea of escalating negative consequences. It aligns closely with the intended concept and employs coherent and imaginative imagery. Response B (""The house is a hidden gem"") does not relate to the implicit meaning of shopping addiction; instead, it introduces an unrelated concept of a valuable house, failing to capture the intended idea. Response A is clearly superior in aligning with the implicit meaning, vividness, and coherence. [RESULT] A"
"Their love is a weathered oak, strong and enduring.",Time is a flowing river.,A,"Feedback: Response A, ""Their love is a weathered oak, strong and enduring,"" aligns more closely with the implicit meaning of enduring and bright love that never fades. It uses vivid and coherent imagery of a strong, enduring oak to represent the lasting nature of love, capturing both the strength and timelessness implied in the reference. In contrast, Response B, ""Time is a flowing river,"" while imaginative, does not directly relate to the concept of enduring love. It focuses on the passage of time rather than the enduring quality of love, making it less relevant to the implicit meaning. Response A effectively conveys the intended concept with clear and appropriate imagery. [RESULT] A"
A diamond in rough needs cutting to shine.,Obstacles are stepping stones.,A,"Feedback: Both metaphors attempt to convey the idea of valuable but unpolished potential, but they differ in their approach and effectiveness. Response A, ""A diamond in rough needs cutting to shine,"" directly aligns with the implicit meaning by emphasizing the inherent value of something unpolished and the need for refinement to achieve its full potential. The imagery is vivid and coherent, clearly illustrating the transformation from a rough state to a shining one. Response B, ""Obstacles are stepping stones,"" while imaginative, focuses more on the process of overcoming challenges rather than the inherent potential itself. It conveys the idea of growth through adversity but does not as directly capture the concept of unpolished value. Response A is more precise and vivid in representing the implicit meaning, making it the better choice. [RESULT] A"
His desire burned bright all night.,The city was a runaway train.,A,"Feedback: Response A (""His desire burned bright all night"") captures the intensity and persistence of restlessness or anxiety through the vivid imagery of a burning desire, which aligns well with the implicit meaning of being unable to sleep. However, it focuses more on the emotional intensity rather than the sleeplessness itself, making it slightly less direct. Response B (""The city was a runaway train"") uses a vivid and imaginative metaphor but diverges from the implicit meaning, as it conveys chaos or uncontrollable momentum rather than sleeplessness due to restlessness or anxiety. While both responses use strong imagery, Response A is closer to the intended meaning, though it could be more explicit about the sleeplessness. [RESULT] A"
,They are broken puzzle pieces.,"Neither, as Response A is missing and Response B does not meet the criteria.","Feedback: Response A is not applicable as it is missing, so it cannot be evaluated. Response B, ""They are broken puzzle pieces,"" does not align with the implicit meaning of ""warm and nurturing love that spreads outward."" The metaphor of broken puzzle pieces conveys fragmentation and incompleteness, which contrasts sharply with the intended concept of warmth, nurturing, and outward spreading. The imagery is coherent but fails to capture the essence of the implicit meaning. Response B would score a 2 on the rubric due to its unclear relation to the reference meaning. [RESULT] Neither, as Response A is missing and Response B does not meet the criteria."
Depression weighs down progress like heavy fog.,Mind is a mirror.,A,"Feedback: Response A directly aligns with the implicit meaning by comparing depression to a ""heavy fog"" that ""weighs down progress,"" effectively capturing the idea of an invisible weight hindering advancement. The imagery is vivid and coherent, clearly conveying the intended concept. Response B, however, uses the metaphor of a ""mind as a mirror,"" which does not relate to the implicit meaning of depression as an invisible weight preventing progress. While imaginative, it lacks relevance to the intended concept and fails to address the core idea. Response A is superior in aligning with the implicit meaning, using vivid and coherent imagery, and effectively conveying the intended concept. [RESULT] A"
States are cells in the body of freedom.,Adversity is a forge.,A,"Feedback: Response A (""States are cells in the body of freedom"") aligns more closely with the implicit meaning of different states coexisting within the broader concept of freedom. It uses a vivid and coherent biological analogy, where cells (states) function together within a larger organism (freedom), effectively conveying the idea of interdependence and unity. Response B (""Adversity is a forge"") is imaginative but does not capture the implicit meaning, as it focuses on the transformative nature of adversity rather than the coexistence of states within freedom. While both metaphors are coherent, Response A is more accurate and relevant to the intended concept. [RESULT] A"
His tongue felt like cotton wool.,Problem a tangled knot.,A,"Feedback: Response A (""His tongue felt like cotton wool"") aligns more closely with the implicit meaning of drunken, slurred speech, as it directly evokes the physical sensation of impaired speech, using vivid and coherent imagery. Response B (""Problem a tangled knot"") is less relevant, as it focuses on complexity or difficulty rather than the specific physical or verbal impairment associated with drunkenness. While both metaphors use imagery, Response A is more accurate and imaginative in capturing the intended concept. [RESULT] A"
She balances joy and storms in her heart.,Life is a tangled web.,A,"Feedback: Response A directly addresses the implicit meaning by explicitly mentioning the balance between joy (a positive extreme) and storms (a negative extreme) in her heart, which clearly reflects the idea of emotions balanced between extremes. The imagery is vivid and coherent, effectively conveying the intended concept. Response B, while imaginative, does not directly capture the balance between extremes; instead, it suggests complexity and entanglement, which is a different concept. Although both metaphors are imaginative, Response A aligns more closely with the implicit meaning and uses more precise imagery to convey the intended balance. [RESULT] A"
"Eye glides over, snagging passing sights.",Time is a gentle surgeon.,A,"Feedback: Response A uses the imagery of an eye ""gliding over"" and ""snagging passing sights,"" which somewhat captures the idea of vision collecting visual information. However, it leans more toward the act of observing rather than containing, and the imagery is not as vivid or imaginative as it could be. Response B, ""Time is a gentle surgeon,"" diverges significantly from the implicit meaning, focusing on time's transformative nature rather than vision's role in collecting and containing visual data. Neither metaphor fully aligns with the implicit meaning, but Response A has a closer, albeit loose, connection. Response A uses more generic imagery compared to Response B, which is more imaginative but entirely off-topic. [RESULT] A"
A well-oiled creative machine never runs dry.,Serenity is an inner anchor.,A,"Feedback: Response A, ""A well-oiled creative machine never runs dry,"" directly aligns with the implicit meaning of continuous and abundant creative output by using the imagery of a machine that operates efficiently and endlessly. The metaphor is vivid and coherent, effectively conveying the idea of sustained productivity. In contrast, Response B, ""Serenity is an inner anchor,"" focuses on inner peace and stability rather than creative output, making it less relevant to the implicit meaning. While both metaphors are imaginative, Response A is more accurate and directly captures the intended concept. [RESULT] A"
Her joy bloomed like a sunflower.,The city was a siren.,A,"Feedback: Response A (""Her joy bloomed like a sunflower"") aligns closely with the implicit meaning of ""rising happiness and radiant joy,"" as the imagery of a blooming sunflower vividly conveys growth, brightness, and warmth, directly mirroring the intended concept. Response B (""The city was a siren"") diverges significantly, as it evokes allure or danger rather than joy, failing to capture the implicit meaning. While both metaphors use natural and vivid imagery, only Response A effectively and coherently represents the intended idea. [RESULT] A"
Her traits are family heirlooms.,Memories are slipping sand.,A,"Feedback: Response A (""Her traits are family heirlooms"") aligns closely with the implicit meaning, effectively conveying the idea that personal traits are passed down like precious objects. The imagery is coherent and vivid, using the concept of heirlooms to emphasize the value and continuity of traits across generations. In contrast, Response B (""Memories are slipping sand"") diverges from the implicit meaning, focusing on the transient nature of memories rather than the inheritance of traits. While the imagery in Response B is vivid, it does not capture the intended concept of traits being passed down. Therefore, Response A is a clearer, more accurate, and more imaginative representation of the original idea. [RESULT] A"
Scholars dove into a scholarly debate.,They are two pillars.,A,"Feedback: Response A (""Scholars dove into a scholarly debate"") partially captures the implicit meaning of academic debate as combat by implying engagement and depth, but it lacks the vivid imagery and direct combat analogy needed to fully convey the idea. Response B (""They are two pillars"") fails to align with the implicit meaning, as pillars suggest stability and support rather than conflict. Neither metaphor fully meets the criteria, but Response A is closer to the intended concept due to its suggestion of active engagement, albeit weakly. [RESULT] A"
"Brain sorts info, whispers to consciousness.",Time is a river.,A,"Feedback: Response A (""Brain sorts info, whispers to consciousness"") aligns more closely with the implicit meaning of the brain selectively processing and filtering information. It uses vivid and coherent imagery, portraying the brain as an active agent that organizes and subtly presents information to consciousness. This metaphor effectively captures the selective and nuanced nature of cognitive processing. In contrast, Response B (""Time is a river"") is a common metaphor that does not relate to the implicit meaning of selective information processing. While it is vivid and imaginative, it fails to convey the intended concept, making it irrelevant to the evaluation criteria. [RESULT] A"
He's a social media ritualist.,Responsibilities are her heavy chains.,A,"Feedback: Response A (""He's a social media ritualist"") captures the repetitive and habitual nature of social media dependency, aligning somewhat with the implicit meaning of addiction. However, it lacks the vivid imagery and direct connection to the medical addiction concept, focusing more on ritualistic behavior than the need for regular doses. Response B (""Responsibilities are her heavy chains"") diverges significantly from the implicit meaning, as it portrays burdens rather than addiction. Neither metaphor fully meets the criteria, but Response A is closer in conveying a habitual aspect, albeit weakly. [RESULT] A"
Nature's flow nurtures his growth.,Success is a marathon.,A,"Feedback: Response A (""Nature's flow nurtures his growth"") aligns more closely with the implicit meaning of personal growth and development flowing continuously forward, as it directly uses the concept of ""flow"" to represent ongoing progress. The imagery is vivid and coherent, effectively conveying the nurturing and continuous nature of growth. Response B (""Success is a marathon"") captures the idea of continuous effort but focuses more on the journey to success rather than the flowing, nurturing aspect of personal development. While both metaphors are imaginative, Response A is more precise in reflecting the implicit meaning due to its direct use of ""flow"" and ""nurtures,"" making it a clearer and more accurate representation. [RESULT] A"
Opportunities open doors to more chances.,Change is a butterfly.,A,"Feedback: Response A (""Opportunities open doors to more chances"") aligns more closely with the implicit meaning (""Opportunities arise when obstacles are removed"") by directly linking opportunities to the removal of barriers, though its imagery is somewhat generic. Response B (""Change is a butterfly"") is imaginative but fails to capture the implicit meaning, as it does not address obstacles or the emergence of opportunities. Response A is more coherent and relevant, while Response B is vivid but misaligned. [RESULT] A"
His rage simmered like boiling water.,Her duties were a heavy anchor.,A,"Feedback: Response A (""His rage simmered like boiling water"") aligns closely with the implicit meaning of building anger reaching a dangerous breaking point, as it effectively conveys the gradual intensification and potential for eruption. The imagery of simmering water is vivid and coherent, capturing the tension and risk inherent in the situation. Response B (""Her duties were a heavy anchor"") diverges significantly from the implicit meaning, as it focuses on the burden of responsibilities rather than the escalation of anger. While the imagery of a heavy anchor is vivid, it does not capture the dynamic or dangerous aspect of the intended concept. Therefore, Response A is a clearer, more accurate, and more imaginative representation of the original idea. [RESULT] A"
She mapped out her thoughts with precision.,They were pieces of a perfect puzzle.,A,"Feedback: Response A (""She mapped out her thoughts with precision"") aligns more closely with the implicit meaning of achieving mastery in logical thinking and problem-solving, as it directly evokes the idea of organizing and structuring thoughts methodically, akin to mapping, which is a clear metaphor for logical precision. Response B (""They were pieces of a perfect puzzle"") is more abstract and focuses on the idea of fitting together seamlessly, which is less directly tied to logical thinking and more about harmony or completion. While both metaphors use coherent imagery, Response A is more vivid and specific in conveying the intended concept of mastery in logical thinking. [RESULT] A"
Life paths diverge like forked roads.,Pain is a storm.,A,"Feedback: Response A (""Life paths diverge like forked roads"") aligns more closely with the implicit meaning of opportunities providing different life directions and choices, as it directly evokes the imagery of choosing between distinct paths, which mirrors the concept of making life decisions. The metaphor is coherent and vivid, effectively conveying the idea of branching opportunities. In contrast, Response B (""Pain is a storm"") does not relate to the implicit meaning, as it focuses on the intensity and overwhelming nature of pain rather than the concept of choices or directions. While Response B is vivid, it fails to capture the intended meaning. [RESULT] A"
Solving it is like carving a path through dense fog.,Creation is sailing uncharted waters.,A,"Feedback: Both metaphors attempt to convey the implicit meaning of a frustrating, time-consuming situation, but they differ in their approach and effectiveness. Response A, ""Solving it is like carving a path through dense fog,"" directly emphasizes the careful, laborious effort required, with the imagery of fog suggesting uncertainty and the need for precision. This aligns closely with the implicit meaning, particularly in highlighting the frustrating and time-consuming nature of the task. Response B, ""Creation is sailing uncharted waters,"" while imaginative, focuses more on the unknown and exploratory aspect of creation rather than the frustrating, painstaking effort. It captures the uncertainty but lacks the emphasis on the time-consuming and careful effort, making it less aligned with the implicit meaning. Response A uses more vivid and coherent imagery that directly relates to the intended concept, whereas Response B is more abstract and less precise in conveying the frustration and effort. [RESULT] A"
Idea currents guided yet free.,Time is a precious coin.,A,"Feedback: Response A (""Idea currents guided yet free"") aligns more closely with the implicit meaning of nurturing freedom for ideas rather than strict control. It uses vivid imagery of ""currents"" to suggest natural flow and movement, while ""guided yet free"" directly captures the balance between support and autonomy. In contrast, Response B (""Time is a precious coin"") focuses on the value of time, which is unrelated to the concept of nurturing ideas and their freedom. While both metaphors are coherent, Response A is more imaginative and accurate in representing the intended idea. [RESULT] A"
Time weaves life's tapestry constantly.,Experience is a wise teacher.,A,"Feedback: Response A (""Time weaves life's tapestry constantly"") aligns more closely with the implicit meaning of time's constant transformative power, using vivid imagery of weaving to suggest ongoing change and creation. It captures the idea of continuous, irreversible transformation, though it could be more explicit about the ""without pause"" aspect. Response B (""Experience is a wise teacher"") diverges significantly from the implicit meaning, focusing on the cumulative wisdom gained over time rather than time's relentless, unceasing nature. While both metaphors are coherent, Response A is more imaginative and directly reflects the intended concept. [RESULT] A"
Time marches on like an unstoppable river.,Life is a fleeting whisper.,A,"Feedback: Response A (""Time marches on like an unstoppable river"") aligns closely with the implicit meaning of time's relentless pursuit and consumption, effectively conveying the idea through vivid and coherent imagery of a powerful, unyielding force. Response B (""Life is a fleeting whisper"") captures the transient nature of life but fails to reflect the relentless and consuming aspect of time, focusing instead on brevity and quietness. While both metaphors are imaginative, Response A better aligns with the intended concept by emphasizing time's unstoppable and all-encompassing nature. [RESULT] A"
Theory bent to fit new data.,"Flame flickers, then dies.",A,"Feedback: Response A (""Theory bent to fit new data"") aligns more closely with the implicit meaning of ideas changing and growing like living organisms, as it implies adaptability and evolution, though it lacks vivid imagery and leans toward a more mechanical interpretation. Response B (""Flame flickers, then dies"") captures a sense of transformation but emphasizes finality rather than growth, diverging from the implicit meaning. While Response B is more vivid, it fails to convey the ongoing development implied in the reference. Response A, despite its less imaginative imagery, better reflects the core concept of change and growth. [RESULT] A"
Her humor was a balm for souls.,Knowledge is a liberating key.,A,"Feedback: Response A (""Her humor was a balm for souls"") directly aligns with the implicit meaning of ""Healing through humor and cleverness"" by using the metaphor of a balm, which is commonly associated with soothing and healing. The imagery is vivid and coherent, effectively conveying the healing aspect of humor. Response B (""Knowledge is a liberating key"") focuses on liberation through knowledge, which does not directly capture the healing aspect of humor and cleverness. While both metaphors are imaginative, Response A is more closely aligned with the intended meaning and uses more relevant imagery. [RESULT] A"
"New art blooms, captivating all eyes.",Actions are the mirror.,A,"Feedback: Response A, ""New art blooms, captivating all eyes,"" uses vivid imagery of blooming art to suggest its captivating and life-giving nature, which partially aligns with the implicit meaning of creative works providing guidance and inspiration. However, it focuses more on the immediate appeal of art rather than its role in uncertainty. Response B, ""Actions are the mirror,"" is more abstract and less directly connected to the implicit meaning, as it emphasizes reflection rather than guidance or inspiration. Neither metaphor fully captures the intended concept, but Response A is closer due to its imagery of art as a source of captivation, which can be loosely linked to inspiration. Response B is too abstract and fails to convey the specific role of creative works in uncertain times. [RESULT] A"
Happiness lifts you to new heights.,Time is a fleeing arrow.,A,"Feedback: Response A (""Happiness lifts you to new heights"") aligns closely with the implicit meaning of joy making people feel elevated and light, using vivid and coherent imagery that directly conveys the intended concept. In contrast, Response B (""Time is a fleeing arrow"") does not relate to the implicit meaning, as it focuses on the swift and irreversible nature of time rather than the emotional elevation associated with joy. Response A effectively captures the essence of the implicit meaning with imaginative and clear imagery, while Response B fails to connect to the intended concept. [RESULT] A"
Solving puzzles requires sorting pieces methodically.,Mistakes are stepping stones to success.,B,"Feedback: Response A focuses on the methodical process of solving puzzles, which somewhat aligns with the idea of careful organization but lacks the broader context of life's messiness and overcoming obstacles. It is coherent but not highly imaginative or vivid in conveying the implicit meaning. Response B, on the other hand, uses the metaphor of mistakes as stepping stones, which directly addresses the idea of navigating through life's challenges and turning them into opportunities for success. It is more vivid and imaginative, capturing the essence of the implicit meaning more effectively. While both responses have some relevance, Response B better aligns with the implicit meaning and is more imaginative. [RESULT] B"
Market storms disrupt business sails.,Goals are a marathon.,A,"Feedback: Response A (""Market storms disrupt business sails"") aligns more closely with the implicit meaning of economic conditions being unstable and chaotic, as it directly uses the imagery of storms to convey turbulence and unpredictability, which mirrors the intended concept. The metaphor is vivid and coherent, effectively capturing the essence of instability. In contrast, Response B (""Goals are a marathon"") focuses on persistence and long-term effort, which does not reflect the chaotic nature of economic conditions. While both metaphors are imaginative, Response A is more accurate and relevant to the implicit meaning. [RESULT] A"
Diamonds attract light like valuable properties.,Life is a flowing river.,A,"Feedback: Response A draws a direct comparison between diamonds attracting light and valuable properties attracting money and investors, aligning closely with the implicit meaning. It uses vivid imagery and maintains coherence, effectively conveying the intended concept. Response B, while imaginative, does not relate to the implicit meaning about properties attracting money and investors; instead, it conveys a different idea about the flow of life. The imagery in Response B is vivid but fails to capture the intended concept. Response A is clearer, more accurate, and more relevant to the implicit meaning. [RESULT] A"
Soil erosion weakens societal foundations.,People are threads in a tapestry.,A,"Feedback: Response A directly addresses a destructive force (soil erosion) weakening societal foundations, which aligns more closely with the implicit meaning of pollution as a systematic and damaging force. However, the imagery is somewhat generic and lacks vividness. Response B, while imaginative and vivid in its imagery of people as threads in a tapestry, does not directly convey the destructive or spreading nature of pollution. It focuses more on interconnectedness rather than systematic damage. Response A better captures the intended concept of pollution as a destructive force, despite its less vivid imagery. [RESULT] A"
Antibiotics are surgical strikes on infections.,Time is a river.,A,"Feedback: Response A (""Antibiotics are surgical strikes on infections"") directly aligns with the implicit meaning of a powerful medical defense against disease, using vivid and coherent imagery that clearly conveys the precision and effectiveness of antibiotics. It effectively captures the intended concept by comparing antibiotics to surgical strikes, which implies targeted and potent action. In contrast, Response B (""Time is a river"") does not relate to the implicit meaning at all, as it discusses the passage of time rather than medical defense. While Response B is imaginative, it fails to address the intended concept. Response A is superior in aligning with the implicit meaning, using appropriate and vivid imagery. [RESULT] A"
Their hearts danced in sync.,Freedom is spreading wings.,A,"Feedback: Response A (""Their hearts danced in sync"") aligns closely with the implicit meaning of two people sharing the same feelings or emotional state, using vivid and coherent imagery that directly conveys unity and harmony. In contrast, Response B (""Freedom is spreading wings"") does not capture the implicit meaning, as it focuses on individual liberation rather than shared emotional connection. While both metaphors are imaginative, Response A is more accurate and relevant to the intended concept. [RESULT] A"
Their compliance was melting like ice in summer.,Rollercoaster of ups downs.,A,"Feedback: Response A (""Their compliance was melting like ice in summer"") aligns more closely with the implicit meaning of losing control over enforcing rules or regulations. The metaphor effectively conveys the gradual and inevitable loss of control, as ice melting in summer is a vivid and coherent image that reflects the erosion of compliance. In contrast, Response B (""Rollercoaster of ups and downs"") is more generic and does not specifically capture the idea of losing control over enforcement. While it suggests variability, it lacks the precision and imagery needed to reflect the implicit meaning. Response A is clearer, more accurate, and more imaginative in representing the original idea. [RESULT] A"
Gentle care keeps the relationship blooming.,The city is a canvas.,A,"Feedback: Response A (""Gentle care keeps the relationship blooming"") aligns more closely with the implicit meaning of love being fragile and requiring gentle treatment, as it directly conveys the idea of nurturing and care, which parallels the fragility and need for tenderness in a relationship. The imagery is coherent and effectively captures the intended concept, though it is somewhat generic. Response B (""The city is a canvas"") diverges significantly from the implicit meaning, as it focuses on creativity and potential rather than fragility or care, making it less relevant and coherent. Response A is clearer and more accurate in representing the original idea. [RESULT] A"
He owns the knowledge like a master owns land.,City is a dream factory.,A,"Feedback: Response A directly aligns with the implicit meaning of ""complete mastery and control over information"" by using the metaphor of a master owning land, which clearly conveys ownership and control. The imagery is coherent and vivid, effectively capturing the intended concept. Response B, on the other hand, uses the metaphor of a city as a dream factory, which is imaginative but does not directly relate to the idea of mastery and control over information. It introduces a different concept (creativity and production) that diverges from the implicit meaning. While both metaphors are imaginative, Response A is more accurate and aligned with the intended meaning. [RESULT] A"
Minutes paint our life's canvas.,Mind is a mighty sword.,A,"Feedback: Response A (""Minutes paint our life's canvas"") aligns more closely with the implicit meaning that time is small and insignificant in the grand scheme of life. It uses vivid and coherent imagery, suggesting that time (minutes) contributes to the larger picture of life (canvas) but is just one small element. In contrast, Response B (""Mind is a mighty sword"") does not relate to the implicit meaning about time; instead, it focuses on the power and precision of the mind, which is unrelated to the concept of time's insignificance. Response A effectively captures the intended idea with imaginative and relevant imagery, while Response B fails to address the implicit meaning altogether. [RESULT] A"
Properties dance to market rhythm.,Wisdom is a growing tree.,A,"Feedback: Response A uses the metaphor of ""properties dancing to market rhythm,"" which captures the rhythmic fluctuation of real estate values in response to market forces. The imagery is vivid and aligns well with the implicit meaning, effectively conveying the concept of rhythmic changes. Response B, ""wisdom is a growing tree,"" does not relate to the implicit meaning of real estate values fluctuating with market forces; instead, it conveys a different concept of gradual growth and development. The imagery in Response B is vivid but entirely unrelated to the intended idea. Response A is more accurate and imaginative in representing the original concept. [RESULT] A"
"Solve in complexity, find the key within.",Falling is stepping up.,A,"Feedback: Response A (""Solve in complexity, find the key within."") aligns more closely with the implicit meaning, as it directly conveys the idea that the answer is hidden within a complex problem. The metaphor uses vivid imagery of a ""key"" within ""complexity,"" which effectively captures the concept of uncovering a solution through intricate layers. In contrast, Response B (""Falling is stepping up."") is less aligned with the implicit meaning, as it suggests a paradoxical idea of progress through failure, which does not directly relate to the notion of finding an answer within complexity. While Response B is imaginative, its imagery is less coherent and relevant to the intended concept. Therefore, Response A is the clearer and more accurate representation. [RESULT] A"
A leaky bucket slows your financial climb.,Knowledge is a liberating key.,A,"Feedback: Response A uses a metaphor of a ""leaky bucket"" to represent financial loss, which aligns more closely with the implicit meaning of financial loss through poor investment. The imagery of a leaky bucket slowing progress is vivid and coherent, effectively conveying the idea of gradual depletion. In contrast, Response B, ""Knowledge is a liberating key,"" does not relate to the implicit meaning of financial loss; instead, it focuses on the empowering aspect of knowledge, which is unrelated to the financial context. Response A is more accurate and relevant, while Response B fails to capture the intended concept. [RESULT] A"
Stitching life's tapestry with every choice.,Life is a symphony of unity.,A,"Feedback: Both metaphors aim to capture the implicit meaning of life's interconnected experiences forming a larger pattern, but they differ in their approach and effectiveness. Response A, ""Stitching life's tapestry with every choice,"" uses the imagery of a tapestry, which inherently conveys the idea of interconnected threads forming a meaningful whole, closely aligning with the implicit meaning. The act of stitching suggests deliberate action, mirroring the concept of choices shaping life's pattern. Response B, ""Life is a symphony of unity,"" while imaginative, focuses more on harmony and unity rather than the specific idea of interconnected experiences forming a pattern. The symphony metaphor emphasizes collective coherence but lacks the direct connection to individual choices and their cumulative impact. Response A's imagery is more vivid and coherent in relation to the implicit meaning, making it a clearer and more accurate representation. [RESULT] A"
Inspiration sketches become masterpieces through brushstrokes.,Memories are life's bricks.,A,"Feedback: Response A (""Inspiration sketches become masterpieces through brushstrokes"") aligns closely with the implicit meaning of ideas becoming tangible through the creative process, using vivid and coherent imagery that directly relates to the transformation of abstract concepts into concrete outcomes. It effectively captures the idea of gradual refinement and artistic creation. Response B (""Memories are life's bricks"") diverges from the implicit meaning, focusing on the structural role of memories in life rather than the process of turning ideas into tangible forms. While imaginative, it lacks the direct connection to the creative process and the transformation of ideas. Response A is clearer, more accurate, and more imaginative in representing the original idea. [RESULT] A"
Opportunities sprinkle like morning dew.,Learning is a never-ending path.,A,"Feedback: Response A (""Opportunities sprinkle like morning dew"") aligns more closely with the implicit meaning of new opportunities arising each day, using vivid and coherent imagery that evokes freshness and renewal, much like morning dew. It directly ties the concept of opportunities to a daily, natural occurrence, making it imaginative and clear. Response B (""Learning is a never-ending path""), while vivid and coherent, does not capture the implicit meaning as effectively, as it focuses on the continuous nature of learning rather than the daily emergence of opportunities. The imagery in Response A is more aligned with the intended concept, making it the better metaphor. [RESULT] A"
His joy soared beyond mere sunshine.,She was a calm lake.,A,"Feedback: Response A effectively captures the implicit meaning of extreme happiness making someone feel weightless and elevated by using the imagery of joy ""soaring beyond mere sunshine,"" which conveys a sense of elevation and expansiveness. The metaphor is vivid and aligns closely with the intended concept, earning a score of 5. Response B, however, describes ""a calm lake,"" which does not align with the implicit meaning of weightlessness and elevation; instead, it suggests tranquility and stillness, which are unrelated to the intended concept. This metaphor scores a 1 due to its lack of relevance. The key difference lies in how Response A directly evokes the feeling of being uplifted, while Response B fails to capture any aspect of the implicit meaning. [RESULT] A"
Laughter painted smiles over their worries.,Healing is a slow bloom.,A,"Feedback: Response A (""Laughter painted smiles over their worries"") aligns more closely with the implicit meaning of laughter acting as medicine to relieve stress, as it vividly portrays laughter transforming worries into smiles, akin to a healing process. The imagery is coherent and imaginative, effectively capturing the concept of laughter as a remedy. Response B (""Healing is a slow bloom"") is more generic and does not specifically tie to laughter or stress relief, making it less aligned with the implicit meaning. While both responses use metaphorical language, Response A is more precise and vivid in conveying the intended idea. [RESULT] A"
Life is a tapestry of threads and memories.,Creativity is a spark.,A,"Feedback: Response A, ""Life is a tapestry of threads and memories,"" aligns closely with the implicit meaning by emphasizing the accumulation of experiences and memories over time, using vivid and coherent imagery of a tapestry. It effectively conveys the idea of life's complexity and richness through its metaphor. Response B, ""Creativity is a spark,"" while imaginative, does not capture the implicit meaning of life's accumulated experiences and memories. It focuses on a singular, momentary concept rather than the ongoing, layered nature of life. Response A is more accurate and imaginative in representing the original idea. [RESULT] A"
Tiny ripples led to a vast lake.,Life is a winding mountain road.,B,"Feedback: Response A (""Tiny ripples led to a vast lake"") partially captures the idea of sequential progress, as ripples suggest a gradual build-up to something larger. However, it lacks distinct stages, focusing more on cumulative growth rather than clear, separate phases. Response B (""Life is a winding mountain road"") better aligns with the implicit meaning by implying distinct stages (e.g., turns, ascents, descents) that reflect sequential progress. While both metaphors use vivid imagery, Response B more accurately conveys the concept of distinct stages. [RESULT] B"
A bustling hive never sleeps.,Life is a blooming flower.,A,"Feedback: Response A (""A bustling hive never sleeps"") more closely aligns with the implicit meaning of vibrant urban activity and constant movement, as it directly evokes the image of a busy, nonstop environment akin to a city. The metaphor is vivid and coherent, effectively capturing the essence of urban life. Response B (""Life is a blooming flower"") diverges from the implicit meaning, as it symbolizes growth and beauty rather than constant activity. While imaginative, it lacks the specificity and relevance to urban vibrancy. Response A uses more precise and fitting imagery compared to Response B. [RESULT] A"
Happiness soared like a bird taking flight.,Knowledge is the master key.,A,"Feedback: Response A uses imagery of a bird taking flight to convey a sense of elation and freedom, directly aligning with the implicit meaning. The metaphor is vivid and coherent, effectively capturing the feeling of happiness soaring. In contrast, Response B compares knowledge to a master key, which implies access and power but does not relate to the feeling of elation and freedom. While Response B is imaginative, it fails to capture the intended implicit meaning. Response A is more accurate and relevant to the given concept. [RESULT] A"
He walks a tightrope of danger.,Reflection in a clear mirror.,A,"Feedback: Response A (""He walks a tightrope of danger"") aligns more closely with the implicit meaning of navigating dangerous and unpredictable feelings. The tightrope metaphor vividly conveys the precarious balance and risk involved, directly reflecting the concept of navigating danger. In contrast, Response B (""Reflection in a clear mirror"") lacks a clear connection to the implicit meaning, as it suggests clarity and self-awareness rather than danger or unpredictability. While both metaphors use imagery, Response A’s imagery is more coherent and relevant to the intended concept. [RESULT] A"
A wellspring of fresh ideas flows continuously.,Education is a key.,A,"Feedback: Response A uses the metaphor of a ""wellspring of fresh ideas"" which vividly captures the continuous growth and regeneration of ideas, aligning closely with the implicit meaning. The imagery of a wellspring flowing continuously effectively conveys the concept of ideas that are constantly renewed and produce new solutions. In contrast, Response B, ""Education is a key,"" is more generic and does not directly reflect the idea of continuous growth and regeneration. While it suggests access or unlocking potential, it lacks the vivid imagery and specific alignment with the implicit meaning that Response A provides. Therefore, Response A is more imaginative, coherent, and accurate in representing the original idea. [RESULT] A"
Eager brush strokes painted her dreams brighter.,Success blooms with time.,A,"Feedback: Response A captures the implicit meaning of ""desperate eagerness to succeed"" more effectively by using vivid imagery of ""eager brush strokes"" to convey urgency and intensity, aligning closely with the tone of desperation. Response B, while imaginative, focuses on the gradual nature of success (""blooms with time""), which does not reflect the immediate, fervent eagerness implied in the meaning. Response A’s imagery is more coherent and directly tied to the concept of desperate striving, whereas Response B’s metaphor is more generic and lacks the urgency needed. [RESULT] A"
Properties are blueprints for value.,Actions are a mirror.,A,"Feedback: Response A (""Properties are blueprints for value"") aligns more closely with the implicit meaning, as it emphasizes the structured and organized nature of real estate properties, akin to blueprints, which conveys the idea of clear and planned value. However, it lacks the vivid imagery of ""crystals"" mentioned in the implicit meaning. Response B (""Actions are a mirror"") diverges significantly from the implicit meaning, as it focuses on reflection rather than structure or value, making it less relevant. Response A is more coherent and accurate in representing the intended concept, though it could be more imaginative. [RESULT] A"
Obligations are heavy bags we carry.,Life is an open book.,A,"Feedback: Response A (""Obligations are heavy bags we carry"") aligns more closely with the implicit meaning of material possessions restricting freedom and tying us down. It uses vivid imagery of ""heavy bags"" to convey the burden and restriction, effectively capturing the intended concept. Response B (""Life is an open book"") diverges significantly from the implicit meaning, focusing on openness and transparency rather than restriction. While both metaphors are coherent, Response A is more imaginative and accurate in representing the original idea. [RESULT] A"
Problems painted chaos on multiple canvases.,Success is a mountain climb.,A,"Feedback: Response A (""Problems painted chaos on multiple canvases"") aligns more closely with the implicit meaning of problems that chaotically move and persist without resolution. It effectively captures the idea of chaos through the imagery of painting on multiple canvases, suggesting a persistent and widespread disorder. The metaphor is vivid and coherent, directly reflecting the intended concept. In contrast, Response B (""Success is a mountain climb"") does not relate to the implicit meaning, as it focuses on the effort and achievement of success rather than the chaotic persistence of problems. Response B’s imagery is vivid but entirely misaligned with the intended concept. [RESULT] A"
Education builds the foundation for societal growth.,Art is finding a map.,A,"Feedback: Response A directly aligns with the implicit meaning by using the metaphor of a ""foundation,"" which clearly conveys the idea of essential support and structure. The imagery is coherent and vivid, effectively representing education's role in societal growth. Response B, while imaginative, does not closely align with the implicit meaning; the metaphor of ""finding a map"" suggests guidance or direction rather than foundational support. The imagery in Response B is less relevant to the intended concept of providing essential structure. [RESULT] A"
Her joy burst like fireworks.,Life is a rocky terrain.,A,"Feedback: Response A (""Her joy burst like fireworks"") aligns closely with the implicit meaning of fleeting and uncontrollable joy that quickly disappears, as fireworks are vivid, sudden, and ephemeral, effectively capturing the transient nature of joy. The imagery is coherent and imaginative, directly reflecting the intended concept. In contrast, Response B (""Life is a rocky terrain"") does not align with the implicit meaning, as it conveys a sense of difficulty or challenge rather than fleeting joy. The imagery in Response B is unrelated to the intended concept and lacks coherence with the reference meaning. Therefore, Response A is a clearer, more accurate, and more imaginative representation. [RESULT] A"
Obligations are heavy anchors dragging me down.,City is a gold mine.,A,"Feedback: Response A effectively captures the implicit meaning by using the metaphor of ""heavy anchors"" to convey the burdensome and restrictive nature of obligations, which aligns closely with the idea that material possessions can weigh one down. The imagery is vivid and coherent, clearly illustrating the concept. In contrast, Response B, ""City is a gold mine,"" does not align with the implicit meaning, as it suggests abundance and opportunity rather than burden or restriction. The imagery in Response B is unrelated to the intended concept and fails to convey the idea of material possessions being burdensome. Therefore, Response A is a clearer, more accurate, and more imaginative representation of the original idea. [RESULT] A"
A mountain of tasks looms ever higher.,Unity is an unbreakable chain.,A,"Feedback: Response A, ""A mountain of tasks looms ever higher,"" effectively captures the implicit meaning of something growing increasingly out of control and becoming bigger over time. The imagery of a mountain growing taller vividly conveys the sense of accumulation and overwhelming scale, aligning closely with the intended concept. In contrast, Response B, ""Unity is an unbreakable chain,"" does not reflect the implicit meaning at all, as it emphasizes strength and connection rather than growth or escalation. While Response B is coherent and imaginative, it fails to address the core idea of something becoming uncontrollably larger. Therefore, Response A is the clearer, more accurate, and more imaginative representation of the original idea. [RESULT] A"
Contentment is a steady anchor for emotions.,Happiness is a delicate flower.,A,"Feedback: Response A (""Contentment is a steady anchor for emotions"") aligns more closely with the implicit meaning of ""peace and balance in emotions"" by emphasizing stability and grounding, which are key aspects of emotional equilibrium. The imagery of an anchor effectively conveys a sense of reliability and steadiness, making it a coherent and vivid representation. In contrast, Response B (""Happiness is a delicate flower"") focuses on fragility and beauty, which, while imaginative, does not directly capture the idea of balance and peace. It leans more toward the transient nature of happiness rather than the stability implied in the implicit meaning. Response A is more accurate and coherent in representing the intended concept. [RESULT] A"
Drunk felt like carrying a heavy burden.,Memories are precious jewels.,A,"Feedback: Response A directly aligns with the implicit meaning by comparing the feeling of being drunk to carrying a heavy burden, effectively conveying the physical and mental weight of intoxication. The imagery is clear and coherent, though it lacks originality. Response B, while vivid and imaginative, does not capture the implicit meaning as it equates memories to precious jewels, which does not relate to the burden of intoxication. Response A is more accurate and relevant to the intended concept. [RESULT] A"
Their hearts beat as one rhythm.,Time is a flowing river.,A,"Feedback: Response A (""Their hearts beat as one rhythm"") directly captures the implicit meaning of a close emotional connection and physical proximity between two people, using vivid and coherent imagery that aligns closely with the intended concept. It effectively conveys unity and synchronization, which are key aspects of the implicit meaning. In contrast, Response B (""Time is a flowing river"") is a common metaphor that does not specifically address the emotional connection or physical proximity between individuals. While it is imaginative and vivid, it fails to align with the implicit meaning, as it focuses on the passage of time rather than interpersonal relationships. Response A is more accurate and relevant to the intended concept. [RESULT] A"
A ray of sunshine filled her heart.,She was a breath of air.,A,"Feedback: Response A (""A ray of sunshine filled her heart"") aligns more closely with the implicit meaning of bright, warm, and radiant joy, as it directly evokes imagery of light and warmth, which are central to the concept. The metaphor is vivid and coherent, effectively capturing the intended emotional tone. In contrast, Response B (""She was a breath of air"") is less aligned, as it conveys a sense of freshness or relief rather than the radiant joy described. While both metaphors use natural elements, Response A’s imagery is more specific and resonant with the implicit meaning. [RESULT] A"
His smile is a battery charging others.,A rich tapestry of traditions.,A,"Feedback: Response A (""His smile is a battery charging others"") directly aligns with the implicit meaning of an uplifting and energizing influence, using a vivid and coherent metaphor that effectively conveys the concept of providing energy to others. It is imaginative and clearly captures the intended idea. Response B (""A rich tapestry of traditions"") does not relate to the implicit meaning, as it focuses on cultural heritage rather than energizing influence, making it irrelevant and incoherent in this context. The imagery in Response B is vivid but fails to align with the intended concept. [RESULT] A"
Adding weights to an already heavy backpack.,Learning is a path.,A,"Feedback: Response A directly aligns with the implicit meaning by using the metaphor of ""adding weights to an already heavy backpack,"" which vividly conveys the idea of material possessions becoming burdens that weigh us down both mentally and physically. The imagery is clear and coherent, effectively capturing the intended concept. Response B, ""Learning is a path,"" does not align with the implicit meaning, as it focuses on the process of learning rather than the burden of material possessions. While it is a coherent metaphor, it fails to reflect the intended idea. Therefore, Response A is more accurate, vivid, and imaginative in representing the original concept. [RESULT] A"
"Their desire fused, bridging gaps unseen.",Life is a winding river.,A,"Feedback: Response A directly addresses the implicit meaning by emphasizing the fusion of desire and the bridging of unseen gaps, which vividly conveys the idea of intense romantic attraction overcoming barriers. It is imaginative and coherent, aligning closely with the intended concept. Response B, while imaginative, uses a generic metaphor about life being a winding river, which does not specifically capture the intense romantic attraction or the overcoming of barriers. It lacks the precision and directness needed to reflect the implicit meaning. Response A is more vivid, coherent, and aligned with the intended concept. [RESULT] A"
"He's a fox chasing many hens, wary of rivals.",He's a sponge for inspiration.,A,"Feedback: Response A uses a vivid and coherent metaphor of a fox chasing hens, which captures the aggressive and protective nature implied in the implicit meaning. The imagery of a fox, a predator, being wary of rivals aligns closely with the idea of someone aggressively guarding their territory. In contrast, Response B, ""He's a sponge for inspiration,"" does not convey the aggressive or protective aspect of the implicit meaning; instead, it suggests receptiveness, which is unrelated to the intended concept. Response A is highly imaginative and aligns well with the implicit meaning, while Response B fails to capture the essence of the idea. [RESULT] A"
She's my guarded treasure.,City is a treasure chest.,A,"Feedback: Response A (""She's my guarded treasure"") more closely aligns with the implicit meaning of deep love and protection of someone precious, as it directly associates the subject with a guarded treasure, emphasizing both value and protection. The imagery is vivid and coherent, effectively conveying the intended concept. Response B (""City is a treasure chest"") is less relevant, as it shifts the focus to a city, which does not inherently capture the personal and protective aspect of the implicit meaning. The imagery in Response B is less vivid and less aligned with the intended concept. [RESULT] A"
He stocked his toolbox with sharp tools.,Time is a gentle surgeon.,A,"Feedback: Response A (""He stocked his toolbox with sharp tools."") and Response B (""Time is a gentle surgeon."") both attempt to convey a metaphorical idea, but they diverge significantly in their alignment with the implicit meaning of words being treated as weapons or ammunition for battle. Response A uses the imagery of sharp tools in a toolbox, which somewhat aligns with the concept of collecting weapons, but it lacks the vividness and direct connection to the idea of words as ammunition. The metaphor is coherent but not highly imaginative or precise in capturing the intended meaning. Response B, on the other hand, introduces the concept of time as a gentle surgeon, which is vivid and imaginative but entirely unrelated to the implicit meaning of words as weapons. It fails to convey the intended concept and instead introduces a different, unrelated idea. In comparison, Response A is closer to the implicit meaning but still falls short in vividness and precision, while Response B is completely off-target. [RESULT] A"
She painted her future with hard work and joy.,Life is a rising flame.,A,"Feedback: Response A directly aligns with the implicit meaning of ""joyful progress towards success"" by explicitly mentioning ""hard work and joy"" as tools to shape the future, creating a clear and coherent image. It effectively conveys the idea of active, positive effort leading to success. Response B, while imaginative, uses the metaphor of a ""rising flame"" which primarily suggests growth or intensity but lacks the explicit connection to joy and effort. The imagery in Response B is vivid but less precise in capturing the joyful and progressive aspects of the implicit meaning. Response A is more accurate and coherent in representing the original idea. [RESULT] A"
Time marches straight to embrace us.,Actions speak louder.,A,"Feedback: Response A (""Time marches straight to embrace us"") better captures the implicit meaning of time being inevitable and piercing compared to Response B (""Actions speak louder""). Response A uses vivid imagery of time marching, which conveys inevitability, and the idea of an embrace suggests a forceful, inescapable presence, aligning closely with the piercing aspect. In contrast, Response B focuses on the impact of actions, which is unrelated to the concept of time and fails to convey the intended meaning. While both responses use metaphors, Response A is more coherent and imaginative in representing the original idea. [RESULT] A"
Guiding stars illuminating the team's path.,Time heals the wound.,A,"Feedback: Response A, ""Guiding stars illuminating the team's path,"" directly aligns with the implicit meaning of guiding with direction and purpose through difficulties, using vivid and coherent imagery that effectively conveys the intended concept. It captures the idea of a clear, purposeful guide through challenging times. In contrast, Response B, ""Time heals the wound,"" while a strong metaphor, does not align with the implicit meaning as it focuses on healing over time rather than active guidance. Response A is more imaginative and accurate in representing the original idea. [RESULT] A"
He's trapped in a never-ending storm.,Life is a crushing weight.,A,"Feedback: Both metaphors attempt to convey the feeling of being trapped, but they differ in their approach and alignment with the implicit meaning. Response A, ""He's trapped in a never-ending storm,"" uses the imagery of a storm to represent the overwhelming and inescapable nature of abusive situations, which aligns well with the implicit meaning. The storm metaphor is vivid and conveys a sense of continuous struggle, earning a score of 4. Response B, ""Life is a crushing weight,"" focuses on the oppressive and burdensome aspect of such situations, which is partially aligned with the implicit meaning but lacks the specificity of control and confinement. The imagery of a crushing weight is vivid but less imaginative and less closely tied to the concept of abusive relationships, earning a score of 3. [RESULT] A"
She thirsted for a heart's embrace deeply.,Age is a wise teacher.,A,"Feedback: Response A, ""She thirsted for a heart's embrace deeply,"" directly captures the implicit meaning of a desperate need for emotional connection and love through vivid and coherent imagery. The metaphor of thirsting for a heart's embrace effectively conveys intensity and longing, aligning closely with the intended concept. In contrast, Response B, ""Age is a wise teacher,"" does not relate to the implicit meaning at all, as it focuses on wisdom gained over time rather than emotional connection. Response A is highly imaginative and aligns well with the reference meaning, while Response B fails to reflect the intended concept. [RESULT] A"
They poured ideas into the discussion.,Beauty slept beneath grime.,A,"Feedback: Response A (""They poured ideas into the discussion"") aligns more closely with the implicit meaning of treating ideas as physical objects that can be thrown and caught, as it uses the verb ""poured,"" which implies a tangible, actionable treatment of ideas. The imagery is coherent and effectively conveys the concept of ideas being handled as if they were concrete entities. In contrast, Response B (""Beauty slept beneath grime"") does not relate to the implicit meaning at all, as it focuses on beauty obscured by grime, which is unrelated to the physical handling of ideas. Response A is more vivid and accurate in representing the intended concept. [RESULT] A"
Cultural centers are the heart of community life.,Challenges are forging fires.,A,"Feedback: Response A, ""Cultural centers are the heart of community life,"" aligns more closely with the implicit meaning of society functioning like a living organism with interconnected parts. It uses the metaphor of the heart, which is a vital organ in a living organism, to represent cultural centers as essential and central to community life. This imagery is vivid and coherent, effectively conveying the idea of interconnectedness and centrality. In contrast, Response B, ""Challenges are forging fires,"" while imaginative, does not directly relate to the concept of society as a living organism. It focuses on the transformative aspect of challenges rather than the interconnected nature of societal parts. Therefore, Response A better captures the intended meaning with clearer and more relevant imagery. [RESULT] A"
"Night fell, sealing all exits.",Creativity is curiosity's spark.,A,"Feedback: Response A (""Night fell, sealing all exits."") aligns more closely with the implicit meaning of sudden, dangerous stillness and coldness of darkness. It uses vivid imagery of nightfall as a sealing force, effectively conveying a sense of entrapment and foreboding. The metaphor is coherent and captures the intended tone of danger and stillness. In contrast, Response B (""Creativity is curiosity's spark."") diverges significantly from the implicit meaning, focusing on creativity and curiosity rather than darkness or stillness. Its imagery, while imaginative, does not relate to the intended concept. Therefore, Response A is a clearer and more accurate representation. [RESULT] A"
Light danced gently through time's fingers.,Life is a maze.,A,"Feedback: Response A (""Light danced gently through time's fingers"") aligns more closely with the implicit meaning of ""gentle and gradual illumination"" by using vivid and coherent imagery that conveys a soft, progressive revelation. The metaphor effectively captures the idea of light spreading delicately over time, mirroring the gradual nature of illumination. In contrast, Response B (""Life is a maze"") diverges significantly from the implicit meaning, as it emphasizes complexity and confusion rather than gentle illumination. While both responses use metaphorical language, Response A is more imaginative and accurate in representing the intended concept. [RESULT] A"
Our body is a fortress for treasures.,Mind is a magic carpet.,A,"Feedback: Both metaphors attempt to capture the essence of the human body or mind, but they diverge in their alignment with the implicit meaning. Response A, ""Our body is a fortress for treasures,"" partially aligns with the idea of the body containing one's soul and essence, as it suggests protection and value, but it focuses more on the physical aspect of safeguarding rather than the spiritual or essential nature of the soul. The imagery is coherent but not highly imaginative. Response B, ""Mind is a magic carpet,"" diverges more significantly from the implicit meaning, as it focuses on the mind rather than the body and emphasizes freedom or exploration rather than containment or essence. The imagery is vivid but does not closely align with the intended concept. Between the two, Response A is closer to the implicit meaning, though neither fully captures it with high imagination or precision. [RESULT] A"
Experiment yielded an unexpected harvest.,Fire forges strong steel.,A,"Feedback: Response A (""Experiment yielded an unexpected harvest"") and Response B (""Fire forges strong steel"") both attempt to convey the implicit meaning of reality often disappointing compared to expectations, but they do so with varying degrees of success. Response A loosely aligns with the implicit meaning by suggesting that an experiment produced an unforeseen outcome, which could imply a gap between expectation and reality. However, the imagery is somewhat generic and lacks vividness, making the connection to the implicit meaning less clear. Response B, on the other hand, uses the vivid imagery of fire forging steel, which typically implies a process of strengthening or improvement, but it does not directly address the concept of disappointment or unmet expectations. Neither metaphor fully captures the implicit meaning, but Response A has a slightly closer relation to the idea of unexpected outcomes, albeit with less imaginative imagery. [RESULT] A"
Jealousy carved rifts in their bond.,Learning is a never-ending path.,A,"Feedback: Response A (""Jealousy carved rifts in their bond"") aligns closely with the implicit meaning of ""Jealousy destroyed their love"" by using vivid and coherent imagery of jealousy actively creating divisions, which metaphorically mirrors destruction. The metaphor is imaginative and directly conveys the concept of jealousy undermining a relationship. In contrast, Response B (""Learning is a never-ending path"") is entirely unrelated to the implicit meaning, focusing on a different concept altogether and failing to address jealousy or destruction. Response A clearly outperforms Response B in capturing the intended meaning, vividness, and coherence. [RESULT] A"
His mind is a wellspring of insight.,Words are sharp knives.,A,"Feedback: Response A, ""His mind is a wellspring of insight,"" aligns closely with the implicit meaning of an abundant and continuous flow of ideas and wisdom. The metaphor effectively conveys the concept of a constant, refreshing source of knowledge, using vivid and coherent imagery that resonates with the intended idea. In contrast, Response B, ""Words are sharp knives,"" does not capture the implicit meaning as it focuses on the sharpness and potential harm of words rather than the abundance and flow of ideas. While Response B is imaginative and vivid, it fails to align with the intended concept. Therefore, Response A is the clearer, more accurate, and more imaginative representation. [RESULT] A"
His crypto laid bare its flaws.,Life is a rollercoaster.,A,"Feedback: Response A (""His crypto laid bare its flaws"") aligns more closely with the implicit meaning of financial vulnerability and transparency of losses compared to Response B (""Life is a rollercoaster""). Response A directly references ""crypto"" and ""flaws,"" which are relevant to financial vulnerability and transparency, making it more specific and coherent. In contrast, Response B uses a generic metaphor about life's ups and downs, which, while vivid, does not capture the financial context or the idea of transparency of losses. Response A is more imaginative and accurate in conveying the intended concept, whereas Response B is too broad and lacks specificity. [RESULT] A"
Their hearts wove a tighter bond with time.,Imagination is a spark.,A,"Feedback: Response A (""Their hearts wove a tighter bond with time"") aligns closely with the implicit meaning of growing love and emotional connection, using vivid and coherent imagery of weaving to symbolize the strengthening of a bond over time. It effectively conveys the concept of gradual, deepening connection, earning a score of 5. Response B (""Imagination is a spark"") diverges significantly from the implicit meaning, focusing on creativity rather than emotional connection, with imagery that is vivid but unrelated to the intended concept, earning a score of 2. The commonality is the use of vivid imagery, but Response A directly captures the implicit meaning while Response B does not. [RESULT] A"
Her anger was a storm cloud darkening the sky.,Life is a rollercoaster.,A,"Feedback: Response A, ""Her anger was a storm cloud darkening the sky,"" effectively captures the implicit meaning of a powerful and inescapable influence by using vivid imagery of a storm cloud, which conveys dominance and unavoidable impact. The metaphor is coherent and aligns closely with the intended concept, earning a score of 4 due to its strong imagery but slightly less direct connection to the broader idea of influence over others. Response B, ""Life is a rollercoaster,"" while imaginative, does not align well with the implicit meaning, as it emphasizes unpredictability and emotional highs and lows rather than a powerful and inescapable influence. This metaphor scores a 2 for its weak relation to the intended meaning. [RESULT] A"
A journey through thorns to a blooming garden.,Life is a fleeting rose.,A,"Feedback: Response A (""A journey through thorns to a blooming garden"") better captures the implicit meaning of love as a rewarding journey that takes time, as it explicitly conveys the idea of enduring challenges (thorns) to reach a beautiful outcome (blooming garden). The imagery is vivid and coherent, aligning closely with the concept of a process that requires effort but yields fulfillment. Response B (""Life is a fleeting rose"") focuses on the transient nature of life, which, while poetic, does not directly address the journey or the rewarding aspect of love. It lacks the depth and specificity needed to convey the implicit meaning as effectively as Response A. [RESULT] A"
Her path was weighed down by stones of duty.,Many hands shape stone.,A,"Feedback: Response A directly captures the implicit meaning of overwhelming resistance and struggle against responsibilities by using the vivid imagery of a path ""weighed down by stones of duty,"" clearly aligning with the intended concept. Response B, while imaginative, does not directly convey the struggle against responsibilities; instead, it suggests a collaborative effort in shaping stone, which diverges from the implicit meaning. Response A’s imagery is more coherent and closely aligned with the intended tone and concept, making it a clearer and more accurate representation. [RESULT] A"
She pours her wisdom like a flowing river.,It is a seismic shift.,A,"Feedback: Response A, ""She pours her wisdom like a flowing river,"" effectively captures the implicit meaning of enlightening and illuminating others with wisdom. The imagery of a flowing river conveys a continuous, generous, and life-giving transfer of knowledge, aligning closely with the intended concept. It is vivid and coherent, creating a clear mental picture of wisdom being shared in a nurturing and abundant manner. In contrast, Response B, ""It is a seismic shift,"" while imaginative, does not align well with the implicit meaning. A seismic shift implies a sudden, dramatic change, which does not directly relate to the gradual, enlightening process of sharing wisdom. Response A is more accurate and imaginative in representing the original idea. [RESULT] A"
He's a honeybee chasing nectar endlessly.,Words are trapped birds.,A,"Feedback: Response A, ""He's a honeybee chasing nectar endlessly,"" captures the implicit meaning of a desperate and aggressive desire for love more effectively than Response B. The imagery of a honeybee persistently seeking nectar aligns closely with the idea of relentless pursuit, reflecting both desperation and focus. It is vivid and coherent, directly conveying the intended concept. In contrast, Response B, ""Words are trapped birds,"" does not clearly relate to the implicit meaning. While it evokes a sense of confinement, it lacks the aggression and desperation associated with the desire for love. The metaphor is more abstract and does not align as closely with the intended tone and meaning. [RESULT] A"
She tends her emotional garden carefully.,Time is a gentle surgeon.,A,"Feedback: Response A, ""She tends her emotional garden carefully,"" aligns more closely with the implicit meaning of precariousness and constant effort, as it vividly conveys the idea of nurturing and maintaining something delicate and vulnerable. The imagery of a garden requires ongoing care, reflecting the need for stability. In contrast, Response B, ""Time is a gentle surgeon,"" while imaginative, does not directly capture the precarious nature or the effort required for maintenance. It implies a gradual, precise process but lacks the sense of fragility and constant attention. Response A is more coherent and accurate in representing the original idea. [RESULT] A"
Obligations cloud my peaceful sky.,Emotions are a deep ocean.,A,"Feedback: Response A (""Obligations cloud my peaceful sky"") and Response B (""Emotions are a deep ocean"") both attempt to convey emotional burden, but they differ significantly in their alignment with the implicit meaning of material belongings causing emotional burden and depression. Response A uses the imagery of clouds obscuring a peaceful sky, which metaphorically suggests that obligations are disrupting inner peace, but it does not directly link to material belongings or depression. The metaphor is coherent and vivid but lacks specificity to the implicit meaning. Response B, on the other hand, describes emotions as a deep ocean, which implies depth and overwhelming intensity but does not address material belongings or their emotional burden. Both metaphors are imaginative but fail to capture the core concept of material belongings causing emotional strain. Response A is slightly closer to the intended meaning due to its focus on external factors disrupting peace, though it remains indirect. [RESULT] A"
Alcohol fogged his mental lens.,City is a vibrant tapestry.,A,"Feedback: Response A (""Alcohol fogged his mental lens"") directly aligns with the implicit meaning of mental burden and loss of clarity due to alcohol, using vivid and coherent imagery that effectively conveys the intended concept. The metaphor of a fogged lens clearly represents the obscuring effect of alcohol on mental clarity. In contrast, Response B (""City is a vibrant tapestry"") does not relate to the implicit meaning at all, as it describes a lively and complex city, which is unrelated to the mental effects of alcohol. Response A is highly imaginative and accurate, while Response B fails to capture the intended concept. [RESULT] A"
Their love danced like wildfire.,Memories fade like sand.,B,"Feedback: Response A (""Their love danced like wildfire"") uses vivid imagery but fails to capture the implicit meaning of a disturbed and troubled relationship. The metaphor suggests passion and intensity, which contradicts the intended concept. Response B (""Memories fade like sand"") aligns more closely with the implicit meaning, as fading memories can imply a loss or deterioration, subtly reflecting a troubled relationship. However, the imagery in Response B is somewhat generic and lacks the depth needed to fully convey the disturbance. Both responses fall short in fully capturing the implicit meaning, but Response B is closer in tone and concept. [RESULT] B"
She carved a new path from tough stone.,River of endless discovery.,A,"Feedback: Response A (""She carved a new path from tough stone"") directly captures the implicit meaning by emphasizing the difficulty of the journey (""tough stone"") and the transformative outcome (""carved a new path""). The imagery is vivid and coherent, clearly aligning with the concept of a challenging process leading to growth. In contrast, Response B (""River of endless discovery"") focuses on continuous exploration but lacks the explicit connection to difficulty and transformation. While it conveys a sense of ongoing journey, it does not capture the struggle or the transformative aspect as effectively. Response A is more precise and imaginative in representing the intended meaning. [RESULT] A"
Her theory is a well-built fortress.,The team is a puzzle.,A,"Feedback: Response A, ""Her theory is a well-built fortress,"" aligns more closely with the implicit meaning of well-balanced and refined intellectual work. The metaphor of a fortress conveys strength, structure, and meticulous construction, which reflects the refined and well-balanced nature of intellectual work. It is vivid and coherent, effectively capturing the intended concept. In contrast, Response B, ""The team is a puzzle,"" does not directly relate to the implicit meaning. While a puzzle can imply complexity, it lacks the connotation of refinement and balance associated with intellectual work. Response A is more imaginative and accurate in representing the original idea. [RESULT] A"
A safe harbor in stormy seas.,Life is a rollercoaster.,A,"Feedback: Response A (""A safe harbor in stormy seas"") aligns closely with the implicit meaning of love providing protection and safety during difficult times, using vivid and coherent imagery that directly reflects the intended concept. It effectively conveys the idea of a secure refuge amidst chaos, making it highly imaginative and accurate. In contrast, Response B (""Life is a rollercoaster"") captures the idea of ups and downs but lacks the specific imagery of protection and safety, making it less aligned with the implicit meaning. While both metaphors use natural elements, Response A is more precise and evocative in representing the intended concept. [RESULT] A"
Brain weaves memories into a cohesive tapestry.,Learning is a never-ending path.,A,"Feedback: Response A, ""Brain weaves memories into a cohesive tapestry,"" aligns more closely with the implicit meaning of human memory working like a computer storage system, as it emphasizes the organized and structured nature of memory, akin to weaving threads into a tapestry. The imagery is vivid and coherent, effectively conveying the concept of memory as a carefully constructed system. In contrast, Response B, ""Learning is a never-ending path,"" while imaginative, does not capture the specific idea of memory as a storage system. It focuses on the process of learning rather than the storage and organization of memories. Response A better meets the criteria by providing a clearer, more accurate, and more imaginative representation of the original idea. [RESULT] A"
He painted his message with precise strokes.,Team was a well-oiled machine.,A,"Feedback: Response A (""He painted his message with precise strokes"") better aligns with the implicit meaning of extremely accurate and precise use of words, as it directly evokes the idea of careful, deliberate, and exact execution through the imagery of painting. The metaphor is vivid and coherent, clearly linking the precision of brushstrokes to the precision of language. In contrast, Response B (""Team was a well-oiled machine"") focuses on efficiency and coordination rather than precision in language, making it less relevant to the implicit meaning. While both metaphors use imagery effectively, Response A is more accurate and imaginative in representing the intended concept. [RESULT] A"
My mind is a council of inner advisors.,Time is a slow river.,A,"Feedback: Response A (""My mind is a council of inner advisors"") directly captures the implicit meaning of internal thought process and decision-making conflict by portraying the mind as a deliberative body of advisors, which aligns closely with the concept of conflicting thoughts. The imagery is vivid and coherent, effectively conveying the idea of multiple perspectives vying for influence. In contrast, Response B (""Time is a slow river"") does not align with the implicit meaning, as it focuses on the passage of time rather than internal decision-making. While the imagery in Response B is vivid, it fails to capture the intended concept. Response A is a clearer, more accurate, and more imaginative representation of the original idea. [RESULT] A"
A fog enshrouds the clear path ahead.,Words are double-edged swords.,A,"Feedback: Response A, ""A fog enshrouds the clear path ahead,"" effectively captures the implicit meaning of confusion and uncertainty blocking progress by using vivid imagery of fog obstructing a clear path, which directly aligns with the concept of hindered advancement. The metaphor is coherent and imaginative, clearly conveying the intended idea. Response B, ""Words are double-edged swords,"" while imaginative, does not closely align with the implicit meaning. It suggests the dual nature of words (both helpful and harmful) but fails to represent the idea of confusion and uncertainty blocking progress. Response A is more accurate and vivid in conveying the intended concept. [RESULT] A"
Love melted her emotional ice.,Imagination is a key.,A,"Feedback: Response A directly captures the implicit meaning of emotional transformation from cold and distant to warm and loving by using the vivid imagery of ""emotional ice"" melting due to love. It aligns closely with the intended concept, effectively conveying the change through coherent and imaginative language. Response B, while imaginative, does not align with the implicit meaning as it focuses on imagination as a tool (a key) rather than emotional transformation. The imagery in Response B is unrelated to the cold-to-warm shift, making it less relevant to the intended concept. [RESULT] A"
Darkness climbed like a tangible wall.,Life is a rocky road.,A,"Feedback: Response A (""Darkness climbed like a tangible wall"") aligns more closely with the implicit meaning of ""Darkness ascending at dusk"" by directly depicting the ascent of darkness in a vivid and tangible manner. The imagery of a ""tangible wall"" effectively conveys the overwhelming and physical presence of darkness, making it highly imaginative and coherent. In contrast, Response B (""Life is a rocky road"") is a common metaphor that does not capture the specific concept of darkness ascending at dusk, as it focuses on the general challenges of life rather than the intended imagery. While both metaphors use vivid imagery, Response A is more accurate and imaginative in representing the implicit meaning. [RESULT] A"
Cultural traditions are the soul of a society.,Learning is a path.,A,"Feedback: Response A (""Cultural traditions are the soul of a society"") aligns more closely with the implicit meaning than Response B (""Learning is a path""). Response A effectively captures the idea that cultural traditions are fundamental and essential to a society's identity, using the metaphor of the ""soul"" to convey depth and uniqueness. It is vivid and coherent, directly relating to the concept of identity and essence. In contrast, Response B, while imaginative, does not address the implicit meaning of cultural traditions forming the building blocks and identity of a society. Instead, it focuses on the process of learning, which is unrelated to the given concept. Response A is clearer, more accurate, and more relevant to the intended idea. [RESULT] A"
We unravel complexities thread by thread.,Life is a winding road.,A,"Feedback: Response A (""We unravel complexities thread by thread"") directly aligns with the implicit meaning of solving or understanding a complex problem, using vivid and coherent imagery of carefully untangling threads to represent the process of breaking down intricate issues. It is highly imaginative and accurately conveys the intended concept. Response B (""Life is a winding road"") is a common metaphor that loosely relates to the idea of navigating challenges but lacks specificity and direct alignment with the implicit meaning of solving complex problems. While both metaphors use coherent imagery, Response A is more precise and imaginative in capturing the intended concept. [RESULT] A"
Vaccines arm the body against invaders.,Time is a river.,A,"Feedback: Response A directly aligns with the implicit meaning of protection and prevention from harm by using the metaphor of vaccines arming the body against invaders, which vividly conveys the concept of defense and preparation. The imagery is clear and coherent, effectively capturing the intended idea. Response B, ""Time is a river,"" while imaginative, does not align with the implicit meaning of protection and prevention; instead, it suggests a continuous, unstoppable flow, which is unrelated to the concept of safeguarding. Response A is more accurate and relevant to the given meaning. [RESULT] A"
"Night swallowed us whole, blocking all light.",Time is a river.,A,"Feedback: Response A (""Night swallowed us whole, blocking all light"") more closely aligns with the implicit meaning of oppressive and inescapable confinement. It uses vivid and coherent imagery of darkness engulfing everything, effectively conveying a sense of suffocation and entrapment. In contrast, Response B (""Time is a river"") is a common metaphor that lacks specificity and does not capture the oppressive or confining aspect of the implicit meaning. While both metaphors are imaginative, Response A is more accurate and evocative in representing the intended concept. [RESULT] A"
Current moment is soil for tomorrow's tree.,Memories are the threads.,A,"Feedback: Response A, ""Current moment is soil for tomorrow's tree,"" establishes a clear connection between the present and future, suggesting that the present moment is the foundation for future growth, which partially aligns with the implicit meaning of a fundamental basis. However, it focuses more on temporal progression rather than the origin of truth and existence. The imagery is vivid and coherent but doesn't fully capture the depth of the implicit meaning. Response B, ""Memories are the threads,"" implies that memories are the foundational elements that weave together existence, which is a more abstract and less direct representation of the implicit meaning. The imagery is somewhat vivid but lacks clarity in connecting to the origin of truth and existence. Both responses fall short in fully aligning with the implicit meaning, but Response A is slightly more coherent and vivid in its imagery, though neither achieves a high score. [RESULT] A"
Anger clouded her thoughts like a storm.,Life is a roller coaster.,A,"Feedback: Response A (""Anger clouded her thoughts like a storm"") aligns closely with the implicit meaning of sudden, intense anger overwhelming everything else. The metaphor effectively uses the imagery of a storm, which is vivid and coherent, capturing the intensity and all-encompassing nature of anger. In contrast, Response B (""Life is a roller coaster"") is more generic and does not specifically address the concept of sudden, intense anger. While it conveys variability and unpredictability, it lacks the focused imagery and direct connection to the implicit meaning. Therefore, Response A is a clearer, more accurate, and more imaginative representation of the original idea. [RESULT] A"
Time marches like an unyielding soldier.,Mistakes are stepping stones.,A,"Feedback: Response A (""Time marches like an unyielding soldier"") aligns closely with the implicit meaning of time moving forward unstoppably and continuously, as it conveys the idea of relentless and unceasing progress through the imagery of a soldier marching forward without yielding. The metaphor is vivid and coherent, effectively capturing the intended concept. Response B (""Mistakes are stepping stones"") does not align with the implicit meaning, as it focuses on the idea of learning from mistakes rather than the unstoppable nature of time. While Response B is imaginative and coherent, it fails to capture the intended concept. Response A is the clearer, more accurate, and more imaginative representation of the original idea. [RESULT] A"
He's a honeybee chasing flowers constantly.,Life is a fleeting whisper.,A,"Feedback: Response A, ""He's a honeybee chasing flowers constantly,"" effectively captures the implicit meaning of excessive and energetic romantic desire by using vivid imagery of a honeybee's relentless pursuit of flowers, which symbolizes persistent and lively romantic interest. The metaphor is coherent and imaginative, aligning closely with the intended concept. In contrast, Response B, ""Life is a fleeting whisper,"" does not align with the implicit meaning, as it conveys a sense of transience and quietness rather than energetic desire. While Response B is imaginative, it fails to capture the specific tone and meaning of excessive romantic pursuit. Therefore, Response A is the clearer and more accurate representation. [RESULT] A"
Factions danced on the chessboard of academia.,Water wears down stone.,A,"Feedback: Response A, ""Factions danced on the chessboard of academia,"" captures the implicit meaning of complex competition between opposing ideas more effectively than Response B. It uses vivid and coherent imagery, likening academic factions to players on a chessboard, which directly conveys strategic and competitive interactions. The metaphor is imaginative and aligns closely with the intended concept, earning a score of 5. Response B, ""Water wears down stone,"" while imaginative, does not directly reflect the idea of complex competition between opposing ideas. Instead, it conveys persistence and gradual change, which is a different concept altogether. This metaphor has a weak relation to the implicit meaning and earns a score of 2. [RESULT] A"
Seizing chances paints a future with effort's hues.,Storms pass calm seas.,A,"Feedback: Response A (""Seizing chances paints a future with effort's hues"") aligns more closely with the implicit meaning by emphasizing the active role of effort in shaping outcomes, using vivid imagery of painting to convey the idea of creating a future through action. It directly connects the concept of seizing opportunities with the result of a colorful, effort-driven future. In contrast, Response B (""Storms pass calm seas"") focuses on the transient nature of challenges leading to tranquility, which is less directly related to the idea of personal agency in determining outcomes. While Response B uses coherent imagery, it does not capture the proactive aspect of the implicit meaning as effectively as Response A. [RESULT] A"
She dove headfirst into未知领域.,Forest was a keeper.,A,"Feedback: Response A, ""She dove headfirst into未知领域,"" effectively captures the implicit meaning of eager and enthusiastic pursuit of new experiences. The imagery of diving headfirst conveys boldness and excitement, aligning closely with the intended concept. The use of ""未知领域"" (unknown territory) adds a vivid and coherent element, emphasizing the novelty and adventurous nature of the pursuit. In contrast, Response B, ""Forest was a keeper,"" does not align with the implicit meaning. The metaphor of a forest being a keeper is unrelated to the idea of pursuing new experiences and lacks the necessary imagery to convey enthusiasm or eagerness. Response A is highly imaginative, vivid, and accurately reflects the intended meaning, while Response B fails to capture the essence of the implicit meaning. [RESULT] A"
Life is a map with guiding stars and paths.,Life is a web.,A,"Feedback: Both metaphors aim to convey the idea that life offers multiple paths and choices, but they differ significantly in their approach and effectiveness. Response A, ""Life is a map with guiding stars and paths,"" directly aligns with the implicit meaning by explicitly mentioning paths and guiding elements, creating a vivid and coherent image of navigation through life's options. It scores a 4 due to its clear alignment with the meaning but lacks highly original imagery. Response B, ""Life is a web,"" implies interconnectedness and multiple directions, which loosely reflects the idea of choices but does not explicitly mention paths or guiding elements, making it less direct and vivid. It scores a 3 for its loose alignment and more generic imagery. [RESULT] A"
His morals are a pure crystal untouched by dirt.,Life is a flowing river.,B,"Feedback: Response A, ""His morals are a pure crystal untouched by dirt,"" directly addresses the concept of purity and value but fails to incorporate the idea of experience and testing, which is central to the implicit meaning. The imagery is vivid and coherent but does not align closely with the intended concept of values becoming pure and valuable through experience. Response B, ""Life is a flowing river,"" captures the idea of continuous change and progression, which can be loosely related to the concept of experience and testing. However, it does not directly address the purity and value of morals. Both metaphors fall short in fully aligning with the implicit meaning, but Response B has a more dynamic and experiential connotation, making it slightly closer to the intended concept. [RESULT] B"
Morning is fate's schedule for duties.,Mind is a memory vault.,A,"Feedback: Response A, ""Morning is fate's schedule for duties,"" captures the implicit meaning of an overwhelming amount of tasks in the morning by implying a predetermined and inescapable list of obligations, which aligns well with the concept of being overwhelmed. However, the imagery is somewhat abstract and lacks vividness, making it less imaginative. Response B, ""Mind is a memory vault,"" diverges significantly from the implicit meaning, as it focuses on the mind's capacity for storage rather than the burden of tasks. While Response B has clear and coherent imagery, it fails to convey the intended concept. Response A, despite its less vivid imagery, more closely aligns with the implicit meaning compared to Response B, which is entirely unrelated. [RESULT] A"
Their love turned into shattered glass.,Head submerged in deep water.,A,"Feedback: Response A (""Their love turned into shattered glass"") captures the idea of a relationship falling apart more directly than Response B, as it explicitly conveys the concept of something once whole now broken and irreparable, aligning well with the implicit meaning of a relationship that has completely fallen apart. However, the imagery of shattered glass, while vivid, lacks the depth of hopelessness and darkness implied in the reference. Response B (""Head submerged in deep water"") metaphorically conveys a sense of being overwhelmed and trapped, which aligns with the hopelessness aspect of the implicit meaning but does not directly address the relationship falling apart. The imagery in Response B is vivid and evokes a strong emotional response, but it is less precise in capturing the specific idea of a relationship's collapse. Response A is more accurate in reflecting the core concept of a broken relationship, though it falls short in conveying the emotional darkness. Response B excels in emotional depth but misses the direct connection to the relationship's demise. [RESULT] A"
"Every push meets a pull, balance's dance.",Love is a warm blanket.,A,"Feedback: Response A directly addresses the concept of balance and reciprocity between opposing forces through the imagery of ""push meets a pull"" and ""balance's dance,"" which vividly and coherently captures the implicit meaning. It aligns closely with the intended concept, using imaginative and clear language. Response B, while vivid and imaginative, focuses on the warmth and comfort of love, which does not directly relate to the idea of balance and reciprocity between opposing forces. The imagery in Response B is strong but fails to capture the implicit meaning effectively. Therefore, Response A is the clearer, more accurate, and more imaginative representation of the original idea. [RESULT] A"
Traditional paths cross new horizons.,Life is a seesaw.,A,"Feedback: Response A (""Traditional paths cross new horizons"") aligns closely with the implicit meaning of ""Traditional ways meeting modern approaches,"" using vivid and coherent imagery that effectively conveys the concept of old and new intersecting. It scores a 5 for its imaginative and accurate representation. Response B (""Life is a seesaw"") is less relevant, as it does not capture the interplay between tradition and modernity, instead focusing on balance in a general sense. Its imagery is coherent but fails to align with the intended meaning, scoring a 2. [RESULT] A"
Bright beams danced through cloud gaps.,Life is a river.,A,"Feedback: Response A (""Bright beams danced through cloud gaps"") captures the fluidity and preciousness of sunlight more vividly than Response B (""Life is a river""). The imagery of light beams dancing through gaps in clouds effectively conveys the fluid, dynamic nature of sunlight, while the metaphor of life as a river, though imaginative, does not directly relate to the specific qualities of sunlight. Response A aligns more closely with the implicit meaning by focusing on the movement and value of sunlight, whereas Response B is more abstract and less tied to the intended concept. [RESULT] A"
Traffic jams of priorities in my calendar.,Life is a sinking ship.,A,"Feedback: Response A, ""Traffic jams of priorities in my calendar,"" directly addresses the implicit meaning by using the vivid imagery of a traffic jam to represent the conflict and chaos of multiple tasks in scheduling. It is highly imaginative and coherent, clearly conveying the intended concept. Response B, ""Life is a sinking ship,"" while imaginative, does not closely align with the specific implicit meaning of task conflicts in scheduling. It conveys a broader sense of crisis and overwhelm but lacks the precision and relevance of Response A. Therefore, Response A is a clearer, more accurate, and more imaginative representation of the original idea. [RESULT] A"
Water slowly carves through stone.,Life is a maze.,A,"Feedback: Response A (""Water slowly carves through stone"") aligns more closely with the implicit meaning of a slow arrival or discovery after a long journey. It vividly conveys the idea of gradual progress and persistence leading to a significant outcome, mirroring the concept of a long journey culminating in an answer. The imagery is coherent and imaginative, effectively capturing the intended tone. In contrast, Response B (""Life is a maze"") focuses more on complexity and uncertainty rather than the slow, deliberate process implied in the implicit meaning. While it suggests a journey, it lacks the emphasis on gradual progress and eventual discovery. Therefore, Response A is a clearer and more accurate representation of the original idea. [RESULT] A"
Gaming became his never-ending treadmill.,Small drops fill oceans.,A,"Feedback: Response A (""Gaming became his never-ending treadmill"") aligns more closely with the implicit meaning of gaming addiction being controlling and destructive, as it conveys the repetitive, exhausting, and unescapable nature of addiction, akin to a treadmill that never stops. The imagery is vivid and coherent, effectively capturing the intended concept. Response B (""Small drops fill oceans""), while imaginative, does not relate to the implicit meaning of addiction; it instead suggests gradual accumulation, which is unrelated to the destructive and controlling nature of addiction. Response A is clearer, more accurate, and more imaginative in representing the original idea. [RESULT] A"
His joy climbed to towering heights.,Time is a runaway train.,A,"Feedback: Response A (""His joy climbed to towering heights"") directly aligns with the implicit meaning of growing and expanding happiness reaching great heights, using vivid and coherent imagery that clearly conveys the intended concept. It effectively captures the idea of joy ascending to significant levels, making it highly imaginative and accurate. In contrast, Response B (""Time is a runaway train"") does not relate to the implicit meaning, as it focuses on the uncontrollable nature of time rather than the expansion of happiness. While Response B is imaginative, it fails to align with the intended concept. [RESULT] A"
She stores ideas like a bee gathers honey.,Policy is a storm wave.,A,"Feedback: Response A effectively captures the implicit meaning of collecting and storing ideas for future use by comparing it to a bee gathering honey, which is a vivid and coherent image that aligns closely with the intended concept. The metaphor is imaginative and conveys the idea of purposeful accumulation and preservation. In contrast, Response B, ""Policy is a storm wave,"" does not align with the implicit meaning, as it suggests unpredictability and force rather than the systematic collection and storage of ideas. While the imagery in Response B is vivid, it fails to reflect the intended concept. Therefore, Response A is a clearer, more accurate, and more imaginative representation of the original idea. [RESULT] A"
Every seed sown bears a lasting fruit.,Time is a silent river.,A,"Feedback: Response A (""Every seed sown bears a lasting fruit"") aligns more closely with the implicit meaning by emphasizing the inseparable link between actions (sowing seeds) and their lasting consequences (bearing fruit), though it lacks temporal progression. Response B (""Time is a silent river"") captures temporal progression but fails to explicitly connect actions and consequences. Both metaphors are coherent but differ in their focus: Response A is more direct in linking cause and effect, while Response B is more abstract and less specific to the implicit meaning. Response A uses more vivid and concrete imagery, making it a clearer representation of the intended concept. [RESULT] A"
Avoidance is a hollow tooth.,Responsibility is a crushing weight.,B,"Feedback: Response A (""Avoidance is a hollow tooth"") and Response B (""Responsibility is a crushing weight"") both attempt to convey emotional pain and ongoing suffering, but they do so with varying degrees of clarity and vividness. Response A uses the imagery of a hollow tooth, which can evoke a sense of emptiness and lingering discomfort, aligning somewhat with the implicit meaning. However, the metaphor is less direct in conveying ongoing suffering and may require more interpretation. Response B, on the other hand, uses the imagery of a crushing weight, which vividly and directly captures the overwhelming and unrelenting nature of emotional pain. While both metaphors have merit, Response B more closely aligns with the implicit meaning due to its clearer and more vivid imagery. [RESULT] B"
Their duties hung on a transparent thread.,Drowning in a sea.,A,"Feedback: Response A (""Their duties hung on a transparent thread"") aligns more closely with the implicit meaning of responsibilities being clearly visible and unhidden, as the transparency of the thread directly conveys visibility. It also uses vivid and coherent imagery, effectively capturing the intended concept. In contrast, Response B (""Drowning in a sea"") does not reflect the implicit meaning, as it implies being overwhelmed rather than visibility. The imagery in Response B is vivid but fails to align with the intended concept. [RESULT] A"
Nature's embrace recharges the soul.,Challenges are her gym.,A,"Feedback: Response A (""Nature's embrace recharges the soul"") aligns closely with the implicit meaning by directly linking nature to rejuvenation, using vivid and coherent imagery that captures the essence of gaining energy from being outdoors. It effectively conveys the intended concept with a poetic and imaginative tone. Response B (""Challenges are her gym"") diverges significantly from the implicit meaning, as it focuses on personal growth through challenges rather than the restorative power of nature. While Response B is imaginative, it fails to capture the specific idea of outdoor rejuvenation. Response A is clearer, more accurate, and more aligned with the implicit meaning. [RESULT] A"
He cracked under pressure like a dry stick.,Mind is a powerful anchor.,A,"Feedback: Response A (""He cracked under pressure like a dry stick"") directly aligns with the implicit meaning of losing stability and control during difficult times, using vivid and coherent imagery of a dry stick breaking under pressure to convey fragility and collapse. It effectively captures the concept of succumbing to stress. Response B (""Mind is a powerful anchor"") diverges from the implicit meaning, as it suggests stability and strength rather than loss of control. While imaginative, it fails to reflect the intended idea of instability. Response A is clearer, more accurate, and better represents the original concept. [RESULT] A"
His spark ignited the team's fire.,City is a creative beacon.,A,"Feedback: Response A (""His spark ignited the team's fire"") more closely aligns with the implicit meaning of contagious motivation and energy spreading among people. It effectively conveys the idea of one person's enthusiasm inspiring and energizing others, creating a collective drive. The imagery is vivid and coherent, with the spark and fire serving as strong symbols of energy and spread. In contrast, Response B (""City is a creative beacon"") focuses on a static source of inspiration rather than the dynamic spread of energy, making it less aligned with the implicit meaning. While it uses imaginative imagery, it fails to capture the contagious aspect of motivation. [RESULT] A"
Life's horizon sets limits on our view.,Life is a winding road.,A,"Feedback: Both metaphors attempt to convey the idea of limitations, but they differ in their approach and alignment with the implicit meaning. Response A, ""Life's horizon sets limits on our view,"" directly addresses the concept of a clear yet limited vision by using the horizon as a metaphorical boundary, which aligns well with the implicit meaning. The imagery is coherent and effectively conveys the intended concept, earning a score of 4. Response B, ""Life is a winding road,"" focuses more on the journey and unpredictability of life rather than the clarity and limitations of vision. While it is a vivid and imaginative metaphor, it does not closely align with the implicit meaning, earning a score of 3. [RESULT] A"
Pencil marks grow into signatures over time.,He runs to victory.,A,"Feedback: Response A (""Pencil marks grow into signatures over time"") better captures the implicit meaning of perseverance leading to success. It uses vivid and coherent imagery, likening the gradual process of effort (pencil marks) to the achievement of a significant outcome (signatures), which aligns closely with the idea that success comes to those who persevere. Response B (""He runs to victory"") is more generic and lacks the depth of imagery and connection to the implicit meaning, as it focuses on a direct action (running) rather than the gradual, persistent effort implied in the original idea. [RESULT] A"
Core foundations crumbled beneath scrutiny.,Time is a river.,A,"Feedback: Response A (""Core foundations crumbled beneath scrutiny"") aligns closely with the implicit meaning by directly addressing the instability and unreliability of basic principles, using vivid and coherent imagery of crumbling foundations to convey the concept effectively. In contrast, Response B (""Time is a river"") is a generic metaphor that does not capture the specific idea of foundational instability; it lacks relevance to the implicit meaning and fails to convey the intended concept. Response A is highly imaginative and precise, while Response B is unrelated and lacks specificity. [RESULT] A"
His anger boiled over like boiling water.,A fading flame.,A,"Feedback: Response A (""His anger boiled over like boiling water"") aligns closely with the implicit meaning of intense, uncontrollable anger reaching a dangerous peak, as it vividly portrays the explosive nature of anger through the imagery of boiling water. It is coherent and directly conveys the concept of anger escalating to a critical point. Response B (""A fading flame"") diverges significantly from the implicit meaning, as it suggests a diminishing or weakening state rather than an intense, uncontrollable peak. While the imagery is somewhat vivid, it fails to capture the intended concept of anger reaching a dangerous climax. Response A effectively uses a clear and imaginative metaphor, whereas Response B is misleading and lacks alignment with the implicit meaning. [RESULT] A"
"Their connection burned bright, unfazed by miles.",Fire reveals true metal.,A,"Feedback: Response A directly captures the implicit meaning of powerful attraction across great distances by using the imagery of a burning connection that remains strong despite physical separation. The metaphor is vivid and coherent, effectively conveying the intensity and resilience of the bond. Response B, while imaginative, does not directly address the concept of distance or attraction; instead, it speaks more to the idea of revealing true nature under pressure, which is tangential to the implicit meaning. Response A aligns more closely with the intended concept and uses more relevant imagery. [RESULT] A"
Hope is a lighthouse in the storm.,Resilience is a shield.,A,"Feedback: Response A (""Hope is a lighthouse in the storm"") aligns closely with the implicit meaning by vividly portraying hope as a guiding and comforting force in difficult times, much like a lighthouse offering direction and safety during a storm. The imagery is coherent and highly imaginative, effectively capturing the intended concept. In contrast, Response B (""Resilience is a shield"") focuses on protection rather than guidance, which diverges from the implicit meaning of hope providing comfort and direction. While the imagery in Response B is clear, it does not align as closely with the intended concept as Response A. Therefore, Response A is the better metaphor. [RESULT] A"
"She dances from flame to flame, never settling.",She is drowning in tasks.,A,"Feedback: Response A uses the imagery of dancing from flame to flame, which conveys a sense of movement and transience, aligning well with the idea of being inconstant and flighty in romantic relationships. The metaphor is vivid and imaginative, capturing the essence of the implicit meaning effectively. Response B, on the other hand, uses the imagery of drowning in tasks, which primarily conveys overwhelm and busyness rather than inconstancy in relationships. While it is a vivid image, it does not align closely with the intended meaning. Response A is more coherent and accurate in representing the implicit meaning. [RESULT] A"
It blossomed into the academia's heart.,Life is a seesaw.,A,"Feedback: Response A uses a metaphor of blossoming into the academia's heart, which somewhat captures the idea of growth and centrality in academic recognition. However, it lacks vivid imagery and fails to directly convey the validation of a scientific theory. Response B, ""Life is a seesaw,"" is unrelated to academic recognition and validation, making it incoherent with the implicit meaning. Both responses fall short, but Response A has a slight connection to the concept of growth and recognition, albeit weakly. [RESULT] A"
Fear clouded her judgment like fog.,Life is a rocky road.,A,"Feedback: Response A (""Fear clouded her judgment like fog"") more closely aligns with the implicit meaning of being paralyzed by intense fear or anxiety, as it directly links fear to a state of mental obstruction, akin to fog impairing visibility. The imagery is vivid and coherent, effectively conveying the concept of fear distorting one’s ability to think clearly. In contrast, Response B (""Life is a rocky road"") is a generic metaphor that speaks to life’s challenges but lacks specificity in capturing the paralyzing effect of fear or anxiety. While imaginative, it does not align closely with the intended meaning. Response A is clearer, more accurate, and more imaginative in representing the original idea. [RESULT] A"
Her desire burned like a wildfire.,Words are sharp knives.,A,"Feedback: Response A (""Her desire burned like a wildfire"") aligns closely with the implicit meaning of intense, uncontrollable desire, using vivid and coherent imagery of a wildfire to convey the uncontrollable and consuming nature of the emotion. It scores a 5 for its highly imaginative and accurate representation. Response B (""Words are sharp knives"") does not align with the implicit meaning, as it focuses on the sharpness and potential harm of words rather than intense desire, making it irrelevant to the intended concept. It scores a 1 for its lack of connection to the implicit meaning. [RESULT] A"
A Gordian knot too tangled for usual hands.,Life is a delicate flower.,A,"Feedback: Response A, ""A Gordian knot too tangled for usual hands,"" aligns closely with the implicit meaning of an extremely complex and unsolvable problem. The metaphor effectively conveys the idea of a challenge that is beyond the capabilities of ordinary means, drawing on the historical legend of the Gordian knot, which required unconventional thinking to solve. The imagery is vivid and coherent, making it a strong representation of the intended concept. Response B, ""Life is a delicate flower,"" while imaginative, does not capture the complexity or unsolvability implied in the implicit meaning. Instead, it suggests fragility and beauty, which are unrelated to the idea of an intractable problem. Response A is more accurate and imaginative in representing the original idea. [RESULT] A"
He climbed to the peak of joy.,Time flies on happy wings.,A,"Feedback: Both metaphors aim to convey the idea of reaching the highest level of happiness, but they differ in their approach and effectiveness. Response A, ""He climbed to the peak of joy,"" directly aligns with the implicit meaning by using the imagery of climbing to a peak, which clearly symbolizes reaching the highest level. The metaphor is coherent and vivid, though it lacks originality as it relies on a common climbing analogy. Response B, ""Time flies on happy wings,"" introduces a more imaginative and unique imagery by personifying time and associating it with happiness. However, it is less direct in conveying the idea of reaching the highest level of happiness, as it focuses more on the passage of time in a joyful state rather than the pinnacle of joy. While Response B is more creative, Response A is more accurate and direct in capturing the implicit meaning. [RESULT] A"
Daybreak painted the city in gentle hues.,Legacy is a lasting flame.,A,"Feedback: Response A, ""Daybreak painted the city in gentle hues,"" effectively captures the gradual awakening and transition from night to day, aligning closely with the implicit meaning. The imagery is vivid and coherent, using the metaphor of painting to convey the soft, progressive change in the city's atmosphere. In contrast, Response B, ""Legacy is a lasting flame,"" does not relate to the implicit meaning of the gradual transition from night to day; instead, it focuses on the enduring nature of legacy, which is a different concept altogether. While Response B is imaginative and vivid, it fails to align with the intended meaning. Therefore, Response A is the clearer, more accurate, and more imaginative representation of the original idea. [RESULT] A"
My mind is a orchestra of personalities.,Life is a winding road.,A,"Feedback: Response A (""My mind is an orchestra of personalities"") better captures the implicit meaning of internal conflict and multiple competing thoughts during decision-making. It vividly portrays the mind as a complex ensemble where different ""personalities"" or thoughts interact, akin to musicians in an orchestra, creating a coherent and imaginative representation of mental turmoil. Response B (""Life is a winding road"") is more generic and focuses on the journey of life rather than the internal struggle, failing to directly address the competing thoughts aspect. While both metaphors use coherent imagery, Response A aligns more closely with the intended concept and is more specific to the implicit meaning. [RESULT] A"
"She's a perpetually winding clock, never still.",Drowning in a sea.,A,"Feedback: Response A (""She's a perpetually winding clock, never still."") better captures the implicit meaning of addiction to work and being productive. It uses vivid and coherent imagery of a clock, which symbolizes constant motion and time-bound activity, aligning closely with the concept of relentless productivity. In contrast, Response B (""Drowning in a sea."") conveys a sense of overwhelm but lacks specificity to work addiction, leaning more toward a general feeling of being overwhelmed or lost. While both metaphors use imaginative imagery, Response A is more precise and directly relates to the intended concept. [RESULT] A"
Roots guide the tree's logic and growth.,Tree roots deepen in storms.,A,"Feedback: Both metaphors attempt to capture the idea of foundational elements supporting growth or structure, but they differ in their alignment with the implicit meaning and the vividness of their imagery. Response A, ""Roots guide the tree's logic and growth,"" directly links roots to logic and growth, which aligns well with the concept of foundational causes supporting structured thinking. The imagery is coherent and effectively conveys the intended idea, earning a score of 4. Response B, ""Tree roots deepen in storms,"" focuses on the resilience and deepening of roots during adversity, which is a vivid image but less directly connected to the implicit meaning of foundational causes supporting structured thinking. It captures a related concept but not as precisely, earning a score of 3. [RESULT] A"
Clockwise turned into counterclockwise flow.,Memories fade like photographs.,B,"Feedback: Response A, ""Clockwise turned into counterclockwise flow,"" captures the idea of order descending into disorder but lacks vivid imagery and does not explicitly convey the loss of control. It aligns somewhat with the implicit meaning but feels abstract and less imaginative. Response B, ""Memories fade like photographs,"" is more vivid and coherent, effectively conveying the loss of control over time, though it does not directly address the descent from order to disorder. Both responses have limitations, but Response B is more imaginative and aligns better with the emotional aspect of the implicit meaning, even if it doesn’t fully capture the order-to-disorder transition. [RESULT] B"
Obligations are ball and chains binding me.,Learning is a long path.,A,"Feedback: Response A uses the metaphor of ""ball and chains"" to convey a sense of being trapped, which aligns closely with the implicit meaning of material possessions creating a feeling of restriction. The imagery is vivid and directly relates to the concept of being bound, effectively capturing the intended tone and idea. Response B, however, uses the metaphor of a ""long path"" to describe learning, which does not align with the implicit meaning of feeling trapped by material possessions. While the imagery is coherent, it fails to capture the intended concept of restriction. Response A is more imaginative, accurate, and aligned with the implicit meaning compared to Response B. [RESULT] A"
His anger simmered like boiling water.,Life is a healing garden.,A,"Feedback: Response A effectively captures the implicit meaning of a sudden and explosive buildup of intense anger by using the metaphor of ""anger simmering like boiling water,"" which vividly conveys the idea of a gradual but intense escalation. The imagery is coherent and aligns closely with the intended concept. In contrast, Response B, ""Life is a healing garden,"" does not relate to the implicit meaning of anger and instead suggests a peaceful, restorative theme, making it completely misaligned with the intended concept. Response A is highly imaginative and accurate, while Response B fails to reflect the meaning at all. [RESULT] A"
Her guidance steered the ship through storms.,Team is a puzzle with fitting pieces.,A,"Feedback: Response A directly aligns with the implicit meaning of ""guidance through difficulty"" by using the vivid imagery of a ship navigating storms, which clearly conveys the idea of overcoming challenges with expert direction. The metaphor is coherent and imaginative, effectively capturing the intended concept. Response B, while creative, focuses on the idea of a team working together harmoniously as a puzzle, which does not directly address the concept of guidance through difficulty. It lacks the specific imagery of overcoming challenges and instead emphasizes unity and fit. Therefore, Response A is more accurate and vivid in conveying the implicit meaning. [RESULT] A"
The answer is a star behind the storm clouds.,Success is a distant mountain.,A,"Feedback: Both metaphors attempt to convey the idea of something valuable being obscured by challenges, but they differ in their approach and effectiveness. Response A (""The answer is a star behind the storm clouds"") uses the imagery of a star, which is inherently bright and guiding, being hidden by storm clouds, symbolizing difficult circumstances. This metaphor is vivid and aligns well with the implicit meaning, as it clearly depicts the answer as something present but temporarily obscured. Response B (""Success is a distant mountain"") conveys the idea of success being a challenging goal, but it focuses more on the effort required to reach it rather than the idea of something being hidden. While it is coherent and imaginative, it does not as closely capture the specific implicit meaning of something being concealed under difficult circumstances. Response A is more precise and vivid in representing the intended concept. [RESULT] A"
It fights like an army against invaders.,Pain is a heavy anchor.,A,"Feedback: Response A directly aligns with the implicit meaning by comparing the immune system to an army fighting invaders, which is a clear and vivid metaphor that captures the intended concept of defense against illness. It scores high on coherence and accuracy. Response B, while imaginative, uses the metaphor of pain as a heavy anchor, which does not directly relate to the immune system defending against illness. The imagery is vivid but fails to align closely with the implicit meaning, making it less effective in conveying the intended concept. [RESULT] A"
Dancing shadows played on the walls.,Forest is a keeper of secrets.,A,"Feedback: Neither Response A nor Response B effectively captures the implicit meaning of ""Light moves smoothly and fluidly like water."" Response A, ""Dancing shadows played on the walls,"" focuses on the movement of shadows, which could imply some fluidity, but it lacks the direct connection to the smooth, water-like motion of light. Response B, ""Forest is a keeper of secrets,"" is entirely unrelated to the concept of light or fluid movement, making it irrelevant to the implicit meaning. Both metaphors fail to convey the intended imagery and concept clearly. Response A has a slight edge due to its mention of movement, but it still falls short of the required vividness and accuracy. [RESULT] A"
He navigates emotions like a skilled sailor.,Team is a puzzle.,A,"Feedback: Response A effectively captures the implicit meaning of precarious control over emotions requiring constant effort and skill by comparing emotional navigation to a skilled sailor, which implies ongoing effort and expertise. The imagery is vivid and coherent, aligning closely with the intended concept. Response B, however, fails to convey the implicit meaning as it compares a team to a puzzle, which suggests complexity or interdependence but lacks the element of precarious control and constant effort. While both metaphors use imagery, only Response A aligns with the intended meaning and tone, making it the clearer and more accurate representation. [RESULT] A"
He is the captain of his own ship.,They are a mosaic of innovation.,A,"Feedback: Response A (""He is the captain of his own ship"") directly aligns with the implicit meaning of absolute control and dominance over a business enterprise, using a clear and vivid metaphor that conveys authority and leadership. It effectively captures the idea of being in charge and steering one's own course, which mirrors the concept of controlling a business. Response B (""They are a mosaic of innovation"") focuses on creativity and diversity rather than control or dominance, making it less relevant to the implicit meaning. While Response B is imaginative, it does not align closely with the intended concept. Response A is more coherent and accurate in representing the original idea. [RESULT] A"
New doors open as storms pass.,Fire sparks from colliding stones.,A,"Feedback: Both metaphors attempt to convey the idea of new beginnings after hardship, but they differ in their approach and effectiveness. Response A, ""New doors open as storms pass,"" directly aligns with the implicit meaning by using the imagery of storms (hardship) leading to open doors (new possibilities), which is vivid and coherent. It clearly captures the concept of hope arising after financial struggle. Response B, ""Fire sparks from colliding stones,"" while imaginative, is less directly related to the implicit meaning. The imagery of fire and stones does not as clearly evoke the idea of financial hardship or the emergence of hope and new possibilities. Response A is more aligned with the intended meaning and uses more relevant and vivid imagery. [RESULT] A"
Time flows like a relentless river.,Learning is a never-ending path.,A,"Feedback: Response A (""Time flows like a relentless river"") captures the implicit meaning of gradual, inevitable decay and loss more effectively than Response B. The imagery of a relentless river conveys the unstoppable and continuous nature of time, aligning well with the idea of decay and loss. It is vivid and coherent, though slightly generic. Response B (""Learning is a never-ending path"") focuses on continuity rather than decay, missing the core implicit meaning entirely. While both metaphors use natural elements, Response A’s river imagery is more aligned with the concept of inevitable progression toward loss. Response B’s path metaphor lacks the negative connotation of decay. [RESULT] A"
They climbed above their competitors' peaks.,Knowledge is a sharp sword.,B,"Feedback: Response A uses a climbing metaphor to suggest surpassing competitors, which aligns with the idea of dominance but lacks the vivid imagery of direct conflict or defeat. It implies success but not necessarily the ease or decisiveness of victory. Response B, ""Knowledge is a sharp sword,"" introduces a tool of power and precision, directly implying the ability to easily defeat opponents. While both metaphors convey a form of superiority, Response B more closely captures the implicit meaning of easily dominating opponents through its vivid and direct imagery of a sharp sword as a tool of decisive victory. [RESULT] B"
Leadership baton passed smoothly.,Blossoming into full bloom.,A,"Feedback: Response A (""Leadership baton passed smoothly"") directly aligns with the implicit meaning of a transfer of power or control, using a clear and coherent metaphor that is commonly associated with leadership transitions. The imagery is straightforward and effectively conveys the intended concept. Response B (""Blossoming into full bloom"") is more imaginative but does not closely capture the implicit meaning of power transfer; instead, it suggests growth or development, which is unrelated to the transfer of control. While Response B is vivid, it fails to align with the intended concept. Response A is more accurate and relevant to the implicit meaning. [RESULT] A"
A shiny apple hiding worms inside.,Ship without anchor.,A,"Feedback: Response A (""A shiny apple hiding worms inside"") aligns closely with the implicit meaning by vividly depicting something that appears valuable or healthy (shiny apple) but conceals internal issues (worms), mirroring the idea of appearing wealthy while losing money through hidden flaws. The imagery is clear and coherent, effectively conveying the intended concept. Response B (""Ship without anchor"") captures the idea of instability or lack of control, but it does not directly relate to the appearance of wealth or hidden financial flaws. While imaginative, it lacks the specificity and alignment with the implicit meaning compared to Response A. [RESULT] A"
Harmony in dance of two different souls.,Golden sand slipping away.,A,"Feedback: Response A, ""Harmony in dance of two different souls,"" aligns closely with the implicit meaning of love as a harmonious balance between opposing forces. It effectively conveys the idea of unity and balance through the imagery of a dance, which is both vivid and coherent. Response B, ""Golden sand slipping away,"" while imaginative, does not capture the concept of balance or opposing forces; instead, it suggests loss or transience, which diverges from the intended meaning. Response A is more accurate and imaginative in representing the original idea. [RESULT] A"
His anger simmered like boiling water.,Time is a gentle surgeon.,A,"Feedback: Response A (""His anger simmered like boiling water"") aligns more closely with the implicit meaning of destructive and intense rage, as it effectively conveys the idea of anger building up to a destructive point, similar to boiling water reaching its explosive potential. The imagery is vivid and coherent, capturing the intensity and potential for devastation. In contrast, Response B (""Time is a gentle surgeon"") does not align with the implicit meaning, as it suggests a gradual, healing process rather than destructive rage. While imaginative, it fails to capture the intended concept of devastation. Response A is the clearer and more accurate representation. [RESULT] A"
Company sailed through turbulent waters.,Mistakes are stepping stones.,A,"Feedback: Response A (""Company sailed through turbulent waters"") aligns closely with the implicit meaning of the company facing difficult challenges and uncertainty, using vivid and coherent imagery of turbulent waters to symbolize adversity. It effectively conveys the intended concept with a clear and imaginative metaphor. Response B (""Mistakes are stepping stones"") diverges from the implicit meaning, as it focuses on the positive aspect of learning from mistakes rather than the immediate challenges and uncertainty. While it is a coherent metaphor, it does not capture the intended concept of facing difficulties. Response A is more accurate and imaginative in representing the original idea. [RESULT] A"
Clouds part to let sunlight through.,Drowning in tasks.,A,"Feedback: Response A (""Clouds part to let sunlight through"") uses imagery that aligns more closely with the implicit meaning of a positive financial outlook and prosperity, as it evokes a sense of clarity, hope, and the emergence of something beneficial, akin to financial improvement. The metaphor is vivid and coherent, effectively conveying the intended concept. In contrast, Response B (""Drowning in tasks"") does not align with the implicit meaning; it conveys overwhelm and negativity, which contradicts the idea of financial prosperity. While both responses use clear imagery, only Response A captures the intended positive tone and concept. [RESULT] A"
Each sip painted his awareness thinner.,Time is a gentle balm.,A,"Feedback: Response A (""Each sip painted his awareness thinner."") more closely aligns with the implicit meaning of accumulating intoxication leading to mental heaviness and impairment. It effectively conveys the gradual loss of clarity and sharpness in awareness through the vivid imagery of painting something thinner, which metaphorically represents the diluting effect of intoxication. Response B (""Time is a gentle balm."") does not relate to the implicit meaning, as it suggests healing or soothing rather than impairment. While both responses use metaphorical language, Response A is more accurate and imaginative in representing the intended concept. [RESULT] A"
Bitter seeds scattered in sweet soil.,Hollow words.,A,"Feedback: Response A (""Bitter seeds scattered in sweet soil"") aligns more closely with the implicit meaning of dangerous and explosive speech that can cause harm unexpectedly. It effectively conveys the idea that something seemingly benign (sweet soil) can harbor potential danger (bitter seeds), creating a vivid and coherent image. Response B (""Hollow words"") captures the concept of insincerity or emptiness in speech but fails to convey the explosive or harmful potential, making it less aligned with the implicit meaning. Response A is more imaginative and accurate in representing the original idea. [RESULT] A"
He walked into a lions' den.,City is a gold mine.,A,"Feedback: Response A (""He walked into a lions' den."") directly aligns with the implicit meaning of engaging in risky or dangerous behavior, as it vividly evokes the image of entering a perilous situation. The metaphor is clear, coherent, and highly imaginative, capturing the essence of danger. In contrast, Response B (""City is a gold mine."") focuses on opportunity and wealth rather than risk, failing to convey the intended meaning. While both metaphors use vivid imagery, only Response A accurately reflects the implicit meaning. [RESULT] A"
A well-oiled machine runs smoothly.,Learning is a path.,A,"Feedback: Response A, ""A well-oiled machine runs smoothly,"" directly aligns with the implicit meaning of ""harmonious and perfectly coordinated"" by using vivid and coherent imagery of a machine functioning flawlessly due to proper maintenance. The metaphor effectively conveys the concept of seamless operation and coordination. In contrast, Response B, ""Learning is a path,"" does not capture the implicit meaning as it focuses on a journey or process rather than harmony or coordination. While both metaphors are coherent, Response A is more imaginative and accurate in representing the intended idea. [RESULT] A"
"Canvas painted, masterpiece complete.",Face is a masked book.,A,"Feedback: Response A (""Canvas painted, masterpiece complete."") directly aligns with the implicit meaning of the artwork being complete or finished, using clear and coherent imagery that resonates with the concept of finality and perfection in art. It effectively conveys the intended idea with a straightforward and vivid metaphor. Response B (""Face is a masked book."") diverges significantly from the implicit meaning, as it introduces unrelated concepts of concealment and complexity, which do not reflect the idea of completion. While Response B is imaginative, its imagery is neither coherent nor relevant to the intended meaning. Response A is superior in capturing the implicit meaning with clarity and precision. [RESULT] A"
Night swallowed the world smoothly.,Life is a heavy load.,A,"Feedback: Response A (""Night swallowed the world smoothly"") aligns more closely with the implicit meaning of night being ""enveloping and luxurious."" The imagery of swallowing smoothly conveys a sense of gentle, all-encompassing darkness, which matches the intended tone. In contrast, Response B (""Life is a heavy load"") does not relate to the implicit meaning at all, as it focuses on the burden of life rather than the qualities of night. Response A is vivid and coherent, while Response B is entirely unrelated to the concept of night. [RESULT] A"
Natural rhythm flows through her notes.,Her words are a soothing balm.,A,"Feedback: Both metaphors attempt to convey the implicit meaning of natural gifts shining through her music, but they differ in their approach and effectiveness. Response A, ""Natural rhythm flows through her notes,"" directly ties the concept of natural gifts to the musical element of rhythm, creating a vivid and coherent image that aligns closely with the implicit meaning. It effectively captures the idea that her innate talent is seamlessly integrated into her music. Response B, ""Her words are a soothing balm,"" while pleasant, shifts the focus from music to words and introduces a metaphor of healing, which is less directly related to the implicit meaning of natural gifts shining through music. The imagery in Response B is somewhat generic and does not capture the specific concept of natural talent in music as clearly as Response A. Therefore, Response A is more imaginative, vivid, and aligned with the implicit meaning. [RESULT] A"
Isolate poison before it spreads.,Challenges forge stronger steel.,A,"Feedback: Response A (""Isolate poison before it spreads"") aligns more closely with the implicit meaning of harmful thoughts spreading like a disease, as it directly uses the concept of poison, which can be likened to a harmful or infectious element. The imagery is vivid and coherent, effectively conveying the idea of containment to prevent further harm. Response B (""Challenges forge stronger steel""), while imaginative and coherent, does not directly relate to the implicit meaning of harmful thoughts spreading like a disease. Instead, it focuses on the transformative aspect of challenges, which is a different concept altogether. Therefore, Response A better captures the intended meaning with more relevant and vivid imagery. [RESULT] A"
Their virtue shone like unblemished gold.,A breath of fresh air.,A,"Feedback: Response A, ""Their virtue shone like unblemished gold,"" aligns closely with the implicit meaning of purity, value, and flawlessness, using vivid and coherent imagery that directly relates to the concept of a flawless character. The metaphor effectively conveys the intended idea by comparing virtue to unblemished gold, which is universally recognized as pure and valuable. In contrast, Response B, ""A breath of fresh air,"" while positive, does not capture the depth of the implicit meaning. It conveys a sense of renewal or relief but lacks the specific attributes of purity, value, and flawlessness. Response A is more imaginative and accurate in representing the original idea. [RESULT] A"
She squeezed productivity from every dawn hour.,The city is a runaway train.,A,"Feedback: Response A effectively captures the implicit meaning by portraying time as a resource that can be ""squeezed"" or maximized, aligning closely with the idea of time as a valuable currency. The imagery is vivid and coherent, emphasizing productivity and the deliberate use of time. In contrast, Response B, while imaginative, does not directly relate to the concept of time as a resource; instead, it conveys a sense of uncontrollable momentum, which diverges from the intended meaning. Response A is clearer, more accurate, and better aligned with the implicit meaning. [RESULT] A"
He painted a broad picture in his mind.,Time is a river of change.,A,"Feedback: Response A (""He painted a broad picture in his mind"") and Response B (""Time is a river of change"") both attempt to convey a sense of expansiveness, but neither aligns closely with the implicit meaning of an ""intense, far-reaching gaze or observation."" Response A focuses on mental visualization, which is more about creativity than observation, while Response B emphasizes change over time, unrelated to the concept of a gaze. Neither metaphor captures the vividness or coherence required to represent the intended meaning. Response A is slightly closer as it implies a broad scope, but it lacks the intensity and observational aspect. Response B is entirely off-topic. [RESULT] A"
Her anger was a storm engulfing all nearby.,Responsibility is a heavy anchor.,A,"Feedback: Response A (""Her anger was a storm engulfing all nearby"") aligns closely with the implicit meaning of destructive and uncontrollable anger, using vivid and coherent imagery of a storm to convey the overwhelming and uncontrollable nature of anger. It effectively captures the destructive aspect through the engulfing action, making it highly imaginative and accurate. Response B (""Responsibility is a heavy anchor""), while vivid, does not align with the implicit meaning as it focuses on the burden of responsibility rather than the destructive and uncontrollable nature of anger. The imagery of an anchor suggests weight and stability, which contrasts with the intended concept. Therefore, Response A is a clearer, more accurate, and more imaginative representation of the original idea. [RESULT] A"
Every step carves its destiny.,Learning is a never-ending journey.,A,"Feedback: Response A (""Every step carves its destiny"") directly links actions (steps) to their consequences (carving destiny), aligning closely with the implicit meaning of actions having direct consequences. The imagery is vivid and coherent, effectively conveying the concept. Response B (""Learning is a never-ending journey"") focuses on the continuous nature of learning rather than the direct consequences of actions, making it less aligned with the implicit meaning. While both metaphors are imaginative, Response A captures the intended concept more accurately and vividly. [RESULT] A"
He spoke softly to avoid sharp replies.,The city is a spark.,A,"Feedback: Response A directly relates to the implicit meaning by illustrating the defensive use of soft speech to avoid sharp replies, which aligns well with the concept of using words to protect oneself from verbal attacks. The imagery is clear and coherent, though it lacks a highly imaginative or vivid element, earning it a score of 4. Response B, on the other hand, uses the metaphor of a city as a spark, which is imaginative but does not clearly relate to the implicit meaning of defensive words. The imagery is vivid but fails to capture the intended concept, earning it a score of 2. [RESULT] A"
Economy hit by a tsunami.,Ocean depths hide inner turmoil.,A,"Feedback: Response A (""Economy hit by a tsunami"") directly aligns with the implicit meaning of severe economic decline without visible end or recovery, as a tsunami implies sudden, overwhelming destruction with long-lasting effects. The imagery is vivid and coherent, effectively conveying the concept of an unstoppable force causing widespread damage. Response B (""Ocean depths hide inner turmoil""), while imaginative, does not clearly relate to economic decline; it focuses more on hidden emotional distress rather than external, systemic collapse. The imagery is vivid but fails to capture the intended meaning. Response A is clearer, more accurate, and directly addresses the economic context. [RESULT] A"
Seeds flourish with care and nurturing.,Time is gold.,A,"Feedback: Response A directly aligns with the implicit meaning by emphasizing the need for nurturing and the right environment for success, using vivid and coherent imagery of seeds flourishing with care. It effectively captures the concept of growth and development under proper conditions. In contrast, Response B, ""Time is gold,"" focuses on the value of time rather than the nurturing aspect, making it less relevant to the implicit meaning. While both metaphors are clear, Response A is more accurate and imaginative in representing the original idea. [RESULT] A"
Self-criticism locks emotions in a silent cage.,Time is a runaway train.,A,"Feedback: Response A directly addresses the implicit meaning of self-imposed emotional isolation and self-judgment by using the vivid imagery of a ""silent cage,"" which effectively conveys the idea of emotions being trapped and silenced due to self-criticism. The metaphor is coherent and imaginative, aligning closely with the intended concept. Response B, while imaginative, focuses on the unstoppable and uncontrollable nature of time, which does not directly relate to the implicit meaning of self-imposed emotional isolation and self-judgment. The imagery of a ""runaway train"" is vivid but fails to capture the core idea of self-criticism and emotional suppression. Therefore, Response A better meets the criteria by being more aligned with the implicit meaning and using more relevant imagery. [RESULT] A"
"World in a frame, bounded gaze.",Life is a fading candle.,A,"Feedback: Response A (""World in a frame, bounded gaze"") aligns more closely with the implicit meaning of our vision limiting and constraining how we perceive reality. It effectively uses the imagery of a frame to represent boundaries and the ""bounded gaze"" to convey the idea of restricted perception. This metaphor is vivid and coherent, directly addressing the concept of limited vision. In contrast, Response B (""Life is a fading candle"") focuses on the transient nature of life, which, while imaginative, does not directly capture the idea of constrained perception. It lacks the specificity and relevance to the implicit meaning compared to Response A. Therefore, Response A is the clearer and more accurate representation. [RESULT] A"
This relationship is my life's fortress.,Life is an open road.,A,"Feedback: Response A, ""This relationship is my life's fortress,"" directly aligns with the implicit meaning of someone precious being protected with extreme care, as a fortress implies strong protection and safeguarding. The imagery is vivid and coherent, effectively conveying the concept of protection. Response B, ""Life is an open road,"" does not capture the implicit meaning as it suggests freedom and journey rather than protection and care. While both metaphors are imaginative, Response A is more accurate and relevant to the intended concept. [RESULT] A"
Their love is a steady compass needle.,Challenges forged their steel.,A,"Feedback: Response A, ""Their love is a steady compass needle,"" captures the idea of consistency and direction, which aligns with the eternal aspect of the implicit meaning but lacks the intensity and passion implied. The imagery is clear and coherent but does not fully convey the emotional depth required. Response B, ""Challenges forged their steel,"" emphasizes strength and resilience, which partially aligns with the concept of enduring love but misses the passionate and intense emotional connection. Both metaphors fall short in fully capturing the implicit meaning, but Response A is slightly closer due to its focus on steadiness, which is more directly related to the eternal aspect of love. However, neither achieves a high score due to the incomplete representation. [RESULT] A"
Clock hands steadily advance toward the target.,Person is a sculpted stone.,A,"Feedback: Response A effectively captures the implicit meaning of time moving rapidly and unstoppably by using the imagery of clock hands advancing steadily toward a target, which aligns closely with the concept of time's relentless progression. The metaphor is vivid and coherent, providing a clear and imaginative representation of the idea. In contrast, Response B, ""Person is a sculpted stone,"" does not align with the implicit meaning, as it suggests permanence and immutability rather than rapid, unstoppable movement. The imagery in Response B is unrelated to the concept of time and fails to convey the intended meaning. Therefore, Response A is superior in both alignment with the implicit meaning and the vividness of its imagery. [RESULT] A"
His heart was a violin playing a different tune.,Mind is a canvas.,A,"Feedback: Both metaphors fall short in capturing the implicit meaning of ""borrowed beliefs that are uncomfortable and unsuitable."" Response A, ""His heart was a violin playing a different tune,"" suggests individuality or uniqueness but does not convey the discomfort or unsuitability of borrowed beliefs. Response B, ""Mind is a canvas,"" implies openness or creativity but lacks any reference to the discomfort or misalignment of external influences. Neither metaphor effectively aligns with the intended concept. Response A introduces a more vivid and coherent imagery (a violin playing a different tune) compared to Response B's generic imagery (a canvas), but both fail to meet the core criteria. [RESULT] A"
Her life is a perfectly aligned square.,Life is a winding road.,A,"Feedback: Response A, ""Her life is a perfectly aligned square,"" directly aligns with the implicit meaning of mathematical precision and orderliness, as it uses the imagery of a square, which is inherently associated with exactness and symmetry. The metaphor is clear and coherent, effectively conveying the intended concept. Response B, ""Life is a winding road,"" on the other hand, does not capture the implicit meaning of precision and orderliness; instead, it suggests unpredictability and lack of structure, which contradicts the intended idea. While Response B is vivid and imaginative, it fails to align with the implicit meaning. Therefore, Response A is the better metaphor as it closely adheres to the criteria of clarity, accuracy, and alignment with the implicit meaning. [RESULT] A"
Skinny building hugged each corner smoothly.,Mosaic pieces form a masterpiece.,A,"Feedback: Response A, ""Skinny building hugged each corner smoothly,"" directly captures the implicit meaning of smooth, continuous movement and fluidity in architectural design through its vivid imagery of a building seamlessly embracing corners. It aligns closely with the intended concept and conveys a clear, coherent picture. Response B, ""Mosaic pieces form a masterpiece,"" while imaginative, focuses on the idea of assembling parts into a whole rather than fluidity or continuous movement, making it less aligned with the implicit meaning. The imagery in Response B is vivid but does not effectively convey the intended concept of architectural fluidity. Therefore, Response A is a clearer, more accurate, and more imaginative representation of the original idea. [RESULT] A"
"Two theories danced side by side, elegant and unmatched.",Childhood summers are warm blankets.,A,"Feedback: Response A uses the metaphor of ""danced side by side, elegant and unmatched"" to convey the idea of two theories being equally matched, which aligns well with the implicit meaning of competing academic theories pursuing acceptance. The imagery is coherent and captures the elegance and balance of the theories, though it could be more vivid in depicting the competitive aspect. Response B, on the other hand, uses ""warm blankets"" to describe childhood summers, which does not relate to the implicit meaning of competing theories at all. The imagery in Response B is vivid but completely unrelated to the intended concept. Response A better captures the implicit meaning and uses more relevant imagery, albeit with room for improvement in vividness. [RESULT] A"
He's a magnet for relationships.,Mind is a limitless canvas.,A,"Feedback: Response A (""He's a magnet for relationships"") partially captures the idea of seeking connection but fails to convey the solitary and independent nature of the individual, focusing solely on the attraction aspect. Response B (""Mind is a limitless canvas"") does not align with the implicit meaning at all, as it suggests openness and creativity rather than the duality of solitude and connection-seeking. Both metaphors fall short, but Response A is closer to the intended concept by addressing the connection aspect, albeit incompletely. [RESULT] A"
States are threads in a national tapestry.,Life is a rolling dice.,A,"Feedback: Response A effectively captures the implicit meaning of ""unity within diversity"" by comparing states to threads in a national tapestry, emphasizing that each state is a distinct part contributing to a larger, cohesive whole. The imagery is vivid and coherent, aligning closely with the intended concept. Response B, on the other hand, compares life to rolling dice, which does not relate to the idea of unity within diversity or distinct parts forming a whole. It fails to capture the implicit meaning and uses imagery that is unrelated and confusing in this context. Response A is clearly superior in aligning with the implicit meaning, using vivid and coherent imagery, and conveying the intended concept. [RESULT] A"
Building theories brick upon brick.,Mosaic of minds sparks innovation.,A,"Feedback: Response A (""Building theories brick upon brick"") directly aligns with the implicit meaning by comparing the construction of theories to the methodical process of building, mirroring the architectural analogy. It is vivid and coherent, effectively conveying the step-by-step nature of theory development. Response B (""Mosaic of minds sparks innovation"") introduces a different imagery of collaboration and creativity, which, while imaginative, diverges from the architectural metaphor and focuses more on collective innovation rather than the structured building process. Although Response B is creative, it does not capture the implicit meaning as closely as Response A. [RESULT] A"
"Ship without a compass,adrift at sea.",Seed that blooms slowly.,A,"Feedback: Both metaphors attempt to convey the idea of a project lacking direction and control, but they do so with varying degrees of clarity and vividness. Response A, ""Ship without a compass, adrift at sea,"" directly aligns with the implicit meaning by emphasizing the absence of guidance (compass) and the resulting aimlessness (adrift at sea). The imagery is vivid and coherent, effectively capturing the concept of a project without direction. Response B, ""Seed that blooms slowly,"" while imaginative, does not closely align with the implicit meaning. It suggests a process that is slow but still progressing, which does not accurately reflect the lack of direction and control. The imagery in Response B is more about gradual growth rather than the absence of guidance. Therefore, Response A is a clearer, more accurate, and more imaginative representation of the original idea. [RESULT] A"
New ideas sprout like awkward seedlings.,Learning is a winding path.,A,"Feedback: Response A (""New ideas sprout like awkward seedlings"") aligns more closely with the implicit meaning of new ideas being uncertain and fragile, as it directly evokes the imagery of fragile, developing life, similar to a baby's first steps. The metaphor is vivid and coherent, capturing the essence of vulnerability and potential growth. Response B (""Learning is a winding path"") is more generic and focuses on the process of learning rather than the fragility of new ideas, making it less aligned with the implicit meaning. While both metaphors are imaginative, Response A is more accurate and specific in conveying the intended concept. [RESULT] A"
Testing waters broadens horizons.,Roots of a tree bend.,A,"Feedback: Response A (""Testing waters broadens horizons"") aligns more closely with the implicit meaning of exploring life choices and their potential, as it conveys the idea of cautiously exploring new possibilities, similar to browsing through store windows. It uses vivid and coherent imagery that resonates with the concept of making decisions. In contrast, Response B (""Roots of a tree bend"") does not clearly relate to the implicit meaning; it lacks the imagery of exploration and decision-making, focusing instead on flexibility or adaptability, which is not directly tied to the idea of browsing through options. Response A effectively captures the intended concept with clearer and more relevant imagery. [RESULT] A"
Stars weave celestial lines across the dark canvas.,Time is a runaway train.,A,"Feedback: Response A (""Stars weave celestial lines across the dark canvas"") aligns closely with the implicit meaning of stars creating patterns and connections across the night sky. It uses vivid and coherent imagery, effectively capturing the idea of stars forming intricate designs in the sky. The metaphor is imaginative and conveys the intended concept with clarity and poetic elegance. In contrast, Response B (""Time is a runaway train"") does not relate to the implicit meaning at all, as it focuses on the unstoppable and linear nature of time rather than the patterns and connections of stars. Response A clearly outperforms Response B in capturing the intended meaning and using vivid, relevant imagery. [RESULT] A"
Slicing the problem into digestible pieces.,Learning is a endless road.,A,"Feedback: Response A (""Slicing the problem into digestible pieces"") aligns closely with the implicit meaning of methodically solving a complex problem step by step, as it vividly conveys the idea of breaking down a large issue into manageable parts. The imagery is clear and coherent, effectively capturing the systematic approach implied in the reference. In contrast, Response B (""Learning is an endless road"") diverges significantly from the implicit meaning, as it focuses on the continuous nature of learning rather than the step-by-step problem-solving process. While the imagery in Response B is somewhat vivid, it fails to capture the methodical aspect of the reference. Therefore, Response A is a clearer, more accurate, and more imaginative representation of the original idea. [RESULT] A"
Mistakes fertilize the soil of creativity.,Life is a puzzle.,A,"Feedback: Response A (""Mistakes fertilize the soil of creativity"") directly aligns with the implicit meaning by explicitly linking mistakes to the nourishment and growth of creativity, using vivid and coherent imagery that clearly conveys the concept of growth emerging from failures. In contrast, Response B (""Life is a puzzle"") is more generic and does not specifically address the idea of growth through mistakes, making it less relevant to the implicit meaning. While both metaphors are imaginative, Response A is more precise and vivid in capturing the intended concept. [RESULT] A"
Researchers sorted data like organizing a library.,Wounds heal with time.,A,"Feedback: Response A directly relates to the implicit meaning by comparing research to organizing a library, which emphasizes careful organization and systematic arrangement. The imagery is clear and coherent, effectively conveying the intended concept. Response B, however, uses the metaphor of wounds healing with time, which does not align with the implicit meaning of research requiring careful organization. While vivid, it fails to capture the systematic and structured nature of research. Response A is more accurate and relevant to the given implicit meaning. [RESULT] A"
A democracy is like a puzzle missing pieces.,Life is a winding road.,A,"Feedback: Response A directly addresses the implicit meaning by comparing democracy to a puzzle missing pieces, which clearly conveys the idea of incompleteness and flaws. The imagery is coherent and aligns well with the intended concept, though it lacks some vividness and originality. Response B, while imaginative and vivid, does not align with the implicit meaning as it focuses on the unpredictable nature of life rather than the incompleteness of democracy. The comparison between the two shows that Response A is more accurate and relevant to the given implicit meaning, despite its simpler imagery. [RESULT] A"
Love blooms with care and attention.,Learning is a never-ending staircase.,A,"Feedback: Response A (""Love blooms with care and attention"") aligns closely with the implicit meaning, effectively conveying that love requires nurturing and attention to flourish. The metaphor uses vivid and coherent imagery of a flower blooming, which is a well-established and imaginative representation of growth and care. In contrast, Response B (""Learning is a never-ending staircase"") does not capture the implicit meaning related to love and nurturing, as it focuses on a different concept (learning) and lacks relevance to the intended idea. While both metaphors are coherent, only Response A meets the criteria of aligning closely with the implicit meaning and using appropriate imagery. [RESULT] A"
She guards her memories like precious jewels.,Learning is a lifelong path.,A,"Feedback: Response A aligns closely with the implicit meaning, effectively conveying that memories are valuable and delicate treasures to be protected. The imagery of guarding memories like precious jewels is vivid, coherent, and imaginative, capturing both the value and the need for protection. Response B, while a strong metaphor in its own right, does not align with the implicit meaning; it focuses on the ongoing nature of learning rather than the protective and valuable aspect of memories. The imagery in Response B is clear but unrelated to the intended concept. Therefore, Response A is the better metaphor. [RESULT] A"
She casts her net wide for prospects.,Life is a roller coaster.,A,"Feedback: Response A (""She casts her net wide for prospects"") better aligns with the implicit meaning of being easily distracted by attractive or trendy things, as it vividly conveys the idea of seeking out multiple options without focus. The imagery of casting a wide net suggests a lack of direction and an openness to various possibilities, which mirrors the intended concept. In contrast, Response B (""Life is a roller coaster"") is a common metaphor that emphasizes unpredictability and emotional highs and lows, but it does not directly capture the idea of distraction by trendy things. While both metaphors use coherent imagery, Response A is more specific and imaginative in reflecting the implicit meaning. [RESULT] A"
Complex problems are quilts sewn stitch by stitch.,Life is a rollercoaster.,A,"Feedback: Response A, ""Complex problems are quilts sewn stitch by stitch,"" aligns closely with the implicit meaning by emphasizing the need for patience and methodical handling, as each stitch represents a deliberate step in resolving a problem. The imagery is vivid and coherent, effectively conveying the idea of building something intricate and meaningful over time. In contrast, Response B, ""Life is a rollercoaster,"" captures the unpredictability and emotional highs and lows of life but does not directly address the need for patience or methodical handling of problems. While both metaphors are imaginative, Response A is more precise in reflecting the intended concept. [RESULT] A"
Her mind weaves seamlessly into any fabric.,Success is climbing a mountain.,A,"Feedback: Response A (""Her mind weaves seamlessly into any fabric"") aligns more closely with the implicit meaning of ideas being customized and precise like fitted clothing, as it evokes the imagery of tailoring and adaptability, which resonates with the concept of customization. The metaphor is vivid and coherent, effectively conveying the idea of precision and fit. In contrast, Response B (""Success is climbing a mountain"") diverges significantly from the implicit meaning, focusing on effort and achievement rather than customization or precision. While it is a vivid metaphor, it fails to capture the intended concept of tailored ideas. Therefore, Response A is a clearer, more accurate, and more imaginative representation of the original idea. [RESULT] A"
Laughter is a ripple spreading joy.,Wisdom is a tapestry.,A,"Feedback: Response A (""Laughter is a ripple spreading joy"") aligns more closely with the implicit meaning of joy spreading like a contagious substance, as it directly conveys the idea of joy expanding and affecting others, much like ripples in water. The imagery is vivid and coherent, effectively capturing the intended concept. In contrast, Response B (""Wisdom is a tapestry"") does not relate to the implicit meaning, as it focuses on the complexity and interconnectedness of wisdom rather than the spreading nature of joy. While both metaphors are imaginative, Response A is more accurate and relevant to the given idea. [RESULT] A"
"She danced with precision, every move calculated.",Diversity was their puzzle's missing piece.,A,"Feedback: Response A captures the implicit meaning more effectively by emphasizing precision and calculated movements, which align with the idea of ""precise and precious movements performed with great care and value."" The imagery is coherent and directly relates to the intended concept. Response B, while imaginative, diverges from the implicit meaning by focusing on diversity as a missing piece, which does not convey the same sense of precision, care, or value. The metaphor in Response B is less vivid and less aligned with the intended meaning compared to Response A. [RESULT] A"
Ideas bloom in fertile minds.,Fire refines the soul.,A,"Feedback: Response A (""Ideas bloom in fertile minds"") aligns more closely with the implicit meaning of ""Growth requires proper care and support"" by directly linking growth (ideas blooming) to the necessary conditions (fertile minds). The imagery is vivid and coherent, effectively conveying the concept of nurturing for development. In contrast, Response B (""Fire refines the soul"") introduces a different metaphor involving purification through adversity, which, while imaginative, does not directly address the idea of care and support. It focuses more on transformation through challenge rather than the nurturing aspect. Response A is clearer and more accurate in representing the original idea. [RESULT] A"
He wore a mask of calm.,Time is a gentle surgeon.,A,"Feedback: Response A (""He wore a mask of calm"") directly aligns with the implicit meaning of hidden or suppressed emotions, using vivid and coherent imagery of a mask to symbolize concealment. It clearly conveys the idea of emotions being masked, making it highly imaginative and accurate. Response B (""Time is a gentle surgeon""), while imaginative, does not directly relate to the implicit meaning of suppressed emotions; instead, it suggests a gradual, healing process, which is a different concept. Response A is more precise and vivid in capturing the intended meaning. [RESULT] A"
She walked into a lion's den.,Life is a winding road.,A,"Feedback: Response A (""She walked into a lion's den."") directly and vividly conveys the implicit meaning of being in a dangerous or vulnerable position, using a clear and well-known metaphor that aligns closely with the intended concept. The imagery is coherent and immediately evokes a sense of risk and peril. In contrast, Response B (""Life is a winding road."") is more abstract and focuses on the unpredictability of life rather than specifically highlighting danger or vulnerability. While it is imaginative, it does not capture the implicit meaning as accurately or vividly as Response A. [RESULT] A"
A puzzle with overlapping pieces.,Unlocking a door.,A,"Feedback: Response A, ""A puzzle with overlapping pieces,"" effectively captures the implicit meaning of a complex problem with interconnected issues, as it conveys the idea of multiple elements that must fit together simultaneously. The imagery is vivid and coherent, aligning well with the intended concept. Response B, ""Unlocking a door,"" while imaginative, does not fully capture the interconnected nature of the issues, as it implies a linear solution rather than a multifaceted one. Response A’s metaphor is more accurate and imaginative in representing the complexity and interdependence of the problem. [RESULT] A"
"He's drained, needing a recharge like a battery.",Life is an inner maze.,A,"Feedback: Response A directly aligns with the implicit meaning of a person being tired and needing rest, using a clear and vivid metaphor of a drained battery needing a recharge. The imagery is coherent and effectively conveys the concept of exhaustion and the need for replenishment. Response B, while imaginative, does not closely capture the implicit meaning; the metaphor of life as an inner maze suggests complexity or confusion rather than fatigue. The imagery in Response B is vivid but fails to align with the intended concept of tiredness and rest. Therefore, Response A is a clearer and more accurate representation of the original idea. [RESULT] A"
Night fell like a blanket over the land.,Mind is a labyrinth.,A,"Feedback: Response A (""Night fell like a blanket over the land"") aligns closely with the implicit meaning of overwhelming and complete darkness that feels solid and impenetrable, using vivid and coherent imagery of a blanket to convey the sense of enveloping darkness. It effectively captures the intended concept with clarity and imagination. Response B (""Mind is a labyrinth""), while imaginative, does not align with the implicit meaning of darkness; instead, it evokes complexity and confusion, which is unrelated to the intended concept. Response A is a clearer and more accurate representation of the original idea. [RESULT] A"
Blurred snapshots of life fade into memory.,Life is a puzzle piece.,A,"Feedback: Response A (""Blurred snapshots of life fade into memory"") aligns more closely with the implicit meaning of vision collecting and preserving memories like a container. It uses vivid imagery of ""snapshots"" and ""memory,"" which directly relates to the idea of preserving moments, akin to a container holding memories. In contrast, Response B (""Life is a puzzle piece"") diverges significantly from the implicit meaning, focusing on the fragmented nature of life rather than the act of collecting or preserving memories. While both responses use metaphorical language, Response A is more coherent and imaginative in capturing the intended concept. [RESULT] A"
She combed through her beliefs with a fine brush.,Team is a prism of perspectives.,A,"Feedback: Response A (""She combed through her beliefs with a fine brush"") aligns more closely with the implicit meaning of methodically examining and organizing thoughts. The metaphor effectively conveys the idea of careful, detailed scrutiny, using vivid and coherent imagery of combing with a fine brush to suggest precision and thoroughness. In contrast, Response B (""Team is a prism of perspectives"") diverges from the implicit meaning, focusing instead on diversity and multifaceted viewpoints rather than the methodical examination of thoughts. While Response B is imaginative, it fails to capture the intended concept of organizing thoughts. [RESULT] A"
Dance of synchronized partners.,Voices in the fog.,A,"Feedback: Response A, ""Dance of synchronized partners,"" directly captures the implicit meaning of smooth collaboration and synchronization, using vivid and coherent imagery that aligns closely with the intended concept. It effectively conveys the idea of partners moving in harmony, which is both clear and imaginative. Response B, ""Voices in the fog,"" while somewhat imaginative, does not clearly reflect the implicit meaning of synchronization or smooth collaboration. The imagery is less coherent and does not align well with the intended concept, making it a weaker representation. [RESULT] A"
Social media is the nervous system of society.,Life is a delicate flower.,A,"Feedback: Response A (""Social media is the nervous system of society"") aligns closely with the implicit meaning by directly comparing the rapid flow and connectivity of information in social media to neural pathways, using vivid and coherent imagery. It effectively captures the intended concept of information dissemination and societal interconnection. In contrast, Response B (""Life is a delicate flower"") does not reflect the implicit meaning, as it focuses on fragility and beauty rather than connectivity or information flow, making it irrelevant to the intended concept. Response A is highly imaginative and accurate, while Response B is generic and unrelated. [RESULT] A"
Day retired quietly behind the horizon.,Life is a blooming garden.,A,"Feedback: Response A, ""Day retired quietly behind the horizon,"" effectively captures the implicit meaning of a gradual disappearance and transformation of light into darkness. The imagery is vivid and coherent, using the metaphor of retirement to convey a quiet, natural transition, which aligns closely with the intended concept. Response B, ""Life is a blooming garden,"" while imaginative, does not align with the implicit meaning as it suggests growth and vibrancy rather than disappearance and transformation into darkness. The imagery in Response B is vivid but fails to capture the specific tone and meaning of the reference. Therefore, Response A is a clearer, more accurate, and more imaginative representation of the original idea. [RESULT] A"
New chapters emerge when penned.,Time is a flowing river.,A,"Feedback: Both metaphors attempt to convey the idea of new beginnings, but they differ in their approach and effectiveness. Response A, ""New chapters emerge when penned,"" directly links the act of writing to the creation of something new, which aligns well with the implicit meaning. However, the imagery is somewhat static and lacks the dynamic quality of a truly vivid metaphor. Response B, ""Time is a flowing river,"" uses a more traditional and widely recognized metaphor, which effectively conveys the continuous and inevitable nature of new beginnings. While it is vivid and coherent, it is less specific to the act of revealing something new compared to Response A. Response A is more directly aligned with the implicit meaning, though it lacks the imaginative depth of Response B. [RESULT] A"
A net needs regular weaving to stay strong.,Success is a rocky mountain climb.,A,"Feedback: Neither Response A nor Response B effectively captures the implicit meaning of obsessive-compulsive behavior towards possessions. Response A, ""A net needs regular weaving to stay strong,"" implies the need for maintenance and care, which is more aligned with the concept of upkeep rather than obsessive behavior. Response B, ""Success is a rocky mountain climb,"" focuses on the challenges and effort required to achieve success, which is unrelated to obsessive-compulsive tendencies. Both metaphors fail to convey the specific idea of obsessive-compulsive behavior towards possessions, with Response A being slightly closer due to its implication of ongoing attention but still falling short. Response B is entirely off-topic. [RESULT] A"
Humor planted seeds of joy in their hearts.,Small drops fill the ocean.,A,"Feedback: Response A uses a metaphor of ""planting seeds of joy"" to convey the idea that humor can bring happiness and healing, which aligns well with the implicit meaning of comedy helping to heal mental distress. The imagery is vivid and coherent, effectively capturing the concept of gradual emotional growth. Response B, on the other hand, uses the metaphor of ""small drops filling the ocean"" to suggest cumulative impact, but it lacks a direct connection to the specific idea of humor healing mental distress. While both metaphors are imaginative, Response A more closely aligns with the implicit meaning and provides clearer, more relevant imagery. [RESULT] A"
New ideas bloom from fertile minds.,Learning is a never-ending path.,A,"Feedback: Response A (""New ideas bloom from fertile minds"") aligns more closely with the implicit meaning of growth and development of ideas through time and care, as it vividly portrays the nurturing process akin to gardening, where fertile minds act as soil and ideas as flowers that bloom with care. The imagery is coherent and imaginative, directly linking the concept of cultivation to the development of ideas. In contrast, Response B (""Learning is a never-ending path"") focuses on the continuous nature of learning rather than the growth and development of ideas, making it less aligned with the implicit meaning. While Response B uses a clear and coherent metaphor, it lacks the specificity and vividness of Response A in capturing the intended concept. [RESULT] A"
"Rivers flow from sources to oceans, unchanging their direction.",Mind is a canvas.,A,"Feedback: Response A uses the imagery of rivers flowing unidirectionally to convey the linear progression of time, which aligns well with the implicit meaning of time moving forward and connecting actions to consequences. The metaphor is coherent and vivid, effectively capturing the idea of unchanging direction. Response B, however, compares the mind to a canvas, which does not directly relate to the linear progression of time or the connection between actions and consequences. While the imagery of a canvas is vivid, it lacks the coherence and alignment with the implicit meaning compared to Response A. Therefore, Response A is a clearer and more accurate representation of the original idea. [RESULT] A"
Seeds need fertile soil to bloom.,Falling is a stepping stone.,A,"Feedback: Both metaphors attempt to convey the idea that success requires foundational elements, but they differ in their approach and clarity. Response A (""Seeds need fertile soil to bloom"") directly links the need for resources (fertile soil) to growth and success (blooming), closely aligning with the implicit meaning. The imagery is vivid and coherent, making it easy to understand the relationship between resources and outcomes. Response B (""Falling is a stepping stone"") is less direct and more abstract. While it suggests that setbacks can lead to progress, it does not explicitly tie the concept of resources or support to success, making it less aligned with the implicit meaning. The imagery in Response B is imaginative but less coherent in conveying the intended concept. Therefore, Response A is clearer, more accurate, and more closely aligned with the implicit meaning. [RESULT] A"
Each task is a puzzle piece needing its spot.,Each mind is a colored lens.,"Neither A nor B meets the criteria, but if forced to choose, Response B has slightly more imaginative imagery, though still irrelevant. [RESULT] B","Feedback: Neither Response A nor Response B effectively captures the implicit meaning that material possessions are needy and demanding of one's time and energy. Response A, ""Each task is a puzzle piece needing its spot,"" focuses on tasks and their placement, which is unrelated to material possessions. Response B, ""Each mind is a colored lens,"" relates to perception and individuality, also unrelated to the implicit meaning. Both metaphors fail to convey the intended concept. Response A uses a coherent but generic imagery of puzzle pieces, while Response B employs a somewhat vivid but irrelevant imagery of colored lenses. Neither aligns with the reference meaning or tone. [RESULT] Neither A nor B meets the criteria, but if forced to choose, Response B has slightly more imaginative imagery, though still irrelevant. [RESULT] B"
They drew a clear line between right and wrong.,Success is a slow blooming flower.,A,"Feedback: Response A directly addresses the concept of clear moral boundaries by using the imagery of a ""clear line,"" which aligns well with the implicit meaning of unambiguous moral distinctions. It is straightforward and coherent, effectively conveying the intended concept. However, it lacks imaginative depth and vividness, relying on a common and somewhat generic metaphor. Response B, on the other hand, introduces the metaphor of ""success as a slow blooming flower,"" which is more imaginative and vivid but does not closely align with the implicit meaning of clear moral boundaries. It conveys a different concept—patience and gradual progress—rather than the intended idea of unambiguous moral distinctions. Between the two, Response A better captures the implicit meaning despite its lack of imaginative flair, while Response B fails to align with the intended concept despite its vivid imagery. [RESULT] A"
A puzzle waiting for the right piece.,Imagination is a spark.,A,"Feedback: Response A (""A puzzle waiting for the right piece"") aligns more closely with the implicit meaning of a clear target or solution needing to be achieved, as it directly conveys the idea of a missing element required for completion. The imagery is coherent and vivid, effectively representing the concept of a specific goal. In contrast, Response B (""Imagination is a spark"") is more abstract and focuses on creativity rather than a clear target, making it less aligned with the implicit meaning. While both metaphors are imaginative, Response A is more accurate and relevant to the intended concept. [RESULT] A"
His career climbs with steady effort.,Life is a rollercoaster.,A,"Feedback: Response A (""His career climbs with steady effort"") aligns more closely with the implicit meaning of growth and success through proper care and attention, as it directly conveys the idea of steady, intentional effort leading to upward progress. The imagery is clear and coherent, focusing on a single, sustained action. In contrast, Response B (""Life is a rollercoaster"") captures the idea of ups and downs but lacks the specificity of growth through care and attention, instead emphasizing unpredictability and variability. While vivid, it does not align as closely with the intended concept. [RESULT] A"
Blind walls of animosity blocked clear communication.,Life is a flowing river.,A,"Feedback: Response A directly addresses the implicit meaning of intense conflict expressed through harmful communication by using the vivid imagery of ""blind walls of animosity"" blocking clear communication, which effectively captures the barriers and hostility in conflict. It aligns closely with the intended concept and uses coherent, imaginative language. Response B, ""Life is a flowing river,"" is a common metaphor that conveys continuity and change but does not reflect the specific idea of intense conflict or harmful communication. It lacks the specificity and vividness needed to align with the implicit meaning. Response A is clearer, more accurate, and more imaginative in representing the original idea. [RESULT] A"
Her mind is a beacon guiding others through knowledge.,Time is a gentle balm.,A,"Feedback: Response A directly aligns with the implicit meaning of ""intelligence that guides and illuminates others"" by using the metaphor of a ""beacon guiding others through knowledge,"" which is vivid, coherent, and highly imaginative. It effectively captures the idea of illumination and guidance. Response B, ""Time is a gentle balm,"" does not relate to the implicit meaning; it focuses on the soothing nature of time rather than intelligence or guidance. While Response B is imaginative and vivid, it fails to align with the intended concept. The imagery in Response A is more precise and relevant, making it a clearer and more accurate representation. [RESULT] A"
His heart bled from unseen wounds.,Knowledge is a liberating key.,A,"Feedback: Response A (""His heart bled from unseen wounds"") aligns closely with the implicit meaning of psychological pain and trauma, using vivid and coherent imagery of internal, invisible suffering. The metaphor effectively conveys the concept of deep emotional distress through the powerful visual of bleeding wounds, which are unseen yet profoundly felt. In contrast, Response B (""Knowledge is a liberating key"") diverges significantly from the implicit meaning, focusing on empowerment and freedom rather than psychological pain. While imaginative, it fails to capture the intended tone or concept. Response A is clearer, more accurate, and more imaginative in representing psychological trauma. [RESULT] A"
A sanctuary for quiet minds and bold ideas.,Pain is a heavy storm.,A,"Feedback: Response A (""A sanctuary for quiet minds and bold ideas"") aligns more closely with the implicit meaning of creativity needing a nurturing and protected environment to flourish. It effectively conveys the idea of a safe space where creativity can thrive, using vivid and coherent imagery that resonates with the intended concept. In contrast, Response B (""Pain is a heavy storm"") does not capture the implicit meaning, as it focuses on pain rather than creativity and lacks the nurturing or protective element required. While both metaphors are imaginative, Response A is more accurate and relevant to the given idea. [RESULT] A"
"Love brews quietly over time, layered deep.",Resilience is a flexible tree.,A,"Feedback: Response A, ""Love brews quietly over time, layered deep,"" captures the implicit meaning of love as a mysterious and transformative force more effectively than Response B. It conveys the idea of love developing gradually and deeply, akin to the brewing process, which aligns with the transformative aspect of the implicit meaning. The imagery is vivid and coherent, suggesting a quiet, layered growth that mirrors the mysterious nature of love. In contrast, Response B, ""Resilience is a flexible tree,"" while imaginative, does not align closely with the implicit meaning of love. It focuses on resilience and flexibility, which are unrelated to the transformative and mysterious qualities of love. Response A is clearer, more accurate, and more imaginative in representing the original idea. [RESULT] A"
Inner voices play judge in my mind.,Life is a tapestry.,A,"Feedback: Response A, ""Inner voices play judge in my mind,"" directly relates to the internal decision-making process about feelings, capturing the implicit meaning with clear and vivid imagery. The metaphor effectively conveys the concept of internal dialogue and judgment, aligning closely with the intended idea. Response B, ""Life is a tapestry,"" while imaginative, does not specifically address the internal decision-making process about feelings. It is a more general metaphor that lacks the precision and direct relevance to the implicit meaning. Response A is more coherent and accurate in representing the original idea. [RESULT] A"
Moonlight dances across the water's surface.,Culture is a rich tapestry.,A,"Feedback: Response A (""Moonlight dances across the water's surface"") aligns more closely with the implicit meaning of ""Light moves like water waves"" as it directly evokes the fluid, wave-like motion of light, creating vivid and coherent imagery. Response B (""Culture is a rich tapestry"") diverges significantly from the implicit meaning, focusing on complexity and diversity rather than movement or fluidity, making it unrelated to the intended concept. Response A effectively captures the intended imagery and meaning, while Response B fails to connect with the implicit idea. [RESULT] A"
Seeding minds with knowledge nurtures future harvests.,Individuality is a unique snowflake.,A,"Feedback: Response A effectively captures the implicit meaning by comparing education to seeding minds, which nurtures future harvests, symbolizing positive community outcomes. The metaphor is vivid, coherent, and aligns closely with the intended concept, emphasizing the long-term benefits of education. Response B, while imaginative, fails to convey the implicit meaning as it focuses on individuality rather than community outcomes. The snowflake metaphor is vivid but lacks relevance to the idea of education leading to collective benefits. Response A is clearer, more accurate, and better aligned with the implicit meaning. [RESULT] A"
Laughter polished their souls like glass.,Duty is a heavy anchor.,A,"Feedback: Response A (""Laughter polished their souls like glass"") aligns more closely with the implicit meaning of friendship being purified and strengthened through shared joy. It uses vivid imagery of polishing, which suggests a process of refinement and clarity, mirroring the purifying aspect of friendship. The metaphor also ties directly to the concept of shared joy, as laughter is a common expression of happiness in social settings. In contrast, Response B (""Duty is a heavy anchor"") does not relate to the implicit meaning, as it focuses on the burden of responsibility rather than the purifying and strengthening effects of joy in friendship. The imagery in Response B is vivid but fails to capture the intended concept. Therefore, Response A is more imaginative, coherent, and accurate in representing the original idea. [RESULT] A"
Items are milestones of our journey.,Life is a winding road.,A,"Feedback: Both metaphors attempt to convey the idea of life's progression marked by significant elements, but they differ in their alignment with the implicit meaning and the vividness of their imagery. Response A, ""Items are milestones of our journey,"" directly links material items to markers of progress, which aligns well with the implicit meaning of items marking our path through life. However, it lacks the vivid and dynamic imagery of Response B, ""Life is a winding road,"" which captures the unpredictable and continuous nature of life's journey. Response B, while more imaginative and vivid, does not explicitly connect material items to the path, making it less precise in reflecting the implicit meaning. Response A is more accurate but less imaginative, while Response B is more vivid but less aligned with the specific concept of material items marking the path. [RESULT] A"
He painted his dreams onto canvas.,The city is a restless beast.,"Neither A nor B meets the criteria, but if forced to choose, B slightly edges out due to its vivid imagery, though it still fails to convey the intended meaning. [RESULT] B","Feedback: Neither Response A nor Response B effectively captures the implicit meaning of ""achievement has been completed or arrived successfully."" Response A, ""He painted his dreams onto canvas,"" suggests the act of creating or expressing dreams, which does not align with the idea of completion or success. Response B, ""The city is a restless beast,"" conveys energy and dynamism but lacks any connection to the concept of achievement or completion. Both metaphors fail to reflect the intended meaning, with Response A focusing on the process of creation and Response B emphasizing restlessness rather than success. Neither uses imagery that aligns with the implicit meaning, making both metaphors unclear and unrelated to the reference. [RESULT] Neither A nor B meets the criteria, but if forced to choose, B slightly edges out due to its vivid imagery, though it still fails to convey the intended meaning. [RESULT] B"
Time weathers everything like an old barn.,Experience is a teacher.,A,"Feedback: Response A (""Time weathers everything like an old barn"") aligns closely with the implicit meaning of time transforming everything gradually and inevitably. The imagery of weathering conveys the gradual and irreversible effects of time, making it vivid and coherent. In contrast, Response B (""Experience is a teacher"") focuses on the educational aspect of experience rather than the transformative and inevitable nature of time, thus diverging from the implicit meaning. While both metaphors are imaginative, Response A more accurately captures the intended concept with clearer and more relevant imagery. [RESULT] A"
She is a sponge soaking up knowledge.,Policy is a wrecking ball.,A,"Feedback: Response A, ""She is a sponge soaking up knowledge,"" aligns closely with the implicit meaning of an eager and passionate desire to learn continuously. The metaphor effectively conveys the idea of absorption and retention of knowledge, using vivid and coherent imagery that is both clear and imaginative. In contrast, Response B, ""Policy is a wrecking ball,"" does not capture the implicit meaning at all, as it implies destruction rather than a desire to learn. While Response B uses vivid imagery, it fails to align with the intended concept. Therefore, Response A is the better metaphor as it accurately and imaginatively represents the original idea. [RESULT] A"
Each step carves deeper paths to success.,Navigating fog reveals the path.,A,"Feedback: Both metaphors attempt to capture the essence of personal growth, but they differ in their approach and effectiveness. Response A, ""Each step carves deeper paths to success,"" directly links actions (steps) to lasting impacts (deeper paths), which aligns well with the implicit meaning of personal growth leaving lasting marks. The imagery is clear and coherent, though somewhat literal and less imaginative. Response B, ""Navigating fog reveals the path,"" introduces a more abstract and vivid image of overcoming uncertainty to find clarity, which metaphorically reflects personal development. However, it less directly conveys the idea of ""lasting marks"" compared to Response A. While Response B is more imaginative, Response A more accurately and directly captures the intended meaning. [RESULT] A"
She spun tales with vibrant threads.,City is a canvas of dreams.,A,"Feedback: Response A (""She spun tales with vibrant threads"") more closely aligns with the implicit meaning of creating and bringing fictional characters to life through writing. It effectively uses the imagery of spinning tales with vibrant threads, which vividly conveys the creative process of crafting stories and imbuing them with life and color. The metaphor is coherent and imaginative, directly relating to the act of writing. In contrast, Response B (""City is a canvas of dreams"") is less relevant, as it focuses on the city as a space for dreams rather than the act of creating fictional characters. While it is imaginative, it does not capture the specific concept of bringing characters to life through writing. Response A is clearer, more accurate, and more aligned with the intended meaning. [RESULT] A"
Their ideas hit a brick wall.,He is a chameleon at heart.,A,"Feedback: Response A, ""Their ideas hit a brick wall,"" directly aligns with the implicit meaning of ideas that can no longer progress or develop further, using vivid and coherent imagery of a physical barrier to convey the concept of stagnation. In contrast, Response B, ""He is a chameleon at heart,"" does not relate to the implicit meaning, as it implies adaptability rather than stagnation. While both responses use metaphorical language, Response A is more accurate and imaginative in representing the original idea. [RESULT] A"
Each victory fuels his ambition like wind propels a sail.,Obstacles are speed bumps.,A,"Feedback: Response A (""Each victory fuels his ambition like wind propels a sail"") aligns closely with the implicit meaning by directly linking achievement (victory) to the desire for greater accomplishments (ambition), using vivid and coherent imagery of wind propelling a sail to symbolize continuous progress. In contrast, Response B (""Obstacles are speed bumps"") focuses on the minor nature of obstacles rather than the concept of achievement driving ambition, making it less relevant to the implicit meaning. While both metaphors use clear imagery, Response A is more imaginative and accurately captures the intended concept. [RESULT] A"
Obligations weigh me down like shackles.,Responsibility is a heavy anchor.,B,"Feedback: Both metaphors attempt to convey a sense of burden, but they diverge in their alignment with the implicit meaning of material possessions being burdensome and restrictive. Response A uses ""obligations"" and ""shackles,"" which metaphorically suggest restriction but do not directly relate to material possessions. Response B uses ""responsibility"" and ""anchor,"" which, while vivid and coherent, also does not explicitly tie to material possessions. However, Response B’s imagery of an anchor is more universally recognized as a heavy, restrictive force, making it slightly more effective in conveying a general sense of burden. Neither fully captures the implicit meaning, but Response B’s imagery is more vivid and coherent in representing a restrictive weight. [RESULT] B"
His anger brewed like a storm.,Crossroads with two opposing paths.,A,"Feedback: Response A (""His anger brewed like a storm"") aligns closely with the implicit meaning of increasing anger about to explode, using vivid and coherent imagery of a storm brewing, which effectively conveys the building intensity and impending release. In contrast, Response B (""Crossroads with two opposing paths"") does not capture the implicit meaning well, as it focuses on a decision point rather than the escalating emotion. While both responses use metaphors, Response A is more imaginative and directly reflects the intended concept. [RESULT] A"
His desire boiled like overheating steam.,Nature is her canvas.,A,"Feedback: Response A (""His desire boiled like overheating steam"") aligns more closely with the implicit meaning of a dangerous level of pressure or stress reaching critical limits. The imagery of boiling steam vividly conveys the idea of something intense and potentially explosive, mirroring the concept of pressure building to a critical point. In contrast, Response B (""Nature is her canvas"") does not capture the implicit meaning at all, as it lacks any reference to pressure, stress, or critical limits, instead focusing on creativity and expression. Response A uses more coherent and relevant imagery, making it a clearer and more accurate representation of the intended concept. [RESULT] A"
"She sowed effort, reaped success.",Time is a ticking clock.,A,"Feedback: Response A (""She sowed effort, reaped success"") directly aligns with the implicit meaning by emphasizing the connection between personal struggle (sowing effort) and success (reaping), using vivid and coherent agricultural imagery. It effectively conveys the concept of determination leading to achievement. Response B (""Time is a ticking clock"") focuses on the urgency of time but fails to capture the idea of personal struggle and determination, making it less relevant to the implicit meaning. While both metaphors are coherent, Response A is more imaginative and accurate in representing the intended concept. [RESULT] A"
He's a prisoner of his own rage.,Creation is a warm hug to the soul.,A,"Feedback: Response A (""He's a prisoner of his own rage"") aligns more closely with the implicit meaning of suppressing negative emotions, as it conveys the idea of being trapped by one's own negative feelings, which resonates with the act of repeatedly suppressing them. The imagery is vivid and coherent, effectively capturing the struggle and confinement associated with emotional suppression. In contrast, Response B (""Creation is a warm hug to the soul"") diverges significantly from the implicit meaning, as it focuses on the positive and comforting aspect of creation rather than the suppression of negative emotions. While the imagery in Response B is vivid, it fails to address the intended concept. Therefore, Response A is a clearer, more accurate, and more imaginative representation of the original idea. [RESULT] A"
Their morals are steel cast.,The city was a goldmine.,A,"Feedback: Response A (""Their morals are steel cast"") aligns more closely with the implicit meaning of unwavering moral principles and strong integrity, as steel is commonly associated with strength, durability, and resilience, which mirrors the intended concept. The imagery is coherent and vivid, effectively conveying the idea of unyielding morals. In contrast, Response B (""The city was a goldmine"") does not relate to the implicit meaning, as it implies abundance or opportunity rather than moral integrity. The imagery in Response B is vivid but fails to capture the intended concept. Therefore, Response A is a clearer and more accurate representation. [RESULT] A"
Water molecules dance into place seamlessly.,Nature is a double-edged sword.,A,"Feedback: Response A captures the implicit meaning of gentle, floating movement without direction or purpose more effectively than Response B. The imagery of ""water molecules dancing into place seamlessly"" vividly conveys a sense of effortless, aimless motion, aligning closely with the intended concept. In contrast, Response B, ""Nature is a double-edged sword,"" introduces a metaphor of duality and conflict, which does not reflect the gentle, directionless movement described in the implicit meaning. While Response B is imaginative, it fails to align with the intended tone and concept. Response A’s imagery is coherent and directly relevant, making it the clearer and more accurate representation. [RESULT] A"
She pondered until her mind bloomed with insights.,Life is a soap bubble.,A,"Feedback: Response A (""She pondered until her mind bloomed with insights"") aligns more closely with the implicit meaning of a persistent, nagging question that won't leave one's mind, as it conveys the idea of prolonged mental engagement leading to insight, though it lacks the sense of intrusion or persistence. Response B (""Life is a soap bubble"") diverges significantly from the implicit meaning, focusing on fragility and transience rather than persistence. In terms of imagery, Response A is more vivid and coherent, depicting a clear mental process, while Response B is imaginative but unrelated to the intended concept. Response A better captures the essence of the implicit meaning, albeit imperfectly, whereas Response B fails to convey the intended idea. [RESULT] A"
She polishes her exterior to ward off time's痕迹.,She is a social magnet.,A,"Feedback: Response A aligns closely with the implicit meaning of delicate and meticulous self-preservation of appearance, using vivid imagery of polishing one's exterior to ward off time's traces, which effectively conveys the concept of maintaining appearance against aging. Response B, however, diverges significantly from the implicit meaning, as the metaphor of being a ""social magnet"" focuses on social attractiveness rather than self-preservation or appearance maintenance. While Response A is highly imaginative and coherent, Response B fails to capture the intended concept. [RESULT] A"
A well-stocked arsenal ensures victory.,Tapestry woven with diverse threads.,A,"Feedback: Response A (""A well-stocked arsenal ensures victory"") directly aligns with the implicit meaning of ""Proper preparation leads to success"" by using a clear and vivid military analogy that emphasizes the importance of readiness. The imagery is coherent and effectively conveys the concept of preparation as a key to success. Response B (""Tapestry woven with diverse threads"") is more abstract and focuses on the idea of diversity and complexity rather than preparation, making it less aligned with the implicit meaning. While Response B is imaginative, it does not capture the intended concept as clearly or accurately as Response A. [RESULT] A"
Their love bloomed like a wildfire.,Team is a puzzle.,A,"Feedback: Response A (""Their love bloomed like a wildfire"") aligns closely with the implicit meaning of intense, passionate, and rapidly growing love. The metaphor effectively captures the intensity and rapid growth through the vivid imagery of a wildfire, which is both powerful and evocative. In contrast, Response B (""Team is a puzzle"") does not relate to the implicit meaning at all, as it focuses on collaboration and interconnectedness rather than intense passion or rapid growth. Response A is highly imaginative and coherent, while Response B is entirely unrelated to the intended concept. [RESULT] A"
Their relationship needed a course correction.,Mistakes are stepping stones.,A,"Feedback: Response A (""Their relationship needed a course correction"") aligns more closely with the implicit meaning of a broken relationship needing fixing, as it directly implies a need for adjustment and repair, which is coherent and clear. It uses a vivid and relatable metaphor of navigation, suggesting a deliberate action to correct the course, mirroring the idea of fixing something broken. In contrast, Response B (""Mistakes are stepping stones"") focuses on personal growth from errors rather than addressing a broken relationship, making it less relevant to the implicit meaning. While both responses use coherent imagery, Response A is more accurate and imaginative in representing the original idea. [RESULT] A"
Leadership passed the mic around the room.,Policy is a steady anchor.,A,"Feedback: Response A, ""Leadership passed the mic around the room,"" directly captures the implicit meaning of sharing authority and control by using the vivid imagery of passing a microphone, which symbolizes giving others a voice and opportunity to lead. This metaphor is highly imaginative and coherent, aligning closely with the intended concept. In contrast, Response B, ""Policy is a steady anchor,"" focuses on stability and consistency rather than the distribution of authority, making it less relevant to the implicit meaning. While Response B uses clear imagery, it does not effectively convey the idea of sharing control. Therefore, Response A is the clearer, more accurate, and more imaginative representation. [RESULT] A"
Nightfall swallowed the landscape whole.,Life is a roller coaster.,A,"Feedback: Response A, ""Nightfall swallowed the landscape whole,"" directly and vividly captures the implicit meaning of night falling and completely covering the land. The imagery of swallowing conveys a sense of totality and engulfment, aligning closely with the intended concept. It is highly imaginative and coherent, earning a score of 5. Response B, ""Life is a roller coaster,"" does not relate to the implicit meaning at all, as it discusses the unpredictability and ups and downs of life rather than the specific imagery of nightfall. Its imagery is completely unrelated and incoherent in this context, earning a score of 1. [RESULT] A"
She stirred from fog to clarity slowly.,Life is a marathon.,A,"Feedback: Response A, ""She stirred from fog to clarity slowly,"" effectively captures the implicit meaning of mental flexibility and gradual awakening by using vivid imagery of transitioning from confusion to understanding. The metaphor is coherent and imaginative, aligning closely with the intended concept. In contrast, Response B, ""Life is a marathon,"" while a common metaphor, does not specifically convey the idea of mental flexibility or gradual awakening; it focuses more on endurance and persistence. Response A's imagery is more precise and directly relates to the implicit meaning, making it a clearer and more accurate representation. [RESULT] A"
Time is an unwavering watchman.,Art is a daring leap.,A,"Feedback: Response A, ""Time is an unwavering watchman,"" aligns more closely with the implicit meaning of time relentlessly pursuing and catching up with everyone. The metaphor effectively conveys the idea of time as a constant, vigilant force, which resonates with the concept of relentless pursuit. The imagery is coherent and vivid, capturing the unyielding nature of time. In contrast, Response B, ""Art is a daring leap,"" does not relate to the implicit meaning about time; instead, it introduces an unrelated concept of boldness and creativity associated with art. While Response B is imaginative, it fails to address the intended theme of time's relentless nature. Therefore, Response A is a clearer and more accurate representation of the original idea. [RESULT] A"
She tasted success like a sweet fruit.,Words are double-edged swords.,A,"Feedback: Response A (""She tasted success like a sweet fruit"") aligns closely with the implicit meaning of achievement feeling pleasurable and satisfying, using vivid and coherent imagery that directly connects success to a sensory experience of sweetness. It effectively conveys the intended concept through a clear and imaginative metaphor. In contrast, Response B (""Words are double-edged swords"") does not relate to the implicit meaning, as it focuses on the dual nature of words rather than the pleasurable aspect of achievement. While Response B is imaginative, it fails to capture the intended concept. [RESULT] A"
Horizon confines our view within bounds.,Life is a never-ending staircase.,A,"Feedback: Response A uses the horizon as a metaphor for limited perspective, which somewhat aligns with the implicit meaning of restricted vision. However, the imagery is not particularly vivid or imaginative, and it fails to capture the interpersonal aspect of the implicit meaning. Response B, on the other hand, uses the metaphor of a never-ending staircase to imply continuous progression or struggle, which does not directly relate to the idea of limited or restricted vision/perspective between people. Both metaphors fall short in fully capturing the implicit meaning, but Response A is closer in terms of the concept of limitation, albeit lacking in vividness and coherence. [RESULT] A"
Drinking from the fountain of wisdom.,Climbing a mountain of self.,A,"Feedback: Response A (""Drinking from the fountain of wisdom"") aligns more closely with the implicit meaning of following established paths to success by learning from predecessors. The metaphor effectively conveys the idea of absorbing knowledge from a well-established source, which resonates with the concept of learning from predecessors. The imagery is vivid and coherent, evoking a clear picture of gaining wisdom. In contrast, Response B (""Climbing a mountain of self"") focuses more on personal growth and overcoming challenges, which diverges from the implicit meaning. While the imagery is vivid, it does not capture the idea of following established paths or learning from others. Response A is more accurate and imaginative in representing the original idea. [RESULT] A"
Their brain is a small boat in a vast ocean.,Garden blooming in perfect light.,A,"Feedback: Response A effectively captures the implicit meaning of limited intellectual capacity in a vast context by using the vivid imagery of a small boat in a vast ocean, which clearly conveys the idea of being overwhelmed or insignificant. In contrast, Response B, with its imagery of a garden blooming in perfect light, does not align with the implicit meaning, as it suggests growth and flourishing rather than limitation or weakness. Response A's metaphor is coherent and imaginative, directly addressing the intended concept, while Response B fails to reflect the intended meaning. [RESULT] A"
Their love danced like fireflies at dusk.,Time is a gentle surgeon.,A,"Feedback: Response A (""Their love danced like fireflies at dusk"") aligns closely with the implicit meaning of love being graceful and fleeting, as fireflies evoke a sense of delicate, ephemeral beauty. The imagery is vivid and coherent, capturing both the gracefulness and transience of love. Response B (""Time is a gentle surgeon"") diverges significantly from the implicit meaning, focusing on time's careful precision rather than love's qualities. While imaginative, it fails to convey the intended concept of love's grace and fleeting nature. Response A is superior in aligning with the implicit meaning and using vivid, appropriate imagery. [RESULT] A"
Their hearts entwined like vines.,Cities are gardens of dreams.,A,"Feedback: Response A (""Their hearts entwined like vines"") directly captures the implicit meaning of a close, interdependent relationship by using the vivid and coherent imagery of vines growing together, symbolizing interconnectedness and mutual reliance. It aligns closely with the intended concept and is highly imaginative. Response B (""Cities are gardens of dreams"") is more abstract and does not directly convey the idea of two people in a close relationship; instead, it focuses on a broader, less specific metaphor about aspirations and urban environments. While imaginative, it lacks the clarity and directness needed to reflect the implicit meaning. Response A is superior in aligning with the criteria. [RESULT] A"
She painted her vision on life's canvas.,Life is a book of lessons.,A,"Feedback: Response A (""She painted her vision on life's canvas"") aligns more closely with the implicit meaning of creation and transformation through artistic expression. It uses vivid and coherent imagery of painting, which directly evokes the act of artistic creation and the transformative process of bringing a vision to life. In contrast, Response B (""Life is a book of lessons"") focuses on the idea of learning from experiences rather than artistic expression, making it less relevant to the implicit meaning. While both metaphors are coherent, Response A is more imaginative and accurate in capturing the intended concept. [RESULT] A"
New ideas bloom from familiar soil.,Pain is a heavy sea.,A,"Feedback: Response A (""New ideas bloom from familiar soil"") aligns more closely with the implicit meaning of sudden mental clarity and comprehension, as it conveys the emergence of new understanding from a foundation of existing knowledge. The imagery of blooming suggests growth and clarity, which resonates with the concept of mental insight. In contrast, Response B (""Pain is a heavy sea"") does not capture the implicit meaning effectively; while it uses vivid imagery, it focuses on the burden of pain rather than the sudden clarity or comprehension. The metaphor in Response A is more coherent and directly related to the intended concept, whereas Response B diverges significantly. [RESULT] A"
Visual field: window of perception.,Life is a tightrope.,A,"Feedback: Response A (""Visual field: window of perception"") aligns more closely with the implicit meaning, as it directly relates the visual field to a window, suggesting a clear and direct way of perceiving the world, which mirrors the idea that our eyes contain and process everything we see. The imagery is coherent and effectively conveys the concept of perception as a structured and contained process. Response B (""Life is a tightrope"") diverges significantly from the implicit meaning, focusing on the precariousness and balance of life rather than the act of perception or the role of the eyes. While imaginative, it lacks relevance to the specific idea of visual processing. Response A is more accurate and relevant to the implicit meaning. [RESULT] A"
Their theories were tested under academic microscope.,Emotions are a stormy sea.,A,"Feedback: Response A uses the metaphor of an ""academic microscope"" to imply scrutiny and detailed examination of theories, which aligns with the idea of theories being tested in an academic context. However, it does not capture the competitive aspect of different theories vying against each other. The imagery is coherent but lacks the vividness and imaginative depth needed to fully convey the implicit meaning. Response B, on the other hand, uses the metaphor of a ""stormy sea"" to describe emotions, which does not align with the academic competition implied in the implicit meaning. It is vivid and imaginative but fails to relate to the intended concept. Both responses fall short in capturing the implicit meaning, but Response A is slightly closer due to its academic context relevance, albeit without the competitive element. [RESULT] A"
Theory fertilizes diverse scholarly gardens.,Learning is a never-ending path.,A,"Feedback: Response A uses the metaphor of ""theory fertilizes diverse scholarly gardens,"" which vividly captures the idea of a theory nourishing and expanding into various academic fields, aligning closely with the implicit meaning. The imagery is coherent and imaginative, effectively conveying the concept of growth and diversification. Response B, ""Learning is a never-ending path,"" while imaginative, does not directly address the implicit meaning of a theory dividing and extending into different fields. It focuses more on the continuous nature of learning rather than the branching and expansion of a theory. Response A is more accurate and vivid in representing the original idea. [RESULT] A"
He's a marathon runner in a relay team.,One stone ripples the lake.,A,"Feedback: Response A, ""He's a marathon runner in a relay team,"" partially captures the implicit meaning of being energetic and capable of handling multiple responsibilities. The metaphor effectively conveys endurance and teamwork, aligning with the idea of managing multiple tasks. However, it lacks vivid imagery and originality, as it relies on a common sports analogy. Response B, ""One stone ripples the lake,"" is more imaginative and vivid, creating a clear image of a single action having widespread impact. While it conveys capability, it does not directly address handling multiple responsibilities, making it less aligned with the implicit meaning. Response A is more coherent with the intended concept, though less imaginative. [RESULT] A"
Supporting details are the glue holding the argument together.,Life is a canvas.,A,"Feedback: Response A uses the metaphor of ""glue holding the argument together"" to represent the idea of supporting details unifying a central point, which aligns closely with the implicit meaning. The imagery is coherent and effectively conveys the concept of cohesion. In contrast, Response B, ""Life is a canvas,"" does not capture the implicit meaning of supporting evidence circulating around a central point; instead, it suggests a broader, more open-ended idea of creativity and self-expression. While Response B is vivid and imaginative, it fails to align with the specific implicit meaning. Response A is more accurate and relevant to the intended concept. [RESULT] A"
Their bond carved through stone challenges.,Life is a maze.,A,"Feedback: Response A (""Their bond carved through stone challenges"") aligns closely with the implicit meaning, vividly portraying a relationship that overcomes obstacles with strength and endurance, akin to carving through stone. The imagery is coherent and imaginative, effectively conveying the intended concept. In contrast, Response B (""Life is a maze"") is a generic metaphor that loosely reflects the idea of facing challenges but lacks specificity and fails to capture the depth of a relationship overcoming obstacles. While both metaphors address challenges, Response A is more precise, vivid, and aligned with the implicit meaning. [RESULT] A"
Each item we own paints a chapter in our story.,Time is a river.,A,"Feedback: Response A directly links material belongings to chapters in a life story, closely aligning with the implicit meaning that material belongings represent different periods of our life journey. It uses vivid and coherent imagery, effectively conveying the intended concept. Response B, while imaginative, compares time to a river, which does not directly address the relationship between material belongings and life periods. Although both metaphors are imaginative, Response A is more accurate and relevant to the implicit meaning. [RESULT] A"
Romance dances beyond logic's grasp.,Life is a winding river.,A,"Feedback: Response A (""Romance dances beyond logic's grasp"") aligns more closely with the implicit meaning of passion and emotion triumphing over rational thought. It uses vivid imagery of dance to represent the fluid, unbound nature of romance, effectively contrasting it with the rigidness of logic. Response B (""Life is a winding river""), while imaginative and coherent, does not directly capture the triumph of emotion over rationality but rather conveys the unpredictable and continuous nature of life. Response A’s metaphor is more precise and imaginative in reflecting the intended concept. [RESULT] A"
The audience's laughter boiled like soup on high heat.,Workload is a crushing weight.,B,"Feedback: Response A uses a vivid image of boiling soup to convey intensity, but it fails to capture the implicit meaning of an intense, desperate desire for entertainment, instead suggesting a chaotic or overwhelming reaction. Response B, while not directly related to entertainment, effectively uses the imagery of a crushing weight to convey a sense of overwhelming pressure, which could metaphorically align with the desperation implied in the implicit meaning, though it still falls short of directly addressing entertainment. Neither metaphor fully captures the implicit meaning, but Response B's imagery of overwhelming pressure is slightly more aligned with the concept of desperation. [RESULT] B"
Their eyes sparked like fireworks.,Team is a well-oiled machine.,A,"Feedback: Response A (""Their eyes sparked like fireworks"") captures the implicit meaning of sudden intense passion or attraction more effectively than Response B. The imagery of fireworks sparking is vivid and aligns closely with the idea of a sudden, intense burst of emotion, making it highly imaginative and coherent. In contrast, Response B (""Team is a well-oiled machine"") focuses on efficiency and coordination rather than passion or attraction, failing to convey the intended concept. While both responses use metaphors, Response A’s imagery is more aligned with the implicit meaning, whereas Response B’s metaphor is generic and unrelated. [RESULT] A"
His anger tied him in emotional ropes.,Love was a glass vase.,A,"Feedback: Response A effectively captures the implicit meaning of uncontrollable anger feeling restrictive and painful by using the imagery of ""emotional ropes,"" which conveys a sense of being bound and constrained. The metaphor is vivid and coherent, aligning closely with the intended concept. Response B, on the other hand, uses the metaphor of ""Love was a glass vase,"" which does not align with the implicit meaning of anger. Instead, it suggests fragility and beauty, which are unrelated to the restrictive and painful nature of uncontrollable anger. Response A is more imaginative, accurate, and aligned with the intended meaning compared to Response B. [RESULT] A"
Guardians patrolling for intruders.,Pain is a weight.,A,"Feedback: Response A (""Guardians patrolling for intruders"") aligns more closely with the implicit meaning of protection and defense of the body against threats, as it directly evokes the concept of active surveillance and safeguarding. The imagery is coherent and effectively conveys the idea of a defensive mechanism. In contrast, Response B (""Pain is a weight"") does not directly relate to protection or defense; instead, it focuses on the sensation of pain as a burden, which is unrelated to the intended concept. While Response B has vivid imagery, it fails to capture the implicit meaning. Therefore, Response A is a clearer and more accurate representation. [RESULT] A"
Hypothesis charts the study's course.,Time is a gentle balm.,A,"Feedback: Response A (""Hypothesis charts the study's course"") aligns more closely with the implicit meaning of providing direction and illumination, as it directly conveys the idea of guiding a path, which is analogous to offering direction. The imagery is coherent and effectively captures the concept of leading others. In contrast, Response B (""Time is a gentle balm"") focuses on the soothing and healing aspect of time, which does not align with the implicit meaning of direction and illumination. While Response B is vivid and imaginative, it fails to capture the intended concept. Therefore, Response A is a clearer and more accurate representation of the original idea. [RESULT] A"
Their bond is a well-woven tapestry.,Team is a well-oiled machine.,A,"Feedback: Both metaphors aim to convey unity and coordination, but they differ in how they align with the implicit meaning of ""perfect harmony and deep connection between friends."" Response A, ""Their bond is a well-woven tapestry,"" uses imagery that emphasizes intricate, interconnected threads, which better captures the depth and complexity of a personal connection. It aligns more closely with the idea of a deep, harmonious bond. Response B, ""Team is a well-oiled machine,"" focuses on efficiency and functionality, which, while suggesting coordination, lacks the emotional depth and personal connection implied in the implicit meaning. The imagery in Response A is more vivid and coherent in representing the intended concept of deep friendship. [RESULT] A"
Determination carves paths through adversity.,Life is a wave.,A,"Feedback: Response A (""Determination carves paths through adversity"") aligns closely with the implicit meaning by emphasizing the active role of determination in overcoming challenges, using vivid and coherent imagery of carving paths through adversity. It directly conveys the effort required to navigate difficulties. In contrast, Response B (""Life is a wave"") is more abstract and less directly tied to the implicit meaning, as it does not explicitly highlight effort or determination. While it suggests change and movement, it lacks the clarity and specificity of Response A in addressing the concept of overcoming challenges through effort. [RESULT] A"
Firestorm of tensions escalated dangerously.,Life is a rollercoaster ride.,A,"Feedback: Response A (""Firestorm of tensions escalated dangerously"") aligns more closely with the implicit meaning of an argument becoming increasingly heated and intense, as it uses vivid and coherent imagery of a firestorm to convey escalation and danger. It directly reflects the intensity and potential harm of the situation. Response B (""Life is a rollercoaster ride"") is more generic and does not specifically capture the heated and intense nature of an argument, instead focusing on the general ups and downs of life. While both metaphors use imagery, Response A is more precise and imaginative in representing the intended concept. [RESULT] A"
Diversified stocks are her secure fortress.,Life is a forge.,A,"Feedback: Response A directly relates to the implicit meaning of security and protection of financial assets by using the metaphor of a ""secure fortress,"" which clearly conveys safety and defense, aligning well with the concept of diversified stocks providing financial security. The imagery is coherent and vivid, effectively capturing the intended idea. Response B, however, uses the metaphor ""Life is a forge,"" which, while imaginative, does not closely align with the implicit meaning of financial security and protection. The imagery of a forge suggests transformation and hardship rather than security, making it less relevant to the intended concept. Response A is more accurate and coherent in conveying the implicit meaning. [RESULT] A"
Time is an unwavering shadow.,Small drops fill the ocean.,A,"Feedback: Response A (""Time is an unwavering shadow"") aligns more closely with the implicit meaning of time as an unstoppable force that constantly chases us, as it effectively conveys the idea of time as a persistent and inescapable presence. The imagery of a shadow is vivid and coherent, emphasizing the relentless pursuit. In contrast, Response B (""Small drops fill the ocean"") focuses on the cumulative effect of small actions, which diverges from the concept of time's relentless chase. While both metaphors use natural elements, Response A captures the intended meaning more accurately and imaginatively. [RESULT] A"
Painting their future with hard work.,Time is a river.,A,"Feedback: Response A (""Painting their future with hard work"") directly aligns with the implicit meaning of personal growth and self-improvement through effort, as it vividly portrays the idea of actively shaping one’s future through deliberate actions. The imagery is coherent and imaginative, effectively conveying the concept of effort leading to progress. In contrast, Response B (""Time is a river"") is a common metaphor that, while imaginative, does not specifically capture the idea of personal effort or growth. It focuses more on the passage of time rather than the active process of self-improvement. Response A is clearer, more accurate, and more closely tied to the intended meaning. [RESULT] A"
Ancient wisdom carves timeless grooves.,Challenges forge steel.,B,"Feedback: Both metaphors aim to convey the idea of enduring quality, but they differ in their approach and effectiveness. Response A, ""Ancient wisdom carves timeless grooves,"" uses the imagery of carving to suggest permanence and depth, aligning well with the timeless aspect of the implicit meaning. However, the metaphor is somewhat abstract and may not be as immediately vivid or accessible. Response B, ""Challenges forge steel,"" employs the process of forging to symbolize strength and durability, which also reflects enduring quality but with a more dynamic and tangible imagery. While both metaphors capture the essence of the implicit meaning, Response B is more vivid and coherent in its representation, making the concept more relatable and imaginative. [RESULT] B"
"Her rage was a wildfire, scorched everything good.",City is a canvas.,A,"Feedback: Response A effectively captures the implicit meaning of destructive and intense anger by using the vivid imagery of a wildfire that ""scorched everything good,"" aligning closely with the concept of anger consuming everything in its path. The metaphor is highly imaginative and coherent, earning a score of 5. Response B, ""City is a canvas,"" does not relate to the implicit meaning of destructive anger; instead, it suggests creativity or potential, which is entirely unrelated to the intended concept. This metaphor is incoherent with the reference meaning, earning a score of 1. [RESULT] A"
Obligations drained me like a dry well.,Wisdom is a precious gem.,"Neither A nor B meets the criteria, but if forced to choose based on coherence and vividness alone, A is marginally better. [RESULT] A","Feedback: Neither Response A nor Response B effectively captures the implicit meaning that material belongings are needy and require constant maintenance and attention. Response A uses the metaphor of a dry well to describe being drained by obligations, which does not relate to material belongings or their maintenance. Response B compares wisdom to a precious gem, which also fails to address the concept of material belongings needing attention. Both metaphors are coherent and vivid in their own contexts but are entirely misaligned with the intended meaning. Response A is slightly more imaginative in its imagery but still irrelevant. Response B is more straightforward but equally off-topic. [RESULT] Neither A nor B meets the criteria, but if forced to choose based on coherence and vividness alone, A is marginally better. [RESULT] A"
Hope sparkles like a beacon in darkness.,Mind is a canvas.,A,"Feedback: Response A directly captures the implicit meaning of optimism persisting through difficult times by comparing hope to a beacon in darkness, which is vivid, coherent, and aligns closely with the intended concept. It effectively conveys the idea of a guiding light in challenging circumstances. Response B, while imaginative, does not directly relate to the implicit meaning; the metaphor of the mind as a canvas suggests creativity or potential but lacks the element of perseverance through hardship. The imagery in Response A is more specific and relevant to the theme of optimism in adversity. [RESULT] A"
Obligations are永不停息的火焰，需 constant attention to sustain.,Life is a map to explore.,A,"Feedback: Response A uses the metaphor of ""obligations as unceasing flames requiring constant attention"" which aligns more closely with the implicit meaning of material possessions demanding ongoing resources. The imagery of flames needing sustenance effectively mirrors the concept of maintenance. In contrast, Response B's metaphor of ""life as a map to explore"" diverges significantly from the implicit meaning, focusing on exploration rather than maintenance. While both responses use vivid imagery, only Response A captures the intended concept accurately. [RESULT] A"
Ideas are gold nuggets waiting to be mined.,Life is a maze.,A,"Feedback: Response A (""Ideas are gold nuggets waiting to be mined"") aligns closely with the implicit meaning by emphasizing the value of ideas (gold nuggets) and the effort required to discover and develop them (mining). The imagery is vivid and coherent, effectively conveying the intended concept. In contrast, Response B (""Life is a maze"") does not capture the implicit meaning, as it focuses on the complexity and uncertainty of life rather than the value and effort associated with ideas. While both metaphors use clear imagery, only Response A meets the criteria of accurately representing the original idea. [RESULT] A"
Cogs turn in a clockwork sequence.,Life is an inward spiral.,A,"Feedback: Both metaphors attempt to convey the idea of interconnectedness and sequence, but they differ in their approach and effectiveness. Response A, ""Cogs turn in a clockwork sequence,"" directly emphasizes the mechanical and sequential nature of events, aligning well with the implicit meaning. The imagery is clear and coherent, though somewhat generic. Response B, ""Life is an inward spiral,"" suggests interconnectedness but lacks the explicit sequential aspect, making it less precise in capturing the intended concept. While it is more imaginative, it diverges from the implicit meaning by focusing on a cyclical rather than linear progression. Response A better meets the criteria by maintaining clarity and coherence in conveying the sequential and interconnected nature of events. [RESULT] A"
New thoughts carve through old stone.,Tapestry is strongest with diverse threads.,A,"Feedback: Response A (""New thoughts carve through old stone"") better captures the implicit meaning of ideas being uncontrollable and hard to contain. It uses vivid imagery of thoughts carving through stone, which conveys the force and persistence of ideas breaking through established barriers, aligning closely with the uncontrollable nature of ideas. In contrast, Response B (""Tapestry is strongest with diverse threads"") focuses on the strength derived from diversity, which, while imaginative, does not directly address the uncontrollable or hard-to-contain aspect of ideas. Response A’s imagery is more coherent and directly relevant to the intended concept, making it a clearer and more accurate representation. [RESULT] A"
She cultivated emotions like a gardener tends flowers.,Time is a gentle surgeon.,A,"Feedback: Response A, ""She cultivated emotions like a gardener tends flowers,"" aligns more closely with the implicit meaning of creating connection and reconciliation between two people. The metaphor effectively conveys the idea of nurturing and care, which is essential for fostering relationships. The imagery of a gardener tending flowers is vivid and coherent, suggesting a deliberate and patient process of growth and connection. In contrast, Response B, ""Time is a gentle surgeon,"" while imaginative, does not directly relate to the concept of creating connections or reconciliation. It implies a healing process over time but lacks the interpersonal aspect of nurturing relationships. Therefore, Response A better captures the intended meaning with more relevant and vivid imagery. [RESULT] A"
She soared to blissful heights.,The city is a treasure chest.,A,"Feedback: Response A (""She soared to blissful heights"") aligns closely with the implicit meaning of extreme happiness reaching its highest point, using vivid and coherent imagery of soaring to convey elevation and intensity. It effectively captures the concept of reaching a pinnacle of joy. In contrast, Response B (""The city is a treasure chest"") diverges significantly from the implicit meaning, as it focuses on the idea of a city being valuable or full of potential, rather than expressing extreme happiness. While Response B uses imaginative imagery, it fails to convey the intended emotional peak. Response A is clearer, more accurate, and directly reflects the implicit meaning. [RESULT] A"
Their attraction bloomed like a garden over time.,Knowledge is a new lens.,A,"Feedback: Response A uses a vivid and coherent metaphor of a blooming garden to convey the gradual and natural development of romantic or sexual tension, aligning closely with the implicit meaning. In contrast, Response B, while imaginative, uses the metaphor of a new lens for knowledge, which does not capture the intended concept of growing romantic or sexual tension. Response A's imagery is more relevant and evocative of the implicit meaning, making it a clearer and more accurate representation. [RESULT] A"
I feel joy like a child in candy land.,Life is a winding road.,A,"Feedback: Response A (""I feel joy like a child in candy land"") directly captures the implicit meaning of pure, innocent joy and happiness by using vivid and coherent imagery that aligns closely with the intended concept. The metaphor of a child in candy land evokes a sense of unbridled delight and wonder, making it highly imaginative and accurate. In contrast, Response B (""Life is a winding road"") does not align with the implicit meaning, as it conveys a journey with twists and turns rather than pure joy. While Response B is coherent, it fails to capture the intended emotion and imagery. Response A is superior in aligning with the implicit meaning, vividness, and coherence. [RESULT] A"
Time is a relentless river always flowing forward.,Time is a gentle surgeon.,A,"Feedback: Both metaphors attempt to capture the relentless and inevitable nature of time, but they differ significantly in their approach and effectiveness. Response A, ""Time is a relentless river always flowing forward,"" directly aligns with the implicit meaning by emphasizing the continuous, unstoppable movement of time, using vivid and coherent imagery of a river that naturally evokes a sense of forward motion. Response B, ""Time is a gentle surgeon,"" while imaginative, diverges from the implicit meaning by introducing a sense of precision and care, which does not fully capture the relentless and inevitable aspect of time. The imagery in Response B is less coherent with the intended concept, as a surgeon implies deliberate action rather than an unyielding force. Therefore, Response A is a clearer, more accurate, and more imaginative representation of the original idea. [RESULT] A"
Widening the lens reveals hidden gems.,Life is a maze.,A,"Feedback: Response A (""Widening the lens reveals hidden gems"") aligns more closely with the implicit meaning of life being full of surprising discoveries and opportunities. It effectively conveys the idea of uncovering unexpected treasures through a broader perspective, using vivid and coherent imagery. In contrast, Response B (""Life is a maze"") captures the concept of complexity and exploration but lacks the emphasis on surprising discoveries and opportunities, making it less aligned with the implicit meaning. Response A is more imaginative and directly reflects the intended concept. [RESULT] A"
Life is a river with both familiar banks and new currents.,Healing is a blooming flower.,A,"Feedback: Response A captures the implicit meaning more effectively by emphasizing the continuous flow and change in life, akin to a river's currents, while maintaining a sense of stability with ""familiar banks."" This metaphor aligns closely with the idea of life's constant transformation cycles, offering vivid and coherent imagery. Response B, while imaginative, focuses on healing as a singular blooming process, which does not fully convey the cyclical and unending nature of life's transformations. Although both metaphors are creative, Response A is clearer and more accurate in representing the intended concept. [RESULT] A"
"Jealousy built walls, blocking his view.",City is a garden.,A,"Feedback: Response A effectively captures the implicit meaning of a suffocating and isolating emotion by using the metaphor of ""jealousy building walls, blocking his view,"" which vividly conveys the idea of being trapped and unable to see beyond one's emotional barriers. The imagery is coherent and aligns closely with the intended concept. In contrast, Response B, ""City is a garden,"" does not relate to the implicit meaning of suffocation and isolation; instead, it suggests a harmonious and open environment, which is the opposite of the intended emotion. Response A is highly imaginative and aligns well with the reference meaning, while Response B fails to reflect the intended concept. [RESULT] A"
Properties bloom with the right cultivation.,Time is a river.,A,"Feedback: Response A (""Properties bloom with the right cultivation"") aligns more closely with the implicit meaning of real estate properties holding untapped value that could be released. The metaphor of blooming suggests growth and potential, which directly relates to the idea of untapped value being realized through cultivation. The imagery is vivid and coherent, effectively conveying the intended concept. In contrast, Response B (""Time is a river"") is a common metaphor that does not specifically address the concept of untapped value in real estate. While it is imaginative and vivid, it lacks the direct relevance and specificity needed to capture the implicit meaning. Therefore, Response A is the clearer, more accurate, and more imaginative representation. [RESULT] A"
He stands firm like a rock.,Life is a rollercoaster ride.,A,"Feedback: Response A (""He stands firm like a rock."") directly aligns with the implicit meaning of being stubbornly committed to one's beliefs, as it conveys steadfastness and unyielding resolve, which are core aspects of stubborn commitment. The imagery is clear and coherent, though somewhat generic. Response B (""Life is a rollercoaster ride."") does not align with the implicit meaning, as it suggests unpredictability and change rather than steadfastness. While Response B is vivid and imaginative, it fails to capture the intended concept of stubborn commitment. Response A, despite its simplicity, more accurately reflects the implicit meaning. [RESULT] A"
Time weaves landscapes like an artisan.,Love is a bridge.,A,"Feedback: Response A (""Time weaves landscapes like an artisan"") aligns more closely with the implicit meaning of time's gradual yet inevitable transformative power. The metaphor effectively conveys the idea of time shaping and altering everything, much like an artisan crafts a landscape with deliberate, skilled hands. The imagery is vivid and coherent, capturing the essence of gradual change. In contrast, Response B (""Love is a bridge"") does not relate to the implicit meaning of time's transformative nature; it introduces an unrelated concept (love) and fails to address the gradual, inevitable change implied. Response A is more imaginative and accurate in representing the original idea. [RESULT] A"
Multiple stars form intricate night skies.,Time is a river.,A,"Feedback: Response A (""Multiple stars form intricate night skies"") aligns more closely with the implicit meaning of stars as complex mathematical patterns in space, as it emphasizes the intricate arrangement of stars, mirroring the idea of complexity. However, it lacks vivid imagery and does not explicitly convey the mathematical aspect. Response B (""Time is a river"") diverges significantly from the implicit meaning, focusing on the flow of time rather than the spatial complexity of stars. Neither metaphor fully captures the mathematical essence, but Response A is more relevant to the spatial arrangement of stars. [RESULT] A"
Time's scythe cuts through all.,Stones build a mountain.,A,"Feedback: Response A, ""Time's scythe cuts through all,"" directly aligns with the implicit meaning of time as an unstoppable predator, using vivid and coherent imagery of a scythe, a tool traditionally associated with death, to convey the inevitability and finality of time's passage. It effectively captures the predatory and inescapable nature of time. Response B, ""Stones build a mountain,"" while imaginative, does not closely align with the implicit meaning. It conveys a sense of accumulation and growth over time, which is a different concept from the predatory and inescapable nature of time. The imagery in Response B is coherent but fails to capture the intended tone and meaning. Therefore, Response A is a clearer, more accurate, and more imaginative representation of the original idea. [RESULT] A"
Obligations are an unyielding mountain.,Life molds the clay.,A,"Feedback: Response A (""Obligations are an unyielding mountain"") directly captures the burden and unyielding nature of material demands, aligning closely with the implicit meaning. The imagery of a mountain is vivid and conveys the overwhelming and constant pressure of obligations. Response B (""Life molds the clay"") focuses on the shaping force of life rather than the burden of material things, making it less aligned with the implicit meaning. While the clay metaphor is imaginative, it does not clearly convey the controlling or demanding aspect of material things. Response A is more accurate and vivid in representing the intended concept. [RESULT] A"
They painted their vision into reality.,Life is a flowing river.,A,"Feedback: Response A (""They painted their vision into reality"") aligns more closely with the implicit meaning of an idea fully developing and maturing to completion, as it conveys the process of transforming a concept into a tangible outcome. The imagery of painting suggests deliberate creation and finalization, which resonates with the idea of maturation. In contrast, Response B (""Life is a flowing river"") captures the concept of continuous change and progression but lacks the specificity of reaching a completed state, making it less aligned with the implicit meaning. While both metaphors are coherent, Response A is more vivid and accurate in representing the intended concept. [RESULT] A"
Moonbeams painted silver lines on water.,Life is a winding road.,A,"Feedback: Response A (""Moonbeams painted silver lines on water"") aligns closely with the implicit meaning of natural beauty and luminescence transforming an ordinary scene into something precious. It uses vivid and coherent imagery, effectively capturing the transformative and luminous quality of moonlight on water. In contrast, Response B (""Life is a winding road"") does not reflect the implicit meaning at all, as it focuses on the journey of life rather than the transformation of natural beauty. Response A is highly imaginative and directly conveys the intended concept, while Response B is unrelated and lacks the necessary imagery. [RESULT] A"
Writing nurtures ideas like a gardener tends a garden.,Life is a path.,A,"Feedback: Response A directly aligns with the implicit meaning by comparing writing to a gardener nurturing a garden, effectively capturing the idea of thoughts growing and developing into beautiful expressions. The imagery is vivid and coherent, with a clear connection to the nurturing process. Response B, while imaginative, does not closely align with the implicit meaning, as it focuses on life as a path rather than the nurturing aspect of writing. The metaphor in Response B is generic and lacks the specificity needed to convey the intended concept. Therefore, Response A is the better representation. [RESULT] A"
States paint America's historical canvas.,Knowledge is a sharp sword.,A,"Feedback: Response A (""States paint America's historical canvas"") aligns more closely with the implicit meaning, as it emphasizes the distinct contributions of each state to America's collective history, using vivid and coherent imagery of a canvas being painted. Response B (""Knowledge is a sharp sword"") diverges significantly from the implicit meaning, focusing on the power or precision of knowledge rather than the collective and diverse contributions of states. While both metaphors are imaginative, Response A effectively captures the intended concept, whereas Response B is unrelated. [RESULT] A"
They absorbed traits like sponges soak up water.,Pain is a storm.,A,"Feedback: Response A captures the idea of absorbing traits more directly, aligning with the concept of shared and temporary characteristics, though its imagery is somewhat generic. Response B, while vivid, focuses on pain as a storm, which does not clearly relate to the implicit meaning of shared and temporary traits. Both metaphors have limitations, but Response A more closely aligns with the intended concept, albeit with less imaginative imagery. [RESULT] A"
Peripheral blind spots define visual boundaries.,Learning is a endless road.,A,"Feedback: Response A directly addresses the implicit meaning by stating that ""Peripheral blind spots define visual boundaries,"" which clearly conveys the idea that vision has inherent limitations. The imagery is precise and coherent, effectively capturing the concept of boundaries in vision. Response B, ""Learning is an endless road,"" while imaginative, does not align with the implicit meaning about vision's limitations. It introduces an unrelated concept (learning) and fails to address the idea of boundaries or constraints in vision. Response A is more accurate and relevant to the implicit meaning, with vivid and direct imagery. [RESULT] A"
His mind crumbled under pressure like sand.,They were a well-oiled machine.,A,"Feedback: Response A (""His mind crumbled under pressure like sand"") directly aligns with the implicit meaning of a mental breakdown from stress, using vivid imagery of crumbling sand to convey fragility and disintegration under pressure. It effectively captures the concept of mental collapse in a clear and imaginative way. Response B (""They were a well-oiled machine"") does not relate to the implicit meaning, as it describes efficiency and teamwork rather than mental breakdown. While Response B is vivid and coherent, it fails to address the intended concept. Response A is superior in aligning with the implicit meaning and using appropriate imagery. [RESULT] A"
Dollars dance from hand to hand.,Life is a school.,A,"Feedback: Response A (""Dollars dance from hand to hand"") aligns more closely with the implicit meaning of money moving rapidly and continuously through economic systems. The imagery of dollars ""dancing"" from hand to hand effectively conveys the idea of rapid, fluid movement, capturing the essence of economic transactions. It is vivid and coherent, directly relating to the concept of money in circulation. In contrast, Response B (""Life is a school"") does not relate to the implicit meaning at all, as it focuses on a different concept entirely (life as a learning process) and lacks any connection to the movement of money. Response A is imaginative and accurate, while Response B is irrelevant. [RESULT] A"
"Drunk, he felt like lead weights dragged him down.",Learning is a winding path.,A,"Feedback: Response A directly aligns with the implicit meaning by using the metaphor of ""lead weights dragging him down,"" which vividly conveys the heavy physical burden of being drunk. The imagery is clear, coherent, and imaginative, effectively capturing the intended concept. Response B, however, uses the metaphor of ""learning as a winding path,"" which does not relate to the implicit meaning of a heavy physical burden. It fails to align with the intended concept and lacks relevance. Response A is superior in capturing the implicit meaning, vividness, and coherence. [RESULT] A"
Time is a racing horse hard to rein in.,Love is a strong anchor.,A,"Feedback: Response A (""Time is a racing horse hard to rein in"") aligns closely with the implicit meaning of time moving too fast and out of control, using vivid and coherent imagery of a racing horse that is difficult to control. It effectively conveys the concept of time's relentless and uncontrollable nature. Response B (""Love is a strong anchor"") does not align with the implicit meaning, as it describes love as stabilizing rather than addressing the idea of time's rapid and uncontrollable passage. The imagery in Response B is vivid but entirely unrelated to the intended concept. [RESULT] A"
A beam sliced through the darkness.,Economy is a rocket.,A,"Feedback: Response A (""A beam sliced through the darkness"") aligns closely with the implicit meaning of light penetrating darkness to create a visible path or direction, using vivid and coherent imagery that directly reflects the concept. In contrast, Response B (""Economy is a rocket"") does not relate to the implicit meaning, as it introduces an unrelated concept (economy) and lacks any connection to light or darkness. Response A effectively captures the intended imagery and meaning, while Response B fails to convey the original idea. [RESULT] A"
Time slips through fingers like sand.,Imagination is a fertile garden.,A,"Feedback: Response A directly relates to the concept of time slipping away, aligning closely with the implicit meaning of valuable resources that can easily be lost, and uses vivid imagery of sand slipping through fingers, which is a common and effective metaphor for the fleeting nature of time. Response B, while imaginative, focuses on imagination as a fertile garden, which does not directly relate to the concept of time or money slipping away, and thus fails to capture the intended meaning. The imagery in Response B is coherent but does not align with the implicit meaning as closely as Response A. [RESULT] A"
He's a shark in a pond of singles.,House of cards in finance.,A,"Feedback: Response A, ""He's a shark in a pond of singles,"" directly aligns with the implicit meaning of predatory and aggressive behavior, using vivid imagery of a shark, a natural predator, dominating a vulnerable environment. It clearly conveys the intended concept with coherence and imagination. Response B, ""House of cards in finance,"" while imaginative, does not capture the predatory aspect; instead, it implies fragility and instability, which is unrelated to the implicit meaning. The imagery in Response A is more accurate and vivid in representing the intended concept. [RESULT] A"
Passion fuels her creativity like wind fires a flame.,Her words are healing balm.,A,"Feedback: Response A directly aligns with the implicit meaning of ""passion drives creativity"" by using a vivid and coherent metaphor that compares passion to wind fueling a flame, effectively conveying the concept of passion intensifying creativity. Response B, while imaginative, does not capture the implicit meaning as it focuses on the healing effect of words rather than the driving force of passion on creativity. The imagery in Response A is more relevant and directly supports the intended concept, whereas Response B diverges from the core idea. [RESULT] A"
Differences sharpen like knives in the wind.,Roots shape the tree.,A,"Feedback: Response A, ""Differences sharpen like knives in the wind,"" captures the implicit meaning of growing distance and separation more vividly and imaginatively than Response B. The imagery of knives sharpening in the wind effectively conveys the idea of differences becoming more pronounced and cutting, which aligns closely with the concept of separation. In contrast, Response B, ""Roots shape the tree,"" while coherent, does not directly relate to the idea of growing distance or separation in a relationship. Instead, it suggests a foundational or formative influence, which is unrelated to the implicit meaning. Response A’s metaphor is more aligned, vivid, and imaginative, making it the better representation. [RESULT] A"
"A day is a fixed canvas, painted with hours.",Life is a winding road.,A,"Feedback: Both metaphors attempt to convey the concept of time's finiteness, but they differ in their approach and effectiveness. Response A, ""A day is a fixed canvas, painted with hours,"" directly links the idea of a day to a fixed, unchangeable entity, emphasizing the limited nature of time through the imagery of a canvas. This metaphor aligns closely with the implicit meaning, as it clearly suggests that time is finite and structured. The imagery is coherent and vivid, effectively conveying the intended concept. Response B, ""Life is a winding road,"" while imaginative, focuses more on the journey and unpredictability of life rather than the finiteness of time. It loosely reflects the implicit meaning, as the winding road implies a continuous path without explicitly emphasizing the limited nature of time. Therefore, Response A is a clearer and more accurate representation of the original idea. [RESULT] A"
She clings to her beliefs like old cloth.,Knowledge is a building block.,A,"Feedback: Response A (""She clings to her beliefs like old cloth"") aligns more closely with the implicit meaning of protectively guarding and valuing personal beliefs. The metaphor effectively conveys the idea of holding onto something tightly and emotionally, which reflects the protective and valuing aspect of the implicit meaning. The imagery is vivid and coherent, as the comparison to old cloth suggests a deep, personal attachment. In contrast, Response B (""Knowledge is a building block"") does not capture the implicit meaning as well. While it suggests that knowledge is foundational, it lacks the emotional and protective connotation required. The imagery is clear but generic and does not align with the specific tone of protectively guarding beliefs. Response A is more imaginative and accurate in representing the original idea. [RESULT] A"
Anger boiled over like boiling water.,Time is a balm.,A,"Feedback: Response A (""Anger boiled over like boiling water"") directly aligns with the implicit meaning of an uncontrolled emotional outburst, using vivid and coherent imagery that clearly conveys the concept of anger escalating to a point of overflow. It effectively captures the intensity and suddenness of the emotion, making it highly imaginative and accurate. Response B (""Time is a balm"") does not align with the implicit meaning, as it suggests healing or soothing rather than an emotional outburst. While it uses coherent imagery, it fails to capture the intended concept. The commonality between the two is their use of natural elements (water and time), but they differ significantly in their relevance to the implicit meaning. [RESULT] A"
He bounces like a rubber ball from hardship.,Life is a tapestry.,A,"Feedback: Response A (""He bounces like a rubber ball from hardship"") directly aligns with the implicit meaning of resilience and recovery from exhaustion, using vivid and coherent imagery of a rubber ball's ability to rebound. It effectively conveys the concept of bouncing back from challenges. Response B (""Life is a tapestry"") is more abstract and does not clearly capture the idea of resilience or recovery; instead, it suggests complexity or interconnectedness, which is unrelated to the intended meaning. While both metaphors are imaginative, Response A is more precise and relevant to the implicit meaning. [RESULT] A"
The immune system is a body's guardian knight.,Learning is a journey.,A,"Feedback: Response A directly aligns with the implicit meaning of ""protection and active defense against threats"" by comparing the immune system to a ""guardian knight,"" which vividly conveys the idea of active defense and protection. The imagery is clear and coherent, effectively capturing the intended concept. Response B, while imaginative, does not align with the implicit meaning as it focuses on the process of learning as a journey, which does not inherently convey protection or defense. The imagery in Response B is vivid but fails to capture the core idea of active defense. Therefore, Response A is a clearer, more accurate, and more imaginative representation of the original idea. [RESULT] A"
Harsh words sliced through his defenses.,He was a calming balm.,A,"Feedback: Response A effectively captures the implicit meaning by using the metaphor of ""harsh words sliced through his defenses,"" which vividly portrays the idea that words can be emotionally wounding and penetrate deeply. The imagery of slicing through defenses aligns closely with the concept of hurtful words causing emotional harm. In contrast, Response B, ""He was a calming balm,"" does not align with the implicit meaning, as it conveys a soothing and healing effect rather than the harmful impact of words. While Response B is vivid and coherent, it fails to reflect the intended concept of words being hurtful. Therefore, Response A is a clearer, more accurate, and more imaginative representation of the original idea. [RESULT] A"
"Night swallowed all light, blocking progress.",Life is a river.,A,"Feedback: Response A directly captures the implicit meaning of impenetrable and oppressive darkness blocking one's path by using vivid imagery of night swallowing all light and blocking progress, which aligns closely with the intended concept. It effectively conveys the sense of obstruction and hopelessness. Response B, while imaginative, uses a generic metaphor of life as a river, which does not specifically address the idea of darkness or blockage. It lacks the clarity and precision needed to reflect the implicit meaning. Response A is more vivid, coherent, and accurate in representing the original idea. [RESULT] A"
Brain muscles flexed with each challenge.,Creativity is a recipe mix.,A,"Feedback: Response A (""Brain muscles flexed with each challenge"") aligns more closely with the implicit meaning of strengthening mental capabilities through practice, as it directly uses the analogy of muscles (which grow stronger with use) to represent brain function. The imagery is vivid and coherent, effectively conveying the concept of mental training. In contrast, Response B (""Creativity is a recipe mix"") focuses on creativity as a combination of ingredients, which does not directly relate to the idea of strengthening mental capabilities through practice. While it is imaginative, it lacks the direct connection to the implicit meaning and is less coherent in conveying the intended concept. [RESULT] A"
Their love is a sturdy old tree.,City is a fertile garden.,A,"Feedback: Response A, ""Their love is a sturdy old tree,"" aligns closely with the implicit meaning of a strong, enduring connection with historical depth. The metaphor effectively conveys the idea of longevity, strength, and rootedness, which mirrors the enduring nature of the connection. The imagery is vivid and coherent, as a sturdy old tree naturally evokes a sense of stability and time-tested resilience. In contrast, Response B, ""City is a fertile garden,"" does not capture the implicit meaning as well. While it suggests growth and potential, it lacks the elements of enduring strength and historical depth. The imagery is somewhat vivid but does not align with the intended concept of a strong, lasting connection. Therefore, Response A is the clearer, more accurate, and more imaginative representation. [RESULT] A"
"Night fell, cloaking all in shadows.",Progress is a slow climb.,A,"Feedback: Response A, ""Night fell, cloaking all in shadows,"" directly aligns with the implicit meaning of ""complete darkness enveloping everything,"" using vivid and coherent imagery that captures the essence of total darkness. It employs a clear and imaginative metaphor that resonates strongly with the intended concept. In contrast, Response B, ""Progress is a slow climb,"" does not relate to the implicit meaning of complete darkness; instead, it conveys a different idea altogether, focusing on gradual advancement rather than enveloping darkness. Response A effectively meets the criteria by being highly imaginative, vivid, and closely aligned with the implicit meaning, while Response B fails to capture the intended concept. [RESULT] A"
She's a magnet for suitors.,Tapestry of cultures.,A,"Feedback: Response A (""She's a magnet for suitors"") directly aligns with the implicit meaning of attracting and collecting multiple romantic interests, using a vivid and coherent metaphor that clearly conveys the intended concept. The imagery of a magnet effectively captures the idea of drawing in suitors, making it highly imaginative and accurate. In contrast, Response B (""Tapestry of cultures"") does not relate to the implicit meaning, as it focuses on cultural diversity rather than romantic attraction. While it is imaginative, it fails to capture the intended concept, resulting in a weak and unclear relation to the reference meaning. [RESULT] A"
He bit off more than he could chew.,The city was a canvas.,A,"Feedback: Response A (""He bit off more than he could chew"") directly aligns with the implicit meaning of being overwhelmed by too many responsibilities, using a clear and commonly understood metaphor that vividly conveys the idea of taking on more than one can handle. Response B (""The city was a canvas"") does not relate to the implicit meaning, as it suggests creativity or potential rather than overwhelm. Response A’s imagery is coherent and directly captures the intended concept, while Response B’s imagery is vivid but unrelated to the theme of being overwhelmed. [RESULT] A"
A mask shields true feelings.,Time is a river.,A,"Feedback: Response A directly aligns with the implicit meaning by using the metaphor of a mask to shield true feelings, which clearly conveys the idea of using outward appearance to hide one's true self. The imagery is vivid and coherent, effectively capturing the intended concept. Response B, ""Time is a river,"" does not relate to the implicit meaning of hiding one's true self; instead, it suggests the continuous flow of time, which is unrelated to the concept of concealment. While Response B is imaginative, it fails to align with the intended meaning. Therefore, Response A is a clearer, more accurate, and more imaginative representation of the original idea. [RESULT] A"
A seed sowed fertile ground for many plants.,Fire tempers the soul.,A,"Feedback: Response A uses the metaphor of a seed sowing fertile ground for many plants, which aligns well with the implicit meaning of a theory originating multiple new ideas. The imagery is coherent and conveys the concept of growth and proliferation, though it is somewhat generic and lacks vividness. Response B, ""Fire tempers the soul,"" introduces a metaphor that is more imaginative and vivid but diverges from the implicit meaning. While fire can symbolize transformation, it does not directly capture the idea of creating or originating multiple new ideas. Response A more closely aligns with the intended meaning, albeit with less imaginative imagery compared to Response B. [RESULT] A"
He charted his life's course bravely.,Friends are a safety net.,A,"Feedback: Response A (""He charted his life's course bravely"") aligns more closely with the implicit meaning of a confident transition to a new life stage, as it conveys a sense of purposeful and courageous navigation through life changes. The imagery is coherent and suggests a proactive approach, which matches the confidence implied in the transition. Response B (""Friends are a safety net"") focuses on the supportive role of friends, which is a common metaphor but does not directly capture the idea of a confident transition. While it provides vivid imagery, it lacks the direct connection to the implicit meaning of moving forward with assurance. Response A is more accurate and imaginative in representing the original idea. [RESULT] A"
Ran headlong into disaster.,Secrets are heavy chains.,A,"Feedback: Response A (""Ran headlong into disaster"") and Response B (""Secrets are heavy chains"") both attempt to convey a sense of negative consequences, but they diverge significantly in their alignment with the implicit meaning of ""wasting time leads to emotional loss and emptiness."" Response A focuses on the idea of rushing into a catastrophic outcome, which metaphorically aligns with the concept of time wasted leading to disaster, but it lacks the emotional depth and emptiness implied in the reference. The imagery is somewhat vivid but fails to capture the emotional toll. Response B, on the other hand, uses the metaphor of ""heavy chains"" to represent secrets, which implies a burden or weight, but it does not directly relate to the idea of wasting time or emotional emptiness. While the imagery is vivid, it is not coherent with the intended concept. Neither metaphor fully captures the implicit meaning, but Response A is slightly closer in conveying the idea of consequences from actions, albeit without the emotional nuance. [RESULT] A"
He wore emotional responses like gloves.,Learning is a never-ending path.,A,"Feedback: Response A (""He wore emotional responses like gloves"") aligns more closely with the implicit meaning of being extremely protective of showing emotions, as it conveys the idea of emotions being handled carefully and kept at a distance, much like gloves protect hands. The imagery is vivid and coherent, effectively capturing the intended concept. Response B (""Learning is a never-ending path""), while imaginative, does not relate to the implicit meaning of emotional protectiveness and instead focuses on a different concept entirely. Therefore, Response A is a clearer and more accurate representation of the original idea. [RESULT] A"
He tiptoed towards opportunities.,"Small stone, big ripples.",A,"Feedback: Response A (""He tiptoed towards opportunities"") captures the implicit meaning of hesitation more directly by depicting a cautious approach to opportunities, aligning well with the idea of being hesitant to fully embrace a situation. However, the imagery is somewhat generic and lacks vividness. Response B (""Small stone, big ripples"") is more imaginative and vivid, suggesting that even small actions can have significant consequences, but it does not directly convey the hesitation aspect of the implicit meaning. While both metaphors have their strengths, Response A more closely aligns with the intended concept of hesitation, albeit with less imaginative imagery. [RESULT] A"
Five notes harmonize to form a melody.,Life is a sturdy tree.,"Neither A nor B adequately meets the criteria, but if forced to choose, Response A slightly edges out due to its coherence, though it still scores low on relevance. [RESULT] A","Feedback: Neither Response A nor Response B effectively captures the implicit meaning of ""geometric shapes contain hidden knowledge and secrets."" Response A, ""Five notes harmonize to form a melody,"" focuses on harmony and structure but lacks any connection to geometric shapes or hidden knowledge. Response B, ""Life is a sturdy tree,"" introduces a metaphor about resilience and growth, which is unrelated to the concept of geometric shapes or secrets. Both metaphors fail to align with the intended meaning, and their imagery does not evoke the idea of hidden knowledge within geometric forms. Response A and Response B differ in their focus—one on musical harmony and the other on life's resilience—but neither approaches the implicit meaning. [RESULT] Neither A nor B adequately meets the criteria, but if forced to choose, Response A slightly edges out due to its coherence, though it still scores low on relevance. [RESULT] A"
River flows inexorably towards the sea.,Time is a river.,A,"Feedback: Both metaphors aim to capture the implicit meaning of an unstoppable force moving forward without control. Response A, ""River flows inexorably towards the sea,"" directly portrays the relentless and uncontrollable nature of the river's movement, aligning closely with the implicit meaning. The imagery is vivid and coherent, effectively conveying the concept of an unstoppable force. Response B, ""Time is a river,"" is more abstract and relies on the reader's understanding of the metaphorical connection between time and a river. While it captures the idea of continuous movement, it is less direct and vivid in conveying the lack of control and the unstoppable nature compared to Response A. Therefore, Response A better aligns with the implicit meaning and uses more vivid and coherent imagery. [RESULT] A"
Her idea was a beacon in the fog.,The forest was a veiled trap.,A,"Feedback: Response A (""Her idea was a beacon in the fog"") directly aligns with the implicit meaning of guidance and clarity in a confusing situation, using vivid and coherent imagery of a beacon cutting through fog to symbolize clarity. It effectively conveys the intended concept with a clear and imaginative metaphor. Response B (""The forest was a veiled trap"") diverges from the implicit meaning, focusing on danger and deception rather than guidance or clarity. While it uses vivid imagery, it does not capture the intended concept. Response A is superior in aligning with the implicit meaning and conveying the intended idea. [RESULT] A"
She fortified her argument with brick upon brick.,They were a well-oiled machine.,A,"Feedback: Response A uses the metaphor of ""fortifying an argument with brick upon brick,"" which aligns more closely with the implicit meaning of words as weapons in an aggressive debate. The imagery of building a strong, defensive structure with bricks effectively conveys the idea of constructing a robust argument, akin to arming oneself with weapons. It is vivid and coherent, capturing the aggressive and strategic nature of the debate. Response B, on the other hand, describes ""a well-oiled machine,"" which implies efficiency and coordination but does not directly relate to the concept of words as weapons or the aggressive tone of the debate. While both metaphors are imaginative, Response A is more accurate and aligned with the intended meaning. [RESULT] A"
He dove into a sea of knowledge.,Life is a winding staircase.,A,"Feedback: Response A (""He dove into a sea of knowledge"") directly captures the implicit meaning of intellectual hunger and the desperate need for mental stimulation by using vivid imagery of diving into a vast, immersive ""sea of knowledge,"" which conveys urgency and depth. It aligns closely with the intended concept and is highly imaginative. Response B (""Life is a winding staircase"") is more abstract and focuses on the journey of life rather than the specific intellectual craving, making it less aligned with the implicit meaning. While both metaphors use coherent imagery, Response A is more precise and vivid in representing the intended idea. [RESULT] A"
He grew his influence like a vine.,The city is a live wire.,A,"Feedback: Response A (""He grew his influence like a vine"") effectively captures the implicit meaning of increasing power and influence by using the imagery of a vine, which naturally expands and spreads, mirroring the gradual and organic growth of influence. The metaphor is vivid and coherent, aligning well with the intended concept. Response B (""The city is a live wire"") is more abstract and focuses on energy and intensity rather than growth, making it less directly aligned with the implicit meaning of increasing influence. While it is imaginative, it does not convey the specific idea of expanding power as clearly as Response A. Therefore, Response A is the better metaphor for this context. [RESULT] A"
She dresses for every occasion like a chameleon.,Time is a river.,A,"Feedback: Response A (""She dresses for every occasion like a chameleon"") directly aligns with the implicit meaning of her external appearance being artificial and easily changeable, as chameleons are known for changing colors to blend into their surroundings. This metaphor is vivid, coherent, and imaginative, capturing the intended concept effectively. Response B (""Time is a river"") does not relate to the implicit meaning at all, as it conveys the idea of time's continuous flow rather than changeability in appearance. The imagery in Response B is vivid but entirely unrelated to the intended concept. [RESULT] A"
Effects dance to causes' tune.,Mind over matter prevails.,A,"Feedback: Response A (""Effects dance to causes' tune"") better captures the implicit meaning of actions leading to inevitable results in a predetermined sequence. It uses vivid and coherent imagery of a dance, implying a structured and sequential relationship between causes and effects. Response B (""Mind over matter prevails"") focuses on the idea of mental control over physical circumstances, which does not directly align with the concept of predetermined sequences or inevitable results. While both metaphors are imaginative, Response A more accurately and clearly conveys the intended meaning with its structured and sequential imagery. [RESULT] A"
Her conduct was a polished mirror reflecting purity.,Policy is a breath of fresh air.,A,"Feedback: Response A uses a polished mirror to symbolize purity, directly aligning with the implicit meaning of a pure and untainted moral character. The imagery is vivid and coherent, effectively conveying the intended concept. Response B, however, compares policy to a breath of fresh air, which implies a positive change or relief but does not directly capture the idea of moral purity. While both metaphors use clear imagery, Response A is more precise and imaginative in representing the implicit meaning. [RESULT] A"
Time is a river carrying cause to effect.,Life is a web.,A,"Feedback: Response A (""Time is a river carrying cause to effect"") aligns closely with the implicit meaning of time flowing linearly from cause to consequence. The metaphor effectively captures the idea of a continuous, unidirectional flow, with the river serving as a vivid and coherent image. In contrast, Response B (""Life is a web"") does not directly convey the linearity or causality implied in the implicit meaning. While the web metaphor suggests interconnectedness, it lacks the clarity and specificity needed to represent the concept of time's linear progression. Therefore, Response A is more accurate, vivid, and aligned with the intended meaning. [RESULT] A"
Properties steer economic currents.,Time is a river.,A,"Feedback: Response A (""Properties steer economic currents"") partially aligns with the implicit meaning by suggesting that properties influence economic flow, but it lacks the nuance of resistance implied in the original idea. The metaphor is somewhat vivid but does not fully capture the concept of resistance or obstruction. Response B (""Time is a river"") is unrelated to the implicit meaning, as it does not address property ownership or economic transactions. Neither metaphor fully meets the criteria, but Response A has a closer, albeit incomplete, connection to the intended meaning. [RESULT] A"
His emotions are a fragiletightrope walk.,Knowledge is a key.,A,"Feedback: Response A, ""His emotions are a fragile tightrope walk,"" effectively captures the implicit meaning of emotional instability and uncertainty by using vivid imagery of a precarious and delicate balance, which aligns closely with the intended concept. The metaphor is imaginative and coherent, conveying the sense of risk and vulnerability inherent in emotional instability. In contrast, Response B, ""Knowledge is a key,"" does not align with the implicit meaning, as it suggests empowerment and access rather than instability or uncertainty. While the imagery in Response B is clear, it fails to reflect the intended concept. Therefore, Response A is the better metaphor. [RESULT] A"
States are milestones on our national journey.,Life is a web.,A,"Feedback: Response A directly aligns with the implicit meaning by explicitly mentioning ""milestones"" and a ""national journey,"" which clearly conveys the idea of progress as a continuous journey with distinct stages. The imagery is coherent and effectively captures the intended concept. Response B, while imaginative, does not closely align with the implicit meaning as it focuses on the interconnectedness of life rather than the progression through stages. The ""web"" metaphor lacks the clarity and specificity needed to reflect the idea of distinct milestones. Therefore, Response A is a clearer and more accurate representation of the original idea. [RESULT] A"
She gazed intricately at nature's lace.,Time is a river.,A,"Feedback: Response A, ""She gazed intricately at nature's lace,"" captures the gentle and tender observation with care and affection more effectively than Response B. The imagery of ""nature's lace"" evokes delicacy and intricacy, aligning closely with the implicit meaning of tender observation. In contrast, Response B, ""Time is a river,"" while vivid and coherent, does not convey the same level of gentleness or affection; it focuses more on the flow and passage of time rather than the act of careful observation. Response A’s metaphor is more imaginative and directly reflects the intended concept, whereas Response B’s metaphor, though strong, is less aligned with the implicit meaning. [RESULT] A"
Their operations were a clear glass wall.,He was a fish in water.,A,"Feedback: Response A (""Their operations were a clear glass wall."") directly aligns with the implicit meaning of transparent and honest business operations, using vivid and coherent imagery that clearly conveys the concept of visibility and openness. In contrast, Response B (""He was a fish in water."") fails to capture the intended meaning, as it implies comfort or naturalness rather than transparency. While both responses use metaphorical language, only Response A effectively and imaginatively represents the original idea. [RESULT] A"
Students drank knowledge like thirstily rain-soaked earth.,Experiences are teachers of life.,A,"Feedback: Response A uses vivid imagery of ""thirstily rain-soaked earth"" to convey the idea of eager and rapid absorption, aligning closely with the implicit meaning of intense enthusiasm for learning. It effectively captures the concept of students absorbing knowledge with great eagerness. In contrast, Response B, ""Experiences are teachers of life,"" is a more generic statement that lacks the vividness and specificity needed to convey the implicit meaning. While it touches on learning, it does not capture the intensity or enthusiasm emphasized in the implicit meaning. Response A is more imaginative and coherent in representing the original idea. [RESULT] A"
His heart flipped from storm to calm sea.,City is a runaway train.,A,"Feedback: Response A effectively captures the implicit meaning of a sudden emotional transformation from anger to calmness by using the vivid imagery of a ""storm"" transitioning to a ""calm sea,"" which directly aligns with the emotional shift. The metaphor is coherent and imaginative, clearly conveying the intended concept. Response B, on the other hand, uses the metaphor of a ""city as a runaway train,"" which does not align with the implicit meaning of emotional transformation. Instead, it suggests a loss of control or chaos, failing to capture the calmness aspect. While both responses use imagery, Response A is more accurate and vivid in representing the intended emotional shift. [RESULT] A"
Obligations are iron chains guiding steps.,Time is a river.,A,"Feedback: Response A (""Obligations are iron chains guiding steps"") more closely aligns with the implicit meaning of material things controlling and dominating one's life, as it vividly portrays obligations as restrictive and oppressive, akin to iron chains. The imagery is coherent and directly reflects the concept of control. In contrast, Response B (""Time is a river"") is a common metaphor that does not capture the idea of material dominance; instead, it suggests the flow and passage of time, which is unrelated to the implicit meaning. While both metaphors are imaginative, Response A is more accurate and relevant to the intended concept. [RESULT] A"
Their hearts wove a tapestry of emotions.,Life is a winding mountain road.,A,"Feedback: Response A, ""Their hearts wove a tapestry of emotions,"" aligns more closely with the implicit meaning of two people experiencing identical feelings, as it emphasizes the interconnectedness and shared emotional fabric between them. The imagery of weaving a tapestry is vivid and coherent, suggesting a collaborative and intricate emotional bond. In contrast, Response B, ""Life is a winding mountain road,"" does not capture the idea of shared emotional states between two individuals; instead, it conveys a general journey or experience, lacking specificity to the implicit meaning. Response A effectively uses imaginative and relevant imagery, while Response B is more generic and unrelated to the intended concept. [RESULT] A"
He cultivated his heart like a garden.,Her secrets were heavy chains.,A,"Feedback: Response A (""He cultivated his heart like a garden"") aligns more closely with the implicit meaning of emotional capacity needing improvement or updating, as it suggests nurturing and tending to one's emotions, akin to cultivating a garden. The imagery is coherent and vivid, effectively conveying the idea of deliberate care and growth. In contrast, Response B (""Her secrets were heavy chains"") focuses on the burden of secrets rather than emotional capacity, making it less relevant to the implicit meaning. While both metaphors use vivid imagery, Response A is more accurate and imaginative in representing the original idea. [RESULT] A"
"A seed sprouts, branching into myriad shoots.",Life is a long path.,A,"Feedback: Response A, ""A seed sprouts, branching into myriad shoots,"" effectively captures the implicit meaning of one main idea giving birth to multiple related ideas. The imagery of a seed sprouting and branching into shoots is vivid and coherent, directly mirroring the concept of a single origin expanding into diverse outcomes. In contrast, Response B, ""Life is a long path,"" is more generic and does not explicitly convey the idea of one main idea generating multiple related ideas. While it suggests a journey or progression, it lacks the specificity and imagery needed to align closely with the implicit meaning. Response A is more imaginative and accurate in representing the original idea. [RESULT] A"
She was a bottomless well of curiosity.,Life was a foggy path.,A,"Feedback: Response A, ""She was a bottomless well of curiosity,"" directly aligns with the implicit meaning of an endless desire to learn and acquire knowledge. The metaphor is vivid and coherent, effectively conveying the concept of insatiable curiosity through the imagery of a bottomless well, which suggests depth and unending capacity. Response B, ""Life was a foggy path,"" while imaginative, does not closely capture the implicit meaning. It conveys uncertainty and ambiguity in life, which is unrelated to the idea of endless learning. Response A is clearer, more accurate, and more imaginative in representing the original idea. [RESULT] A"
Compromises mended the rift like stitches.,Life is a winding staircase.,A,"Feedback: Response A directly aligns with the implicit meaning by using the metaphor of ""stitches"" to mend a ""rift,"" clearly conveying the idea that compromises resolve conflicts and repair relationships. The imagery is vivid and coherent, effectively capturing the intended concept. In contrast, Response B, ""Life is a winding staircase,"" does not relate to the implicit meaning of compromise resolving conflicts. It introduces an unrelated concept, making it unclear and irrelevant to the intended idea. Response A is highly imaginative and accurate, while Response B fails to reflect the meaning at all. [RESULT] A"
She passed the torch to him.,Life is a stormy sea.,A,"Feedback: Response A (""She passed the torch to him"") directly aligns with the implicit meaning by treating leadership responsibility as a tangible object that can be transferred, using vivid and coherent imagery of a torch being passed. It effectively conveys the concept of transferring authority in a clear and imaginative way. In contrast, Response B (""Life is a stormy sea"") does not capture the implicit meaning at all, as it focuses on the unpredictability and challenges of life rather than the transfer of leadership responsibility. Response A is highly imaginative, vivid, and closely aligns with the intended meaning, while Response B fails to reflect the implicit meaning. [RESULT] A"
She faded like mist at dawn.,Delicate glass rose.,A,"Feedback: Response A (""She faded like mist at dawn"") directly and vividly captures the implicit meaning of gradual disappearance, using a natural phenomenon (mist dissipating) to create a clear and coherent image. It aligns closely with the intended concept and conveys the idea with both clarity and imagination. Response B (""Delicate glass rose""), while imaginative, does not directly convey the idea of gradual disappearance. Instead, it suggests fragility or beauty, which is tangential to the implicit meaning. Response A is more accurate and vivid in representing the concept of diminishing presence. [RESULT] A"
"They danced around each other, never moving closer.",Life is a winding staircase.,A,"Feedback: Response A captures the implicit meaning more effectively by illustrating a repetitive, cyclical pattern without progress through the imagery of two entities dancing around each other without moving closer. This metaphor is vivid and coherent, directly reflecting the lack of change or advancement. In contrast, Response B, while imaginative, uses the metaphor of a winding staircase, which implies movement and progression, albeit in a non-linear fashion, thus failing to align closely with the intended meaning of stagnation. Response A’s imagery is more precise and aligned with the implicit meaning. [RESULT] A"
He painted the painting with his eyes.,The city is a beating heart.,A,"Feedback: Response A (""He painted the painting with his eyes"") partially captures the implicit meaning of intense, thorough observation and attention to detail by suggesting a deep visual engagement. However, the imagery is somewhat abstract and lacks vividness, making it less imaginative and clear in conveying the intended concept. Response B (""The city is a beating heart"") diverges significantly from the implicit meaning, focusing instead on vitality and energy, which is unrelated to observation or detail. Neither metaphor fully aligns with the criteria, but Response A has a closer, albeit weak, connection to the intended meaning. [RESULT] A"
Minds hardened like pottery in wrong fire.,Heart was a stormy sea.,A,"Feedback: Response A (""Minds hardened like pottery in wrong fire"") more closely aligns with the implicit meaning of minds becoming resistant to logic and reason due to propaganda influence. It effectively conveys the idea of minds being shaped incorrectly, akin to pottery ruined by improper firing, which metaphorically represents the distortion caused by propaganda. The imagery is coherent and vivid, directly linking the process of hardening to external influence. In contrast, Response B (""Heart was a stormy sea"") focuses on emotional turmoil rather than cognitive resistance, making it less relevant to the implicit meaning. While both metaphors use vivid imagery, Response A is more accurate and imaginative in representing the intended concept. [RESULT] A"
They danced towards a new self.,Knowledge is a liberating key.,A,"Feedback: Response A (""They danced towards a new self"") captures the implicit meaning of a joyful journey toward change or growth more effectively than Response B. It uses vivid and coherent imagery of dancing, which inherently conveys joy, movement, and transformation, aligning closely with the intended concept. In contrast, Response B (""Knowledge is a liberating key"") focuses on liberation through knowledge, which, while positive, does not inherently convey the joyful journey or growth aspect as directly. Response A’s metaphor is more imaginative and aligns better with the implicit meaning, earning a score of 4, while Response B, though meaningful, is less aligned and earns a score of 3. [RESULT] A"
Authority crept like a snake into the operation's core.,Curiosity fuels the flame.,A,"Feedback: Response A effectively captures the implicit meaning of gradual acquisition of power and dominance by using the imagery of a snake creeping into the operation's core, which conveys stealth, danger, and infiltration. The metaphor is vivid and coherent, aligning closely with the intended concept. In contrast, Response B, ""Curiosity fuels the flame,"" does not relate to the implicit meaning of power acquisition; instead, it suggests a driving force behind exploration or interest, which is unrelated to dominance. Response A's imagery is more imaginative and directly relevant, while Response B fails to address the core idea. [RESULT] A"
His anger simmered like slow-cooked chili.,Challenges are a forge.,A,"Feedback: Response A (""His anger simmered like slow-cooked chili"") aligns closely with the implicit meaning of suppressed anger ready to erupt, using vivid and coherent imagery of simmering chili to convey the idea of building tension. It effectively captures the concept of anger being held in check but potentially explosive. Response B (""Challenges are a forge"") diverges significantly from the implicit meaning, as it focuses on the transformative nature of challenges rather than suppressed anger. While imaginative, it fails to convey the intended concept. Response A is clearer, more accurate, and more imaginative in representing the original idea. [RESULT] A"
Life is a canvas painted by moments.,Mistakes are stepping stones.,A,"Feedback: Response A (""Life is a canvas painted by moments"") aligns more closely with the implicit meaning of life as an ongoing creative process shaped by experiences. It effectively conveys the idea of life being a dynamic, artistic endeavor where moments contribute to its overall composition, offering vivid and coherent imagery. In contrast, Response B (""Mistakes are stepping stones"") focuses on the role of mistakes in progress, which, while insightful, does not capture the broader creative and experiential essence of life as well. Response A is more imaginative and directly reflects the intended concept, making it the better metaphor. [RESULT] A"
Combined savings fueled future investments.,Life turns on a dime.,A,"Feedback: Response A directly relates combined savings to future investments, aligning well with the implicit meaning of financial resources creating possibilities, though its imagery is somewhat straightforward and lacks vividness. Response B, while imaginative, uses the phrase ""Life turns on a dime"" which is a common idiom referring to sudden change rather than the accumulation and utilization of resources, thus diverging from the intended meaning. Both responses differ in their approach, with Response A being more literal and aligned but less imaginative, and Response B being more creative but less relevant. [RESULT] A"
A symphony of roles plays on.,Success is a distant mountain.,B,"Feedback: Response A, ""A symphony of roles plays on,"" captures the idea of a team setting with its reference to multiple roles, but it lacks the emphasis on individual burden and personal accountability. The imagery is somewhat vivid but does not directly address the implicit meaning. Response B, ""Success is a distant mountain,"" conveys the idea of a challenging goal (success) that requires individual effort (climbing the mountain), which aligns more closely with the implicit meaning of personal accountability. However, it does not explicitly tie into a team setting. Response B is more imaginative and vivid in its imagery compared to Response A, and it better captures the essence of individual burden. [RESULT] B"
He is my life's masterpiece.,Life is a rollercoaster.,A,"Feedback: Response A (""He is my life's masterpiece"") directly aligns with the implicit meaning of someone being highly valued and cherished above all others, using vivid and coherent imagery that emphasizes uniqueness and irreplaceability. In contrast, Response B (""Life is a rollercoaster"") is a generic metaphor that conveys variability and unpredictability in life, failing to capture the specific sentiment of valuing and cherishing an individual. While both metaphors are coherent, only Response A effectively and imaginatively represents the intended concept. [RESULT] A"
Predator hunts for potential mates relentlessly.,Life is a rocky road.,A,"Feedback: Response A directly aligns with the implicit meaning of predatory and calculating behavior in dating, using vivid and coherent imagery of a predator hunting relentlessly, which clearly conveys the intended concept. Response B, while imaginative, does not capture the specific predatory nature of the implicit meaning, instead offering a more general metaphor about life's challenges. The imagery in Response A is more precise and relevant to the context of dating, making it a clearer and more accurate representation. [RESULT] A"
Doctors are the conductors of health orchestras.,Memories are threads of our tapestry.,A,"Feedback: Response A, ""Doctors are the conductors of health orchestras,"" aligns more closely with the implicit meaning of medical specialists as authoritative leaders making critical decisions. The metaphor effectively conveys the idea of doctors orchestrating and leading complex health processes, mirroring the role of a conductor in an orchestra. The imagery is vivid and coherent, emphasizing leadership and decision-making. In contrast, Response B, ""Memories are threads of our tapestry,"" does not relate to the implicit meaning about medical specialists; instead, it focuses on the interconnectedness of memories, which is unrelated to the concept of authority or decision-making in a medical context. Response A is more accurate and imaginative in representing the original idea. [RESULT] A"
New ideas are lighthouses in foggy seas.,Memories are warm blankets.,A,"Feedback: Response A (""New ideas are lighthouses in foggy seas"") aligns closely with the implicit meaning of ideas illuminating and guiding through uncertainty, as lighthouses directly symbolize clarity and direction in chaotic environments. The imagery is vivid and coherent, effectively conveying the intended concept. In contrast, Response B (""Memories are warm blankets"") does not capture the implicit meaning, as it focuses on comfort rather than illumination or guidance. While the imagery in Response B is vivid, it fails to align with the intended concept. Response A is the clearer, more accurate, and more imaginative representation. [RESULT] A"
She nailed down her promises like a carpenter.,Life is a maze.,A,"Feedback: Response A directly aligns with the implicit meaning of strict commitment to responsibilities by using the vivid imagery of a carpenter nailing down promises, which effectively conveys the idea of securing and fulfilling obligations. In contrast, Response B, ""Life is a maze,"" does not capture the concept of commitment or responsibility; instead, it suggests complexity or confusion, which is unrelated to the intended meaning. Response A's imagery is clear, coherent, and imaginative, while Response B fails to connect to the implicit meaning. [RESULT] A"
She painted the landscape in her mind's eye.,Alone was her creative spark.,A,"Feedback: Response A (""She painted the landscape in her mind's eye"") aligns more closely with the implicit meaning of gentle, loving observation of scenery, as it vividly conveys the act of mentally capturing and appreciating the landscape, which resonates with the intended concept. The imagery is coherent and imaginative, effectively mirroring the tone of gentle observation. In contrast, Response B (""Alone was her creative spark"") diverges significantly from the implicit meaning, focusing on isolation and creativity rather than the observation of scenery, making it less relevant and coherent. Response A is the clearer and more accurate representation. [RESULT] A"
"Manager unlocked team's potential, granting freedom.",Life is a rollercoaster.,A,"Feedback: Response A directly addresses the transfer of authority and responsibility by depicting the manager as someone who ""unlocks the team's potential, granting freedom,"" which clearly conveys the idea of empowering others. The imagery is coherent and aligns well with the implicit meaning, though it lacks a highly imaginative or vivid element. Response B, ""Life is a rollercoaster,"" is a common metaphor that does not directly relate to the transfer of authority and responsibility. It focuses on the unpredictability and ups and downs of life, which is unrelated to the intended concept. Response A better captures the implicit meaning with clear and relevant imagery, while Response B fails to align with the required theme. [RESULT] A"
He navigated life with a steady hand.,Drowning in a sea tasks.,B,"Feedback: Response A (""He navigated life with a steady hand"") conveys a sense of control and stability, which partially aligns with the implicit meaning of restricted and controlled movement, but it lacks the vivid imagery and direct connection to restriction. Response B (""Drowning in a sea of tasks"") vividly portrays overwhelming restriction and lack of control, closely aligning with the implicit meaning through its imagery of being submerged and unable to move freely. While both responses touch on control, Response B is more imaginative and directly captures the intended concept of restricted movement. [RESULT] B"
Exploring paths before crossing the bridge.,Life is a flowing river.,A,"Feedback: Response A (""Exploring paths before crossing the bridge"") and Response B (""Life is a flowing river"") both attempt to convey the implicit meaning of choices being like items available for selection, but neither aligns closely with the intended concept. Response A introduces the idea of exploring options (paths) before making a decision (crossing the bridge), which somewhat relates to the idea of choices but lacks the direct imagery of ""items available for selection."" Response B, while vivid and coherent, focuses on the flow of life rather than the act of choosing from available options, making it less relevant to the implicit meaning. Between the two, Response A is closer to the intended concept as it involves decision-making, though it remains abstract and does not explicitly capture the idea of choices as selectable items. Response B, despite its vividness, diverges further from the implicit meaning. [RESULT] A"
He chased self-improvement like a hawk seeks prey.,It was a game changer.,A,"Feedback: Response A effectively captures the implicit meaning of rapid and determined self-improvement by using the vivid imagery of a hawk seeking prey, which conveys focus, speed, and purpose. It aligns closely with the intended concept and employs imaginative language. In contrast, Response B (""It was a game changer"") is a generic statement that lacks the specificity and imagery needed to reflect the implicit meaning. It does not convey the rapid or determined aspects of self-improvement and fails to align with the intended concept. Response A is clearly superior in terms of vividness, coherence, and alignment with the implicit meaning. [RESULT] A"
A patchwork fixed the torn fabric.,Legos form a castle.,A,"Feedback: Response A (""A patchwork fixed the torn fabric"") and Response B (""Legos form a castle"") both attempt to convey the implicit meaning of improvement through replacement or upgrade, but they do so with varying degrees of clarity and vividness. Response A aligns more closely with the implicit meaning, as it directly implies repairing or enhancing something by adding new elements (patchwork) to fix a damaged whole (torn fabric). The imagery is coherent and effectively conveys the idea of improvement through replacement. In contrast, Response B (""Legos form a castle"") suggests creation rather than improvement or replacement, as it focuses on building something new from individual components rather than enhancing or repairing an existing structure. While Response B is imaginative, it does not capture the implicit meaning as accurately as Response A. Therefore, Response A is the clearer, more accurate, and more aligned representation of the original idea. [RESULT] A"
Her life is a never-ending river of unpredictability.,Time is a runaway train.,A,"Feedback: Both metaphors aim to convey the idea of instability and lack of control, but they differ in their approach and effectiveness. Response A, ""Her life is a never-ending river of unpredictability,"" aligns closely with the implicit meaning by emphasizing the continuous and uncontrollable nature of her life, using the vivid imagery of a river to suggest constant change and unpredictability. Response B, ""Time is a runaway train,"" also captures the out-of-control aspect but focuses more on the unstoppable and overwhelming nature of time rather than the personal and continuous instability implied in the implicit meaning. While both are imaginative, Response A is more coherent and directly tied to the personal and ongoing nature of instability, making it a clearer and more accurate representation. [RESULT] A"
Guiding beam cutting through darkness.,Success is a marathon.,A,"Feedback: Response A (""Guiding beam cutting through darkness"") directly aligns with the implicit meaning by using light as a symbol of guidance and salvation in darkness, creating a vivid and coherent image that closely matches the intended concept. In contrast, Response B (""Success is a marathon"") does not relate to the implicit meaning of light as guidance in darkness, instead focusing on the endurance aspect of success, which is unrelated to the imagery of light and darkness. Response A is highly imaginative and accurately captures the intended meaning, while Response B fails to reflect the implicit meaning at all. [RESULT] A"
Economy climbs out of the valley slowly.,Life is a river flowing.,A,"Feedback: Response A directly aligns with the implicit meaning of economic recovery and upward progress from a difficult situation, using vivid imagery of climbing out of a valley to convey struggle and gradual improvement. It is coherent and imaginative, capturing the essence of the intended concept. Response B, while imaginative, does not closely align with the implicit meaning; the metaphor of life as a river flowing suggests continuous movement but lacks the specific context of recovery from a difficult situation. The imagery in Response B is generic and does not effectively convey the intended concept of economic recovery. [RESULT] A"
"He balanced multiple plates, none falling.",United we stand.,A,"Feedback: Response A (""He balanced multiple plates, none falling"") more closely aligns with the implicit meaning of an overwhelming amount of responsibilities compared to Response B (""United we stand""). Response A uses vivid and coherent imagery of balancing multiple plates, which directly conveys the idea of managing numerous tasks without faltering. This metaphor is imaginative and accurately reflects the intended concept. In contrast, Response B, while a strong metaphor, does not capture the idea of overwhelming responsibilities; instead, it emphasizes unity and strength, which is unrelated to the implicit meaning. Therefore, Response A is a clearer and more accurate representation. [RESULT] A"
Obligation tethered him to his promises.,Life is a winding road.,A,"Feedback: Response A directly captures the implicit meaning by using the metaphor of a ""tether"" to vividly illustrate the irresistible force of obligation pulling someone back to their promises, aligning closely with the intended concept. The imagery is coherent and effectively conveys the idea of being bound by duty. In contrast, Response B, ""Life is a winding road,"" is a generic metaphor that does not specifically address the concept of obligation or the force pulling someone back to their word. It lacks the precision and vividness required to reflect the implicit meaning. Therefore, Response A is a clearer, more accurate, and more imaginative representation of the original idea. [RESULT] A"
"His mind was a sharpened blade, slicing through problems.",United they stood like pillars.,A,"Feedback: Response A effectively captures the implicit meaning of advanced intellectual understanding by comparing the mind to a ""sharpened blade"" that ""slices through problems,"" which conveys precision, efficiency, and problem-solving prowess. The imagery is vivid and coherent, aligning closely with the intended concept. In contrast, Response B, which likens unity to ""pillars,"" does not relate to intellectual understanding and instead focuses on strength and stability, missing the mark entirely. While both responses use clear imagery, only Response A aligns with the implicit meaning and does so with imaginative and relevant symbolism. [RESULT] A"
Her journey is a tapestry of milestones.,Insight is a shining light.,A,"Feedback: Response A, ""Her journey is a tapestry of milestones,"" aligns more closely with the implicit meaning of ""progressive steps leading to a goal"" compared to Response B, ""Insight is a shining light."" The tapestry metaphor in Response A effectively conveys the idea of a journey composed of interconnected milestones, which mirrors the concept of progressive steps. It is vivid and coherent, suggesting a structured and meaningful progression. In contrast, Response B, while imaginative, focuses on the clarity and revelation associated with insight rather than the step-by-step progression toward a goal. The imagery of a shining light is vivid but does not capture the incremental nature of the implicit meaning as well as the tapestry metaphor. Therefore, Response A is a clearer and more accurate representation of the original idea. [RESULT] A"
She navigates through ideological reefs.,Love is a delicate glass.,A,"Feedback: Response A (""She navigates through ideological reefs"") aligns more closely with the implicit meaning of being in a state of difficult decision-making between different ideological choices. It effectively conveys the idea of maneuvering through complex and potentially hazardous options, using vivid and coherent imagery of ""reefs"" as obstacles. Response B (""Love is a delicate glass""), while imaginative, does not capture the intended concept of ideological decision-making and instead focuses on the fragility of love, which is unrelated to the implicit meaning. Response A is clearer and more accurate in representing the original idea. [RESULT] A"
He brewed the new info like tea.,The city is a living museum.,A,"Feedback: Response A (""He brewed the new info like tea."") partially captures the implicit meaning by suggesting that processing information takes time, akin to brewing tea. However, it lacks the vividness and depth of the digestion analogy, focusing more on preparation than the gradual, transformative process implied. Response B (""The city is a living museum."") diverges significantly from the implicit meaning, as it emphasizes preservation and static display rather than the dynamic, time-consuming process of understanding. Neither metaphor fully aligns with the intended concept, but Response A is closer due to its temporal implication, albeit with less vivid imagery. [RESULT] A"
She shifted her lens to see anew.,Art blooms in open spaces.,A,"Feedback: Response A (""She shifted her lens to see anew"") directly captures the implicit meaning of a sudden transformation of thinking by using the metaphor of shifting a lens, which implies a deliberate change in perspective. The imagery is clear and coherent, effectively conveying the idea of seeing things differently. Response B (""Art blooms in open spaces"") is more abstract and less directly related to the implicit meaning. While it suggests creativity and growth, it does not explicitly convey a sudden transformation of thinking. Response A aligns more closely with the intended concept and uses more precise imagery. [RESULT] A"
A wellspring of creativity never dries up.,Mind is a canvas.,A,"Feedback: Response A, ""A wellspring of creativity never dries up,"" aligns closely with the implicit meaning of an inexhaustible and continuously productive idea. The metaphor effectively conveys the concept of an endless source, using vivid imagery of a wellspring that suggests constant renewal and abundance. In contrast, Response B, ""Mind is a canvas,"" while imaginative, does not directly capture the idea of inexhaustibility or continuous production. It implies a space for creation but lacks the element of endlessness. Response A is more coherent and accurate in representing the intended concept. [RESULT] A"
Economics maps the market's pulse.,Technology is a double-edged sword.,A,"Feedback: Response A (""Economics maps the market's pulse"") aligns more closely with the implicit meaning of economics being unpredictable and constantly changing, akin to weather patterns, as it conveys the idea of economics tracking and responding to dynamic market conditions. The imagery is coherent and effectively captures the concept of constant change. In contrast, Response B (""Technology is a double-edged sword"") does not relate to the implicit meaning, as it focuses on the dual nature of technology rather than unpredictability or change. While Response B is vivid and imaginative, it fails to address the intended concept. Therefore, Response A is the better metaphor for this context. [RESULT] A"
Their relationship hit a rocky patch.,Success blooms in its time.,A,"Feedback: Response A uses the metaphor of a ""rocky patch"" to describe a relationship, which aligns closely with the implicit meaning of progress being suddenly stopped or hindered. The imagery is vivid and coherent, effectively conveying the idea of obstacles and challenges. Response B, on the other hand, uses the metaphor of ""success blooming in its time,"" which does not align with the implicit meaning. It suggests a natural, timely progression rather than a sudden halt or hindrance. While the imagery in Response B is vivid, it fails to capture the intended concept. Response A is a clearer and more accurate representation of the original idea. [RESULT] A"
His will broke through like a storm.,Pain is a storm.,A,"Feedback: Both metaphors attempt to convey the idea of unstoppable power and momentum, but they differ in their focus and clarity. Response A, ""His will broke through like a storm,"" directly links the concept of willpower to the unstoppable force of a storm, creating a vivid and coherent image that aligns closely with the implicit meaning. The imagery is dynamic and effectively conveys the intended concept. Response B, ""Pain is a storm,"" while imaginative, is less precise in capturing the implicit meaning. It equates pain with a storm, which can imply intensity but does not inherently convey the idea of unstoppable power and momentum as directly as Response A. Response A’s metaphor is more focused and aligns better with the intended concept, making it the clearer and more accurate representation. [RESULT] A"
Garden of words blooms with care.,Imagination is a spark.,A,"Feedback: Response A (""Garden of words blooms with care"") aligns closely with the implicit meaning, as it directly compares language to a garden where words grow and flourish, mirroring the idea of language developing like flowers. The imagery is vivid and coherent, effectively conveying the concept of nurturing and growth. Response B (""Imagination is a spark"") diverges significantly from the implicit meaning, focusing on imagination as a catalyst rather than the growth and development of language. While imaginative, it lacks the specific connection to the garden metaphor and the idea of language blooming. Response A is clearer, more accurate, and more aligned with the intended concept. [RESULT] A"
Orphaned facts wandering lost.,Drowning in a sea.,A,"Feedback: Both metaphors attempt to convey the idea of information lacking context or grounding, but they differ in their approach and effectiveness. Response A, ""Orphaned facts wandering lost,"" uses the imagery of orphaned facts to suggest a lack of context or grounding, which aligns well with the implicit meaning. The metaphor is vivid and evokes a sense of aimlessness, capturing the essence of information without a clear framework. Response B, ""Drowning in a sea,"" while imaginative, focuses more on the overwhelming nature of information rather than its lack of context. The sea metaphor implies being overwhelmed, which is not the primary focus of the implicit meaning. In terms of coherence and alignment with the implicit meaning, Response A is more precise and vivid. [RESULT] A"
Duties are threads we must weave carefully.,Water flows down the river.,A,"Feedback: Response A (""Duties are threads we must weave carefully"") aligns more closely with the implicit meaning of duties being valuable and requiring protection, as it implies careful handling and attention, akin to weaving delicate threads. The imagery is coherent and suggests a sense of precision and care, though it could be more vivid in emphasizing the value and protection aspect. Response B (""Water flows down the river"") lacks a direct connection to the implicit meaning, as it conveys a natural, effortless process rather than the idea of value and protection. It is generic and does not capture the intended concept effectively. [RESULT] A"
Community walls repelled extremist winds.,City is a canvas.,A,"Feedback: Response A (""Community walls repelled extremist winds"") aligns more closely with the implicit meaning of the community building natural defenses against harmful ideologies. It effectively conveys the idea of protection and resistance through the imagery of walls repelling winds, which symbolizes the community's resilience against extremist influences. The metaphor is vivid and coherent, directly addressing the concept of defense. In contrast, Response B (""City is a canvas"") is more abstract and does not clearly capture the idea of defense or resistance against harmful ideologies. While it suggests creativity and potential, it lacks the specific imagery needed to align with the implicit meaning. Therefore, Response A is the clearer, more accurate, and more imaginative representation. [RESULT] A"
Their relationship is a compass for positive interactions.,Life is a rollercoaster.,A,"Feedback: Response A, ""Their relationship is a compass for positive interactions,"" aligns more closely with the implicit meaning of perfect synchronization and balance between two people. It uses a coherent and vivid image of a compass, which inherently suggests direction, guidance, and alignment, effectively conveying the idea of balance and harmony. In contrast, Response B, ""Life is a rollercoaster,"" while imaginative, does not capture the specific concept of synchronization and balance between two individuals; instead, it conveys unpredictability and ups and downs, which is unrelated to the implicit meaning. Therefore, Response A is more accurate and relevant. [RESULT] A"
Perverse lens stained the public's soul.,Life is a rollercoaster ride.,A,"Feedback: Response A (""Perverse lens stained the public's soul"") aligns more closely with the implicit meaning by directly addressing the media's biased influence (""perverse lens"") and its corrupting effect on the public (""stained the public's soul""), though it lacks the vivid imagery of sickness and disgust. Response B (""Life is a rollercoaster ride"") is a generic metaphor that does not capture the specific idea of media bias or its negative emotional impact. While Response A is more relevant, it could be more vivid; Response B is entirely unrelated. [RESULT] A"
Situations turn like gears in silence.,Life is a blooming flower.,A,"Feedback: Response A (""Situations turn like gears in silence"") better captures the implicit meaning of life moving forward continuously and mechanically without stopping. It uses the imagery of gears, which inherently conveys mechanical, uninterrupted motion, aligning closely with the intended concept. The silence adds a layer of quiet inevitability, enhancing the mechanical tone. In contrast, Response B (""Life is a blooming flower"") focuses on growth and vitality, which, while positive, does not emphasize the mechanical or continuous nature of movement. The flower metaphor is vivid but diverges from the implicit meaning by highlighting organic, cyclical processes rather than mechanical progression. Response A is more coherent and accurate in representing the original idea. [RESULT] A"
He saw through fog to clearer skies.,A sculpture shaped by life.,A,"Feedback: Response A (""He saw through fog to clearer skies"") directly aligns with the implicit meaning of achieving better understanding or clarity of thought, using vivid and coherent imagery of fog lifting to reveal clear skies, which effectively symbolizes the transition from confusion to clarity. Response B (""A sculpture shaped by life"") is more abstract and metaphorically represents personal growth or transformation, but it does not directly capture the idea of achieving clarity of thought. While both metaphors are imaginative, Response A is more precise and vivid in conveying the intended concept. [RESULT] A"
Time is a treadmill we stride to improve.,Time is a river that flows.,A,"Feedback: Response A (""Time is a treadmill we stride to improve"") better captures the implicit meaning of time as a challenging upward struggle, as it conveys the idea of continuous effort and improvement against resistance, aligning closely with the intended concept. The imagery of a treadmill is vivid and coherent, emphasizing the repetitive and strenuous nature of the struggle. In contrast, Response B (""Time is a river that flows"") focuses on the passage of time but lacks the element of challenge or struggle, making it less aligned with the implicit meaning. While both metaphors are imaginative, Response A more accurately and effectively represents the original idea. [RESULT] A"
Writing is a compass for thoughts.,Challenges are stepping stones.,A,"Feedback: Response A (""Writing is a compass for thoughts"") aligns closely with the implicit meaning by directly conveying the idea that writing provides direction and structure to scattered thoughts. The metaphor is vivid and coherent, effectively using the imagery of a compass to symbolize guidance and organization. In contrast, Response B (""Challenges are stepping stones"") does not relate to the implicit meaning, as it focuses on overcoming obstacles rather than structuring thoughts. While Response B is imaginative and coherent, it fails to capture the intended concept. Therefore, Response A is a clearer, more accurate, and more imaginative representation of the original idea. [RESULT] A"
Disorganized thoughts need sorting like clothes in a closet.,Memories fade like sand.,A,"Feedback: Response A directly addresses the implicit meaning by comparing disorganized thoughts to clothes in a closet, which clearly conveys the need for sorting and organizing. The imagery is coherent and relatable, effectively mirroring the concept of structuring information. Response B, while imaginative, does not align closely with the implicit meaning as it focuses on the fading of memories rather than the organization of information. The metaphor of sand fading is vivid but fails to capture the intended concept of structuring disorganized data. Response A is more accurate and relevant to the implicit meaning. [RESULT] A"
Rivers flow relentlessly forward.,Life is a river.,B,"Feedback: Both metaphors aim to convey the implicit meaning of time and events being continuous and unstoppable. Response A, ""Rivers flow relentlessly forward,"" directly emphasizes the relentless and continuous nature of movement, aligning well with the concept of time's unstoppable flow. However, it lacks the explicit connection to ""life"" that the implicit meaning suggests. Response B, ""Life is a river,"" directly links the metaphor to life, capturing the essence of continuous and unstoppable events more comprehensively. While both are coherent, Response B is more vivid and imaginative in its alignment with the implicit meaning, as it explicitly ties the metaphor to the broader concept of life. [RESULT] B"
She plotted her career ascent with every step.,Imagination unlocks new doors.,A,"Feedback: Response A directly aligns with the implicit meaning of making progress towards a new professional direction by using the metaphor of ""plotting her career ascent with every step,"" which vividly conveys a deliberate and strategic approach to career advancement. The imagery is clear and coherent, effectively capturing the idea of purposeful movement. In contrast, Response B, ""Imagination unlocks new doors,"" while imaginative, is less specific to the professional context and more general in its application. It captures the idea of progress but lacks the precision and focus on career advancement present in Response A. Therefore, Response A is a clearer and more accurate representation of the implicit meaning. [RESULT] A"
Light reveals hidden paths ahead.,Pain is a refining fire.,A,"Feedback: Response A (""Light reveals hidden paths ahead"") aligns more closely with the implicit meaning of clarity emerging from confusion about life choices. It effectively conveys the idea of illumination guiding through uncertainty, using vivid and coherent imagery that directly relates to the concept of finding direction in life. In contrast, Response B (""Pain is a refining fire"") focuses on the transformative aspect of pain, which, while imaginative, does not directly address the emergence of clarity from confusion. It is more abstract and less aligned with the specific implicit meaning. Response A is clearer, more accurate, and more directly imaginative in representing the original idea. [RESULT] A"
His time was a leaking bucket.,She was drowning in tasks.,A,"Feedback: Response A (""His time was a leaking bucket"") partially captures the idea of time slipping away, aligning with the implicit meaning of time running out, but it lacks the vividness and coherence needed to fully convey the concept of time being precious like money in a bank account. The imagery of a leaking bucket is somewhat imaginative but does not strongly emphasize the value or scarcity of time. Response B (""She was drowning in tasks"") focuses more on being overwhelmed by tasks rather than the passage or value of time, missing the core implicit meaning entirely. Between the two, Response A is closer to the intended meaning but still falls short in fully capturing the metaphorical depth and clarity required. [RESULT] A"
Graceful notes in a rhythmic symphony.,Time is a gentle balm.,A,"Feedback: Response A (""Graceful notes in a rhythmic symphony"") aligns closely with the implicit meaning of ""graceful and flowing movement"" by using vivid and coherent imagery that emphasizes fluidity and harmony, directly mirroring the concept. Response B (""Time is a gentle balm"") captures a sense of soothing progression but diverges from the specific idea of movement, focusing more on healing rather than flow. While both metaphors are imaginative, Response A more accurately and vividly conveys the intended meaning through its direct association with movement and rhythm. [RESULT] A"
Shocking news struck like a thunderclap.,Words are double-edged swords.,A,"Feedback: Response A (""Shocking news struck like a thunderclap"") aligns closely with the implicit meaning of a sudden, devastating psychological impact, as it vividly conveys the immediacy and intensity of the event through the imagery of a thunderclap. Response B (""Words are double-edged swords"") focuses on the dual nature of words, which does not directly capture the sudden and overwhelming impact implied in the meaning. While both metaphors use strong imagery, Response A is more coherent and accurate in representing the intended concept. [RESULT] A"
Time is a relentless sculptor of life.,Learning is a never-ending path.,A,"Feedback: Response A, ""Time is a relentless sculptor of life,"" captures the implicit meaning more effectively than Response B. It conveys the idea that time is an active, shaping force, akin to a sculptor, which aligns with the notion of time pursuing and catching up to us. The imagery is vivid and coherent, suggesting a continuous, irreversible process. In contrast, Response B, ""Learning is a never-ending path,"" while imaginative, does not directly relate to the implicit meaning of time's pursuit. It focuses on the ongoing nature of learning rather than the relentless passage of time. Response A’s metaphor is more aligned with the intended concept, using clearer and more accurate imagery. [RESULT] A"
"She's a selfie-seeking mirror, reflecting others' likes.",Life is a rolling dice.,A,"Feedback: Response A directly addresses the implicit meaning of addiction to social media validation by using a vivid and coherent metaphor of a ""selfie-seeking mirror, reflecting others' likes,"" which clearly portrays the idea of seeking external approval. It aligns closely with the intended concept and uses imaginative imagery. Response B, ""Life is a rolling dice,"" is a generic metaphor that does not specifically relate to social media validation or addiction, making it unclear and weakly connected to the implicit meaning. The imagery in Response B is neither vivid nor coherent in this context. [RESULT] A"
Time is an unstoppable river.,Life is a roller coaster.,B,"Feedback: Both metaphors aim to convey the passage of time, but they differ in their approach and alignment with the implicit meaning. Response A, ""Time is an unstoppable river,"" effectively captures the idea of time's relentless and continuous flow, aligning well with the concept of time rapidly passing by. The imagery of a river is vivid and coherent, suggesting a steady, unyielding movement. However, it lacks the dramatic element emphasized in the implicit meaning. Response B, ""Life is a roller coaster,"" introduces a dynamic and dramatic imagery that aligns more closely with the ""dramatically passing by"" aspect of the implicit meaning. It conveys the rapid and unpredictable nature of time's passage, though it shifts the focus slightly from time itself to life's experiences. Response A is more accurate in representing the unstoppable nature of time, but Response B better captures the dramatic and rapid aspect of the implicit meaning. [RESULT] B"
He blended life's ingredients into a masterpiece.,Life is a ladder.,A,"Feedback: Response A (""He blended life's ingredients into a masterpiece"") aligns more closely with the implicit meaning of transforming basic ingredients into complex flavors, as it directly uses the concept of blending ingredients to create something greater, mirroring the chef's process. The imagery is vivid and coherent, effectively conveying the intended concept. In contrast, Response B (""Life is a ladder"") lacks a direct connection to the implicit meaning, focusing on progression rather than transformation, and its imagery is less imaginative and less aligned with the culinary theme. [RESULT] A"
Tests waged until truth emerged victorious.,Art is mixed colors.,A,"Feedback: Response A uses a metaphor of ""tests waged until truth emerged victorious,"" which aligns more closely with the implicit meaning of academic competition and dominance. It conveys the idea of a struggle or battle (tests waged) leading to a clear winner (truth victorious), mirroring the concept of academic competition. The imagery is vivid and coherent, effectively capturing the intended tone. In contrast, Response B, ""art is mixed colors,"" does not relate to the implicit meaning of academic competition and dominance. It focuses on creativity and diversity in art, which is unrelated to the competitive academic context. Response A is more imaginative, accurate, and aligned with the intended concept. [RESULT] A"
"Timeline like a winding river, unpredictable.",Creativity is the ignition key.,A,"Feedback: Response A directly aligns with the implicit meaning of ""unpredictable and constantly changing"" by comparing a timeline to a winding river, effectively capturing the idea of unpredictability and fluidity. The imagery is vivid and coherent, making it a clear and imaginative representation. Response B, while creative, does not directly convey the idea of unpredictability or constant change; instead, it suggests a starting point or catalyst, which is a different concept. Therefore, Response A better meets the criteria by closely aligning with the implicit meaning and using vivid, coherent imagery. [RESULT] A"
Their love boat sailed to dry dock.,Learning is a climb.,A,"Feedback: Response A uses the metaphor of a ""love boat sailing to dry dock"" to imply a relationship has reached a dead end, which aligns closely with the implicit meaning of no future or way forward. The imagery is vivid and coherent, effectively conveying the idea of a relationship that has run its course. Response B, ""Learning is a climb,"" does not relate to the implicit meaning of a relationship's stagnation or lack of future. It focuses on the effort and progression in learning, which is unrelated to the concept of a relationship's demise. Response A is more imaginative, accurate, and relevant to the intended meaning. [RESULT] A"
"Her memories are shattered glass, twisted and unclear.",He's under a heavy weight.,A,"Feedback: Response A uses the imagery of ""shattered glass, twisted and unclear"" to represent broken and scattered thoughts, which aligns closely with the implicit meaning of mental distress caused by fragmented thoughts. The metaphor is vivid and coherent, effectively conveying the concept of confusion and disarray. Response B, on the other hand, describes ""a heavy weight"" to symbolize mental distress, which is a more generic and less imaginative representation. While it captures the idea of burden, it does not directly address the broken and scattered nature of thoughts. Response A is more precise and imaginative in reflecting the implicit meaning. [RESULT] A"
Government is a conductor of social symphony.,Time is a river.,A,"Feedback: Response A (""Government is a conductor of social symphony"") aligns more closely with the implicit meaning of controlling and directing society's functions, akin to a brain controlling a body. It effectively conveys the idea of a central authority orchestrating various societal elements, creating a coherent and vivid imagery. In contrast, Response B (""Time is a river"") does not relate to the implicit meaning, as it focuses on the continuous flow of time rather than control or direction. While both metaphors are imaginative, Response A is more accurate and relevant to the intended concept. [RESULT] A"
Their exterior shines like a polished gem.,Wisdom is a growing tree.,A,"Feedback: Response A (""Their exterior shines like a polished gem"") aligns more closely with the implicit meaning of a superficial and artificially polished appearance, as it directly emphasizes the idea of an outer shine that may not reflect inner substance. The imagery is vivid and coherent, effectively conveying the concept of something being outwardly impressive but potentially lacking depth. In contrast, Response B (""Wisdom is a growing tree"") does not capture the implicit meaning, as it suggests a natural, organic growth process rather than an artificial or superficial appearance. While Response B is imaginative and coherent, it fails to align with the intended concept. [RESULT] A"
Philosophy is an endless ocean of thoughts.,Time is a flowing river.,A,"Feedback: Response A (""Philosophy is an endless ocean of thoughts"") aligns closely with the implicit meaning by emphasizing the vastness and mystery of philosophy, as well as the idea of undiscovered knowledge, through the imagery of an endless ocean. It is vivid and coherent, effectively conveying the intended concept. Response B (""Time is a flowing river""), while imaginative, does not capture the implicit meaning as directly, as it focuses on the passage of time rather than the vast, mysterious, and unexplored nature of philosophy. The ocean metaphor in Response A is more accurate and imaginative in representing the original idea. [RESULT] A"
Body's fever fights foes like a general battles invaders.,Life is a climb.,A,"Feedback: Response A directly aligns with the implicit meaning by comparing the body's fever to a general battling invaders, effectively conveying fever as a defense mechanism against disease. The imagery is vivid and coherent, with a clear analogy between the fever's role and a general's strategic fight. In contrast, Response B (""Life is a climb"") is a generic metaphor that does not capture the specific concept of fever as a defense mechanism. It lacks relevance to the implicit meaning and fails to provide vivid or coherent imagery related to the intended idea. Response A is superior in clarity, accuracy, and imaginative representation. [RESULT] A"
Two notes become a和谐旋律 when merged.,Learning is a growing tree.,A,"Feedback: Response A, ""Two notes become a 和谐旋律 when merged,"" directly captures the implicit meaning of two separate entities becoming harmoniously united, using vivid and coherent imagery from music. The metaphor is highly imaginative and aligns closely with the intended concept, effectively conveying the idea of harmony through the merging of notes. In contrast, Response B, ""Learning is a growing tree,"" while imaginative, does not align with the implicit meaning of unity between two entities. Instead, it focuses on the individual growth of a single entity (learning), which is a different concept. Response A clearly outperforms in capturing the intended meaning and using appropriate imagery. [RESULT] A"
Seeds sow today harvest tomorrow.,Conversations are a dance.,A,"Feedback: Both metaphors attempt to convey the idea that present actions have future effects, but they differ significantly in their approach and effectiveness. Response A, ""Seeds sow today harvest tomorrow,"" directly links the act of sowing seeds (present action) to the future harvest (future effect), creating a clear and straightforward analogy that aligns closely with the implicit meaning. The imagery is simple yet vivid, making it easy to understand. Response B, ""Conversations are a dance,"" while imaginative, does not directly convey the cause-and-effect relationship between present actions and future outcomes. Instead, it focuses on the interactive and dynamic nature of conversations, which is a more abstract and less direct representation of the implicit meaning. In terms of coherence and alignment with the intended concept, Response A is more effective. [RESULT] A"
"He is a calm ocean, unruffled by storms.",It's an old root.,A,"Feedback: Response A, ""He is a calm ocean, unruffled by storms,"" effectively captures the implicit meaning of perfect emotional balance and stability by using vivid and coherent imagery of a serene ocean that remains undisturbed by external chaos. This metaphor aligns closely with the intended concept, providing a clear and imaginative representation. In contrast, Response B, ""It's an old root,"" lacks the same level of vividness and coherence in conveying emotional balance and stability. While an old root might imply stability, it does not evoke the same sense of unshakable calm or emotional equilibrium as the calm ocean metaphor. Response A is more imaginative, vivid, and aligned with the implicit meaning. [RESULT] A"
Unexplored caves hold hidden treasures.,Success is a rocky road.,A,"Feedback: Response A (""Unexplored caves hold hidden treasures"") aligns closely with the implicit meaning of ""new opportunities lead to valuable discoveries,"" as it vividly portrays the idea of uncovering valuable findings through exploration. The imagery is coherent and imaginative, effectively capturing the concept of potential rewards in untapped areas. In contrast, Response B (""Success is a rocky road"") focuses on the challenges of achieving success rather than the discovery aspect of new opportunities, making it less aligned with the implicit meaning. While both metaphors use clear imagery, Response A is more accurate and directly reflects the intended concept. [RESULT] A"
He calms storms within himself.,Life is a path upward.,A,"Feedback: Response A (""He calms storms within himself"") directly aligns with the implicit meaning of controlled and grounded emotions, using vivid and coherent imagery of storms to represent turbulent emotions and calming them to signify emotional control. It is highly imaginative and accurately conveys the intended concept. Response B (""Life is a path upward"") focuses more on progress and challenges rather than emotional control, making it less aligned with the implicit meaning. While it uses coherent imagery, it does not capture the essence of controlled and grounded emotions as effectively as Response A. [RESULT] A"
Research team weaves a productive tapestry.,Company is a goldmine.,A,"Feedback: Response A, ""Research team weaves a productive tapestry,"" captures the implicit meaning more effectively than Response B. It conveys the idea of the team's work being dynamic and alive through the imagery of weaving, which suggests ongoing, intricate, and collaborative effort. The metaphor is vivid and coherent, aligning closely with the intended concept. In contrast, Response B, ""Company is a goldmine,"" focuses on the value or potential of the company rather than the dynamic and active nature of the team's work. While it is imaginative, it does not align as closely with the implicit meaning. Response A is clearer, more accurate, and more imaginative in representing the original idea. [RESULT] A"
Romance consumed their world entirely.,Her mind is a goldmine.,A,"Feedback: Response A (""Romance consumed their world entirely"") aligns more closely with the implicit meaning of overwhelming and intense love overshadowing everything else, as it directly conveys the idea of love consuming and dominating their entire existence. The imagery is vivid and coherent, effectively capturing the intensity and all-encompassing nature of the emotion. In contrast, Response B (""Her mind is a goldmine"") diverges significantly from the implicit meaning, as it suggests richness or valuable thoughts rather than intense love. While imaginative, it fails to capture the intended concept of overwhelming love. [RESULT] A"
"His resolve carved a path through challenges, preserving progress.",Fire reveals true metal.,A,"Feedback: Response A directly captures the implicit meaning of ""unwavering persistence against challenges"" by depicting resolve as a force that carves a path through obstacles, preserving progress. The imagery is vivid and coherent, effectively conveying the concept of persistent effort leading to advancement. Response B, while imaginative, uses the metaphor of fire revealing true metal, which aligns more with the idea of testing and revealing strength rather than the continuous act of persistence. Although both metaphors are creative, Response A more closely aligns with the implicit meaning by explicitly portraying the ongoing struggle and progress, whereas Response B focuses on a singular moment of revelation. [RESULT] A"
Navigating uncharted waters with a map.,Life is a rollercoaster ride.,A,"Feedback: Both metaphors aim to convey the idea of dealing with uncertainty or risk, but they differ in their approach and effectiveness. Response A, ""Navigating uncharted waters with a map,"" directly evokes the concept of uncertainty and the need for guidance, creating a vivid and coherent image that aligns closely with the implicit meaning. The imagery is clear and imaginative, as it portrays the challenge of exploring unknown territory despite having a tool for direction. In contrast, Response B, ""Life is a rollercoaster ride,"" while imaginative and vivid, focuses more on the emotional ups and downs of life rather than specifically addressing uncertainty or risk. It captures a broader, more general experience rather than the targeted concept of navigating through unpredictable situations. Response A more accurately and imaginatively represents the implicit meaning by directly addressing the uncertainty and the attempt to manage it. [RESULT] A"
"Drunk, he stumbled into chaos.",Problem is a puzzle.,A,"Feedback: Response A (""Drunk, he stumbled into chaos."") directly captures the implicit meaning of alcohol's destructive effect on coordination and stability by using vivid imagery of stumbling, which aligns closely with the loss of physical control. The metaphor is coherent and imaginative, effectively conveying the intended concept. Response B (""Problem is a puzzle."") diverges significantly from the implicit meaning, as it focuses on problem-solving rather than the physical and destabilizing effects of alcohol. While Response B is coherent, it lacks relevance to the intended concept and uses generic imagery unrelated to the reference. Response A clearly outperforms in aligning with the implicit meaning, vividness, and coherence. [RESULT] A"
A symphony of diverse instruments plays in harmony.,Life is a refining fire.,A,"Feedback: Response A, ""A symphony of diverse instruments plays in harmony,"" directly captures the implicit meaning of harmony and perfect collaboration by using the vivid and coherent imagery of a symphony, where diverse elements work together seamlessly. It aligns closely with the intended concept and is highly imaginative. Response B, ""Life is a refining fire,"" while imaginative, does not directly convey harmony or collaboration; instead, it suggests a transformative process that may involve struggle or purification, which is less aligned with the implicit meaning. Response A is clearer and more accurate in representing the original idea. [RESULT] A"
Different drums speak different languages.,Learning is a map.,A,"Feedback: Response A (""Different drums speak different languages"") aligns more closely with the implicit meaning of two people unable to understand or connect with each other, as it directly evokes the idea of distinct, incompatible modes of communication. The imagery is vivid and coherent, effectively conveying the concept of inherent differences that hinder connection. In contrast, Response B (""Learning is a map"") is less relevant, as it focuses on the process of acquiring knowledge rather than the inability to connect. While the metaphor is imaginative, it does not capture the intended meaning of miscommunication or disconnection. Response A is clearer, more accurate, and more imaginative in representing the original idea. [RESULT] A"
Waves carve deeper into the shore with each passing day.,Life is a storm to weather.,A,"Feedback: Response A uses the imagery of waves gradually carving into the shore to suggest a process of accumulation and depth over time, which aligns more closely with the implicit meaning of patience leading to knowledge and understanding. The metaphor is vivid and coherent, effectively conveying the idea that consistent effort results in profound outcomes. In contrast, Response B compares life to a storm that must be weathered, which emphasizes endurance and resilience rather than the gradual acquisition of knowledge. While Response B is imaginative and coherent, it does not capture the specific concept of patience leading to understanding as directly as Response A. Therefore, Response A is a clearer and more accurate representation of the implicit meaning. [RESULT] A"
Love is a garden both partners cultivate.,Life is a rocky road.,A,"Feedback: Response A (""Love is a garden both partners cultivate"") aligns closely with the implicit meaning of unity and connection, as it emphasizes the collaborative effort required to nurture and sustain a relationship, much like tending a garden. The imagery is vivid and coherent, effectively conveying the idea of shared responsibility and growth. In contrast, Response B (""Life is a rocky road"") focuses on the challenges and unpredictability of life, which does not directly capture the unity and connection between two people. While it is a vivid metaphor, it lacks the specific imagery of collaboration and mutual effort present in Response A. Therefore, Response A better meets the criteria by being more accurate, imaginative, and aligned with the implicit meaning. [RESULT] A"
Rapid stream shaping the landscape.,Life is a heavy load.,A,"Feedback: Response A (""Rapid stream shaping the landscape"") captures the implicit meaning of rapid and unstoppable progression more effectively than Response B. It uses vivid imagery of a stream, which inherently conveys movement and force, aligning well with the idea of unstoppable progression. The metaphor is coherent and imaginative, as it evokes a clear mental picture of a natural force shaping its environment. In contrast, Response B (""Life is a heavy load"") focuses on the burden aspect of life rather than its rapid progression, making it less aligned with the implicit meaning. While both metaphors use natural elements, Response A’s imagery is more dynamic and directly reflects the concept of rapid, unstoppable change. [RESULT] A"
Shared laughter is a fragile thread in friendship's tapestry.,Memories are bittersweet roses.,A,"Feedback: Response A, ""Shared laughter is a fragile thread in friendship's tapestry,"" captures the idea of friendship's delicate and interconnected nature but does not directly convey the explosive moments of joy and happiness implied in the meaning. The imagery is coherent and somewhat vivid, but it lacks the intensity and immediacy of the intended concept. Response B, ""Memories are bittersweet roses,"" introduces a different theme altogether, focusing on the dual nature of memories rather than the joy and happiness of friendship. Neither metaphor fully aligns with the implicit meaning, but Response A is closer in tone and partially reflects the fragility and value of friendship, albeit without the explosive joy. Response B is more imaginative but entirely misses the mark on the intended meaning. [RESULT] A"
A love built brick by砖瓦传情。,City is a rising tide.,A,"Feedback: Response A, ""A love built brick by brick,"" partially captures the idea of love being constructed and shared over time, but it lacks the imagery of a precious heirloom being passed down, focusing more on the process of building rather than the act of inheritance. Response B, ""City is a rising tide,"" diverges significantly from the implicit meaning, as it introduces unrelated concepts of urban growth and natural phenomena, failing to convey the familial or heirloom aspect of love. Neither metaphor fully aligns with the implicit meaning, but Response A is closer in terms of the idea of accumulation and sharing, albeit with less vivid imagery compared to the heirloom concept. [RESULT] A"
She sorted her tasks like a well-organized quilt.,Life is a winding road.,A,"Feedback: Response A directly relates to the implicit meaning of organizing responsibilities meticulously by using the imagery of a ""well-organized quilt,"" which vividly conveys the idea of arranging tasks with care and precision. It aligns closely with the intended concept and provides a clear, imaginative representation. Response B, while imaginative, uses the metaphor of a ""winding road"" to describe life, which does not directly relate to the act of organizing responsibilities and instead focuses on the unpredictable nature of life. The imagery in Response B is vivid but fails to capture the specific meaning of meticulous organization. Therefore, Response A is more aligned with the criteria, as it effectively conveys the intended concept with clear and relevant imagery. [RESULT] A"
A feast of ideas spread out before us.,Team is a rich tapestry.,A,"Feedback: Response A, ""A feast of ideas spread out before us,"" directly aligns with the implicit meaning of an abundant variety of ideas and knowledge available for consumption. The imagery of a feast vividly conveys abundance and the act of consuming ideas, making it highly imaginative and coherent. Response B, ""Team is a rich tapestry,"" while imaginative, does not closely capture the implicit meaning. It suggests diversity and interconnectedness within a team but fails to convey the concept of ideas or knowledge being available for consumption. Response A is clearer, more accurate, and more imaginative in representing the original idea. [RESULT] A"
Company melded smoothly into new acquisition.,Old keys unlock new doors.,B,"Feedback: Both metaphors attempt to convey the idea of a company integrating a new acquisition, but they differ significantly in their approach and effectiveness. Response A, ""Company melded smoothly into new acquisition,"" directly describes the process but lacks imaginative imagery, making it more of a literal statement than a metaphor. It aligns with the implicit meaning but scores lower due to its generic and straightforward nature, earning a score of 3. Response B, ""Old keys unlock new doors,"" uses vivid and coherent imagery to suggest that existing resources or knowledge (old keys) are being used to access new opportunities (new doors). This metaphor is more imaginative and aligns closely with the implicit meaning, effectively conveying the concept of gradual integration and utilization of new assets. It scores a 5 for its creativity, clarity, and alignment with the intended idea. [RESULT] B"
A relationship is a maze with unforeseen turns.,Mosaic art fuels innovation.,A,"Feedback: Response A, ""A relationship is a maze with unforeseen turns,"" aligns more closely with the implicit meaning of love being unpredictable and full of surprises. The metaphor effectively captures the idea of unpredictability and complexity, using vivid and coherent imagery of a maze to represent the twists and turns in a relationship. Response B, ""Mosaic art fuels innovation,"" while imaginative, does not directly relate to the concept of unpredictability in love. It focuses more on creativity and innovation, which are unrelated to the implicit meaning. Therefore, Response A is a clearer, more accurate, and more imaginative representation of the original idea. [RESULT] A"
Life is a crossroads with many paths.,Each mind is a lens.,A,"Feedback: Response A (""Life is a crossroads with many paths"") directly aligns with the implicit meaning by emphasizing the concept of multiple life choices leading to different opportunities, using vivid and coherent imagery of a crossroads. It clearly conveys the idea of diverse paths and their implications. Response B (""Each mind is a lens"") is more abstract and focuses on the mind's role in perception rather than the multiplicity of choices and their outcomes. While imaginative, it does not closely capture the implicit meaning of life choices leading to different opportunities. Response A is more accurate and vivid in representing the intended concept. [RESULT] A"
Echoes of past storms linger in the present.,Challenges forge steel hearts.,A,"Feedback: Response A uses the imagery of ""echoes of past storms"" to suggest that difficult memories and experiences continue to resonate in the present, which aligns well with the implicit meaning of dealing with difficult memories. The metaphor is vivid and coherent, effectively conveying the lingering impact of past struggles. Response B, on the other hand, uses the imagery of ""challenges forge steel hearts,"" which implies that difficulties strengthen one's character. While this metaphor is imaginative and coherent, it focuses more on the transformative aspect of challenges rather than the ongoing struggle with difficult memories. Response A more closely captures the implicit meaning by emphasizing the persistence of past experiences in the present, whereas Response B shifts the focus to personal growth. [RESULT] A"
She is a rock in stormy seas.,They are a rich mosaic.,A,"Feedback: Response A (""She is a rock in stormy seas"") directly aligns with the implicit meaning of emotional stability and resilience in difficult times, using vivid and coherent imagery of a rock as a symbol of steadfastness amidst chaos. It effectively conveys the intended concept with clarity and precision. Response B (""They are a rich mosaic"") diverges from the implicit meaning, as it emphasizes complexity and diversity rather than resilience or stability. While imaginative, it fails to capture the core idea of enduring hardship. The imagery in Response A is more focused and relevant, making it a clearer and more accurate representation. [RESULT] A"
He pounced on every chance like a hawk.,Time is a fleeing bird.,A,"Feedback: Response A (""He pounced on every chance like a hawk"") aligns closely with the implicit meaning of eagerly seizing chances with intense hunger for success. The imagery of a hawk pouncing is vivid and conveys both the swiftness and predatory nature of the action, effectively capturing the intensity and focus implied in the meaning. Response B (""Time is a fleeing bird"") is more abstract and focuses on the fleeting nature of time rather than the active seizing of opportunities. While it uses vivid imagery, it does not directly convey the hunger for success or the proactive nature of the implicit meaning. Response A is more coherent and accurate in representing the intended concept. [RESULT] A"
She navigates life like a calm sea.,Company is a house of cards.,B,"Feedback: Response A, ""She navigates life like a calm sea,"" conveys a sense of tranquility and ease but does not align closely with the implicit meaning of being practical and grounded in real-world thinking. The imagery is vivid and coherent but fails to capture the intended concept. Response B, ""Company is a house of cards,"" better reflects the implicit meaning by suggesting fragility and the need for careful, practical management, which aligns with real-world thinking. While the imagery in Response B is less vivid compared to Response A, it more accurately conveys the intended concept. [RESULT] B"
Drunkard's dance spirals out of control.,Alone is her creative womb.,A,"Feedback: Response A (""Drunkard's dance spirals out of control"") aligns more closely with the implicit meaning of alcohol destroying self-control and dignity. It uses vivid and coherent imagery of a dance spiraling out of control, which effectively conveys the loss of self-control. In contrast, Response B (""Alone is her creative womb"") does not relate to the implicit meaning and instead introduces an unrelated concept of creativity and solitude, making it incoherent in this context. Response A is clearer, more accurate, and more imaginative in representing the original idea. [RESULT] A"
A puzzle pieces fit perfectly into place.,Adrift on a sea.,A,"Feedback: Response A, ""A puzzle pieces fit perfectly into place,"" aligns closely with the implicit meaning of evidence aligning in an orderly and conclusive manner. The imagery is vivid and coherent, effectively conveying the idea of precise and harmonious alignment. In contrast, Response B, ""Adrift on a sea,"" does not capture the orderly and conclusive aspect of the implicit meaning; instead, it suggests a lack of direction or control, which is inconsistent with the intended concept. While Response B has some imaginative elements, it fails to align with the reference meaning. Therefore, Response A is the clearer, more accurate, and more imaginative representation. [RESULT] A"
"Humorous seeds planted, joy grew abundantly.",Actions are the mirror.,B,"Feedback: Response A, ""Humorous seeds planted, joy grew abundantly,"" does not align with the implicit meaning of ""Hurtful words cause lasting emotional damage."" The imagery of planting seeds and growing joy is positive and does not capture the negative, lasting impact of hurtful words. Response B, ""Actions are the mirror,"" also fails to directly convey the implicit meaning, as it suggests reflection rather than the damaging effect of words. However, Response B is slightly more abstract and could be interpreted as reflecting the consequences of one's actions, which is closer to the idea of lasting damage. Neither metaphor is highly imaginative or vivid in relation to the implicit meaning, but Response B has a marginally clearer connection. [RESULT] B"
She rode an emotional rollercoaster.,Memories are fading photographs.,A,"Feedback: Response A (""She rode an emotional rollercoaster"") directly captures the implicit meaning of an overwhelming rush of emotions moving quickly and intensely, using vivid and coherent imagery that aligns closely with the intended concept. It effectively conveys the rapid and intense nature of emotions through the metaphor of a rollercoaster, which is highly imaginative and clear. Response B (""Memories are fading photographs"") does not align with the implicit meaning, as it focuses on the gradual loss of memories rather than the intense and rapid emotional experience. While Response B uses vivid imagery, it fails to capture the intended concept. [RESULT] A"
Keys unlock doors to what's ours.,Life is a maze.,B,"Feedback: Response A (""Keys unlock doors to what's ours"") and Response B (""Life is a maze"") both attempt to convey a sense of restriction, but they diverge significantly in their alignment with the implicit meaning. Response A implies ownership and access, which does not directly relate to the idea that material belongings weigh people down. Its imagery is coherent but fails to capture the intended concept. Response B, while more abstract, suggests complexity and potential entrapment, which loosely aligns with the idea of being fixed in place. However, it lacks specificity regarding material belongings. Neither metaphor fully meets the criteria, but Response B slightly better reflects the implicit meaning of being weighed down and restricted, albeit indirectly. [RESULT] B"
