predicted_metaphor_A,predicted_metaphor_B,command-a-03-2025_score,command-a-03-2025_generation
The city is a patchwork quilt of cultures.,her mind was a cocktail of confusion.,B,"Feedback: Neither Response A nor Response B effectively captures the implicit meaning of ""loss of self-control due to excessive drinking."" Response A, ""The city is a patchwork quilt of cultures,"" focuses on diversity and unity, which is unrelated to the intended concept. Response B, ""Her mind was a cocktail of confusion,"" partially aligns with the idea of confusion but lacks the specific connection to excessive drinking and loss of self-control. Response B’s imagery is somewhat vivid but fails to convey the core meaning accurately. In comparison, Response B is closer to the intended concept than Response A, but neither meets the criteria satisfactorily. [RESULT] B"
Steep mountain paths unfold like a scroll.,she climbed a mountain.,A,"Feedback: Response A, ""Steep mountain paths unfold like a scroll,"" effectively captures the implicit meaning of a gradual, consistent increase or progress by using vivid and imaginative imagery. The metaphor of unfolding a scroll suggests a slow, deliberate process, aligning closely with the idea of steady progression. In contrast, Response B, ""she climbed a mountain,"" while related to the concept of progress, lacks the same level of vividness and specificity. It conveys effort and achievement but does not explicitly emphasize the gradual, consistent nature of the progress. Response A's imagery is more coherent and aligns better with the intended meaning, making it a clearer and more imaginative representation. [RESULT] A"
Memories are a tapestry woven with love and pain.,life is a symphony of curved lines and oval shapes.,B,"Feedback: Response A, ""Memories are a tapestry woven with love and pain,"" does not align with the implicit meaning about ovals representing perfect balance and gentle flow, as it focuses on the complexity of memories rather than the shape or concept of ovals. Response B, ""Life is a symphony of curved lines and oval shapes,"" partially captures the idea of ovals but fails to explicitly convey their perfect balance and gentle flow, instead emphasizing their presence in a broader context. Both metaphors are imaginative but neither fully meets the criteria. Response B is slightly closer to the implicit meaning by mentioning ovals, though it remains vague. [RESULT] B"
"The city was a living, breathing, vibrant entity.","he was a delicate flower, easily bruised by life.",B,"Feedback: Response A, ""The city was a living, breathing, vibrant entity,"" does not align with the implicit meaning of fragile and delicate emotions, as it conveys vitality and energy rather than fragility. The imagery is vivid but entirely mismatched with the intended concept. Response B, ""He was a delicate flower, easily bruised by life,"" directly captures the implicit meaning by using the metaphor of a fragile flower to represent delicate emotions, with clear and coherent imagery. Response B is highly imaginative and aligns closely with the intended meaning and tone. [RESULT] B"
Her heart is a window to her soul.,knowledge unfolded slowly.,A,"Feedback: Response A (""Her heart is a window to her soul"") and Response B (""knowledge unfolded slowly"") differ significantly in their alignment with the implicit meaning of light flowing smoothly and gracefully into a space. Response A uses the imagery of a window, which can metaphorically relate to light entering a space, but it focuses more on transparency and insight rather than the fluid, graceful movement of light. The metaphor is coherent but only loosely reflects the intended meaning. Response B, on the other hand, uses the idea of unfolding, which can imply a gradual, smooth process, but it lacks the vivid imagery of light and space. Neither metaphor fully captures the implicit meaning, but Response A has a slightly clearer connection to the concept of light entering a space through its use of a window, albeit not perfectly aligned. [RESULT] A"
They navigated through the storm to solid ground.,they built it and it worked.,A,"Feedback: Response A uses the metaphor of navigating through a storm to solid ground, which vividly conveys the struggle and eventual achievement of a goal, aligning closely with the implicit meaning. The imagery is coherent and imaginative, effectively capturing the journey and success. Response B, ""they built it and it worked,"" is more literal and lacks the vivid imagery and depth of Response A. While it conveys achievement, it does not capture the struggle or journey as effectively, making it less imaginative and less aligned with the implicit meaning. Response A is the clearer, more accurate, and more imaginative representation. [RESULT] A"
A spark ignites the flame of creative passion within.,a seed that needs the right conditions to grow into a fruitful idea.,B,"Feedback: Both metaphors attempt to convey the idea of nurturing and the right environment for development, but they differ in their approach and imagery. Response A uses the imagery of a spark igniting a flame, which is vivid and captures the sudden emergence of creative passion but does not explicitly emphasize the need for ongoing care or specific conditions, only the initial ignition. Response B, on the other hand, directly aligns with the implicit meaning by comparing an idea to a seed that requires specific conditions to grow, clearly emphasizing the need for nurturing and the right environment. While both are imaginative, Response B more closely aligns with the implicit meaning and effectively conveys the intended concept through its coherent and relevant imagery. [RESULT] B"
Emotions are a stormy sea with waves of turmoil.,a ship with a full cargo hold.,B,"Feedback: Response A uses vivid imagery of a stormy sea to depict emotions, but it does not align with the implicit meaning of controlling or possessing large amounts of wealth or resources. The metaphor focuses on emotional turmoil rather than wealth, making it irrelevant to the intended concept. Response B, while brief, introduces the idea of a ship with a full cargo hold, which can be interpreted as carrying or possessing a significant amount of resources, aligning more closely with the implicit meaning. However, it lacks the vividness and coherence needed to fully capture the concept. Response A is more imaginative but entirely misses the mark, while Response B is less vivid but more relevant. [RESULT] B"
The company shines a light in a dark world.,the new theory is the next stage of classical mechanics.,B,"Feedback: Response A uses a metaphor of light in darkness to suggest a positive impact, which does not align with the implicit meaning of evolution and close relation to classical mechanics. The imagery is vivid but unrelated to the concept of theoretical progression. Response B directly links the new theory to classical mechanics by describing it as the ""next stage,"" accurately capturing the implicit meaning of evolution and close relation. The imagery is clear and coherent, though not highly imaginative. Response B better aligns with the criteria by accurately conveying the intended concept, while Response A fails to reflect the implicit meaning. [RESULT] B"
The present is a grain of sand in time.,time slips away like grains of sand.,B,"Feedback: Both metaphors touch on the concept of time's fleeting nature, but they differ in their focus and imagery. Response A, ""The present is a grain of sand in time,"" emphasizes the insignificance of the present moment in the vast expanse of time, somewhat aligning with the idea of time being finite. However, it doesn't strongly convey the value of time or its gradual depletion, which are key aspects of the implicit meaning. Response B, ""time slips away like grains of sand,"" more directly captures the essence of time being valuable and finite, with the imagery of sand slipping away vividly representing gradual depletion. While both responses use the metaphor of sand, Response B more effectively conveys the intended concept of time's value and its inevitable loss. [RESULT] B"
"The company was a vibrant, ever-evolving living organism.",she handed over the reins to her trusted lieutenants.,B,"Feedback: Response A, ""The company was a vibrant, ever-evolving living organism,"" does not align with the implicit meaning of transferring burden or duty, as it focuses on the company's dynamic nature rather than any delegation of responsibility. Its imagery is vivid but irrelevant to the intended concept. Response B, ""she handed over the reins to her trusted lieutenants,"" directly captures the transfer of duty with clear and coherent imagery, effectively conveying the implicit meaning. While Response B uses a common metaphor, it precisely aligns with the intended idea. [RESULT] B"
"The city was a vibrant, pulsing heart of life.",she's building a foundation for a long-term journey.,B,"Feedback: Response A, ""The city was a vibrant, pulsing heart of life,"" focuses on the vitality and energy of a city, which does not directly align with the implicit meaning of preparing for a challenging future endeavor. The imagery is vivid but fails to capture the concept of preparation or long-term planning. Response B, ""she's building a foundation for a long-term journey,"" directly addresses the implicit meaning by using the metaphor of building a foundation, which clearly conveys preparation and foresight for a future challenge. While the imagery in Response B is less vivid compared to Response A, it is more coherent and accurate in representing the intended concept. Response A scores a 2 due to its weak relation to the reference meaning, while Response B scores a 4 for its clear alignment with the implicit meaning despite less imaginative imagery. [RESULT] B"
A tapestry woven with joy and laughter.,they were the spark that ignited economic growth.,B,"Feedback: Response A uses a tapestry as a metaphor, which is vivid and coherent but does not align closely with the implicit meaning of steering or directing a physical entity like the economy. It focuses more on the beauty and intricacy of joy and laughter rather than control or direction. Response B, on the other hand, uses the metaphor of a spark igniting economic growth, which directly conveys the idea of initiating or steering a process, aligning more closely with the implicit meaning. While both metaphors are imaginative, Response B is more accurate in representing the intended concept of directing a physical entity. [RESULT] B"
"The city was a living, breathing entity.",he was a stumbling drunkard on his feet.,B,"Feedback: Response A, ""The city was a living, breathing entity,"" does not align with the implicit meaning of being drunk making movement difficult and burdensome. It focuses on vitality and dynamism rather than the intended concept of impairment and struggle. The imagery is vivid but fails to capture the intended meaning. Response B, ""He was a stumbling drunkard on his feet,"" directly conveys the difficulty and burdensome nature of movement when drunk, using clear and coherent imagery that aligns closely with the implicit meaning. While not highly imaginative, it effectively communicates the intended concept. Response B better meets the criteria by accurately reflecting the meaning and using appropriate imagery. [RESULT] B"
A juggler with multiple clubs.,she juggled her life.,B,"Feedback: Both metaphors attempt to convey the idea of managing multiple elements, but they differ significantly in their alignment with the implicit meaning of time management as a financial investment strategy. Response A, ""A juggler with multiple clubs,"" focuses on the act of balancing multiple objects, which loosely relates to managing multiple tasks but lacks the financial or strategic connotation. Response B, ""she juggled her life,"" similarly emphasizes balancing but introduces a personal context, still failing to capture the financial investment aspect. Neither metaphor effectively conveys the strategic or financial elements of the implicit meaning. However, Response B is slightly more aligned with the personal aspect of time management, though it remains generic and lacks the depth required to reflect the financial investment strategy. Response A, while vivid in imagery, is too abstract and disconnected from the financial context. Both fall short, but Response B is marginally closer to the intended concept due to its personal context, albeit still generic. [RESULT] B"
Patience was her armor in the stormy life.,her anger was a thunderstorm in the room.,B,"Feedback: Response A focuses on patience as a protective force, which does not align with the implicit meaning of intense anger spreading outward. Its imagery is coherent but fails to capture the intended concept. Response B, however, directly portrays anger as a thunderstorm, vividly conveying the outward spread and intensity of anger, closely aligning with the implicit meaning. While both responses use natural elements, Response B’s imagery is more relevant and imaginative in representing the intended idea. [RESULT] B"
A single spark ignited a lifetime of change.,a roadmap through life's challenges.,A,"Feedback: Response A, ""A single spark ignited a lifetime of change,"" effectively captures the implicit meaning by emphasizing how a small, initial effort (the spark) can lead to significant, lasting transformation, aligning closely with the idea of overcoming difficulties leading to positive change. The imagery is vivid and coherent, using the spark as a powerful symbol of initiation and growth. In contrast, Response B, ""a roadmap through life's challenges,"" focuses more on guidance and navigation rather than the transformative impact of overcoming difficulties. While it conveys the idea of managing challenges, it lacks the imagery of profound change and is less imaginative. Response A better aligns with the implicit meaning and uses more vivid, coherent imagery. [RESULT] A"
Her life was a canvas of vibrant memories.,navigated through the maze of choices.,B,"Feedback: Response A uses a canvas of vibrant memories to represent life, which is vivid and imaginative but does not align closely with the implicit meaning of making final decisions about relationships being like making purchases at a store. The imagery is coherent but fails to capture the concept of choices or decisions. Response B, on the other hand, mentions navigating through a maze of choices, which better reflects the idea of making decisions, though it lacks the imagery of a store or purchase. Neither metaphor fully captures the implicit meaning, but Response B is closer in terms of the decision-making aspect, albeit with less vivid imagery compared to Response A. [RESULT] B"
A rollercoaster of intense highs and terrifying lows.,a calm sea after a storm was her calm mind.,B,"Feedback: Response A uses a rollercoaster metaphor, which typically conveys extreme emotional fluctuations rather than emotional comfort and healing. While it is vivid and coherent, it does not align closely with the implicit meaning of emotional comfort and healing. Response B, on the other hand, uses the imagery of a calm sea after a storm, which directly reflects the idea of finding peace and healing after turmoil. It is both vivid and coherent, aligning well with the intended meaning. The imagery in Response B is more imaginative and accurate in conveying emotional comfort and healing compared to Response A. [RESULT] B"
Profit was a garden nurtured by innovative seeds.,they sprinted to the finish line of innovation.,B,"Feedback: Response A, ""Profit was a garden nurtured by innovative seeds,"" captures the idea of growth and development but lacks the intensity and speed implied in the implicit meaning of ""intense competition and rapid advancement."" The imagery is coherent and somewhat imaginative but does not align closely with the competitive and fast-paced tone. Response B, ""they sprinted to the finish line of innovation,"" directly conveys the concepts of intense competition and rapid advancement through vivid and clear imagery of a sprint, which aligns well with the implicit meaning. While both responses have their merits, Response B more effectively captures the intended concept with clearer and more vivid imagery. [RESULT] B"
Imagination is a spark that sets the mind ablaze.,"life is a fleeting moment, a breath in time.",Neither A nor B.,"Feedback: Neither Response A nor Response B effectively captures the implicit meaning of ""stability and grounding in existence."" Response A focuses on imagination igniting the mind, which emphasizes creativity and dynamism rather than stability. Response B describes life as fleeting, highlighting transience rather than grounding. Both metaphors fail to align with the intended concept. Response A uses vivid imagery but is thematically unrelated, while Response B’s imagery, though coherent, contradicts the idea of stability. Neither metaphor meets the criteria for clarity, accuracy, or imaginative representation of the implicit meaning. [RESULT] Neither A nor B."
Liquid fire brings heavy fog over ship at anchor.,the alcohol was a heavy blanket on his brain.,B,"Feedback: Response A uses a vivid and imaginative metaphor involving ""liquid fire"" and ""heavy fog,"" but it diverges significantly from the implicit meaning of extreme drowsiness caused by alcohol. The imagery is coherent but fails to capture the intended concept, making it unclear and unrelated to the reference meaning. Response B, on the other hand, employs a clear and relatable metaphor of ""a heavy blanket on his brain,"" which directly aligns with the feeling of drowsiness and mental fog caused by alcohol. The imagery is vivid, coherent, and effectively conveys the intended concept. While Response A is imaginative, it misses the mark in meaning, whereas Response B excels in both alignment and clarity. [RESULT] B"
Her furniture was the foundation of her future.,personal belongings are treasure chests for growth.,A,"Feedback: Both metaphors attempt to link material possessions with personal growth and opportunity, but they differ in their approach and effectiveness. Response A, ""Her furniture was the foundation of her future,"" uses a direct and concrete image, likening furniture to a foundation, which aligns well with the idea of material possessions enabling access to social status and opportunities. The imagery is coherent and straightforward, though it lacks the imaginative depth that could elevate it to a higher score. Response B, ""personal belongings are treasure chests for growth,"" introduces a more imaginative and vivid image by comparing belongings to treasure chests, which captures the concept of hidden potential and value. However, it slightly deviates from the implicit meaning by focusing more on personal growth rather than social status and opportunities. Response A is more aligned with the implicit meaning, while Response B is more imaginative but less precise. [RESULT] A"
She sculpted her life into a masterpiece.,she sculpted her life into a masterpiece.,A,"Feedback: Both Response A and Response B are identical, using the same metaphor: ""She sculpted her life into a masterpiece."" This metaphor effectively conveys the implicit meaning of progress through effort and determination, as sculpting implies deliberate, painstaking work to achieve a desired outcome. The imagery is vivid and coherent, aligning closely with the intended concept. However, since both responses are the same, there is no difference in quality or alignment with the implicit meaning. Therefore, both responses score a 5 based on the rubric, but since a choice must be made, either can be selected. [RESULT] A"
Her life was a canvas of unfinished brushstrokes.,her life was a puzzle with missing pieces.,B,"Feedback: Both metaphors attempt to convey a sense of incompleteness or unresolved aspects in a person's life, but they diverge in their alignment with the implicit meaning of personal traumas becoming weapons that harm others. Response A, ""Her life was a canvas of unfinished brushstrokes,"" suggests a creative process that is halted or incomplete, which is more about potential and unfulfilled artistic expression rather than harm to others. The imagery is vivid and coherent but does not directly capture the idea of traumas as weapons. Response B, ""Her life was a puzzle with missing pieces,"" implies a lack of wholeness or understanding, which is closer to the idea of deficiencies but still does not explicitly convey the harmful impact on others. However, the puzzle metaphor slightly edges closer to the implicit meaning by suggesting a structural issue that could lead to unintended consequences. Neither metaphor fully meets the criteria of vividly representing traumas as weapons, but Response B is marginally more aligned with the concept of deficiencies leading to harm. [RESULT] B"
A train chugging up a steep hill.,she was a rock on solid ground.,A,"Feedback: Response A, ""A train chugging up a steep hill,"" captures the idea of a rapid rise to power and success more effectively than Response B. The imagery of a train ascending a steep hill conveys effort, momentum, and progress, which aligns well with the implicit meaning. It is vivid and coherent, though not highly imaginative. Response B, ""she was a rock on solid ground,"" suggests stability and strength but does not convey the rapid rise or dynamic progress implied in the meaning. It is more static and less aligned with the concept of a quick ascent. Response A better meets the criteria by providing a clearer and more accurate representation of the intended idea. [RESULT] A"
Her life was a tapestry of threads and stories.,she was a captain of her own ship.,A,"Feedback: Response A, ""Her life was a tapestry of threads and stories,"" uses the imagery of a tapestry to suggest a complex, interwoven narrative, which aligns with the idea of taking in everything visually with care and attention. However, it focuses more on the accumulation and integration of experiences rather than the act of careful observation. Response B, ""she was a captain of her own ship,"" emphasizes control and direction, which diverges from the implicit meaning of visual absorption and attention. Neither metaphor fully captures the essence of the implicit meaning, but Response A is closer due to its emphasis on the detailed and careful weaving of elements, albeit metaphorically. Response B is more about leadership and autonomy, which is unrelated to the visual and attentive aspect. [RESULT] A"
The heart holds a map to true north.,life's crossroads are stepping stones to new adventures.,B,"Feedback: Both metaphors attempt to convey the idea of life choices leading to opportunities, but they differ in their approach and effectiveness. Response A, ""The heart holds a map to true north,"" uses a more abstract and symbolic imagery, suggesting an internal guidance system that leads to a true path. While it captures the idea of direction and purpose, it is less directly connected to the concept of choices and their outcomes. The imagery is somewhat vivid but lacks the dynamic element of progression. Response B, ""Life's crossroads are stepping stones to new adventures,"" directly addresses the idea of choices (crossroads) leading to opportunities (stepping stones to new adventures). This metaphor is more vivid and dynamic, clearly illustrating the progression from one choice to the next and the potential for growth and exploration. It aligns more closely with the implicit meaning by explicitly linking choices to opportunities and possibilities. [RESULT] B"
Life was a turbulent sea of endless possibility.,the street lamps painted the ground with circles of light.,B,"Feedback: Response A, ""Life was a turbulent sea of endless possibility,"" does not align with the implicit meaning of light spreading and collecting like liquid on the ground, as it focuses on the concept of life's unpredictability rather than the behavior of light. Its imagery is vivid but unrelated to the intended concept. Response B, ""the street lamps painted the ground with circles of light,"" closely captures the implicit meaning by describing how light spreads and forms distinct shapes on the ground, akin to liquid pooling. The imagery is coherent and directly relates to the intended idea. Response B is more accurate and imaginative in representing the original concept. [RESULT] B"
Good habits are the solid ground on which a person builds their long-term success.,building a house.,A,"Feedback: Response A effectively captures the implicit meaning by comparing good habits to ""solid ground,"" which clearly conveys the idea of a stable foundation for long-term success. The imagery is vivid and coherent, aligning closely with the concept of accumulation over time. In contrast, Response B (""building a house"") is incomplete and lacks the necessary context to convey the implicit meaning fully. While it hints at construction, it fails to explicitly link good habits to the process of building success. Response A is more imaginative, accurate, and complete in representing the original idea. [RESULT] A"
Balance is the harmony between light and dark shadows.,her laughter was a contagious spark of joy.,B,"Feedback: Response A, ""Balance is the harmony between light and dark shadows,"" does not align with the implicit meaning of happiness spreading rapidly from person to person. Its imagery, while coherent, is unrelated to the concept of contagious joy. Response B, ""her laughter was a contagious spark of joy,"" directly captures the implicit meaning by using vivid and imaginative imagery that conveys the rapid spread of happiness. The metaphor in Response B is clear, accurate, and effectively represents the original idea. [RESULT] B"
Time is a river that never stands still.,she is a building in the world of existence.,A,"Feedback: Response A, ""Time is a river that never stands still,"" captures the concept of continuous movement and change, which aligns with the idea of existence manifesting itself throughout the universe. However, it focuses more on the passage of time rather than the broader concept of existence. The imagery is vivid and coherent but does not directly address the implicit meaning. Response B, ""She is a building in the world of existence,"" introduces a more static and grounded image, which contrasts with the dynamic nature of existence. While it attempts to connect to the concept of existence, the metaphor is less imaginative and does not effectively convey the universal and ever-present nature of existence. Both responses have limitations in fully capturing the implicit meaning, but Response A's imagery is more vivid and coherent, even if it is not a perfect fit. [RESULT] A"
She saves her breath for the big reveal.,she is a miser with her energy.,B,"Feedback: Both metaphors attempt to convey the idea of carefully managing limited resources, but they differ in their approach and effectiveness. Response A, ""She saves her breath for the big reveal,"" uses the imagery of conserving breath, which aligns with the concept of managing energy but is more specific to a particular context (a reveal), making it less universally applicable to the broader idea of energy management. The imagery is coherent but somewhat narrow. Response B, ""she is a miser with her energy,"" directly uses the concept of being a miser (someone who hoards resources) to describe energy management, which is more vivid and universally applicable. It captures the essence of carefully managing limited energy resources more accurately and imaginatively. While both responses are coherent, Response B is more aligned with the implicit meaning and uses more vivid and direct imagery. [RESULT] B"
The rain was a gentle healer.,she was a puzzle slowly falling into place.,B,"Feedback: Response A (""The rain was a gentle healer"") captures the idea of gradual transformation through its imagery of rain, which can be associated with nurturing and renewal, but it lacks the explicit sense of movement and piece-by-piece progression inherent in the implicit meaning. Response B (""she was a puzzle slowly falling into place"") more directly aligns with the concept of gradual creation, as it explicitly conveys the idea of something coming together step by step, mirroring the process of transformation. While both metaphors are imaginative, Response B is more coherent and vivid in representing the implicit meaning of creation as a gradual, piece-by-piece process. [RESULT] B"
"Learning is navigating a vast, uncharted, and ever-changing wilderness.",people exchange personalities like trading cards in a social game.,B,"Feedback: Response A does not align with the implicit meaning, as it focuses on the process of learning rather than the exchange of personal traits. Its imagery, while vivid and imaginative, is irrelevant to the intended concept. Response B, on the other hand, captures the idea of exchanging personal traits as precious items through the metaphor of trading cards, aligning closely with the implicit meaning. However, the imagery in Response B is somewhat generic and lacks the depth to fully convey the preciousness of personal traits. Response A is entirely off-topic, while Response B, despite its shortcomings, at least addresses the core concept. [RESULT] B"
She was a leaf blown from its tree.,she became the master of her own destiny.,B,"Feedback: Response A, ""She was a leaf blown from its tree,"" does not align with the implicit meaning of rising to a higher status or authority level. The imagery of a leaf being blown away suggests vulnerability, loss, or detachment rather than empowerment or elevation. In contrast, Response B, ""she became the master of her own destiny,"" directly conveys the idea of gaining control and authority over one's life, which closely aligns with the implicit meaning. While Response B lacks vivid or imaginative imagery, it effectively captures the intended concept. Response A fails to reflect the intended meaning at all. [RESULT] B"
A calculated leap of faith into the unknown.,the brain is a computer that needs to reboot.,B,"Feedback: Response A (""A calculated leap of faith into the unknown"") does not align closely with the implicit meaning, as it focuses on taking risks rather than the need for rest or rejuvenation. The imagery is somewhat vivid but fails to capture the concept of mental restoration. Response B (""the brain is a computer that needs to reboot"") directly aligns with the implicit meaning, using clear and coherent imagery that effectively conveys the idea of the mind needing rest to function properly. While both metaphors have some imaginative elements, Response B is more accurate and relevant to the intended concept. [RESULT] B"
Building blocks of knowledge stacked ever higher.,building blocks of knowledge stack to form a towering edifice.,B,"Feedback: Both responses attempt to convey the idea of knowledge accumulation, but they differ in their alignment with the implicit meaning of collaborative scientific progress. Response A, ""building blocks of knowledge stacked ever higher,"" focuses on the vertical growth of knowledge but lacks the collaborative aspect implied in the reference. It is a simple and coherent image but does not fully capture the idea of assembling a puzzle together. Response B, ""building blocks of knowledge stack to form a towering edifice,"" introduces the concept of a ""towering edifice,"" which adds a sense of grandeur and structure, slightly closer to the collaborative effort of building something significant. However, neither metaphor explicitly mentions collaboration or the puzzle-like nature of scientific discovery. Response B's imagery is more vivid and structured, making it a better fit for the intended concept, though still not fully aligning with the implicit meaning. [RESULT] B"
Her heart still held a ghostly love letter.,her hopes were broken beyond repair.,A,"Feedback: Response A uses a vivid and imaginative metaphor of a ""ghostly love letter"" to convey a lingering, haunting sadness, which aligns closely with the implicit meaning of declining from optimism to deep sadness. The imagery is coherent and evokes a sense of loss and melancholy. Response B, while conveying brokenness, focuses more on the irreparable damage to hopes rather than the transition from optimism to sadness. It lacks the nuanced imagery and emotional depth of Response A. Therefore, Response A better captures the implicit meaning with more vivid and coherent imagery. [RESULT] A"
The teacher's patience was a calm in the storm.,their sexual attraction was a raging wildfire.,B,"Feedback: Response A, ""The teacher's patience was a calm in the storm,"" captures a sense of tranquility amidst chaos, which does not align with the implicit meaning of extreme tension or conflict between two people. The imagery is coherent but fails to convey the intended concept. Response B, ""their sexual attraction was a raging wildfire,"" uses vivid and imaginative imagery that closely aligns with the implicit meaning, as a wildfire suggests intense, uncontrollable, and potentially destructive force, mirroring extreme tension or conflict. While Response B does not directly mention conflict, the intensity and uncontrollable nature of a wildfire effectively convey the essence of the implicit meaning. Response A scores 2 due to its weak relation to the reference meaning, while Response B scores 5 for its highly imaginative, vivid, and closely aligned imagery. [RESULT] B"
"A faded photograph of a brighter, forgotten past.",her determination was a flame that burned brighter with each challenge.,B,"Feedback: Response A uses a faded photograph to symbolize a forgotten past, which is a vivid and coherent image but does not directly address the implicit meaning of harmful words destroying determination. It lacks the connection to the gradual destruction and resilience implied in the implicit meaning. Response B, on the other hand, uses a flame that burns brighter with each challenge to represent determination, which aligns more closely with the idea of resilience against harmful words. However, it does not explicitly convey the destructive aspect of the harmful words. Both metaphors have imaginative elements, but Response B is more aligned with the concept of determination and its resilience, though it still falls short in fully capturing the destructive aspect of the implicit meaning. Response B is slightly better in aligning with the intended concept compared to Response A. [RESULT] B"
Happiness was a horizon that forever shifted its view.,the economy was a sinking ship in a stormy sea.,B,"Feedback: Response A, ""Happiness was a horizon that forever shifted its view,"" does not align with the implicit meaning of the overwhelming and destructive force of financial problems. Its imagery is coherent but fails to capture the intended concept, scoring a 1. Response B, ""the economy was a sinking ship in a stormy sea,"" vividly and accurately conveys the destructive and overwhelming nature of financial problems, aligning closely with the implicit meaning and using imaginative imagery, scoring a 5. [RESULT] B"
A tapestry with threads of various experiences.,the chandelier's crystals danced with light's gentle caress.,B,"Feedback: Response A, ""A tapestry with threads of various experiences,"" does not align closely with the implicit meaning of light flowing like water in a waterfall. The imagery of a tapestry and threads relates more to complexity and interconnectedness rather than fluidity or movement, making it a weak representation of the intended concept. Response B, ""the chandelier's crystals danced with light's gentle caress,"" captures the fluid and dynamic nature of light more effectively, though it still falls short of directly mirroring the waterfall analogy. The imagery in Response B is more vivid and coherent, conveying a sense of light's movement and interaction, but it lacks the explicit comparison to water flow. Neither metaphor fully aligns with the implicit meaning, but Response B is closer in terms of imagery and concept. [RESULT] B"
Roots dig deep in rocky terrain.,a jumbled puzzle of time and tasks.,B,"Feedback: Response A, ""Roots dig deep in rocky terrain,"" does not align with the implicit meaning of ""chaotic and out of control."" The imagery of roots digging deep suggests resilience and stability, which contradicts the intended concept. Response B, ""a jumbled puzzle of time and tasks,"" more closely captures the implicit meaning by using the imagery of a jumbled puzzle to convey disorder and lack of control. While the metaphor in Response B is somewhat generic, it effectively aligns with the intended meaning. Response A fails to reflect the intended meaning at all. [RESULT] B"
Nature's beauty is a mirror to the soul's depth.,"our relationship is a treasured, priceless work of art.",B,"Feedback: Response A uses a metaphor about nature's beauty reflecting the soul's depth, which is imaginative and vivid but does not directly align with the implicit meaning of a precious and irreplaceable person. It focuses more on introspection and beauty rather than the value and uniqueness of a relationship. Response B, on the other hand, directly compares a relationship to a treasured, priceless work of art, which closely aligns with the implicit meaning by emphasizing the precious and irreplaceable nature of the person. While both metaphors are imaginative, Response B is more coherent and accurate in conveying the intended concept. [RESULT] B"
Life is a labyrinth of endless choices.,he wrote the symphony of silence.,B,"Feedback: Response A, ""Life is a labyrinth of endless choices,"" focuses on complexity and decision-making, which does not align with the implicit meaning of ""creation emerging from nothingness."" The imagery is coherent but fails to capture the concept of creation from nothing. Response B, ""he wrote the symphony of silence,"" better conveys the idea of creation (writing a symphony) emerging from nothingness (silence), though it is somewhat abstract and less vivid. Response B more closely aligns with the implicit meaning, despite its less imaginative imagery compared to a more direct representation of creation from nothing. [RESULT] B"
She was a master navigator of uncharted waters.,their sexual tension was a ticking time bomb.,B,"Feedback: Response A, ""She was a master navigator of uncharted waters,"" focuses on skill and control in an unpredictable situation, which does not align with the implicit meaning of a sudden, uncontrollable emotional outburst. The imagery is coherent but fails to capture the explosive, involuntary nature of the emotion. Response B, ""their sexual tension was a ticking time bomb,"" effectively conveys the idea of an imminent, uncontrollable release, aligning closely with the implicit meaning. The imagery is vivid and imaginative, clearly representing the sudden and intense nature of the emotional outburst. While both responses use strong metaphors, Response B better captures the intended concept. [RESULT] B"
A skilled conductor leading a symphony.,she is a symphony of talents.,A,"Feedback: Both metaphors aim to convey the idea of harmonious coordination of multiple skills and abilities, but they differ in their approach and effectiveness. Response A, ""A skilled conductor leading a symphony,"" captures the implicit meaning well by emphasizing the role of a leader in coordinating diverse elements, much like a conductor harmonizes an orchestra. The imagery is vivid and coherent, aligning closely with the intended concept. Response B, ""she is a symphony of talents,"" also reflects the idea of multiple skills but does not explicitly convey the coordination aspect, focusing instead on the individual as the embodiment of talents rather than the process of harmonizing them. While both metaphors are imaginative, Response A more accurately and clearly represents the implicit meaning by highlighting the coordination and leadership aspect. [RESULT] A"
A detective analyzing clues and a scientist studying a hypothesis.,she's a puzzle i'm carefully piecing together.,B,"Feedback: Response A, while coherent, uses a generic comparison between a detective and a scientist, which does not vividly capture the mental burden of difficult decision-making. It focuses more on the analytical process rather than the emotional weight. Response B, however, employs a more imaginative and vivid metaphor by likening the situation to ""carefully piecing together a puzzle,"" which effectively conveys the complexity, effort, and mental strain involved. Response B aligns more closely with the implicit meaning and uses more engaging imagery. [RESULT] B"
She ran herself into a better situation.,investment was a seed for growing multiple startups.,B,"Feedback: Response A, ""She ran herself into a better situation,"" loosely reflects the implicit meaning of money flowing into and nurturing business growth, but it uses generic imagery and lacks clarity in its relation to the concept of investment and business growth. It focuses more on personal effort rather than the nurturing aspect of financial investment. Response B, ""investment was a seed for growing multiple startups,"" aligns closely with the implicit meaning by vividly and coherently comparing investment to a seed that nurtures the growth of multiple businesses. The imagery is clear, imaginative, and directly captures the intended concept. Response B is a clearer, more accurate, and more imaginative representation of the original idea. [RESULT] B"
"tags as instructed. 

Please let me know if you need further clarification or changes. I'm here to help!  I'm glad to hear that you're looking for a concise metaphor based on the implicit meaning. I've gone through the process of breaking down the meaning, brainstorming comparisons, and selecting the best metaphor.

Here's the final metaphor:

<metaphor>
A toxic swamp where relationships go to drown.",she's a traveler in a jungle of hurtful conversations.,A,"Feedback: Both metaphors aim to convey the implicit meaning of harmful and toxic verbal abuse, but they differ in their approach and effectiveness. Response A uses the imagery of a ""toxic swamp where relationships go to drown,"" which vividly captures the destructive nature of toxic environments on relationships. The metaphor is coherent and aligns closely with the implicit meaning, emphasizing the irreversible damage caused by such toxicity. Response B, on the other hand, portrays the individual as a ""traveler in a jungle of hurtful conversations,"" which is imaginative and conveys the idea of navigating through a hostile environment. However, it is less direct in depicting the toxic nature of verbal abuse and its impact on relationships compared to Response A. While both metaphors are effective, Response A is more vivid, coherent, and closely aligned with the implicit meaning. [RESULT] A"
He was a toxic spill in the room.,his words were a toxic poison to the soul.,B,"Feedback: Both metaphors aim to convey the implicit meaning of unpleasant and sickening words, but they differ in their focus and imagery. Response A, ""He was a toxic spill in the room,"" uses a vivid environmental disaster analogy, emphasizing the person's presence as a disruptive force, but it slightly misses the mark by focusing on the individual rather than the words themselves. Response B, ""his words were a toxic poison to the soul,"" directly targets the words and their harmful effect on the soul, aligning more closely with the implicit meaning. The imagery in Response B is more coherent and specific to the intended concept, making it a clearer and more accurate representation. [RESULT] B"
Forgiveness is a gentle rain that soothes the soul.,the goal is a magnet for their best efforts.,B,"Feedback: Response A, ""Forgiveness is a gentle rain that soothes the soul,"" does not align with the implicit meaning of a goal attracting and motivating people. Its imagery is vivid and coherent but fails to capture the intended concept. Response B, ""the goal is a magnet for their best efforts,"" directly aligns with the implicit meaning, using a clear and effective metaphor that conveys attraction and motivation. While its imagery is straightforward and less imaginative, it accurately represents the idea. Response A scores 2 due to its irrelevance, while Response B scores 4 for its clarity and alignment. [RESULT] B"
Her voice was a muffled whisper.,she was a drained battery that needed to recharge.,B,"Feedback: Both responses attempt to convey the implicit meaning of mental exhaustion and lack of energy, but they differ in their approach and effectiveness. Response A, ""Her voice was a muffled whisper,"" indirectly suggests fatigue by focusing on the physical manifestation of exhaustion in her voice, which is a subtle but relevant connection. However, it lacks vivid imagery and direct alignment with the core concept of mental exhaustion. Response B, ""she was a drained battery that needed to recharge,"" directly and vividly captures the idea of being depleted and needing restoration, aligning closely with the implicit meaning. While both metaphors are coherent, Response B is more imaginative and accurately represents the intended concept. [RESULT] B"
"Life was a tangled, ever-changing web of fate.",a river of change quietly and dramatically shapes everything.,B,"Feedback: Both metaphors attempt to capture the concept of change over time, but they differ in their approach and effectiveness. Response A, ""Life was a tangled, ever-changing web of fate,"" emphasizes complexity and unpredictability, which aligns partially with the implicit meaning of profound changes. However, it lacks the element of quietness or subtlety, focusing more on the tangled nature of fate rather than the silent progression of time. Response B, ""a river of change quietly and dramatically shapes everything,"" more closely aligns with the implicit meaning by incorporating both the quiet, gradual nature of change (like a river flowing) and its dramatic, shaping impact. The imagery in Response B is also more vivid and coherent, effectively conveying the intended concept. While both metaphors have merit, Response B better captures the implicit meaning with clearer and more imaginative imagery. [RESULT] B"
Literature is a treasure chest of endless discovery.,a rich tapestry of diverse perspectives and meanings.,B,"Feedback: Both metaphors aim to capture the nurturing and generative nature of literature, but they differ in their approach and effectiveness. Response A uses the imagery of a ""treasure chest of endless discovery,"" which vividly conveys the idea of literature as a source of valuable and continuous exploration. However, it slightly misses the nurturing aspect of the implicit meaning, focusing more on the act of discovery rather than the production of creative thoughts. Response B, with its ""rich tapestry of diverse perspectives and meanings,"" more accurately aligns with the implicit meaning by emphasizing the multifaceted and generative nature of literature, suggesting that it weaves together various ideas and concepts. While both metaphors are imaginative, Response B is more coherent and closely aligned with the intended concept of nurturing and producing creative thoughts. [RESULT] B"
"**
<A garden that needs to be watered, but also pruned.",life is a juggling act that demands constant attention.,B,"Feedback: Response A, ""A garden that needs to be watered, but also pruned,"" partially captures the idea of maintenance and care, but it does not directly address the burden of accumulation or the weight of material possessions. The imagery is coherent but lacks the vividness and direct connection to the implicit meaning. Response B, ""life is a juggling act that demands constant attention,"" better conveys the idea of managing multiple burdens, which aligns more closely with the concept of material possessions weighing one down. However, it still falls short in explicitly linking the juggling act to the accumulation and burden of possessions. Both metaphors have limitations, but Response B is slightly more aligned with the implicit meaning due to its emphasis on managing multiple demands, which can be metaphorically linked to the burden of possessions. [RESULT] B"
Laughter shielded hearts from life's stormy weather.,she was a shield against life's storms.,A,"Feedback: Both metaphors aim to convey the protective and healing nature of laughter during challenging times, but they differ in their focus and imagery. Response A uses ""laughter"" as the active agent that shields hearts, directly aligning with the implicit meaning of laughter as emotional healing. The imagery of ""stormy weather"" effectively symbolizes life's difficulties, creating a vivid and coherent picture. Response B, however, shifts the focus to ""she,"" making the metaphor less direct in conveying the role of laughter. While ""shield against life's storms"" is clear and coherent, it does not explicitly link laughter to the healing process, making it less aligned with the implicit meaning. Response A is more imaginative and accurately captures the intended concept by directly associating laughter with emotional protection. [RESULT] A"
The project was a house built from the ground up.,a masterpiece of creativity and hard work.,A,"Feedback: Response A uses the metaphor of ""a house built from the ground up"" to convey the idea of a project being successfully completed, which aligns well with the implicit meaning of ""successfully completed or landed safely."" The imagery is coherent and suggests a process of construction and completion, making it a clear and accurate representation. Response B, however, describes the project as ""a masterpiece of creativity and hard work,"" which, while positive, does not directly capture the idea of completion or landing safely. It focuses more on the qualities of the project rather than its successful conclusion. Response A is more vivid and directly aligned with the implicit meaning, whereas Response B is more generic and less specific to the intended concept. [RESULT] A"
She was the conductor of her own symphony.,she held her ground firmly and unyielding.,A,"Feedback: Response A, ""She was the conductor of her own symphony,"" aligns more closely with the implicit meaning of eagerly and completely seizing control and authority. The metaphor effectively conveys the idea of taking charge and orchestrating one's life with precision and purpose, which matches the tone and concept of the implicit meaning. The imagery is vivid and coherent, portraying a clear sense of leadership and direction. In contrast, Response B, ""she held her ground firmly and unyielding,"" while suggesting steadfastness, does not capture the proactive and comprehensive aspect of seizing control and authority. It focuses more on resistance rather than initiative, making it less aligned with the implicit meaning. Response A is more imaginative and accurately represents the original idea. [RESULT] A"
Running on empty despite exhaustion.,she's running on fumes.,B,"Feedback: Both metaphors aim to convey the idea of operating with minimal energy and exhausted resources. Response A, ""Running on empty despite exhaustion,"" aligns closely with the implicit meaning but lacks the vividness and originality of Response B. The phrase ""despite exhaustion"" is somewhat redundant, as ""running on empty"" already implies a state of depletion. Response B, ""she's running on fumes,"" uses a more imaginative and commonly understood metaphor that directly and vividly captures the idea of operating with the last remnants of energy, aligning closely with the implicit meaning. While both responses are coherent, Response B is more concise and impactful. [RESULT] B"
Her life was a mosaic of connections.,her career took a sharp turn for the better.,B,"Feedback: Response A uses a mosaic metaphor, which implies a gradual, intricate assembly of elements, contrasting the implicit meaning of a sudden dramatic change. It fails to capture the abruptness and does not align with the intended concept. Response B, however, employs the imagery of a ""sharp turn,"" which directly conveys the idea of a sudden and significant shift, aligning closely with the implicit meaning. While both responses differ in their approach, Response B is more vivid and coherent in representing the intended concept. [RESULT] B"
"Life is an unfolding, ever-changing novel of chapters.",she was the garden of her children's happiness.,B,"Feedback: Response A, ""Life is an unfolding, ever-changing novel of chapters,"" focuses on the dynamic and evolving nature of life but does not directly address the concept of care and protection required for growth, which is central to the implicit meaning. The imagery is coherent and vivid but lacks the specific connection to nurturing and safeguarding. Response B, ""she was the garden of her children's happiness,"" directly aligns with the implicit meaning by emphasizing the need for careful attention and protection, as a garden requires tending to flourish. The imagery is vivid and effectively conveys the intended concept of love as a nurturing force. While both metaphors are imaginative, Response B more closely captures the implicit meaning and meets the criteria better. [RESULT] B"
Her river flowed smoothly to its goal.,a beacon in a storm of confusion.,B,"Feedback: Response A, ""Her river flowed smoothly to its goal,"" captures a sense of purpose and direction but lacks the element of overwhelming uncertainty and the sudden clarity implied in the implicit meaning. The imagery is coherent but does not vividly convey the contrast between confusion and clarity. Response B, ""a beacon in a storm of confusion,"" directly addresses the implicit meaning by using vivid imagery of a guiding light amidst chaos, effectively representing a moment of clarity in overwhelming uncertainty. While both responses have coherent imagery, Response B aligns more closely with the intended concept and is more imaginative in its representation. [RESULT] B"
Learning math is a complex puzzle with a winding road.,a ladder to climb in the world of mathematics.,A,"Feedback: Both metaphors attempt to convey the challenge of learning mathematics, but they differ in their approach and effectiveness. Response A, ""a complex puzzle with a winding road,"" captures the idea of multiple interconnected difficulties and a non-linear path, aligning well with the implicit meaning of mathematics being challenging with many difficult concepts. The imagery is vivid and coherent, though it could be more imaginative. Response B, ""a ladder to climb,"" suggests a linear progression and effort, which partially aligns with the challenge but lacks the complexity and depth of the implicit meaning. It is simpler and less vivid in comparison. Response A better captures the multifaceted nature of mathematical challenges, making it a clearer and more accurate representation. [RESULT] A"
He was the captain of his own ship.,he is the captain of his own ship.,"A (due to the slight grammatical correctness in tense for a general context, though neither is ideal for the implicit meaning).","Feedback: Both Response A and Response B use the same metaphor of being ""the captain of his own ship,"" which implies a sense of control and leadership. However, neither response explicitly conveys the implicit meaning of ""control and restraint over feelings."" The metaphor primarily suggests control over one's life or decisions rather than emotional restraint. Response A and Response B differ only in verb tense (""was"" vs. ""is""), which does not impact the metaphor's alignment with the implicit meaning. Both responses score similarly due to their shared metaphor and lack of direct connection to emotional restraint. [RESULT] A (due to the slight grammatical correctness in tense for a general context, though neither is ideal for the implicit meaning)."
"They're lost in an endless, starry sea.",they're in the jaws of a deadly trap.,B,"Feedback: Both metaphors attempt to convey the implicit meaning of being in a dangerous situation, but they differ significantly in their approach and effectiveness. Response A, ""They're lost in an endless, starry sea,"" uses a more abstract and serene imagery, which, while imaginative, does not strongly emphasize the immediate danger or risk of failure. The starry sea could imply vastness and uncertainty but lacks the urgency and peril associated with the implicit meaning. On the other hand, Response B, ""they're in the jaws of a deadly trap,"" directly conveys a sense of imminent danger and entrapment, aligning more closely with the intended concept of a precarious situation with a high risk of failure. The imagery in Response B is more vivid and coherent in depicting danger, making it a clearer and more accurate representation of the implicit meaning. [RESULT] B"
"Two trees growing together, intertwined at their roots.",a healthy relationship is a garden that grows with time.,B,"Feedback: Response A captures the idea of a shared journey through the imagery of intertwined roots, symbolizing deep connection and mutual dependence, which aligns with the effort and commitment aspects of the implicit meaning. However, it lacks the explicit mention of growth over time, a key element in the implicit meaning. Response B, on the other hand, directly conveys the concept of growth and time, which aligns well with the ""shared journey"" and ""effort"" aspects of the implicit meaning. The garden metaphor is vivid and coherent, effectively representing the nurturing and development required in a relationship. While both metaphors have merits, Response B more comprehensively captures the implicit meaning by explicitly incorporating the elements of time and growth, making it a clearer and more accurate representation. [RESULT] B"
"Her journey was a winding, endless road.",a jigsaw puzzle with more pieces.,B,"Feedback: Response A uses a ""winding, endless road"" to symbolize a journey, which loosely reflects the idea of gradual progress but lacks a direct connection to the accumulation of information. It implies difficulty or complexity rather than improvement through more pieces of knowledge. Response B, ""a jigsaw puzzle with more pieces,"" directly aligns with the implicit meaning by suggesting that understanding improves as more pieces (information) are added, creating a clearer picture. While both metaphors use coherent imagery, Response B is more vivid and accurate in conveying the intended concept. [RESULT] B"
The world was a kaleidoscope of shifting pieces.,they have a treasure chest of opportunities.,B,"Feedback: Response A uses a kaleidoscope to represent the world, emphasizing constant change and variety, which somewhat aligns with the idea of numerous possibilities. However, it lacks the direct connection to ""success"" or ""opportunities"" that the implicit meaning requires. The imagery is vivid but not as precise in conveying the intended concept. Response B, on the other hand, directly uses ""treasure chest of opportunities,"" which clearly and vividly captures the idea of having many available chances for success. While both responses use imaginative imagery, Response B more closely aligns with the implicit meaning and effectively conveys the intended concept. [RESULT] B"
Goals are mountains climbed one steady step at a time.,"they are our mirrors, reflecting our journey and growth.",B,"Feedback: Response A uses the metaphor of climbing mountains to represent achieving goals, emphasizing steady progress and effort. While it conveys the idea of a journey, it focuses more on individual perseverance rather than the role of others in self-understanding and guidance. Response B, on the other hand, uses mirrors to symbolize people who reflect our journey and growth, directly aligning with the implicit meaning of others helping us understand ourselves and showing the way forward. Response B’s imagery is more vivid and coherent in capturing the intended concept, whereas Response A’s imagery is less relevant to the role of others. [RESULT] B"
Two flowers blooming in different seasons of life.,they have built a tower of success.,B,"Feedback: Response A, ""Two flowers blooming in different seasons of life,"" uses a natural and organic metaphor that emphasizes growth and uniqueness but does not strongly convey the idea of firmly grasping and holding onto achievement. The imagery is vivid and coherent but lacks the direct connection to the implicit meaning of sustained success. Response B, ""they have built a tower of success,"" employs a structural metaphor that implies a solid, enduring achievement, aligning more closely with the idea of firmly grasping and holding onto success. The imagery is clear and coherent, though somewhat generic. Response B better captures the implicit meaning, while Response A is more imaginative but less aligned. [RESULT] B"
A well-worn path to personal growth.,he chiseled himself into a better person.,A,"Feedback: Response A (""A well-worn path to personal growth"") and Response B (""he chiseled himself into a better person"") both attempt to convey the implicit meaning of moving through change without full commitment or effort, but they differ significantly in their alignment with the intended concept. Response A implies ease and familiarity with the process of personal growth, which partially captures the idea of casual movement through change. However, it lacks the nuance of ""quickly"" and does not emphasize the lack of effort or commitment. The imagery is coherent but somewhat generic. Response B, on the other hand, suggests deliberate and effortful self-improvement (""chiseled""), which directly contradicts the implicit meaning of casual, effortless change. While its imagery is vivid and imaginative, it misaligns with the intended tone and concept. Neither metaphor fully meets the criteria, but Response A is closer to the implicit meaning, albeit imperfectly. [RESULT] A"
A shining light in the darkest of nights.,their shared beliefs were a warm blanket.,B,"Feedback: Both metaphors attempt to convey comfort and security, but they differ significantly in their alignment with the implicit meaning and the vividness of their imagery. Response A, ""A shining light in the darkest of nights,"" evokes a sense of hope and guidance but does not directly relate to the concept of shared beliefs providing emotional security. Its imagery is vivid but fails to capture the intended meaning accurately. Response B, ""their shared beliefs were a warm blanket,"" directly aligns with the implicit meaning by using the metaphor of a warm blanket, which is universally associated with comfort and security. The imagery is coherent and effectively conveys the intended concept. While Response A is imaginative, it falls short in meaning alignment, whereas Response B excels in both meaning and imagery. [RESULT] B"
She looked beyond the facade to the truth.,she's the anchor that keeps everyone grounded and steady.,B,"Feedback: Response A, ""She looked beyond the facade to the truth,"" focuses on insight and discernment rather than stability and guidance, which diverges from the implicit meaning. Its imagery is coherent but fails to capture the intended concept of emotional support. Response B, ""she's the anchor that keeps everyone grounded and steady,"" directly aligns with the implicit meaning by using vivid and coherent imagery of an anchor to represent stability and guidance. While Response A is imaginative, it misses the core idea, whereas Response B effectively conveys the intended concept with clarity and relevance. [RESULT] B"
"Her path was a well-worn, straight highway.",a fog lifting,B,"Feedback: Response A, ""Her path was a well-worn, straight highway,"" conveys a sense of predictability and ease but does not capture the gradual clarity and understanding implied in the implicit meaning. The imagery is coherent but lacks the transformative element of gaining clarity. Response B, ""a fog lifting,"" directly aligns with the implicit meaning by vividly representing the process of gradual clarity and understanding, as fog lifting naturally evokes the idea of emerging from obscurity to clarity. While both responses use coherent imagery, Response B is more imaginative and closely aligned with the intended concept. [RESULT] B"
A flame waiting to be ignited.,her desire for him was a flame waiting to be fanned.,B,"Feedback: Both responses capture the implicit meaning of explosive potential, but Response B is more precise and vivid. Response A, ""A flame waiting to be ignited,"" conveys potential energy but lacks specificity about the context of romance or conflict. Response B, ""her desire for him was a flame waiting to be fanned,"" explicitly ties the metaphor to the romantic context and adds the action of ""fanning,"" which enhances the imagery of building intensity. While both are coherent, Response B aligns more closely with the implicit meaning by directly addressing the relationship dynamics. [RESULT] B"
"Life is a delicate, flickering flame that can be extinguished.",time is a runaway train.,B,"Feedback: Response A, ""Life is a delicate, flickering flame that can be extinguished,"" focuses on the fragility and vulnerability of life, which does not align with the implicit meaning of time being unstoppable and destructive. Its imagery is vivid but fails to capture the intended concept of relentless forward motion. Response B, ""time is a runaway train,"" effectively conveys the unstoppable and destructive nature of time through the imagery of a train that cannot be halted, closely aligning with the implicit meaning. While both metaphors use vivid imagery, Response B is more coherent and accurate in representing the original idea. [RESULT] B"
"Knowledge was a winding, ever-changing river to navigate.",life's journey is a river with ever-changing currents.,B,"Feedback: Both metaphors use the imagery of a river to convey change and movement, but they differ in their focus and alignment with the implicit meaning of time being constant and inescapable. Response A emphasizes ""knowledge"" as the river, which, while imaginative, shifts the focus away from time itself. The imagery is vivid and coherent but does not directly capture the constancy and inescapability of time. Response B, on the other hand, frames ""life's journey"" as the river, which more closely aligns with the concept of time as a continuous, unyielding force. The imagery is clear and effectively conveys the intended idea, though it remains somewhat generic. Response B better captures the implicit meaning, while Response A is more imaginative but less aligned. [RESULT] B"
"Life was a never-ending, winding path of self-discovery.",they're stuck in a toxic relationship quicksand.,B,"Feedback: Response A, while poetic, does not capture the implicit meaning of being trapped in harmful relationships. It focuses on self-discovery rather than the struggle of escape. Response B, however, directly aligns with the implicit meaning by using the vivid imagery of ""quicksand"" to convey the difficulty of leaving toxic relationships. The metaphor in Response B is more imaginative and coherent in relation to the intended concept, effectively highlighting the consuming and entrapping nature of such relationships. [RESULT] B"
A tree stands tall beyond its branches.,a leaf on the wind of change.,B,"Feedback: Response A, ""A tree stands tall beyond its branches,"" does not effectively convey the implicit meaning of the superficial and disposable nature of certain beliefs. The imagery of a tree standing tall suggests strength and permanence, which contradicts the intended concept of disposability. Response B, ""a leaf on the wind of change,"" aligns more closely with the implicit meaning, as a leaf being carried by the wind evokes a sense of transience and lack of control, reflecting the superficial and disposable nature of beliefs. While both metaphors use natural imagery, Response B is more vivid and coherent in capturing the intended concept. [RESULT] B"
"A storm that rages in the mind, destroying calm.",alcohol was a poison that jammed his jigsaw puzzle mind.,B,"Feedback: Both metaphors attempt to convey the destructive impact of alcohol on mental clarity, but they differ in their approach and effectiveness. Response A uses a storm as a metaphor, which is vivid and aligns with the idea of destruction, but it focuses more on the emotional turmoil rather than the cognitive impairment caused by alcohol. Response B, on the other hand, employs the imagery of a ""jigsaw puzzle mind"" being ""jammed"" by poison, which more directly and creatively captures the concept of alcohol disrupting clear thinking. The jigsaw puzzle metaphor is highly imaginative and coherent, clearly illustrating the fragmentation of thought processes. While both responses are somewhat effective, Response B more closely aligns with the implicit meaning and uses more precise and original imagery. [RESULT] B"
The world was a richly woven tapestry of stories.,life is a moving kaleidoscope.,B,"Feedback: Both metaphors attempt to capture the idea of constant change, but they differ in their approach and alignment with the implicit meaning. Response A, ""The world was a richly woven tapestry of stories,"" emphasizes complexity and interconnectedness, which is more about the richness and layering of experiences rather than the dynamic, ever-changing nature implied by the chameleon metaphor. The imagery is vivid and coherent but does not directly convey the concept of constant adaptation. Response B, ""Life is a moving kaleidoscope,"" more closely aligns with the implicit meaning by suggesting continuous change and transformation, much like a kaleidoscope shifts patterns. The imagery is vivid and effectively captures the dynamic nature of time. While both metaphors are imaginative, Response B better reflects the intended concept of constant change and adaptation. [RESULT] B"
Nature was a canvas of the soul's deepest dreams.,she was a boundless sea of love and care.,B,"Feedback: Both metaphors attempt to convey a sense of depth and continuity, but they diverge in their alignment with the implicit meaning of ""warmth and continuous flow of love."" Response A, ""Nature was a canvas of the soul's deepest dreams,"" uses vivid imagery but focuses more on the soul's dreams rather than the warmth and flow of love, making it less directly aligned with the implicit meaning. Response B, ""she was a boundless sea of love and care,"" directly captures the continuous flow and boundless nature of love, aligning closely with the warmth and care implied. While both are imaginative, Response B more accurately and vividly conveys the intended concept. [RESULT] B"
Justice was a perpetual runner on a winding track.,a broken compass.,B,"Feedback: Response A, ""Justice was a perpetual runner on a winding track,"" does not align well with the implicit meaning of a fundamentally mismatched or incompatible situation. The imagery of a perpetual runner on a winding track suggests endurance and continuous effort rather than incompatibility. Response B, ""a broken compass,"" more closely captures the implicit meaning, as a broken compass symbolizes a lack of direction or alignment, which aligns with the idea of being fundamentally mismatched or incompatible. While the imagery in Response B is straightforward and not highly imaginative, it effectively conveys the intended concept. Response A fails to reflect the intended meaning, making Response B the better choice. [RESULT] B"
Her mind was a maze of tangled thoughts.,she was in a deep well of thought.,A,"Feedback: Both metaphors attempt to convey the overwhelming nature of continuous thoughts, but they differ in their imagery and alignment with the implicit meaning. Response A, ""Her mind was a maze of tangled thoughts,"" effectively captures the complexity and confusion of overwhelming thoughts, aligning well with the implicit meaning. The maze imagery is vivid and coherent, suggesting a sense of being lost in one's own mind. Response B, ""she was in a deep well of thought,"" conveys depth and immersion in thought but lacks the complexity and confusion implied in the implicit meaning. The well imagery is somewhat vivid but doesn't fully capture the continuous stream aspect as effectively as the maze. Response A is more imaginative and aligns more closely with the intended concept. [RESULT] A"
A mountain climber conquered the rugged terrain.,he devoured the book in one swift bite.,B,"Feedback: Response A, ""A mountain climber conquered the rugged terrain,"" does not align with the implicit meaning of quick, fluid eye movement while reading. The imagery of climbing a mountain suggests effort and struggle, which contradicts the fluidity and ease implied in the reference. Response B, ""he devoured the book in one swift bite,"" better captures the idea of rapid and seamless engagement with the text, though it uses the metaphor of eating rather than eye movement. While neither metaphor perfectly aligns with the implicit meaning, Response B is closer in conveying speed and fluidity, albeit through a different action. [RESULT] B"
Her compass stays true in life's turbulent seas.,a compass for her soul.,A,"Feedback: Both metaphors attempt to convey the idea of maintaining ethical standards through self-reflection, but they differ in their approach and effectiveness. Response A, ""Her compass stays true in life's turbulent seas,"" uses a vivid and coherent image of a compass guiding through chaos, which aligns well with the implicit meaning of constant self-reflection in challenging situations. The imagery is clear and imaginative, capturing both the struggle and the steadfastness required. Response B, ""a compass for her soul,"" is more concise but less vivid and lacks the context of navigating through difficulties. It conveys the idea of guidance but misses the dynamic aspect of maintaining ethical standards in turbulent times. Response A better captures the implicit meaning with more vivid and coherent imagery. [RESULT] A"
A storm that destroys a house and breaks a bridge.,their argument was a wound that cut their friendship.,B,"Feedback: Both metaphors attempt to convey the idea of lasting damage, but they differ in their approach and effectiveness. Response A uses a storm to symbolize destruction, which is vivid and powerful, but it focuses on physical damage (house, bridge) rather than emotional or relational harm, making it less aligned with the implicit meaning of damaged relationships. Response B, on the other hand, directly links the argument to a wound, which is a clear and vivid metaphor for emotional pain and permanent damage to a friendship, closely aligning with the intended concept. While both responses use strong imagery, Response B is more coherent and accurate in conveying the implicit meaning. [RESULT] B"
She ran herself into a better situation.,a path of light cut through the darkness.,B,"Feedback: Neither Response A nor Response B effectively captures the implicit meaning of lightning being personified as an author writing its signature in the sky. Response A, ""She ran herself into a better situation,"" is unrelated to the imagery or concept of lightning and does not convey any sense of authorship or signature. Response B, ""a path of light cut through the darkness,"" partially aligns with the imagery of lightning as a bright force in the dark but fails to incorporate the personification or the idea of writing a signature. Both metaphors lack the imaginative and coherent connection to the implicit meaning, with Response B being slightly closer in terms of visual imagery but still falling short of the intended concept. [RESULT] B"
"Two rivers flowing together into a single, stronger sea.",two rivers merge into a powerful ocean.,A,"Feedback: Both metaphors effectively convey the implicit meaning of two separate entities becoming unified and stronger together, but they differ in their imagery and coherence. Response A uses the imagery of ""a single, stronger sea,"" which is vivid and aligns closely with the idea of unity and strength. Response B, while similar, uses ""a powerful ocean,"" which is also strong but slightly less specific in conveying the idea of a unified whole. Both responses are coherent, but Response A’s imagery of a ""single, stronger sea"" is more precise and imaginative in capturing the concept of unity. [RESULT] A"
Puzzle pieces on a shattered mirror.,they were a jumbled mess of thoughts and ideas.,A,"Feedback: Both metaphors attempt to convey the idea of disconnectedness, but they differ in their approach and effectiveness. Response A, ""Puzzle pieces on a shattered mirror,"" creates a vivid image of fragmentation and disarray, with the shattered mirror symbolizing the broken connections and the puzzle pieces representing isolated beliefs. This metaphor aligns closely with the implicit meaning, capturing both the isolation and the lack of coherence. Response B, ""they were a jumbled mess of thoughts and ideas,"" directly addresses the disorganization but lacks the visual depth and symbolic richness of Response A. While it conveys the idea of confusion, it does not as effectively capture the isolation and disconnection of beliefs. Response A is more imaginative and coherent, making it a clearer and more accurate representation of the implicit meaning. [RESULT] A"
"Her heart was a shattered, hollowed-out, empty space.",fear was a heavy chain on his mind.,B,"Feedback: Response A, while vivid and imaginative, does not closely align with the implicit meaning of fear paralyzing and preventing action. The imagery of a shattered, hollowed-out heart conveys emptiness and emotional devastation but fails to capture the restrictive and immobilizing nature of fear. Response B, on the other hand, effectively uses the metaphor of a heavy chain to represent fear, which aligns well with the idea of paralysis and restriction. The imagery is clear and coherent, directly conveying the intended concept. Although Response B's imagery is somewhat generic, it still manages to capture the essence of the implicit meaning more accurately than Response A. [RESULT] B"
Memories are a double-edged sword to wield.,"life is a game of musical chairs, where some win and others lose.",B,"Feedback: Response A, ""Memories are a double-edged sword to wield,"" does not directly address the implicit meaning of unequal distribution of success opportunities. It focuses on the dual nature of memories, which is unrelated to the concept of opportunity distribution. The imagery is somewhat vivid but fails to capture the intended idea. Response B, ""Life is a game of musical chairs, where some win and others lose,"" more closely aligns with the implicit meaning by illustrating a scenario where opportunities are limited and unevenly distributed, creating clear winners and losers. The imagery is vivid and coherent, effectively conveying the intended concept. While neither metaphor perfectly matches the implicit meaning, Response B is more relevant and imaginative in its representation. [RESULT] B"
A garden with diverse flowers and a symphony with many instruments.,she was a puzzle with many pieces all fitting together.,B,"Feedback: Both metaphors attempt to convey the idea of multiple aspects coexisting, but they differ in their approach and effectiveness. Response A uses a garden with diverse flowers and a symphony with many instruments, which captures the concept of variety and harmony but lacks a direct connection to the idea of personality traits within a single individual. The imagery is vivid and coherent but somewhat generic in relation to the implicit meaning. Response B, on the other hand, uses the metaphor of a puzzle with many pieces fitting together, which more directly aligns with the idea of multiple personality aspects coexisting within one person. The imagery is clear and imaginative, effectively conveying the intended concept. While both metaphors have merit, Response B more closely aligns with the implicit meaning and does so with more precision and creativity. [RESULT] B"
Time is a weight that slowly sets us free.,a seedling growing into a tree.,B,"Feedback: Response A, ""Time is a weight that slowly sets us free,"" captures the idea of time as a necessary element for growth but diverges from the implicit meaning of nurturing and development. The metaphor implies liberation rather than the process of cultivation, making it less aligned with the intended concept. Response B, ""a seedling growing into a tree,"" directly reflects the implicit meaning by vividly illustrating the process of nurturing and gradual development, aligning closely with the idea of ideas maturing over time. While both responses use imaginative imagery, Response B is more coherent and accurate in conveying the intended meaning. [RESULT] B"
She fought a monster that swallowed her resources.,"a problem that's a bottomless pit of time, money, and effort",B,"Feedback: Both responses aim to convey the implicit meaning of a consuming and destructive force, but they differ in their approach and effectiveness. Response A uses the imagery of a ""monster"" that ""swallows her resources,"" which is vivid and aligns well with the destructive aspect of the implicit meaning. However, it focuses more on the act of fighting the monster rather than the continuous and relentless nature of the consumption. Response B, on the other hand, describes the problem as a ""bottomless pit of time, money, and effort,"" which directly captures the idea of a force that drains everything around it without end. The imagery of a bottomless pit is highly vivid and coherent, effectively conveying the relentless and all-consuming nature of the force. While both responses are imaginative, Response B more closely aligns with the implicit meaning in terms of both imagery and the concept of continuous consumption. [RESULT] B"
"Aspirations are beacons that guide us, yet remain elusive.",groundbreaking ideas as a storm that disrupts calm waters.,B,"Feedback: Response A focuses on aspirations as guiding but elusive beacons, which emphasizes guidance and unattainability rather than disruption. This metaphor does not align with the implicit meaning of ""disruptive change that destroys established systems,"" as it lacks the element of destruction or upheaval. Response B, however, compares groundbreaking ideas to a storm disrupting calm waters, which vividly captures the concept of disruptive change and its impact on established systems. While both metaphors use coherent imagery, Response B more closely aligns with the implicit meaning due to its emphasis on disruption. Response A’s imagery is more about aspiration and distance, not destruction. [RESULT] B"
Balance was a high wire act every day.,his joy was a storm that grew stronger and more powerful.,B,"Feedback: Response A, ""Balance was a high wire act every day,"" does not align with the implicit meaning of a sudden and explosive increase in joy, as it conveys a sense of precariousness and tension rather than growth or intensity. Response B, ""his joy was a storm that grew stronger and more powerful,"" effectively captures the implicit meaning by using vivid and coherent imagery of a storm to represent the explosive and increasing nature of joy. While both metaphors are imaginative, Response B is more aligned with the intended concept and conveys it more clearly. [RESULT] B"
A once-vibrant tapestry now frayed and unraveling slowly.,they were on the brink of a toxic explosion.,B,"Feedback: Response A uses the imagery of a ""once-vibrant tapestry now frayed and unraveling slowly,"" which conveys a sense of gradual deterioration and loss of integrity, aligning moderately with the implicit meaning of an argument becoming destructive and intense. However, the metaphor lacks the immediacy and explosive nature of the implicit meaning, making it less vivid and impactful. Response B, ""on the brink of a toxic explosion,"" directly captures the intensity and destructive potential of the argument, using vivid and coherent imagery that closely aligns with the implicit meaning. While both responses reflect the concept of destruction, Response B is more imaginative and accurately conveys the sudden, intense nature of the argument. [RESULT] B"
"Failure was a catalyst for a brighter, wiser self.",resilience is a river of continuous flow.,A,"Feedback: Neither Response A nor Response B effectively captures the implicit meaning of ""The night is oppressive and constraining."" Response A focuses on personal growth from failure, which is unrelated to the oppressive nature of night. Response B describes resilience as a continuous flow, which also does not align with the intended concept. Both metaphors fail to convey the implicit meaning, but Response A uses more vivid and coherent imagery related to its own theme, albeit irrelevant. Response B’s imagery, while coherent, is generic and does not resonate with the intended idea. Neither metaphor meets the criteria, but Response A’s imagery is slightly more engaging, though still off-topic. [RESULT] A"
A chameleon in different social environments.,"she's a chameleon of emotions, changing colors with each situation.",B,"Feedback: Both responses use the chameleon metaphor, but they differ in their focus and alignment with the implicit meaning. Response A mentions a chameleon in different social environments, which hints at adaptability but lacks the internal conflict implied in the implicit meaning. Response B, however, explicitly ties the chameleon's color-changing ability to emotions and situations, more closely capturing the idea of competing personalities or thoughts within one's consciousness. While both metaphors are coherent, Response B is more vivid and imaginative in conveying the intended concept. [RESULT] B"
Human connections were a symphony of conflicting harmonies.,the puzzle pieces of life fit together with sharp edges.,B,"Feedback: Response A, ""Human connections were a symphony of conflicting harmonies,"" focuses on the complexity and interplay of relationships, emphasizing harmony amidst conflict, which does not align closely with the implicit meaning of reality becoming clear and well-defined. The imagery is vivid and imaginative but fails to capture the clarity and precision implied in the reference. Response B, ""the puzzle pieces of life fit together with sharp edges,"" directly conveys the idea of reality becoming clear and well-defined, as the sharp edges suggest precision and distinctness. While the imagery is clear and coherent, it lacks the depth and originality of Response A. Response B better aligns with the implicit meaning, though it is less imaginative. [RESULT] B"
"The human heart was a boundless, stormy sea.",a sinking ship was the project.,B,"Feedback: Both metaphors attempt to convey a sense of impending failure, but they differ significantly in their alignment with the implicit meaning of an ""inevitable downward movement towards disaster."" Response A, ""The human heart was a boundless, stormy sea,"" evokes imagery of chaos and turbulence but lacks the clear downward trajectory required by the implicit meaning. It is more about emotional turmoil than an inevitable decline. Response B, ""a sinking ship was the project,"" directly captures the idea of an unstoppable descent into failure, aligning closely with the implicit meaning. The imagery of a sinking ship is vivid and coherent, effectively conveying the intended concept. While Response A is imaginative, it does not meet the specific criteria as well as Response B. [RESULT] B"
Life is a map with unknown territories waiting.,she planted the seeds of success with her early actions.,B,"Feedback: Response A uses the metaphor of life as a map with unknown territories, which emphasizes exploration and uncertainty but does not directly address the influence of past events on the present and future. It lacks the connection to the implicit meaning and uses somewhat generic imagery. Response B, on the other hand, employs the metaphor of planting seeds of success, which clearly conveys the idea that past actions (planting seeds) have a direct impact on future outcomes (success), aligning closely with the implicit meaning. The imagery in Response B is more vivid and coherent, effectively capturing the intended concept. [RESULT] B"
Life was a patchwork quilt of moments stitched together.,responsibilities were a runaway train,B,"Feedback: Response A, ""Life was a patchwork quilt of moments stitched together,"" focuses on the accumulation and connection of moments, which does not align with the implicit meaning of rapidly declining moral standards. The imagery is coherent and vivid but fails to capture the intended concept. Response B, ""responsibilities were a runaway train,"" conveys a sense of uncontrollable and accelerating decline, which more closely aligns with the implicit meaning. The imagery is vivid and effectively suggests a loss of control, mirroring the rapid deterioration of moral standards. While neither metaphor perfectly captures the implicit meaning, Response B is more aligned and imaginative in conveying the intended concept. [RESULT] B"
"Life is a rugged, ever-changing mountain trail.",spring is a womb for new life.,B,"Feedback: Response A captures the idea of life's challenges and changes but does not directly convey the implicit meaning of nature as a gift-giver bringing renewal and rebirth. Its imagery is vivid and coherent but misaligned with the intended concept. Response B, on the other hand, directly links spring (a part of nature) with the idea of a womb, symbolizing renewal and rebirth, which closely aligns with the implicit meaning. The imagery in Response B is both vivid and imaginative, effectively conveying the intended concept. While both responses use strong imagery, Response B better captures the implicit meaning and is more imaginative in its representation. [RESULT] B"
The ocean of emotions holds secrets and storms.,they were shooting stars in the sky of ideas.,B,"Feedback: Response A uses the metaphor of an ""ocean of emotions"" to convey depth and complexity, but it focuses on secrets and storms, which aligns more with hidden or turbulent feelings rather than fleeting moments of inspiration. The imagery is vivid but does not capture the brilliance or transience of the implicit meaning. Response B, on the other hand, uses ""shooting stars in the sky of ideas,"" which directly evokes brilliance and fleetingness, aligning closely with the implicit meaning. The imagery is both vivid and coherent, effectively conveying the intended concept. While both metaphors are imaginative, Response B more accurately and clearly represents the original idea. [RESULT] B"
Forgiveness was the master key to her heart.,hope is the anchor that holds us steady.,B,"Feedback: Response A, ""Forgiveness was the master key to her heart,"" does not align with the implicit meaning of hope providing support during difficult times, as it focuses on forgiveness rather than hope. Its imagery is coherent but irrelevant to the intended concept. Response B, ""hope is the anchor that holds us steady,"" closely aligns with the implicit meaning by using the vivid and coherent imagery of an anchor to convey stability and support during challenging times. While both responses use clear imagery, only Response B effectively captures the intended concept. [RESULT] B"
She was a master key to every lock.,her anger was a storm that shook the room.,B,"Feedback: Response A, ""She was a master key to every lock,"" does not align closely with the implicit meaning of intense anger affecting others. The metaphor suggests versatility or universal access, which is unrelated to anger or its impact. The imagery is coherent but fails to capture the intended concept. Response B, ""her anger was a storm that shook the room,"" vividly and accurately conveys the implicit meaning by comparing anger to a storm, emphasizing its intensity and disruptive effect on others. The imagery is highly imaginative and coherent, aligning closely with the intended tone and meaning. [RESULT] B"
A master painter bringing vibrant colors to the canvas.,she's enduring a stormy sea of pain and hardship.,B,"Feedback: Response A, while vivid and imaginative, focuses on creation and positivity, which does not align with the implicit meaning of struggling against overwhelming negative circumstances. It conveys a sense of mastery and control rather than struggle. Response B, on the other hand, uses the imagery of a stormy sea to vividly depict enduring pain and hardship, closely aligning with the implicit meaning. The metaphor in Response B is more coherent and directly reflects the intended concept of battling against adverse conditions. [RESULT] B"
People are sculptors of their own character.,she tended to her mind like a gardener tends a garden.,B,"Feedback: Response A, ""People are sculptors of their own character,"" captures the idea of shaping and forming one's identity, which aligns with the implicit meaning of careful selection and precision. However, it lacks the vivid imagery and specific actions (like tending, selecting, and displaying) that directly reflect the implicit meaning. Response B, ""she tended to her mind like a gardener tends a garden,"" more closely aligns with the implicit meaning by vividly portraying the act of carefully selecting, nurturing, and displaying thoughts with precision and value, much like a gardener tends to plants. The imagery in Response B is more coherent and imaginative, effectively conveying the intended concept. [RESULT] B"
"The ocean of emotions is a turbulent, unpredictable sea.",the answer lies in the depths of the ocean.,B,"Feedback: Response A focuses on the turbulent and unpredictable nature of emotions, which does not directly capture the implicit meaning of ""hidden potential and unexplored opportunities."" While it uses vivid imagery, it emphasizes chaos rather than potential. Response B, on the other hand, directly links the ocean's depths to hidden answers, aligning more closely with the implicit meaning. However, its imagery is less vivid and more generic compared to Response A. Both responses have their strengths, but Response B better conveys the intended concept of hidden potential, albeit with less imaginative imagery. [RESULT] B"
"She was a masterpiece of diverse, beautiful brushstrokes.",she is a symphony of thoughts and ideas in harmony.,B,"Feedback: Both metaphors attempt to capture the essence of complex and active mental activity, but they differ in their approach and effectiveness. Response A uses the imagery of a ""masterpiece of diverse, beautiful brushstrokes,"" which conveys complexity and beauty but leans more toward static artistry rather than dynamic mental activity. Response B, on the other hand, employs the metaphor of a ""symphony of thoughts and ideas in harmony,"" which more vividly and coherently represents the active, harmonious interplay of mental processes. While both metaphors are imaginative, Response B aligns more closely with the implicit meaning by emphasizing the dynamic and harmonious nature of complex mental activity. Response A, though beautiful, is slightly less aligned with the intended concept. [RESULT] B"
"They've climbed the mountain, but the real climb begins now.","she's halfway up the mountain, still climbing.",A,"Feedback: Both responses attempt to convey the implicit meaning of initial progress with greater challenges ahead, but they differ in their approach and effectiveness. Response A uses the metaphor of having ""climbed the mountain"" to suggest that a significant milestone has been reached, but it shifts the focus to the ""real climb"" beginning now, which aligns well with the idea that bigger challenges remain. The imagery is vivid and coherent, effectively conveying the intended concept. Response B, on the other hand, focuses on being ""halfway up the mountain, still climbing,"" which directly implies ongoing effort but lacks the clear distinction between initial progress and the remaining challenges. While it captures the idea of continued effort, it is less vivid and less imaginative compared to Response A. Response A better captures the implicit meaning with more clarity and imaginative imagery. [RESULT] A"
A ripple that spread far and wide.,the theory was a light that shone brightly across the sea of skepticism.,B,"Feedback: Both metaphors aim to convey the idea of something spreading or gaining acceptance, but they differ in their imagery and alignment with the implicit meaning. Response A, ""a ripple that spread far and wide,"" captures the concept of growth and spread but lacks the vividness and specificity needed to fully align with the idea of a theory becoming widely accepted. It is more generic and less imaginative. Response B, ""the theory was a light that shone brightly across the sea of skepticism,"" uses more vivid and coherent imagery, effectively conveying the idea of a theory overcoming doubt and gaining acceptance. The metaphor of light shining across a sea of skepticism is highly imaginative and aligns closely with the implicit meaning, making it a clearer and more accurate representation. [RESULT] B"
Time is a river that sweeps everything away.,"life is a canvas, painted by the colors of our experiences.",B,"Feedback: Response A, ""Time is a river that sweeps everything away,"" focuses on the transient and overwhelming nature of time, emphasizing its power to carry away all things. While it conveys a sense of inevitability and movement, it does not align closely with the implicit meaning of life bringing vibrancy and meaning to an otherwise empty existence. The imagery is vivid and coherent but fails to capture the intended concept of life's enriching and colorful nature. Response B, ""Life is a canvas, painted by the colors of our experiences,"" directly aligns with the implicit meaning by portraying life as a medium for creating meaning and beauty through experiences. The metaphor is highly imaginative, vivid, and coherent, effectively conveying the idea that life is enriched by the diversity and depth of our experiences. Response B better captures the intended concept with clearer and more accurate imagery. [RESULT] B"
She was a phoenix rising from the ashes.,she was a puzzle that reading completed.,B,"Feedback: Response A (""She was a phoenix rising from the ashes"") uses vivid and imaginative imagery but does not align closely with the implicit meaning of ""Knowledge is food for the brain."" The metaphor of a phoenix symbolizes rebirth or resilience, which is unrelated to the concept of knowledge nourishing the brain. Response B (""she was a puzzle that reading completed"") also fails to capture the implicit meaning, as it suggests that reading completes or solves a person, which is more about fulfillment than nourishment. However, Response B is slightly closer to the idea of knowledge being essential or completing something, though it remains a weak connection. Both metaphors lack coherence with the intended concept, but Response B has a marginally clearer, albeit still indirect, relation to the idea of knowledge being beneficial. [RESULT] B"
The book was a dusty attic full of hidden gems.,her ideas were a treasure trove of mental stimulation.,B,"Feedback: Both metaphors aim to convey abundance and value, but they differ in their approach and alignment with the implicit meaning of ""intellectually nourishing and abundant."" Response A, ""The book was a dusty attic full of hidden gems,"" uses the imagery of a dusty attic, which suggests neglect or underappreciation, potentially detracting from the idea of intellectual nourishment. While it captures the concept of hidden value, the dusty attic imagery is less vivid and coherent in conveying the nourishing aspect. Response B, ""her ideas were a treasure trove of mental stimulation,"" directly aligns with the implicit meaning by emphasizing abundance and intellectual richness through the vivid and coherent imagery of a treasure trove, which inherently suggests valuable and stimulating content. Response B more effectively captures the intended concept with clearer and more imaginative imagery. [RESULT] B"
"The path to wisdom is a winding, endless staircase.",money flows like water through economic channels.,B,"Feedback: Response A, ""The path to wisdom is a winding, endless staircase,"" does not align with the implicit meaning of wealth accumulation and transfer, as it focuses on a personal journey rather than economic processes. Its imagery is vivid and coherent but fails to capture the intended concept. Response B, ""money flows like water through economic channels,"" closely aligns with the implicit meaning by comparing the movement of money to the flow of water, mirroring the transfer and accumulation of wealth like heat through conductors. The imagery is clear and directly relates to the economic context. Response B is more accurate and imaginative in representing the original idea. [RESULT] B"
They lit a fire that fueled the team's spirit.,their achievement lit a fire under the team's confidence.,A,"Feedback: Both responses aim to convey the implicit meaning of success revitalizing and energizing the team, but they differ in their approach and effectiveness. Response A uses the metaphor of ""lighting a fire that fueled the team's spirit,"" which directly aligns with the idea of revitalization and energy, creating a vivid and coherent image of the team's spirit being ignited. Response B, on the other hand, focuses on ""lighting a fire under the team's confidence,"" which also conveys energy but is slightly less direct in capturing the broader revitalization of the team's spirit. While both metaphors are imaginative and coherent, Response A more closely aligns with the implicit meaning by directly addressing the team's spirit, making it a clearer and more accurate representation. [RESULT] A"
"Technology was a constantly shifting, endless, and winding maze.",their affection was a shield of safety and peace.,B,"Feedback: Response A, which describes technology as a ""constantly shifting, endless, and winding maze,"" does not align with the implicit meaning of ""warm comfort and protection."" Its imagery, while vivid and coherent, conveys complexity and uncertainty rather than the intended sense of safety and solace. Response B, on the other hand, directly captures the implicit meaning by comparing affection to a ""shield of safety and peace,"" using clear and evocative imagery that aligns closely with the concept of protection and comfort. Response B is more imaginative and accurate in representing the original idea. [RESULT] B"
A conductor leading a symphony of emotions.,she juggles life's demands with ease and skill.,A,"Feedback: Both metaphors attempt to convey the idea of managing multiple challenges with skill, but they differ in their approach and alignment with the implicit meaning. Response A, ""A conductor leading a symphony of emotions,"" captures the concept of skillfully maintaining balance through the imagery of a conductor orchestrating emotions, which aligns well with the implicit meaning. The metaphor is vivid and coherent, effectively conveying the idea of managing emotional challenges with precision and control. Response B, ""she juggles life's demands with ease and skill,"" also reflects the idea of managing multiple challenges but focuses more on the physical act of juggling rather than the emotional aspect. While it is a common metaphor for balancing tasks, it lacks the depth and emotional resonance of Response A. Response A better captures the implicit meaning with more vivid and imaginative imagery. [RESULT] A"
"The city was a vibrant, pulsing heartbeat.",she is a time bank.,B,"Feedback: Response A, ""The city was a vibrant, pulsing heartbeat,"" does not align with the implicit meaning of treating time as money that can be saved and stored. Its imagery is vivid but unrelated to the concept of time as a resource. Response B, ""she is a time bank,"" directly captures the implicit meaning by using the metaphor of a bank to convey the idea of storing and saving time, making it a clear and accurate representation. Response B is more imaginative and coherent in relation to the intended concept compared to Response A. [RESULT] B"
Life was a turbulent ocean of constant change.,he scaled the building from ground to sky.,B,"Feedback: Response A, ""Life was a turbulent ocean of constant change,"" focuses on the idea of constant flux and unpredictability, which does not align with the implicit meaning of looking upward gradually from bottom to top. The imagery of a turbulent ocean is vivid but fails to capture the vertical progression implied in the reference. Response B, ""he scaled the building from ground to sky,"" directly conveys the act of moving upward in a gradual, step-by-step manner, aligning closely with the implicit meaning. The imagery of scaling a building is coherent and effectively represents the intended concept of vertical ascent. While both responses use vivid imagery, Response B is more accurate and imaginative in capturing the implicit meaning. [RESULT] B"
A pulsating heartbeat that infects the entire city.,a boxing ring,B,"Feedback: Response A, ""A pulsating heartbeat that infects the entire city,"" captures the intensity and spread of the exchange but lacks the hostility and direct conflict implied in the meaning. The imagery is vivid and imaginative, yet it leans more toward a unifying or overwhelming force rather than a confrontational one. Response B, ""a boxing ring,"" directly conveys the hostile and intense nature of the exchange, as it inherently involves conflict and opposition. However, it lacks the vividness and imaginative depth of Response A, relying on a more straightforward and common metaphor. Both responses partially align with the implicit meaning, but Response B more accurately captures the hostile and confrontational aspect, while Response A excels in vividness and imaginative quality. [RESULT] B"
Time is a calendar turning the pages of our lives.,life's journey is a river of time.,B,"Feedback: Both metaphors attempt to capture the concept of time's relentless nature, but they differ in their approach and effectiveness. Response A, ""Time is a calendar turning the pages of our lives,"" focuses on the passage of time as a structured, measurable process, which aligns with the idea of time's inevitability but lacks the urgency and inescapable quality of the implicit meaning. The imagery is coherent but somewhat static and fails to convey the relentless pursuit aspect. Response B, ""Life's journey is a river of time,"" introduces a more dynamic and vivid image, emphasizing the continuous, unstoppable flow of time, which better captures the implicit meaning of time as a relentless pursuer. The river metaphor effectively conveys the idea that time is always moving forward, carrying us along whether we like it or not. While both responses have merit, Response B more closely aligns with the implicit meaning due to its more vivid and dynamic imagery. [RESULT] B"
A community is a safe haven where members find security.,progress is a journey that requires effort and determination.,A,"Feedback: Neither Response A nor Response B effectively captures the implicit meaning of ""Communication connects people's thoughts across distance and separation."" Response A focuses on the concept of a community as a safe haven, which is unrelated to communication or connection across distances. Response B discusses progress as a journey requiring effort, which also does not align with the implicit meaning. Both metaphors fail to convey the intended concept of communication bridging gaps. In terms of imagery, Response A is somewhat vivid in describing a safe haven, while Response B uses a common journey metaphor, neither of which relates to the implicit meaning. Response A and Response B share the issue of being completely misaligned with the implicit meaning, but Response A’s imagery is slightly more coherent and vivid, albeit irrelevant. [RESULT] A"
Time is a river with shifting currents.,our decisions are at the crossroads of destiny.,A,"Feedback: Response A, ""Time is a river with shifting currents,"" captures the implicit meaning of facing a dangerous or critical situation by emphasizing the unpredictable and ever-changing nature of time, which requires careful navigation. The imagery of a river with shifting currents is vivid and coherent, aligning well with the idea of handling a critical situation. Response B, ""our decisions are at the crossroads of destiny,"" while imaginative, focuses more on the impact of choices rather than the immediate danger or critical nature of the situation. It conveys a sense of consequence but lacks the direct imagery of navigating through peril. Response A more closely aligns with the implicit meaning and uses more vivid and coherent imagery to convey the intended concept. [RESULT] A"
Life's river flows smoothly only when its currents shift.,the problem was the core of an onion.,B,"Feedback: Response A uses the metaphor of a river's currents to suggest that life flows smoothly when changes occur, but it does not directly capture the idea of multiple actions revolving around one main problem. The imagery is coherent and vivid but misaligned with the implicit meaning. Response B, on the other hand, compares a problem to the core of an onion, implying layers of issues surrounding a central core, which aligns more closely with the implicit meaning. However, the imagery is less vivid and imaginative compared to Response A. Both responses have their strengths, but Response B better captures the intended concept, albeit with less striking imagery. [RESULT] B"
A tree bends but doesn't break in storms.,a mysterious fog,B,"Feedback: Response A, ""A tree bends but doesn't break in storms,"" conveys resilience and adaptability, which does not align with the implicit meaning of something being difficult to understand or solve due to unclear circumstances. The imagery is vivid and coherent but fails to capture the intended concept. Response B, ""a mysterious fog,"" directly aligns with the implicit meaning by evoking the idea of obscurity and uncertainty, making it a clearer and more accurate representation. While both responses use coherent imagery, Response B is more imaginative and closely reflects the intended meaning. [RESULT] B"
A spark ignited a fire that changed the world.,a conductor orchestrating multiple symphonies at once.,B,"Feedback: Response A, ""A spark ignited a fire that changed the world,"" focuses on a singular transformative event, which does not align well with the implicit meaning of managing multiple tasks simultaneously. Its imagery is vivid but lacks the element of multitasking. Response B, ""a conductor orchestrating multiple symphonies at once,"" directly captures the idea of handling multiple tasks with skill, using vivid and coherent imagery that aligns closely with the implicit meaning. While Response A is imaginative, it fails to reflect the core concept of multitasking. Response B, however, effectively conveys the intended meaning with clarity and creativity. [RESULT] B"
Trying to grasp the whole was like holding a handful of sand.,she tackled the project one piece at a time.,A,"Feedback: Response A uses the metaphor of holding a handful of sand to convey the overwhelming nature of the project, effectively capturing the implicit meaning by emphasizing the difficulty of grasping the whole at once. The imagery is vivid and coherent, aligning closely with the intended concept. Response B, while describing a methodical approach to tackling the project, does not directly convey the overwhelming aspect or the difficulty of handling it in one attempt. It lacks the imaginative and vivid imagery that Response A provides. Therefore, Response A better aligns with the implicit meaning and the evaluation criteria. [RESULT] A"
The book is a map of her life.,her shopping habit was a bottomless pit of consumerism.,B,"Feedback: Response A (""The book is a map of her life"") does not align with the implicit meaning of excessive and unhealthy shopping behavior, as it focuses on a book mapping a life journey, which is unrelated to consumerism. Response B (""her shopping habit was a bottomless pit of consumerism"") directly and vividly captures the implicit meaning by using the imagery of a ""bottomless pit"" to convey the endless and uncontrollable nature of her shopping behavior. While both responses use metaphors, only Response B effectively aligns with the intended concept, providing clear and imaginative imagery that reflects the unhealthy aspect of the shopping habit. Response A fails to address the implicit meaning entirely. [RESULT] B"
a mountain that stands tall,an anchor,A,"Feedback: Response A, ""a mountain that stands tall,"" captures the enduring aspect of the implicit meaning well, as mountains are often associated with permanence and strength. However, it lacks the brightness or radiant quality implied in ""enduring and bright love."" Response B, ""an anchor,"" symbolizes stability and steadfastness, aligning with the enduring aspect but similarly fails to convey the brightness or radiant quality. Both metaphors partially reflect the enduring nature but neither fully captures the ""bright"" element of the implicit meaning. Response A uses more vivid and coherent imagery compared to the more functional and less imaginative anchor metaphor. [RESULT] A"
"A knot of emotions, hard to untangle.",his ideas are rough diamonds in the rough.,B,"Feedback: Response A, ""A knot of emotions, hard to untangle,"" focuses on complexity and difficulty rather than potential value, missing the core idea of unpolished potential. Its imagery is coherent but misaligned with the implicit meaning. Response B, ""his ideas are rough diamonds in the rough,"" directly captures the concept of valuable yet unrefined potential with vivid and fitting imagery. While both responses use metaphors, Response B aligns more closely with the intended meaning and employs more imaginative and accurate language. [RESULT] B"
The city is a potent love potion.,a flame burning bright in the darkness.,B,"Feedback: Response A, ""The city is a potent love potion,"" does not align closely with the implicit meaning of restlessness or anxiety causing sleeplessness. The imagery of a love potion suggests attraction or enchantment, which is unrelated to the intended concept. Response B, ""a flame burning bright in the darkness,"" better captures the idea of restlessness or anxiety, as the vivid imagery of a persistent flame can symbolize an unrelenting, disruptive presence that prevents sleep. While neither metaphor perfectly aligns with the implicit meaning, Response B is more imaginative and coherent in conveying a sense of ongoing disturbance. [RESULT] B"
The city was a rich tapestry of diverse threads.,her love was a warm blanket that wrapped everyone in comfort.,B,"Feedback: Response A, ""The city was a rich tapestry of diverse threads,"" focuses on diversity and complexity, which does not align with the implicit meaning of warm and nurturing love spreading outward. The imagery is coherent but fails to capture the intended concept. Response B, ""her love was a warm blanket that wrapped everyone in comfort,"" directly conveys the idea of nurturing love spreading outward, using vivid and appropriate imagery of a warm blanket. While both responses use metaphors, Response B more closely aligns with the implicit meaning and effectively conveys the intended concept with clear and imaginative imagery. [RESULT] B"
Life is a delicate web of interconnected lives.,depression was a heavy anchor that held her back.,B,"Feedback: Response A, ""Life is a delicate web of interconnected lives,"" does not align with the implicit meaning of depression acting as an invisible weight that prevents progress. It focuses on the interconnectedness of life rather than the burden of depression, making it irrelevant to the intended concept. Response B, ""depression was a heavy anchor that held her back,"" closely captures the implicit meaning by using the vivid imagery of a heavy anchor to represent the weight and hindrance of depression. The metaphor in Response B is both clear and imaginative, effectively conveying the intended idea. [RESULT] B"
States are threads in the fabric of freedom.,communities are the cells of freedom's living organism.,B,"Feedback: Both metaphors aim to capture the implicit meaning of states coexisting within the broader concept of freedom, but they differ in their approach and effectiveness. Response A, ""States are threads in the fabric of freedom,"" uses the imagery of a fabric, which conveys the idea of interconnectedness and the essential role of each state in maintaining the whole. However, the metaphor is somewhat static and lacks the dynamism of living entities. Response B, ""Communities are the cells of freedom's living organism,"" introduces a biological analogy, emphasizing the vitality and interdependence of communities within the concept of freedom. This metaphor is more vivid and imaginative, as it suggests growth, adaptability, and the organic nature of freedom. While both metaphors align with the implicit meaning, Response B excels in creating a more dynamic and coherent imagery that better conveys the intended concept. [RESULT] B"
The city's heartbeat pulses with diverse cultural rhythm.,"his speech was whiskey-soaked, slurred and barely intelligible.",B,"Feedback: Response A does not align with the implicit meaning of ""drunken, slurred speech,"" as it describes a city's cultural vibrancy rather than impaired communication. Its imagery is vivid but entirely unrelated to the intended concept. Response B, however, directly captures the implicit meaning by using ""whiskey-soaked"" and ""slurred"" to vividly and coherently portray drunken speech. While Response B’s imagery is straightforward and lacks originality, it effectively conveys the intended idea. Response A fails to reflect the meaning at all, making Response B the better choice despite its lack of imaginative depth. [RESULT] B"
Forgiveness was a river that flowed over the past.,her heart is a balanced scale.,B,"Feedback: Response A uses the metaphor of a river flowing over the past to represent forgiveness, which is imaginative and vivid but does not align closely with the implicit meaning of balancing emotions between extremes. It focuses more on the idea of moving past something rather than equilibrium. Response B, on the other hand, directly employs the imagery of a balanced scale to represent her heart, which closely aligns with the implicit meaning of emotional balance between extremes. The imagery in Response B is clear, coherent, and effectively conveys the intended concept. While both responses are imaginative, Response B better captures the implicit meaning with more relevant and precise imagery. [RESULT] B"
Passion is a flame that fuels the creative fire.,her eyes were the camera of her body.,B,"Feedback: Response A, ""Passion is a flame that fuels the creative fire,"" does not align with the implicit meaning of vision collecting and containing visual information like a container. It focuses on passion and creativity rather than vision, making it irrelevant to the intended concept. Response B, ""her eyes were the camera of her body,"" aligns more closely with the implicit meaning by comparing eyes to a camera, which captures and stores visual information, effectively mirroring the idea of vision as a container. While Response B uses a common metaphor, it is coherent and directly relates to the intended concept. Response A fails to capture the implicit meaning entirely. [RESULT] B"
Her mind was a bottomless ocean of possibilities.,the team is a wellspring of endless innovative ideas.,B,"Feedback: Both metaphors aim to convey the idea of continuous and abundant creative output, but they differ in their approach and effectiveness. Response A uses the imagery of a ""bottomless ocean of possibilities,"" which is vivid and aligns well with the implicit meaning by suggesting vast, unending potential. However, it focuses more on the individual's mind rather than a collective creative output. Response B, on the other hand, uses ""wellspring of endless innovative ideas,"" which directly emphasizes a continuous and abundant source of creativity, making it more aligned with the implicit meaning of a team's collective output. While both metaphors are imaginative, Response B is more precise in capturing the intended concept of a group's creative productivity. [RESULT] B"
"Learning is navigating an endless, winding, uncharted map.","she blossomed into a radiant, brilliant flower.",B,"Feedback: Response A, ""Learning is navigating an endless, winding, uncharted map,"" focuses on the journey and complexity of learning, which does not align with the implicit meaning of ""rising happiness and radiant joy."" The imagery is vivid and coherent but fails to capture the emotional and positive tone intended. Response B, ""she blossomed into a radiant, brilliant flower,"" directly conveys growth, beauty, and brilliance, closely aligning with the implicit meaning. The imagery is vivid and effectively represents the concept of radiant joy. While both responses use imaginative metaphors, Response B better captures the intended meaning and tone. [RESULT] B"
"Human emotions are a vast, shifting ocean.",she carries the weight of her ancestors in her genes.,B,"Feedback: Response A uses the metaphor of a ""vast, shifting ocean"" to describe human emotions, which captures the idea of change and depth but does not directly relate to the implicit meaning of personal traits being passed down like precious objects. The imagery is vivid and coherent but lacks alignment with the intended concept. Response B, on the other hand, directly addresses the passing down of traits by comparing them to carrying the weight of ancestors in one's genes, which closely aligns with the implicit meaning. The imagery in Response B is more specific and imaginative in conveying the intended idea. While both responses have strong imagery, Response B better captures the implicit meaning. [RESULT] B"
The machine was ready to tackle the puzzle.,she ran herself into a better situation.,A,"Feedback: Neither Response A nor Response B effectively captures the implicit meaning that ""academic debate is like combat."" Response A, ""The machine was ready to tackle the puzzle,"" uses imagery of problem-solving but lacks any connection to the adversarial or combative nature of academic debate. Response B, ""She ran herself into a better situation,"" implies self-improvement but does not convey the confrontational or strategic aspects of debate. Both metaphors fail to align with the intended concept of combat, with Response A being slightly more coherent in its imagery but still irrelevant to the implicit meaning. Response B is more confusing in its relation to the reference meaning. [RESULT] A"
Life is a tightrope between stability and chaos.,our brain is a filter that refines the world.,B,"Feedback: Response A, ""Life is a tightrope between stability and chaos,"" does not align with the implicit meaning of the brain selectively processing and filtering information. It focuses on the balance between stability and chaos in life, which is unrelated to the brain's filtering function. The imagery is vivid and coherent but fails to capture the intended concept. Response B, ""our brain is a filter that refines the world,"" directly aligns with the implicit meaning, clearly conveying the brain's role in selectively processing information. The metaphor is straightforward and lacks imaginative depth but effectively communicates the intended idea. Response B better meets the criteria by accurately reflecting the implicit meaning, though it scores lower on vividness and originality. [RESULT] B"
"The memories were a soft, warm blanket of love.",his social media habit is an itch he can't scratch.,B,"Feedback: Response A does not align with the implicit meaning as it describes memories as a comforting blanket, which is unrelated to social media dependency or addiction. Response B, however, captures the essence of the implicit meaning by comparing social media habit to an unscratchable itch, implying a compulsive and unsatisfying behavior akin to addiction. While the imagery in Response B is vivid and coherent, it does not fully convey the ""regular doses"" aspect of addiction. Nonetheless, Response B is a clearer and more imaginative representation of the original idea compared to Response A. [RESULT] B"
"Life's journey is a twisted, turning mountain trail.",he was a seed growing into a flower.,A,"Feedback: Response A captures the implicit meaning of continuous personal growth and development more effectively by using the imagery of a ""twisted, turning mountain trail,"" which conveys a sense of ongoing progress, challenges, and forward movement. The metaphor is vivid and coherent, aligning well with the idea of a journey that evolves over time. Response B, while imaginative, focuses on a single transformation (""a seed growing into a flower"") which, although symbolic of growth, lacks the continuous and dynamic aspect implied in the reference. It is more static and less aligned with the concept of flowing, continuous development. Response A's imagery is more vivid and closely matches the intended meaning, making it the better choice. [RESULT] A"
Life is a tapestry of intertwined threads of fate.,each chance is a seed that grows into many opportunities.,B,"Feedback: Response A, ""Life is a tapestry of intertwined threads of fate,"" uses a vivid and coherent image of a tapestry to represent life's complexity and interconnectedness, but it does not directly address the implicit meaning of opportunities arising when obstacles are removed. The metaphor is imaginative and aligns with the tone of complexity but lacks a clear connection to the concept of obstacles and opportunities. Response B, ""each chance is a seed that grows into many opportunities,"" directly aligns with the implicit meaning by comparing chances to seeds that grow into opportunities, effectively conveying the idea that opportunities emerge from initial chances when barriers are overcome. The imagery is clear and coherent, though slightly less imaginative than Response A. Response B better captures the intended concept and implicit meaning. [RESULT] B"
"The city was a vibrant, beating living heart.",his anger was a volcano about to erupt.,B,"Feedback: Response A, ""The city was a vibrant, beating living heart,"" does not align with the implicit meaning of ""building anger reaching a dangerous breaking point."" The imagery of a vibrant, living heart conveys vitality and energy, which is incongruent with the concept of anger. In contrast, Response B, ""his anger was a volcano about to erupt,"" effectively captures the implicit meaning by using vivid and coherent imagery of a volcano, which symbolizes pent-up anger reaching a critical point. The metaphor in Response B is highly imaginative and aligns closely with the intended meaning, while Response A fails to reflect the concept of anger. [RESULT] B"
She was a spark that ignited a fire.,a skilled navigator who can chart a course through complex waters.,B,"Feedback: Response A, ""She was a spark that ignited a fire,"" captures the idea of initiating and spreading influence, which loosely aligns with achieving mastery in logical thinking and problem-solving. However, the imagery is more about starting something rather than the sustained, methodical process of mastery. Response B, ""a skilled navigator who can chart a course through complex waters,"" directly conveys the concept of navigating through challenges with precision and expertise, closely aligning with the implicit meaning of logical thinking and problem-solving. While both metaphors use vivid imagery, Response B is more coherent and accurate in representing the intended concept. Response A is imaginative but less precise in its alignment. [RESULT] B"
Life is a river with multiple tributaries.,life is a highway with many exits.,A,"Feedback: Both metaphors attempt to convey the idea of life offering various paths and choices, but they differ in their imagery and alignment with the implicit meaning. Response A, ""Life is a river with multiple tributaries,"" uses a natural, flowing image that suggests a continuous journey with branching options, which aligns well with the concept of opportunities providing different directions. The river metaphor is vivid and coherent, capturing the fluidity and interconnectedness of life choices. Response B, ""Life is a highway with many exits,"" also conveys the idea of multiple paths but leans more toward a structured, linear journey. While it is clear and relatable, the highway metaphor is slightly less imaginative and vivid compared to the river, and it emphasizes discrete exits rather than a continuous flow of opportunities. Both metaphors reflect the implicit meaning, but Response A does so with more vivid and coherent imagery, making it a clearer and more imaginative representation. [RESULT] A"
Climbing a ladder with no end.,she navigated the problem with a map and compass.,B,"Feedback: Response A (""Climbing a ladder with no end"") captures the frustration and endless effort implied in the implicit meaning, but it lacks the nuance of careful, time-consuming problem-solving. The imagery is vivid and conveys a sense of futility, yet it does not explicitly highlight the methodical aspect of the situation. Response B (""She navigated the problem with a map and compass"") more accurately reflects the careful, time-consuming effort required, as it implies a deliberate and strategic approach. However, it lacks the emotional frustration and endless nature conveyed in Response A. Response B aligns more closely with the implicit meaning in terms of methodical effort, while Response A better captures the emotional frustration. Overall, Response B is more aligned with the criteria of conveying the intended concept accurately, though it is less imaginative than Response A. [RESULT] B"
A garden blooms in the cracks of perfection.,she was a seed that grew in the right direction.,A,"Feedback: Both metaphors attempt to convey the idea of growth and development under less-than-ideal conditions, but they differ in their approach and alignment with the implicit meaning. Response A, ""A garden blooms in the cracks of perfection,"" uses vivid imagery of a garden flourishing in unexpected places, subtly suggesting that creativity and growth can emerge even in the absence of strict control. This aligns well with the implicit meaning, emphasizing the value of nurturing freedom. However, the metaphor is somewhat abstract and may require more interpretation to grasp the intended concept fully. Response B, ""She was a seed that grew in the right direction,"" focuses on individual growth and direction but lacks the broader context of freedom versus control. It implies guidance rather than the unconstrained nurturing suggested in the implicit meaning. While both metaphors are imaginative, Response A more closely captures the essence of the implicit meaning by highlighting growth in the absence of perfection, making it a clearer and more accurate representation. [RESULT] A"
Life is a kaleidoscope turning without end.,life is a continuous river of change and evolution.,B,"Feedback: Both metaphors aim to capture the idea of constant change, but they differ in their imagery and alignment with the implicit meaning. Response A, ""Life is a kaleidoscope turning without end,"" uses the image of a kaleidoscope to represent change, emphasizing the endless shifting of patterns. While it conveys the idea of continuous transformation, the kaleidoscope metaphor is more focused on the visual rearrangement of elements rather than the deeper, evolutionary change implied in the implicit meaning. Response B, ""Life is a continuous river of change and evolution,"" directly aligns with the implicit meaning by using the river as a symbol of constant flow and progression, which better captures the concept of time transforming everything without pause. The river metaphor is more vivid and coherent in conveying the intended idea of evolution and change over time. [RESULT] B"
Time is a relentless river flowing through the ages.,time is a relentless river.,A,"Feedback: Both responses capture the relentless nature of time, but Response A enhances the imagery by adding ""flowing through the ages,"" which provides a broader, more vivid context that aligns closely with the implicit meaning of time consuming everything in its path. Response B, while concise, lacks the additional depth and coherence that Response A offers. Therefore, Response A is more imaginative and accurately conveys the intended concept. [RESULT] A"
The theory was a map with new territories discovered.,she ran herself into a better situation.,A,"Feedback: Response A uses a map metaphor to represent the discovery of new territories, which aligns with the idea of growth and change but lacks the organic, living aspect of the implicit meaning. It conveys expansion but not the dynamic, evolving nature of ideas as living organisms. Response B, while more dynamic, focuses on personal improvement rather than the growth of ideas, missing the core concept entirely. Neither fully captures the implicit meaning, but Response A is closer in terms of representing growth, albeit in a static, non-organic way. [RESULT] A"
"Her mind was a sharp, reliable compass always.",her humor was a balm for the soul.,B,"Feedback: Response A uses a compass as a metaphor, emphasizing reliability and direction, which aligns more with consistency and guidance rather than healing or humor. It fails to capture the implicit meaning of ""healing through humor and cleverness."" Response B, however, directly associates humor with a balm, a soothing agent, which vividly and coherently conveys the idea of healing through humor. While neither metaphor fully integrates ""cleverness,"" Response B is more aligned with the healing aspect of the implicit meaning. Response A’s imagery is sharp and clear but misaligned, while Response B’s imagery is vivid and directly relevant. [RESULT] B"
Actions are the fingerprints of the soul.,a new creation shines like a beacon in the night.,B,"Feedback: Response A (""Actions are the fingerprints of the soul"") focuses on individuality and permanence, which diverges from the implicit meaning of creative works providing guidance and inspiration. Its imagery is vivid but misaligned. Response B (""a new creation shines like a beacon in the night"") directly captures the idea of guidance and inspiration in uncertainty, using a clear and imaginative metaphor of a beacon illuminating darkness. While both responses use strong imagery, Response B aligns more closely with the implicit meaning and effectively conveys the intended concept. [RESULT] B"
He was a magnifying glass focusing on every flaw.,her happiness filled her heart with sunshine.,B,"Feedback: Response A, ""He was a magnifying glass focusing on every flaw,"" does not align with the implicit meaning of joy making people feel elevated and light. Instead, it conveys a negative, critical focus, which is entirely opposite to the intended concept. The imagery is clear but fails to capture the essence of the implicit meaning. Response B, ""her happiness filled her heart with sunshine,"" closely aligns with the implicit meaning by using vivid and coherent imagery that directly conveys the uplifting and light feeling associated with joy. The metaphor of sunshine effectively represents the elevation and lightness of joy. Response B is highly imaginative and accurately reflects the intended concept. [RESULT] B"
Failure was a wise and patient teacher.,she ran herself into a better situation.,A,"Feedback: Response A, ""Failure was a wise and patient teacher,"" aligns more closely with the implicit meaning of life being messy and requiring careful organization to overcome obstacles. It conveys the idea that failure provides valuable lessons, which implies a process of learning and improvement through organized effort. The imagery is coherent and vivid, effectively capturing the concept of growth through adversity. In contrast, Response B, ""she ran herself into a better situation,"" while suggesting improvement, lacks the depth and clarity of the implicit meaning. It does not explicitly convey the idea of careful organization or the messy nature of life, and the imagery is less vivid and imaginative. Therefore, Response A better captures the intended concept with clearer and more coherent imagery. [RESULT] A"
"Human connections were a richly woven, fragile fabric.",the market is a stormy sea.,B,"Feedback: Response A, ""Human connections were a richly woven, fragile fabric,"" does not align with the implicit meaning of economic conditions being unstable and chaotic. It focuses on the fragility and interconnectedness of human relationships, which is unrelated to economic instability. The imagery is vivid and coherent but fails to capture the intended concept. Response B, ""the market is a stormy sea,"" directly aligns with the implicit meaning by using the imagery of a stormy sea to convey instability and chaos, which are key aspects of economic conditions. The metaphor is vivid, coherent, and effectively captures the intended concept. Response B is a clearer, more accurate, and more imaginative representation of the original idea. [RESULT] B"
"The path to wisdom is a winding, endless staircase.",a strong property portfolio attracts investment like a magnet.,B,"Feedback: Response A, ""The path to wisdom is a winding, endless staircase,"" does not align with the implicit meaning about properties attracting investment. It uses vivid and coherent imagery but fails to capture the intended concept of properties having a powerful pull on money and investors. Response B, ""a strong property portfolio attracts investment like a magnet,"" directly aligns with the implicit meaning, using a clear and imaginative metaphor that effectively conveys the idea of properties magnetically drawing in investment. While both responses use coherent imagery, only Response B meets the criteria of accurately representing the original idea. [RESULT] B"
Time is a double-edged sword that cuts both ways.,"[your metaphor here, 10 words maximum]","Neither, as both responses fail to meet the criteria.","Feedback: Response A, ""Time is a double-edged sword that cuts both ways,"" does not align with the implicit meaning of pollution as a destructive force that spreads and damages society systematically. It lacks relevance and fails to convey the intended concept, scoring a 1. Response B is missing, so it cannot be evaluated. [RESULT] Neither, as both responses fail to meet the criteria."
Antibiotics are a fire extinguisher for bacterial infections.,a potent sword against bacterial foes.,A,"Feedback: Both metaphors aim to convey the implicit meaning of a powerful medical defense against disease, but they differ in their imagery and alignment with the intended concept. Response A, ""Antibiotics are a fire extinguisher for bacterial infections,"" effectively captures the idea of a rapid, targeted intervention to combat a specific threat, aligning well with the implicit meaning. The imagery is clear and coherent, though somewhat conventional. Response B, ""a potent sword against bacterial foes,"" also conveys power and effectiveness but introduces a more aggressive and less precise imagery, which slightly deviates from the medical context of defense. While both metaphors are coherent, Response A more accurately reflects the intended concept of a targeted and controlled defense mechanism. [RESULT] A"
"Home is a warm, comforting mother's embrace.",they were two hearts beating as one.,B,"Feedback: Response A uses a metaphor of a mother's embrace to convey warmth and comfort, which is vivid and coherent but does not align with the implicit meaning of two people sharing the same feelings. It focuses on a singular, nurturing presence rather than a mutual emotional connection. Response B, on the other hand, directly captures the implicit meaning by comparing two hearts beating as one, effectively conveying unity and shared emotional state. While both metaphors are vivid, Response B is more aligned with the intended concept and uses imagery that is both clear and imaginative. [RESULT] B"
They were losing faith in the foundation.,efforts were hindered by the weight of red tape.,B,"Feedback: Response A uses the metaphor of ""losing faith in the foundation,"" which loosely relates to the implicit meaning of losing control over enforcing rules or regulations, as it implies a general sense of instability or distrust. However, it lacks vivid imagery and does not directly convey the concept of bureaucratic hindrance or rule enforcement. Response B, on the other hand, employs the metaphor of ""efforts hindered by the weight of red tape,"" which more directly and vividly captures the implicit meaning by explicitly referencing bureaucratic obstacles that impede control over enforcing rules. While both metaphors touch on the idea of losing control, Response B is more imaginative, coherent, and aligned with the intended concept. [RESULT] B"
"Learning is a long, winding road uphill.",our relationship is a delicate flower that needs careful watering.,B,"Feedback: Response A, ""Learning is a long, winding road uphill,"" does not align with the implicit meaning of love being fragile and requiring gentle treatment. It focuses on the difficulty and persistence required for learning, which is unrelated to the fragility and care associated with love. The imagery is coherent but fails to capture the intended concept. Response B, ""Our relationship is a delicate flower that needs careful watering,"" closely aligns with the implicit meaning by emphasizing the fragility and need for gentle care in a relationship, using vivid and coherent imagery of a delicate flower. Response B effectively conveys the intended concept, while Response A does not. [RESULT] B"
He holds the keys to his own treasure chest.,he is the book of the information.,A,"Feedback: Response A (""He holds the keys to his own treasure chest"") better captures the implicit meaning of complete mastery and control over information. It uses vivid and coherent imagery of possessing the means to access valuable resources, which aligns closely with the concept of controlling information. In contrast, Response B (""he is the book of the information"") is less effective; while it suggests a connection to information, it lacks the imagery of control and mastery, instead implying that the person is merely a repository of information rather than its master. Response A is more imaginative and accurately conveys the intended concept. [RESULT] A"
Each minute is a grain in the sands of time.,minutes are the pages of our life's story.,B,"Feedback: Both metaphors attempt to convey the idea that time is small and insignificant in the grand scheme of life, but they differ in their approach and effectiveness. Response A, ""Each minute is a grain in the sands of time,"" uses the imagery of sand to represent time, which aligns well with the implicit meaning as it suggests that individual minutes are tiny and numerous, much like grains of sand. However, the metaphor is somewhat generic and lacks the vividness needed to fully capture the insignificance of time in a broader context. Response B, ""minutes are the pages of our life's story,"" introduces a more imaginative and coherent imagery by comparing minutes to pages in a book, implying that each minute is a small part of a larger narrative. This metaphor more effectively conveys the idea that time is insignificant in the grand scheme of life, as pages are easily turned and forgotten in the context of a whole book. While both metaphors align with the implicit meaning, Response B does so with more vivid and imaginative imagery. [RESULT] B"
Life is a never-ending chapter in the book of learning.,a compass aligns with the north star of market trends.,B,"Feedback: Response A, ""Life is a never-ending chapter in the book of learning,"" does not align with the implicit meaning of real estate values fluctuating rhythmically like sound waves in response to market forces. It focuses on personal growth and continuous learning, which is unrelated to market dynamics. Response B, ""a compass aligns with the north star of market trends,"" partially captures the idea of alignment with market forces but lacks the rhythmic fluctuation aspect of the implicit meaning. Neither metaphor fully conveys the intended concept, but Response B is closer in terms of aligning with market trends, albeit with less vivid imagery and without capturing the rhythmic nature. [RESULT] B"
The puzzle's most puzzling piece holds the key.,the solution is like a pearl hidden within the oyster of complexity.,B,"Feedback: Both metaphors aim to convey the idea that the answer is hidden within complexity, but they differ in their approach and effectiveness. Response A, ""The puzzle's most puzzling piece holds the key,"" directly links the puzzling nature of the piece to the solution, creating a clear and coherent image. However, it lacks the depth and vividness of Response B, which uses the metaphor of a ""pearl hidden within the oyster of complexity."" Response B not only captures the hidden nature of the solution but also adds a layer of richness and imagination by comparing the solution to a valuable pearl and the problem to an oyster, emphasizing the effort required to uncover it. While both metaphors align with the implicit meaning, Response B excels in vividness and imaginative representation, making it a clearer and more engaging metaphor. [RESULT] B"
A constant weight slowly drains the bucket.,it's a leaky bucket with a hole in it.,B,"Feedback: Both metaphors attempt to convey the concept of financial loss, but they differ in their approach and effectiveness. Response A, ""A constant weight slowly drains the bucket,"" uses the imagery of a weight causing gradual depletion, which somewhat aligns with the idea of financial loss over time. However, the metaphor lacks vividness and specificity, making it less imaginative and less directly tied to the implicit meaning of poor investment. Response B, ""it's a leaky bucket with a hole in it,"" more directly and vividly captures the idea of continuous loss due to a flaw (the hole), which better mirrors the concept of financial loss through poor investment. The imagery in Response B is clearer and more coherent, making it a more accurate and imaginative representation of the original idea. [RESULT] B"
Life is a canvas painted with every choice.,our choices are the brushstrokes of life's canvas.,B,"Feedback: Both responses aim to convey the implicit meaning of life's interconnected experiences forming a meaningful pattern, but they differ in their approach. Response A directly equates life to a canvas, emphasizing the role of choices in painting it, which aligns well with the implicit meaning but places the focus on life as the canvas rather than the process of creation. Response B, on the other hand, specifically highlights choices as the ""brushstrokes"" that shape life's canvas, more vividly and directly capturing the idea of interconnected experiences forming a larger pattern. While both are coherent and imaginative, Response B more accurately and vividly conveys the intended concept by explicitly linking choices to the creation of life's meaningful pattern. [RESULT] B"
Listening is a waltz of give and gentle take.,she poured her ideas into a masterpiece.,B,"Feedback: Response A, ""Listening is a waltz of give and gentle take,"" focuses on the interplay and balance in communication, which does not align with the implicit meaning of ideas becoming tangible through the creative process. The imagery is coherent and vivid but fails to capture the intended concept. Response B, ""she poured her ideas into a masterpiece,"" directly conveys the transformation of abstract ideas into a concrete, tangible creation, closely aligning with the implicit meaning. The imagery is clear and imaginative, effectively representing the creative process. While both responses use metaphors, Response B better meets the criteria by accurately reflecting the intended meaning with vivid and coherent imagery. [RESULT] B"
Happiness is a puzzle with constantly shifting pieces.,a new day is a blank canvas for endless opportunities.,B,"Feedback: Response A, ""Happiness is a puzzle with constantly shifting pieces,"" focuses on the dynamic and complex nature of happiness, which does not directly align with the implicit meaning of new opportunities and possibilities each day. The imagery is somewhat vivid but fails to capture the core idea of daily renewal and potential. Response B, ""a new day is a blank canvas for endless opportunities,"" directly and vividly conveys the implicit meaning by using the metaphor of a blank canvas to represent the fresh start and limitless possibilities each day brings. The imagery is clear, coherent, and highly imaginative, making it a more accurate and effective representation of the intended concept. [RESULT] B"
A sunburst of happiness that opens a portal.,he was walking on sunshine.,B,"Feedback: Both metaphors aim to capture the feeling of extreme happiness, but they differ in their approach and effectiveness. Response A, ""A sunburst of happiness that opens a portal,"" uses vivid imagery of a sunburst and a portal, which suggests a transformative and radiant experience. However, the idea of a portal might introduce an additional layer of complexity that slightly detracts from the direct feeling of weightlessness and elevation. Response B, ""He was walking on sunshine,"" directly conveys the sensation of being elevated and weightless, aligning closely with the implicit meaning. The imagery is straightforward, coherent, and widely recognized, making it more effective in capturing the intended concept. While both metaphors are imaginative, Response B is clearer and more directly aligned with the implicit meaning. [RESULT] B"
Nature is a mighty painter with two brushes.,emotions were a wild rollercoaster of ups and downs.,"Neither A nor B adequately meets the criteria, but if forced to choose, B is marginally closer due to its human-centric imagery. However, based on the given options and strict criteria, neither deserves a score above 2. [RESULT] B","Feedback: Neither Response A nor Response B effectively captures the implicit meaning of ""Laughter acts as medicine to relieve stress."" Response A, ""Nature is a mighty painter with two brushes,"" focuses on nature's creative and dualistic aspects, which are unrelated to the concept of laughter as a stress reliever. Response B, ""emotions were a wild rollercoaster of ups and downs,"" describes the variability of emotions but does not connect to the therapeutic role of laughter. Both metaphors fail to align with the intended meaning, and their imagery does not convey the concept of laughter as a form of relief. Response B is slightly more relatable to human experiences but still misses the mark. [RESULT] Neither A nor B adequately meets the criteria, but if forced to choose, B is marginally closer due to its human-centric imagery. However, based on the given options and strict criteria, neither deserves a score above 2. [RESULT] B"
Human experience is a tapestry of intertwined threads.,life is a tapestry woven with countless threads of memory.,B,"Feedback: Both metaphors effectively convey the implicit meaning that life is composed of numerous experiences and memories. However, Response B is more specific and vivid by explicitly mentioning ""threads of memory,"" which directly aligns with the accumulation of memories over time. Response A, while imaginative, is slightly more generic in its imagery, referring to ""intertwined threads"" without specifying their nature. Response B’s clarity and precision in capturing the intended concept make it the stronger choice. [RESULT] B"
Relationships are the mirrors that reflect a person's soul.,"they climbed a staircase of progress, one step at a time.",B,"Feedback: Response A, ""Relationships are the mirrors that reflect a person's soul,"" does not align with the implicit meaning of progress happening in sequential, distinct stages. It focuses on self-reflection and personal depth rather than the incremental nature of progress. The imagery is vivid and coherent but fails to capture the intended concept. Response B, ""they climbed a staircase of progress, one step at a time,"" directly aligns with the implicit meaning by using the staircase metaphor to represent sequential, distinct stages of progress. The imagery is clear, vivid, and effectively conveys the intended concept. Response B is a clearer, more accurate, and more imaginative representation of the original idea. [RESULT] B"
"Life is a dynamic, ever-changing dance performance.",the city streets are a pulsating living creature.,B,"Feedback: Both metaphors aim to capture the essence of constant movement and vibrancy, but they diverge in their focus and imagery. Response A, ""Life is a dynamic, ever-changing dance performance,"" emphasizes the fluidity and unpredictability of life, which aligns with the concept of movement but lacks the specific urban context of the implicit meaning. Response B, ""the city streets are a pulsating living creature,"" directly ties the imagery to urban activity, vividly portraying the streets as a living, breathing entity that mirrors the constant motion and energy of a city. While both metaphors are imaginative, Response B more closely aligns with the implicit meaning by explicitly connecting the imagery to urban life, making it a clearer and more accurate representation. [RESULT] B"
He was a sun breaking through dark clouds.,he soared to new heights of happiness.,A,"Feedback: Response A (""He was a sun breaking through dark clouds"") uses vivid imagery of light overcoming darkness, which effectively captures the feeling of elation and freedom by symbolizing a breakthrough from negativity. It aligns closely with the implicit meaning and conveys a clear, imaginative concept. Response B (""he soared to new heights of happiness"") directly mentions happiness and uses the metaphor of soaring, which reflects freedom but lacks the depth and vividness of Response A. While both responses convey the intended concept, Response A is more imaginative and coherent in its imagery. [RESULT] A"
He's walking on a tightrope over a shark tank.,he's walking on a tightrope without a safety net.,A,"Feedback: Both metaphors effectively convey the idea of navigating dangerous and unpredictable situations, aligning well with the implicit meaning. However, Response A introduces the vivid and specific imagery of a ""shark tank,"" which enhances the sense of immediate danger and unpredictability, making it more imaginative and aligned with the tone of the implicit meaning. Response B, while clear and coherent, uses the more generic concept of ""without a safety net,"" which, although accurate, lacks the same level of vividness and specificity. Therefore, Response A better captures the intended concept with more imaginative and vivid imagery. [RESULT] A"
A prism that refracts the light of truth.,the project was a garden that grew and bloomed over time.,B,"Feedback: Response A uses a prism to represent the refraction of truth, which is imaginative but does not directly capture the concept of continuous growth and regeneration. It focuses more on the dispersion of truth rather than the ongoing development of ideas. Response B, on the other hand, uses a garden as a metaphor, which aligns closely with the implicit meaning of ideas growing and blooming over time, effectively conveying the concept of continuous growth and regeneration. While both metaphors are imaginative, Response B is more coherent and vivid in representing the intended idea. [RESULT] B"
"Life is a mountain, ever climbing, ever ascending.",she was a passionate fire.,B,"Feedback: Response A, ""Life is a mountain, ever climbing, ever ascending,"" captures the idea of continuous effort and progress, but it does not directly convey the desperate eagerness to succeed. The imagery is coherent and vivid, but it lacks the urgency and intensity implied in the implicit meaning. Response B, ""she was a passionate fire,"" more closely aligns with the desperate eagerness to succeed, as fire conveys intensity, urgency, and consuming passion. While both metaphors use vivid imagery, Response B is more imaginative and directly reflects the intended concept. [RESULT] B"
Memories are a rich tapestry of intertwined stories.,"her net worth was a sturdy, intricately woven web of investments.",B,"Feedback: Neither Response A nor Response B directly aligns with the implicit meaning, which focuses on real estate properties as organized, structured investments with clear value. Response A uses a ""rich tapestry"" to describe memories, which is vivid but unrelated to the concept of structured investments. Response B describes ""net worth"" as a ""sturdy, intricately woven web of investments,"" which partially captures the idea of structured organization but does not specifically relate to real estate or the clarity of value like crystals. Both metaphors fail to convey the intended concept effectively. Response B is slightly closer due to its mention of structured investments, but neither meets the criteria well. [RESULT] B"
A path unwinding through the landscape of the mind.,her decisions were the stepping stones to her future.,B,"Feedback: Neither Response A nor Response B effectively captures the implicit meaning of material possessions restricting freedom. Response A, ""A path unwinding through the landscape of the mind,"" focuses on mental exploration and lacks any connection to material possessions or restriction. Response B, ""her decisions were the stepping stones to her future,"" emphasizes personal choices shaping the future, which is unrelated to the concept of material possessions tying one down. Both metaphors fail to align with the intended meaning, but Response B is slightly more coherent in its own context, though still irrelevant. [RESULT] B"
Listening is the foundation of any strong relationship.,life is a puzzle with a million moving pieces.,B,"Feedback: Response A does not align with the implicit meaning of ""problems that chaotically move and persist without resolution,"" as it focuses on the importance of listening in relationships rather than capturing the chaotic and unresolved nature of problems. Response B, on the other hand, uses the metaphor of ""life is a puzzle with a million moving pieces"" which better reflects the idea of numerous elements in constant motion and the complexity of unresolved issues. While neither metaphor perfectly captures the implicit meaning, Response B is closer in conveying the chaotic and multifaceted nature of persistent problems, though it lacks specificity about the unresolved aspect. Response A is entirely unrelated. [RESULT] B"
Education is a compass for social progress.,education is the foundation for a strong social structure.,B,"Feedback: Both metaphors aim to convey the implicit meaning that education is crucial for societal development, but they differ in their approach and imagery. Response A, ""Education is a compass for social progress,"" uses the metaphor of a compass to suggest guidance and direction, which aligns well with the idea of education providing essential support. However, it focuses more on the navigational aspect rather than the structural support implied in the implicit meaning. Response B, ""Education is the foundation for a strong social structure,"" directly addresses the concept of structural support, making it a more precise and vivid representation of the implicit meaning. While both are coherent, Response B more accurately captures the intended concept of education as a foundational element. [RESULT] B"
A scar that heals with time and love.,her smile bloomed like a flower in spring.,B,"Feedback: Response A, ""A scar that heals with time and love,"" focuses on a process of healing and permanence, which does not align with the implicit meaning of fleeting and uncontrollable joy. The imagery is coherent but fails to capture the transient nature of the intended concept. Response B, ""her smile bloomed like a flower in spring,"" effectively conveys the idea of something beautiful and temporary, aligning well with the implicit meaning. The imagery is vivid and imaginative, capturing the essence of fleeting joy. While both responses use coherent imagery, Response B more accurately and creatively represents the intended concept. [RESULT] B"
Life is a book with endless chapters to write.,she's a bird in a gilded cage.,B,"Feedback: Response A, ""Life is a book with endless chapters to write,"" does not align with the implicit meaning of material possessions being burdensome and restrictive. Instead, it conveys the idea of life's ongoing opportunities and potential, which is unrelated to the intended concept. The imagery is coherent but fails to capture the intended meaning. Response B, ""She's a bird in a gilded cage,"" directly reflects the implicit meaning by illustrating the restrictive nature of material possessions, symbolized by the gilded cage that confines the bird despite its beauty. The imagery is vivid and aligns closely with the intended concept. Response B is the clearer, more accurate, and more imaginative representation. [RESULT] B"
A warm flame that casts no shadows.,the workload is a snowball rolling down a hill.,B,"Feedback: Response A, ""a warm flame that casts no shadows,"" does not align with the implicit meaning of something growing increasingly out of control and becoming bigger over time. The imagery of a flame without shadows is coherent but fails to convey the concept of uncontrolled growth. In contrast, Response B, ""the workload is a snowball rolling down a hill,"" effectively captures the implicit meaning by using the vivid and coherent imagery of a snowball gaining size and speed as it rolls downhill, mirroring the idea of something growing out of control. Response B aligns closely with the intended meaning and uses imaginative imagery, while Response A does not reflect the intended concept. [RESULT] B"
Her dreams were a symphony that lifted the world.,a calm sea is a balanced ship.,B,"Feedback: Response A, ""Her dreams were a symphony that lifted the world,"" uses vivid and imaginative imagery of a symphony to convey elevation and inspiration, which loosely aligns with the concept of peace and balance in emotions. However, it emphasizes uplifting and grandeur rather than the calm and equilibrium directly implied by the implicit meaning. Response B, ""a calm sea is a balanced ship,"" directly and clearly captures the idea of peace and balance through the imagery of a calm sea and a stable ship, aligning closely with the intended meaning. While both metaphors use coherent imagery, Response B is more precise and accurate in reflecting the implicit meaning. [RESULT] B"
Healing was a garden that needed daily care.,a heavy weight on my shoulders.,B,"Feedback: Response A, ""Healing was a garden that needed daily care,"" focuses on the nurturing and ongoing effort required for healing, which does not align with the implicit meaning of a burden weighing someone down. The imagery is coherent and vivid but fails to capture the physical and mental weight of intoxication. Response B, ""a heavy weight on my shoulders,"" directly conveys the sensation of being burdened, both physically and mentally, which closely aligns with the implicit meaning. The imagery is clear and effectively communicates the intended concept, though it lacks the imaginative depth of a more elaborate metaphor. Response B better meets the criteria by accurately reflecting the implicit meaning with straightforward and relevant imagery. [RESULT] B"
Two pillars standing strong side by side.,two souls were bound by an unbreakable rope.,B,"Feedback: Both metaphors attempt to convey a connection between two entities, but they differ significantly in their approach and effectiveness. Response A, ""Two pillars standing strong side by side,"" emphasizes strength and stability, which aligns with physical proximity but lacks the emotional depth required by the implicit meaning. The imagery is coherent but somewhat generic and fails to capture the emotional connection. Response B, ""two souls were bound by an unbreakable rope,"" directly addresses the emotional bond and uses vivid, imaginative imagery to convey an unbreakable connection, closely aligning with the implicit meaning. While both responses have coherence, Response B excels in capturing the emotional and physical aspects more vividly and imaginatively. [RESULT] B"
Her voice was a gentle summer breeze.,happiness is a ray of sunshine.,B,"Feedback: Both metaphors aim to convey a positive, uplifting emotion, but they differ in their alignment with the implicit meaning of ""bright, warm, and radiant joy."" Response A, ""Her voice was a gentle summer breeze,"" captures a soothing and pleasant quality but lacks the brightness and radiance associated with the implicit meaning. The imagery is coherent and vivid but does not fully align with the intended concept. Response B, ""Happiness is a ray of sunshine,"" directly evokes brightness, warmth, and radiance, closely mirroring the implicit meaning. The imagery is vivid and imaginative, effectively conveying the intended concept. While both responses are coherent, Response B better aligns with the implicit meaning and uses more fitting imagery. [RESULT] B"
He navigates the tightrope between safety and great gain.,a ray of sunshine in a dark room.,B,"Feedback: Response A, ""He navigates the tightrope between safety and great gain,"" focuses on balance and risk, which does not align with the implicit meaning of an uplifting and energizing influence. The imagery is coherent but fails to capture the intended concept. Response B, ""a ray of sunshine in a dark room,"" directly conveys brightness and positivity, vividly and accurately reflecting the uplifting and energizing influence. While Response A is coherent, it misses the mark on meaning, whereas Response B aligns closely with the implicit meaning and uses imaginative, vivid imagery. [RESULT] B"
Her value lay in the beauty of her soul.,each task adds a weight to my plate.,B,"Feedback: Response A does not align with the implicit meaning, as it focuses on the beauty of the soul rather than the burden of material possessions. It lacks any imagery related to weight or burden, making it irrelevant to the intended concept. Response B, however, effectively conveys the idea of accumulating tasks as weights on a plate, which metaphorically aligns with the burden of material possessions. The imagery in Response B is vivid and coherent, capturing the mental and physical strain implied in the implicit meaning. While Response B does not explicitly mention material possessions, it successfully translates the concept of accumulating burdens. [RESULT] B"
United forces that climb mountains.,"they became a single flame, burning brighter together.",B,"Feedback: Both metaphors attempt to convey unity and strength, but they differ significantly in their alignment with the implicit meaning of intense romantic attraction overcoming barriers. Response A, ""United forces that climb mountains,"" focuses on teamwork and perseverance, which aligns with overcoming barriers but lacks the romantic or emotional intensity implied in the reference. The imagery is coherent but generic and does not capture the passionate essence of romantic attraction. Response B, ""they became a single flame, burning brighter together,"" more effectively conveys the intensity and unity of romantic attraction. The imagery of a single flame burning brighter together is vivid and aligns closely with the idea of two individuals merging into a stronger, more radiant force, symbolizing the overcoming of barriers through emotional connection. While both metaphors have coherent imagery, Response B better captures the implicit meaning with more imaginative and emotionally resonant language. [RESULT] B"
A wolf in a pack of vultures.,he's a dog chasing multiple tails while keeping the pack at bay.,B,"Feedback: Both metaphors attempt to convey the idea of someone being protective, but they differ significantly in their alignment with the implicit meaning and the vividness of their imagery. Response A, ""A wolf in a pack of vultures,"" partially captures the protective aspect through the wolf's association with guarding, but it fails to emphasize the aggressive territorial behavior and instead introduces a contrast between the wolf and vultures that distracts from the core idea. Response B, ""he's a dog chasing multiple tails while keeping the pack at bay,"" more directly conveys the aggressive and protective nature by depicting a dog actively defending its space against multiple threats, though the imagery of ""chasing multiple tails"" is somewhat convoluted and less coherent. Response B aligns more closely with the implicit meaning and uses more dynamic imagery, despite its minor flaws. [RESULT] B"
A puzzle with a thousand innovative pieces.,he's the rock that anchors my life.,B,"Feedback: Response A, ""A puzzle with a thousand innovative pieces,"" focuses on complexity and innovation but fails to convey deep love and protection, aligning poorly with the implicit meaning. Its imagery is coherent but unrelated to the intended concept. Response B, ""he's the rock that anchors my life,"" effectively captures the implicit meaning by using vivid and clear imagery of stability and protection, directly reflecting deep love and safeguarding. While both responses differ in their approach, Response B aligns closely with the intended meaning and uses more relevant, vivid imagery. [RESULT] B"
His words were a toolbox of bombs.,he gathered a treasure trove of persuasive arguments.,A,"Feedback: Both metaphors attempt to convey the idea of words as powerful tools, but they differ in their alignment with the implicit meaning of words as weapons or ammunition. Response A, ""His words were a toolbox of bombs,"" directly aligns with the concept of words as destructive weapons, using vivid and coherent imagery that clearly captures the intended meaning. The metaphor is imaginative and effectively conveys the idea of words being collected for a battle-like purpose. Response B, ""he gathered a treasure trove of persuasive arguments,"" while imaginative, focuses on the value and persuasiveness of words rather than their destructive or weapon-like nature, thus deviating from the implicit meaning. Although it uses vivid imagery, it does not align closely with the intended concept of words as weapons or ammunition. [RESULT] A"
Life was a tapestry woven from every thread.,she was a river flowing toward her dreams.,B,"Feedback: Response A, ""Life was a tapestry woven from every thread,"" captures the idea of progress through the imagery of a tapestry, suggesting a gradual and intricate development. However, it lacks the explicit sense of joyful movement towards success, as the tapestry metaphor emphasizes complexity and interconnectedness rather than forward momentum. Response B, ""She was a river flowing toward her dreams,"" more directly aligns with the implicit meaning of joyful progress towards success, as the river imagery conveys continuous, purposeful movement and a sense of natural, positive advancement. While both metaphors are coherent, Response B is more vivid and closely aligned with the intended concept. [RESULT] B"
"Memories are yellowed, fading photos in a dusty album.",time is a river that flows toward us.,B,"Feedback: Response A, while vivid and coherent in its imagery of memories as yellowed, fading photos in a dusty album, does not directly address the implicit meaning of time being inevitable and piercing. It focuses more on the deterioration and nostalgia of memories rather than the relentless and sharp progression of time. Response B, on the other hand, captures the inevitability of time more effectively by comparing it to a river that flows toward us, implying a continuous and unstoppable movement. However, it lacks the ""piercing"" aspect of the implicit meaning, as a flowing river is more gentle and gradual. Neither metaphor fully encapsulates both aspects of the implicit meaning, but Response B aligns more closely with the idea of time's inevitability, albeit missing the piercing quality. [RESULT] B"
"**
<metaphor>A guiding light in the dark.",they were the ship that navigated through industry waters.,A,"Feedback: Both metaphors aim to convey the idea of guiding through difficulties, but they differ in their approach and effectiveness. Response A, ""A guiding light in the dark,"" directly aligns with the implicit meaning by emphasizing clarity and direction in challenging situations, using vivid and universally understood imagery. Response B, ""they were the ship that navigated through industry waters,"" while capturing the concept of navigating difficulties, is less direct and more specific to a business context, which may limit its universal appeal. Response A's imagery is more coherent and imaginative, making it a clearer and more accurate representation of the intended concept. [RESULT] A"
A sailor charting uncharted waters.,he's in a cage he can't escape from.,B,"Feedback: Response A, ""A sailor charting uncharted waters,"" conveys a sense of exploration and uncertainty but does not directly capture the implicit meaning of being controlled and confined by abusive relationships or situations. The imagery is vivid and coherent but lacks the element of confinement and control. Response B, ""he's in a cage he can't escape from,"" directly and vividly portrays the feeling of being trapped and controlled, aligning closely with the implicit meaning. While both metaphors use clear imagery, Response B more accurately and imaginatively represents the intended concept of confinement and lack of agency. [RESULT] B"
Her memories were a faded album of precious moments.,she was a flower that bloomed in the simple things.,B,"Feedback: Response A, ""Her memories were a faded album of precious moments,"" captures a sense of longing and the passage of time, which indirectly touches on the need for emotional connection by emphasizing the value of past experiences. However, it does not directly convey the desperate need for love and connection as clearly as the implicit meaning requires. The imagery is coherent but somewhat generic. Response B, ""she was a flower that bloomed in the simple things,"" suggests a person who finds joy and fulfillment in small, everyday moments, which can imply a need for emotional nourishment. While it is more vivid and imaginative, it does not explicitly convey the desperate need for emotional connection and love. Both metaphors have their strengths, but neither fully aligns with the implicit meaning. Response B is slightly more imaginative and vivid, though it still falls short in directly addressing the desperate need. [RESULT] B"
A worn-out sole was traded for a new one.,the ideas flowed freely in the meeting room.,B,"Feedback: Response A, ""A worn-out sole was traded for a new one,"" does not align with the implicit meaning of treating ideas as physical objects that can be thrown and caught. The metaphor focuses on replacement rather than the dynamic interaction implied in the reference. Response B, ""the ideas flowed freely in the meeting room,"" partially captures the fluid and active nature of ideas but does not explicitly convey them as physical objects being exchanged. Neither metaphor fully meets the criteria, but Response B is closer to the intended concept due to its emphasis on the movement and interaction of ideas, albeit in a less vivid and direct manner. [RESULT] B"
Her mind was a canvas of endless possibility.,a cultural center is a pulsing heart of a community.,B,"Feedback: Response A, ""Her mind was a canvas of endless possibility,"" does not align with the implicit meaning of society functioning like a living organism with interconnected parts. It focuses on individual potential rather than societal interconnectedness, and its imagery is unrelated to the concept of a living organism. Response B, ""a cultural center is a pulsing heart of a community,"" effectively captures the implicit meaning by comparing a cultural center to the heart of a living organism, emphasizing its vital and central role in the community. The imagery in Response B is vivid and coherent, directly relating to the idea of interconnected parts in a living system. Response A scores 2 due to its weak relation to the reference meaning, while Response B scores 5 for its highly imaginative and accurate representation. [RESULT] B"
Progress moved forward like a growing flame.,"darkness fell like a heavy blanket, suffocating all in its path.",B,"Feedback: Response A, ""Progress moved forward like a growing flame,"" does not align with the implicit meaning of sudden, dangerous stillness and coldness of darkness. Instead, it conveys a sense of gradual, warm advancement, which is contrary to the intended concept. Response B, ""darkness fell like a heavy blanket, suffocating all in its path,"" effectively captures the implicit meaning by using vivid imagery of a heavy, suffocating blanket to represent the sudden and oppressive nature of darkness. While both responses use metaphors, Response B is more aligned with the intended meaning and employs more vivid and coherent imagery. Response A fails to convey the stillness and coldness, focusing instead on progress and growth. [RESULT] B"
The mind is a masterpiece waiting to be painted.,sunlight filtering through leaves is like a painter's gentle brush.,B,"Feedback: Response A, ""The mind is a masterpiece waiting to be painted,"" does not align closely with the implicit meaning of ""gentle and gradual illumination."" While it uses vivid imagery, it conveys the idea of potential and creativity rather than the gradual process of light. Response B, ""sunlight filtering through leaves is like a painter's gentle brush,"" directly captures the implicit meaning by vividly depicting the gentle and gradual way light spreads, using coherent and imaginative imagery. Response B aligns more closely with the intended concept and is more accurate in conveying the implicit meaning. [RESULT] B"
"Life is a teacher, guiding us through lessons learned.",the body is a safe haven for our inner treasures.,B,"Feedback: Response A focuses on life as a teacher, emphasizing lessons and guidance, which diverges from the implicit meaning about the body containing one's soul and essence. Its imagery is coherent but unrelated to the intended concept. Response B, however, directly links the body to a ""safe haven for inner treasures,"" vividly and accurately capturing the idea that the body houses one's soul and essence. While both responses use clear imagery, Response B aligns closely with the implicit meaning, making it more effective. [RESULT] B"
"Life is a marathon, not a sprint.",business success is a marathon with many hurdles.,B,"Feedback: Both metaphors use the marathon analogy, but they diverge in their alignment with the implicit meaning. Response A, ""Life is a marathon, not a sprint,"" emphasizes endurance over speed, which loosely relates to the idea of managing expectations but doesn't directly address disappointment. Response B, ""Business success is a marathon with many hurdles,"" introduces obstacles, which better captures the implicit meaning of reality disappointing compared to expectations. However, neither metaphor fully aligns with the implicit meaning, as they focus more on persistence and challenges rather than the emotional contrast between expectations and reality. Response B is slightly closer due to its inclusion of hurdles, which implies potential setbacks. [RESULT] B"
The city's beauty was a diamond in the rough.,a toxic cancer to their relationship.,B,"Feedback: Response A, ""The city's beauty was a diamond in the rough,"" does not align with the implicit meaning of jealousy destroying love, as it focuses on potential beauty rather than destructive emotions. Response B, ""a toxic cancer to their relationship,"" more closely captures the destructive nature implied in the implicit meaning, though it directly addresses a relationship issue rather than jealousy specifically. Response B uses more vivid and coherent imagery related to destruction, but it lacks the specific focus on jealousy. Both responses fail to fully capture the implicit meaning, but Response B is closer in conveying a destructive element. [RESULT] B"
Thoughts and emotions are two sides of the same coin.,a light bulb in his mind was always lit.,B,"Feedback: Response A, ""Thoughts and emotions are two sides of the same coin,"" captures a balance and interconnectedness but does not directly convey the idea of an abundant and continuous flow of ideas and wisdom. It aligns loosely with the implicit meaning and uses a common metaphor, earning a score of 3. Response B, ""a light bulb in his mind was always lit,"" more vividly and directly represents continuous creativity and insight, closely aligning with the implicit meaning and using a clear, imaginative image, earning a score of 5. [RESULT] B"
"A vast, mysterious ocean with hidden treasures and depths.",a ship of cryptocurrency investments that exposes its weak spots in treacherous waters.,B,"Feedback: Response A, while vivid and imaginative, does not closely align with the implicit meaning of financial vulnerability and transparency of losses. It focuses more on mystery and potential rather than exposure and weakness. Response B, on the other hand, directly captures the concept by comparing cryptocurrency investments to a ship in treacherous waters, which clearly conveys vulnerability and the exposure of weak spots, aligning well with the implicit meaning. The imagery in Response B is also more coherent and relevant to the intended concept. [RESULT] B"
"The city was a vibrant, pulsing creature.",she ran herself into a better situation.,A,"Feedback: Response A, ""The city was a vibrant, pulsing creature,"" uses vivid and imaginative imagery but fails to capture the implicit meaning of growing love and emotional connection between two people. It focuses on the city's vitality rather than interpersonal dynamics. Response B, ""she ran herself into a better situation,"" is more aligned with the idea of personal growth and improvement but lacks the emotional depth and connection required by the implicit meaning. Neither metaphor effectively conveys the intended concept, but Response A is more imaginative and coherent in its imagery, albeit misaligned. Response B is closer to the theme of personal development but remains insufficient. [RESULT] A"
Her anger was a wildfire that engulfed the town.,her anger was a storm that engulfed everyone around her.,A,"Feedback: Both metaphors effectively convey the implicit meaning of a powerful and inescapable influence, but they differ in their imagery and specificity. Response A uses a wildfire, which vividly captures the destructive and uncontrollable nature of anger, aligning closely with the idea of a powerful force. The imagery of a wildfire engulfing a town is highly evocative and imaginative, earning it a score of 5. Response B employs a storm, which also conveys power and inescapability but is slightly less specific in its imagery compared to the wildfire. While a storm engulfing everyone around her is coherent and aligns well with the meaning, it lacks the same level of vividness and originality, earning it a score of 4. [RESULT] A"
Forgiveness is a gentle rain that heals the soul.,love is a journey of messy beauty.,B,"Feedback: Response A, ""Forgiveness is a gentle rain that heals the soul,"" does not align with the implicit meaning about love being a rewarding journey that takes time. It focuses on forgiveness and healing, which are unrelated to the concept of love as a journey. The imagery is vivid and coherent but fails to capture the intended meaning. Response B, ""love is a journey of messy beauty,"" closely aligns with the implicit meaning by emphasizing love as a journey and incorporating the idea of beauty, though it lacks the explicit mention of time and reward. The imagery is vivid and imaginative, capturing the essence of the concept. Response B better conveys the implicit meaning compared to Response A. [RESULT] B"
She was anchored to the past by responsibilities.,her responsibilities were a weight that anchored her in place.,B,"Feedback: Both metaphors effectively convey the implicit meaning of overwhelming resistance and struggle against responsibilities, but they differ in their approach. Response A directly states that the individual is ""anchored to the past by responsibilities,"" which clearly links responsibilities to a sense of being stuck. However, it focuses more on the past rather than the struggle itself. Response B, on the other hand, emphasizes the struggle by describing responsibilities as ""a weight that anchored her in place,"" creating a more vivid and immediate image of the burden and resistance. While both are coherent and align with the implicit meaning, Response B uses more imaginative and vivid imagery to convey the concept, making it a clearer and more accurate representation. [RESULT] B"
Nature is the canvas of the human heart's beauty.,she is a treasure trove of wisdom.,B,"Feedback: Response A uses nature as a canvas to represent the human heart's beauty, which is a vivid and imaginative metaphor but does not directly align with the implicit meaning of enlightening and illuminating others with wisdom. It focuses more on the aesthetic aspect rather than the act of sharing wisdom. Response B, on the other hand, directly compares the subject to a ""treasure trove of wisdom,"" which clearly aligns with the implicit meaning of being a source of enlightenment and illumination. While Response B is less imaginative in its imagery compared to Response A, it more accurately and directly conveys the intended concept. [RESULT] B"
A person's soul is a masterpiece of fragile beauty.,a man possessed by a beast of desire.,B,"Feedback: Response A, while poetic, focuses on the fragility and beauty of the soul, which does not align with the aggressive and desperate nature of the implicit meaning. It lacks the vivid imagery of intense desire. Response B, on the other hand, uses the metaphor of a ""beast of desire,"" which effectively conveys the aggressive and uncontrollable aspect of the desire for love, aligning more closely with the implicit meaning. The imagery in Response B is more vivid and coherent in capturing the intended concept. [RESULT] B"
Relationships are a intricate dance of trust and steps.,she weaves a tapestry of self-care.,A,"Feedback: Response A, ""Relationships are an intricate dance of trust and steps,"" captures the precarious nature and the need for constant effort in maintaining stability more effectively than Response B. The metaphor of a dance implies a delicate balance and continuous movement, which aligns well with the implicit meaning. It also uses vivid and coherent imagery, making it easier to visualize the effort required. Response B, ""she weaves a tapestry of self-care,"" while imaginative, does not directly convey the precariousness or the constant effort needed for stability. It focuses more on creation and maintenance rather than the delicate balance and ongoing effort implied in the implicit meaning. Therefore, Response A is a clearer and more accurate representation of the original idea. [RESULT] A"
"Responsibility is a heavy, suffocating, crushing weight on me.",my responsibilities loom over me like a dark cloud.,B,"Feedback: Both metaphors attempt to convey the burden of responsibility, but they differ in their alignment with the implicit meaning of material belongings causing emotional burden and depression. Response A uses the imagery of a ""heavy, suffocating, crushing weight,"" which effectively captures the overwhelming and oppressive nature of the burden but does not explicitly link it to material belongings. Response B, with ""responsibilities loom over me like a dark cloud,"" better aligns with the implicit meaning by suggesting a persistent, oppressive presence akin to depression, though it still lacks a direct connection to material belongings. Response A’s imagery is more vivid and intense, but Response B’s metaphor is more coherent with the emotional tone of depression. [RESULT] B"
He was a ship without a rudder.,"his mind was a foggy, drunken haze.",B,"Feedback: Response A, ""He was a ship without a rudder,"" captures the idea of loss of direction and control, which partially aligns with the implicit meaning of mental burden and loss of clarity. However, it lacks specificity regarding the cause (alcohol) and does not convey the foggy, disoriented state associated with intoxication. The imagery is coherent but not vivid enough to fully represent the intended concept. Response B, ""his mind was a foggy, drunken haze,"" directly addresses the mental burden and loss of clarity caused by alcohol, using vivid and specific imagery that closely aligns with the implicit meaning. It effectively conveys the intended concept with imaginative and coherent language. Response B is superior in capturing the implicit meaning and providing a clearer, more accurate representation. [RESULT] B"
"A masterpiece of imperfections, love, and beauty.",a stormy sea of emotions.,B,"Feedback: Response A, ""A masterpiece of imperfections, love, and beauty,"" captures a sense of complexity and depth but leans more toward a positive or reconciliatory tone, which diverges from the disturbed and troubled nature of the implicit meaning. Its imagery is coherent but does not vividly convey turmoil. Response B, ""a stormy sea of emotions,"" directly aligns with the implicit meaning by using vivid and coherent imagery of a stormy sea, which effectively symbolizes disturbance and trouble. While both responses use imaginative language, Response B more accurately and vividly reflects the intended concept of a disturbed relationship. [RESULT] B"
Storms shape the mountains they rage against.,she ran herself into a better situation.,A,"Feedback: Response A uses a natural phenomenon (storms shaping mountains) to vividly illustrate the concept of transformation through struggle, directly aligning with the implicit meaning. The imagery is coherent and imaginative, effectively conveying the idea that adversity leads to growth. Response B, while suggesting improvement (""ran herself into a better situation""), lacks the depth and vividness of Response A's imagery and does not explicitly capture the struggle inherent in the implicit meaning. Response A is more imaginative, coherent, and aligned with the intended concept. [RESULT] A"
The artist's style was a rich cultural mosaic.,her theory was a symphony of logic and insight.,B,"Feedback: Both metaphors aim to convey a sense of complexity and harmony, but they differ in their approach and alignment with the implicit meaning. Response A, ""The artist's style was a rich cultural mosaic,"" captures the idea of diversity and richness but leans more toward cultural variety rather than intellectual refinement. It is vivid and imaginative but less aligned with the intellectual aspect of the implicit meaning. Response B, ""her theory was a symphony of logic and insight,"" directly aligns with the concept of well-balanced and refined intellectual work, using the metaphor of a symphony to convey harmony, structure, and sophistication. While both are imaginative, Response B more closely captures the intended meaning and tone, making it the clearer and more accurate representation. [RESULT] B"
The book was a treasure chest of forgotten wisdom.,the thrill of victory was a rollercoaster ride.,A,"Feedback: Neither Response A nor Response B effectively captures the implicit meaning of ""Love provides protection and safety during difficult times."" Response A, ""The book was a treasure chest of forgotten wisdom,"" focuses on the value and discovery of knowledge, which is unrelated to the concept of love and protection. Response B, ""The thrill of victory was a rollercoaster ride,"" emphasizes excitement and variability, which also does not align with the intended meaning. Both metaphors fail to convey the idea of safety and protection associated with love. Response A uses more coherent and vivid imagery compared to Response B, but neither meets the criteria of aligning with the implicit meaning. [RESULT] A"
Her path to mastery was a winding staircase.,the brain is a filing cabinet of memories.,B,"Feedback: Response A, ""Her path to mastery was a winding staircase,"" does not align with the implicit meaning of human memory working like a computer storage system, as it focuses on a journey of skill acquisition rather than memory storage. The imagery is coherent but unrelated to the intended concept. Response B, ""the brain is a filing cabinet of memories,"" more closely captures the implicit meaning by comparing memory to an organized storage system, though it lacks the specificity of a computer system and uses a more traditional metaphor. Response B is more aligned with the intended concept but is less imaginative and vivid compared to a computer storage analogy. [RESULT] B"
The book was a treasure trove of forgotten tales.,he was a wordsmith.,B,"Feedback: Response A, ""The book was a treasure trove of forgotten tales,"" focuses on the richness and value of the book's content but does not directly address the precision or accuracy of word usage. Response B, ""He was a wordsmith,"" directly conveys the idea of skillful and precise use of words, aligning more closely with the implicit meaning. While Response A is vivid and imaginative, it does not capture the intended concept of extremely accurate and precise word usage. Response B, though less imaginative, is more accurate and coherent in representing the implicit meaning. [RESULT] B"
Failures are coins that buy valuable life lessons.,my mind is a city with diverse districts offering unique views.,B,"Feedback: Response A, ""Failures are coins that buy valuable life lessons,"" does not align with the implicit meaning of internal thought process and decision-making conflict. It focuses on the value of learning from mistakes rather than the complexity of internal mental processes. Response B, ""my mind is a city with diverse districts offering unique views,"" better captures the implicit meaning by using vivid and coherent imagery to represent the multifaceted nature of thought processes and the potential for conflicting perspectives. While Response A is imaginative, it fails to address the intended concept. Response B, however, effectively conveys the complexity and diversity of internal thought, making it a clearer and more accurate representation. [RESULT] B"
The solution was a tiny thread in a tapestry.,the problem was a jigsaw puzzle with missing pieces.,B,"Feedback: Both metaphors attempt to convey the idea of confusion and uncertainty blocking progress, but they differ in their approach and effectiveness. Response A, ""The solution was a tiny thread in a tapestry,"" uses a tapestry as a metaphor, which implies complexity and interconnectedness but does not directly address the blocking or uncertainty aspect. The imagery is somewhat vivid but lacks clarity in relation to the implicit meaning. Response B, ""The problem was a jigsaw puzzle with missing pieces,"" directly addresses confusion and uncertainty by emphasizing the incompleteness and the challenge of solving a puzzle without all the necessary parts. This metaphor is more vivid and coherent in conveying the intended concept of obstacles hindering progress. While both responses have imaginative elements, Response B aligns more closely with the implicit meaning and provides a clearer, more accurate representation. [RESULT] B"
Life's storms forged an unbreakable anchor within her.,her love turned her heart into an open door.,B,"Feedback: Response A uses the imagery of ""storms"" and an ""unbreakable anchor"" to suggest resilience and strength, but it does not directly convey the emotional transformation from cold and distant to warm and loving as specified in the implicit meaning. The metaphor is vivid and coherent but misaligned with the intended concept. Response B, on the other hand, uses the imagery of ""love"" turning the ""heart into an open door,"" which more directly captures the idea of becoming warm and welcoming. While the imagery is somewhat generic, it aligns better with the implicit meaning. Response B is clearer and more accurate in representing the emotional transformation. [RESULT] B"
"Identity is a puzzle with missing, essential pieces.","the darkness was a solid, unyielding wall.",B,"Feedback: Both metaphors attempt to convey a sense of incompleteness or obstruction, but neither directly captures the implicit meaning of ""darkness ascending at dusk."" Response A, ""Identity is a puzzle with missing, essential pieces,"" focuses on the idea of something being incomplete, which is metaphorically distant from the concept of darkness spreading. Response B, ""the darkness was a solid, unyielding wall,"" more closely aligns with the idea of darkness as an overwhelming force, but it lacks the dynamic, ascending quality of dusk. The imagery in Response B is more vivid and coherent compared to Response A, which is more abstract and less tied to the visual or sensory experience of dusk. However, neither fully meets the criteria of being highly imaginative and closely aligned with the implicit meaning. Response B is slightly better in capturing a related aspect of darkness, though it still falls short of the intended imagery. [RESULT] B"
"The ocean of emotions is a turbulent, endless sea.",the roots of culture are the foundation of a nation.,B,"Feedback: Response A, ""The ocean of emotions is a turbulent, endless sea,"" does not align with the implicit meaning of cultural traditions forming the fundamental building blocks and unique identity of a society. Its imagery, while vivid, pertains to emotions rather than culture or societal identity, making it irrelevant to the intended concept. Response B, ""the roots of culture are the foundation of a nation,"" directly aligns with the implicit meaning by using the metaphor of roots as a foundation, which clearly conveys the idea of cultural traditions as essential building blocks. The imagery in Response B is coherent and effectively captures the intended concept, though it lacks the imaginative depth to score higher. [RESULT] B"
A garden of people and events intertwined.,a puzzle being solved piece by piece.,B,"Feedback: Both metaphors attempt to convey the idea of tackling a complex problem, but they differ in their approach and effectiveness. Response A, ""a garden of people and events intertwined,"" uses organic imagery to suggest complexity and interconnectedness, which aligns with the implicit meaning. However, it lacks the active process of problem-solving, making it less vivid and direct in conveying the intended concept. Response B, ""a puzzle being solved piece by piece,"" directly captures the incremental and methodical nature of solving a complex problem, with clear and coherent imagery that aligns closely with the implicit meaning. While Response A is imaginative, Response B is more precise and vivid in representing the process of understanding a complex issue. [RESULT] B"
Her body was a fortified city.,her body's shield against diseases.,A,"Feedback: Response A, ""Her body was a fortified city,"" aligns more closely with the implicit meaning of protection and prevention from harm compared to Response B, ""her body's shield against diseases."" Response A uses a vivid and coherent metaphor of a fortified city, which strongly evokes the idea of comprehensive defense and resilience, capturing the essence of protection. In contrast, Response B, while directly mentioning a shield, narrows the concept to disease prevention, which is more specific and less imaginative. Response A’s imagery is broader and more evocative, making it a clearer and more accurate representation of the intended concept. [RESULT] A"
The artist was a symphony of creation.,she was locked in a prison of darkness.,B,"Feedback: Response A, ""The artist was a symphony of creation,"" does not align with the implicit meaning of oppressive and inescapable confinement, as it conveys a sense of freedom, creativity, and harmony rather than restriction. The imagery is vivid and imaginative but fails to capture the intended concept. Response B, ""she was locked in a prison of darkness,"" directly reflects the implicit meaning by using the metaphor of a prison to signify confinement and the addition of ""darkness"" to emphasize oppression and inescapability. The imagery is clear, coherent, and closely aligned with the intended tone. [RESULT] B"
Knowledge is a winding road with no final destination.,she is the anchor that holds her whole world together.,B,"Feedback: Response A, ""Knowledge is a winding road with no final destination,"" captures the idea of an ongoing journey and the pursuit of understanding, but it does not directly address the fundamental basis or origin of truth and existence. The imagery is coherent and vivid, but it lacks alignment with the implicit meaning. Response B, ""She is the anchor that holds her whole world together,"" introduces a central stabilizing force, which more closely aligns with the concept of a fundamental basis or origin, though it shifts focus to a personal or relational context rather than a universal truth. Both metaphors have vivid imagery, but Response B better aligns with the implicit meaning by suggesting a core element that underpins existence, albeit in a more specific context. [RESULT] B"
A fleeting dream that fuels the soul's journey.,her anger was a maelstrom that swirled through her thoughts.,B,"Feedback: Response A uses the metaphor of a ""fleeting dream"" to describe anger, which does not align closely with the implicit meaning of sudden, intense anger that overwhelms everything else. The imagery is somewhat vivid but fails to capture the intensity and overwhelming nature of anger, instead suggesting something transient and possibly positive. Response B, on the other hand, uses the metaphor of a ""maelstrom"" to describe anger, which effectively conveys the sudden, intense, and overwhelming nature of the emotion. The imagery is vivid and coherent, aligning closely with the implicit meaning. While both responses attempt to capture an emotional state, Response B is more successful in reflecting the intended concept with clarity and imagination. [RESULT] B"
"Time is a relentless, unstoppable freight train.",time is a relentless river of progress.,B,"Feedback: Both metaphors effectively convey the implicit meaning of time's unstoppable and continuous movement, but they differ in their imagery and coherence. Response A uses the metaphor of a ""freight train,"" which emphasizes the unstoppable and powerful nature of time, aligning well with the implicit meaning. However, the imagery of a train, while vivid, is somewhat generic and lacks the fluidity and continuity implied in the reference. Response B, on the other hand, uses the metaphor of a ""river of progress,"" which not only captures the unstoppable aspect but also adds a sense of continuous flow and evolution, closely mirroring the implicit meaning. The imagery of a river is more imaginative and coherent with the idea of ongoing movement. While both are strong, Response B better aligns with the reference in both meaning and tone, offering a more vivid and accurate representation. [RESULT] B"
A moth to every flame.,"a moth to a flame, he's drawn to love.",B,"Feedback: Both responses utilize the classic ""moth to a flame"" metaphor, effectively capturing the concept of irresistible attraction. However, Response B (""a moth to a flame, he's drawn to love"") more closely aligns with the implicit meaning of ""excessive and energetic romantic desire"" by explicitly connecting the metaphor to love, adding specificity and emotional depth. Response A (""A moth to every flame."") is more general and could imply attraction to various things, not necessarily romantic desire. While both responses use vivid imagery, Response B's direct link to love makes it a clearer and more accurate representation of the intended concept. [RESULT] B"
Chess pieces on a war-torn board.,two warring giants battling for intellectual supremacy.,B,"Feedback: Both metaphors attempt to capture the essence of complex competition, but they differ in their approach and effectiveness. Response A, ""Chess pieces on a war-torn board,"" uses a static and somewhat literal image that hints at conflict but lacks the dynamic and intellectual depth of the implicit meaning. The imagery is coherent but not particularly vivid or imaginative, earning it a score of 3. Response B, ""Two warring giants battling for intellectual supremacy,"" directly addresses the intellectual aspect of the competition and employs a more vivid and dynamic image of giants engaged in a battle, which aligns closely with the implicit meaning. This metaphor is more imaginative and effectively conveys the intended concept, earning it a score of 5. [RESULT] B"
She sowed the seeds of her own success.,she ran herself into a better situation.,A,"Feedback: Response A (""She sowed the seeds of her own success"") aligns more closely with the implicit meaning by emphasizing the deliberate and nurturing approach to opportunities, akin to sowing seeds that require care and time to grow into success. The imagery is vivid and coherent, effectively conveying the idea that one's actions directly influence outcomes. In contrast, Response B (""she ran herself into a better situation"") suggests a more passive or reactive approach, implying that improvement is achieved through movement rather than intentional effort, which is less aligned with the implicit meaning. While both metaphors use action-based imagery, Response A is more imaginative and accurate in representing the concept of proactive opportunity management. [RESULT] A"
She was a tree that grew stronger with each storm.,she was a firework exploding with excitement.,B,"Feedback: Response A, ""She was a tree that grew stronger with each storm,"" captures resilience and growth but does not align closely with the implicit meaning of eager and enthusiastic pursuit of new experiences. The imagery is coherent and vivid but fails to convey the intended concept of excitement and eagerness. Response B, ""She was a firework exploding with excitement,"" directly reflects the implicit meaning by using vivid and imaginative imagery that conveys enthusiasm and the dynamic nature of pursuing new experiences. While both metaphors are coherent, Response B more accurately and imaginatively represents the original idea. [RESULT] B"
The past and present are threads in a tapestry.,life is a compass with multiple paths to navigate.,B,"Feedback: Both metaphors attempt to convey the idea of multiple choices and paths in life, but they differ significantly in their approach and effectiveness. Response A, ""The past and present are threads in a tapestry,"" focuses on the interconnectedness of time rather than the multiplicity of choices, making it less aligned with the implicit meaning. The imagery is coherent but does not vividly capture the concept of multiple paths. Response B, ""Life is a compass with multiple paths to navigate,"" directly addresses the idea of choices and paths, using a vivid and coherent metaphor that aligns closely with the implicit meaning. While both responses have merit, Response B is more imaginative and accurate in representing the original idea. [RESULT] B"
Her orchestra played every piece with precision and harmony.,a rock solid foundation.,A,"Feedback: Response A, ""Her orchestra played every piece with precision and harmony,"" and Response B, ""a rock solid foundation,"" both attempt to convey the implicit meaning of values becoming pure and valuable through experience and testing, but they do so with varying degrees of success. Response A uses the imagery of an orchestra to suggest a process of refinement and perfection through practice and coordination, which somewhat aligns with the idea of values being tested and purified. However, the metaphor is more focused on the outcome of harmony rather than the transformative process itself, making it less vivid and less directly connected to the implicit meaning. Response B, on the other hand, uses the imagery of a ""rock solid foundation,"" which implies strength and reliability built over time, but it lacks the element of transformation and purification central to the implicit meaning. Neither metaphor fully captures the intended concept, but Response A comes closer by implying a process of refinement, albeit indirectly. [RESULT] A"
Life's path is a dense fog that slowly clears.,her day was a script of tasks.,B,"Feedback: Response A uses the metaphor of a ""dense fog that slowly clears"" to represent life's path, which implies a gradual process of gaining clarity but does not directly address the overwhelming nature of tasks in the morning. It lacks specificity and vividness in capturing the implicit meaning. Response B, on the other hand, uses the metaphor of a ""script of tasks"" to describe a day, which more directly aligns with the idea of an overwhelming amount of tasks, though it lacks the vivid imagery and emotional depth needed to fully convey the stress or burden. Both responses fall short in fully capturing the implicit meaning, but Response B is closer in aligning with the concept of numerous tasks, albeit in a less imaginative way. [RESULT] B"
A torn rope that's been cut beyond repair.,their relationship was a shipwreck that sank into the depths.,B,"Feedback: Both metaphors aim to convey the idea of a relationship that has completely fallen apart and become dark and hopeless. Response A uses the imagery of a ""torn rope that's been cut beyond repair,"" which effectively captures the irreparable damage but lacks the depth and emotional resonance of darkness and hopelessness. Response B, on the other hand, employs the metaphor of a ""shipwreck that sank into the depths,"" which not only conveys the finality and irreparability of the relationship but also vividly evokes the imagery of darkness and hopelessness associated with sinking into the depths. While both metaphors align with the implicit meaning, Response B is more imaginative and vivid, capturing both the emotional and conceptual aspects more comprehensively. [RESULT] B"
Hot and cold in a seesaw of action and reaction.,a seesaw,A,"Feedback: Response A (""Hot and cold in a seesaw of action and reaction"") better captures the implicit meaning of balance and reciprocity between opposing forces by explicitly mentioning the interplay of contrasting elements (hot and cold) and their dynamic relationship (action and reaction). The imagery is vivid and coherent, effectively conveying the intended concept. Response B (""a seesaw"") only partially reflects the implicit meaning, as it implies balance but lacks the explicit mention of opposing forces or their interaction, making it less imaginative and less aligned with the full scope of the intended meaning. [RESULT] A"
Seeking truth is a river flowing to the soul.,a traditional base propels a new launch.,B,"Feedback: Response A, ""Seeking truth is a river flowing to the soul,"" does not align with the implicit meaning of ""traditional ways meeting modern approaches."" Its imagery is vivid and coherent but fails to capture the intended concept. Response B, ""a traditional base propels a new launch,"" directly reflects the implicit meaning by clearly illustrating how traditional foundations support modern initiatives. While its imagery is less poetic, it is more accurate and relevant. Response B better meets the criteria by aligning closely with the intended meaning and effectively conveying the concept. [RESULT] B"
"Memories unfolded like delicate, ancient flower petals.",the sun's rays were a river flowing through the clouds.,B,"Feedback: Response A, while imaginative and vivid, focuses on the delicacy and unfolding nature of memories, which does not align closely with the implicit meaning of sunlight appearing fluid and precious. Response B, on the other hand, directly captures the fluidity of sunlight by comparing it to a river flowing through clouds, effectively conveying both the fluid and precious aspects of sunlight. The imagery in Response B is more coherent and aligned with the intended concept, making it a clearer and more accurate representation. [RESULT] B"
"Her mind is a vast, mysterious, and ever-changing ocean.",she ran herself into a better situation.,A,"Feedback: Response A uses a vivid and imaginative metaphor of the mind as an ""ever-changing ocean,"" which captures the idea of complexity and unpredictability but does not directly address the conflict and chaos of multiple tasks in scheduling. Response B, while less imaginative, more directly relates to the idea of improving a situation, though it lacks the metaphorical depth and fails to convey the chaos of task management. Neither fully aligns with the implicit meaning, but Response A provides a more coherent and vivid imagery, even if it misses the specific context of scheduling conflicts. [RESULT] A"
"**
Solution is a puzzle solved after a marathon.",the solution was a puzzle piece that fit perfectly.,A,"Feedback: Both metaphors attempt to convey the implicit meaning of a slow arrival or discovery after a long journey, but they differ in their approach and effectiveness. Response A, ""Solution is a puzzle solved after a marathon,"" captures the idea of a long, arduous process leading to a resolution, aligning well with the implicit meaning. However, the imagery of a marathon, while vivid, is somewhat generic and doesn’t specifically emphasize the slow, gradual discovery as clearly as it could. Response B, ""the solution was a puzzle piece that fit perfectly,"" focuses on the precise moment of discovery but lacks the element of a prolonged journey, making it less aligned with the implicit meaning of a slow arrival. Response A, despite its slight genericness, better conveys the journey aspect, while Response B is more vivid in its imagery but misses the temporal dimension. [RESULT] A"
Her creativity is a bird in a cage.,his gaming addiction had become a raging wildfire.,B,"Feedback: Response A, ""Her creativity is a bird in a cage,"" does not align with the implicit meaning of gaming addiction being controlling and destructive like drug addiction. The metaphor focuses on restriction rather than destructiveness, making it irrelevant to the intended concept. Response B, ""his gaming addiction had become a raging wildfire,"" effectively captures the controlling and destructive nature of addiction, using vivid and coherent imagery that aligns closely with the implicit meaning. The wildfire metaphor conveys both the uncontrollable spread and the damaging impact, making it a clearer and more accurate representation. [RESULT] B"
"She blossomed into a radiant, authentic work of art.",his joy reached the highest peak.,B,"Feedback: Response A uses a metaphor of blossoming into a work of art, which captures the idea of growth and transformation but focuses more on authenticity and beauty rather than the expansion of happiness. It aligns partially with the implicit meaning but lacks the emphasis on ""reaching great heights."" Response B, on the other hand, directly conveys the concept of joy reaching the highest peak, which closely aligns with the idea of growing and expanding happiness reaching great heights. While both metaphors are imaginative, Response B is more vivid and coherent in capturing the intended concept. [RESULT] B"
Learning was a map to unmapped lands.,she stores her ideas like a squirrel stores nuts.,B,"Feedback: Response A, ""Learning was a map to unmapped lands,"" does not align closely with the implicit meaning of collecting and storing many ideas for future use. It focuses more on exploration and discovery rather than accumulation and preservation. The imagery is somewhat vivid but fails to capture the intended concept. Response B, ""she stores her ideas like a squirrel stores nuts,"" directly and vividly conveys the idea of collecting and storing ideas for future use. The metaphor is clear, imaginative, and aligns closely with the implicit meaning. Response B effectively uses the imagery of a squirrel storing nuts, which is a well-known and relatable concept, making it a more accurate and coherent representation. [RESULT] B"
A spark that ignites a fire that burns with increasing intensity over time.,"life's chain is unbreakable, forever bound to its actions.",A,"Feedback: Response A effectively captures the implicit meaning by illustrating how a single action (the spark) leads to escalating consequences (the fire's intensity), mirroring the inseparability of actions and their consequences over time. The imagery is vivid and coherent, with a clear progression that aligns well with the temporal aspect of the implicit meaning. Response B, while conveying a sense of permanence and connection, does not explicitly reflect the temporal progression or the escalating nature of consequences. Its imagery of an ""unbreakable chain"" is vivid but lacks the dynamic element of time and intensity present in Response A. Therefore, Response A is a clearer, more accurate, and more imaginative representation of the original idea. [RESULT] A"
"Her heart remained a hollow, empty cave.",a hollow feeling like a missing puzzle piece.,A,"Feedback: Both metaphors aim to convey emotional pain and ongoing suffering, but they differ in their approach and effectiveness. Response A uses the imagery of a ""hollow, empty cave"" to represent the heart, which vividly captures the sense of emptiness and void associated with emotional pain. The cave metaphor is coherent and aligns closely with the implicit meaning, earning a score of 4 due to its slightly less original imagery compared to potential alternatives. Response B, on the other hand, describes a ""hollow feeling like a missing puzzle piece,"" which also conveys a sense of incompleteness and loss. However, the puzzle piece analogy is more specific and may not resonate as universally with the broader concept of ongoing suffering. It aligns well with the meaning but has less vivid imagery, earning a score of 3. [RESULT] A"
She was a bridge between two worlds.,they were accountable for all their visible responsibilities.,B,"Feedback: Response A, ""She was a bridge between two worlds,"" does not align with the implicit meaning of responsibilities being clearly visible and unhidden. The metaphor focuses on connection rather than visibility or accountability, making it irrelevant to the intended concept. Response B, ""they were accountable for all their visible responsibilities,"" directly addresses the idea of visible responsibilities but lacks imaginative or vivid imagery, presenting the concept in a straightforward, literal manner. Neither response fully captures the implicit meaning with creativity or coherence, but Response B at least mentions visibility and accountability, albeit without metaphorical depth. [RESULT] B"
She was a treasure hunter in her own mind.,she was a flower that bloomed in the wild.,B,"Feedback: Response A, ""She was a treasure hunter in her own mind,"" does not align closely with the implicit meaning of gaining energy and rejuvenation from being outdoors. The metaphor focuses on mental exploration rather than the physical or emotional connection to nature, making it less relevant. Response B, ""She was a flower that bloomed in the wild,"" effectively captures the implicit meaning by using vivid imagery of a flower thriving in its natural environment, which parallels the idea of rejuvenation from being outdoors. While both metaphors are imaginative, Response B is more coherent and aligned with the intended concept. [RESULT] B"
He was a ship in a stormy sea.,he was a shipwrecked sailor on a stormy sea.,B,"Feedback: Both metaphors aim to convey the implicit meaning of loss of stability and control during difficult times, but they differ in their specificity and vividness. Response A, ""He was a ship in a stormy sea,"" captures the general idea of being in a turbulent situation but lacks the depth of the implicit meaning, as a ship can still imply some level of control or resilience. Response B, ""He was a shipwrecked sailor on a stormy sea,"" more accurately reflects the loss of stability and control, as being shipwrecked explicitly denotes a state of helplessness and vulnerability. The imagery in Response B is also more vivid and coherent, directly aligning with the intended concept. While both metaphors are imaginative, Response B better captures the implicit meaning with clearer and more specific imagery. [RESULT] B"
He was a seed that grew into a tree.,she made the impossible look easy and achievable.,B,"Feedback: Response A, ""He was a seed that grew into a tree,"" uses a metaphor of growth and development, which is vivid and coherent but does not directly capture the implicit meaning of contagious motivation and energy spreading among people. It focuses more on individual transformation rather than the collective impact. Response B, ""she made the impossible look easy and achievable,"" more closely aligns with the implicit meaning by suggesting that her actions inspired others to believe in and pursue what was previously thought unattainable, thus spreading motivation and energy. While neither metaphor perfectly captures the contagious aspect, Response B is more effective in conveying the intended concept of inspiring others. [RESULT] B"
Life is a caterpillar unfolding into a butterfly.,our visual field is a canvas with defined boundaries.,B,"Feedback: Response A, ""Life is a caterpillar unfolding into a butterfly,"" does not align with the implicit meaning of vision being limited despite being clear and transparent. It focuses on transformation and growth rather than the constraints of perception. Response B, ""our visual field is a canvas with defined boundaries,"" more accurately captures the idea of vision having clear yet limiting parameters, using vivid and coherent imagery that directly relates to the concept of bounded clarity. While neither metaphor fully achieves a score of 5, Response B better aligns with the implicit meaning and uses more relevant imagery compared to Response A. [RESULT] B"
Forgiveness is the key to unlocking the heart.,she ran herself into a better situation.,B,"Feedback: Response A, ""Forgiveness is the key to unlocking the heart,"" does not align with the implicit meaning of ""Success comes to those who persevere."" It focuses on emotional healing rather than perseverance or success, making it irrelevant to the intended concept. The imagery is coherent but fails to capture the core idea. Response B, ""She ran herself into a better situation,"" loosely reflects perseverance through the action of running, suggesting effort leading to improvement. However, it lacks vividness and does not explicitly convey the idea of success through perseverance. Both responses fall short, but Response B has a slightly closer connection to the implicit meaning due to its implication of effort and improvement. [RESULT] B"
She ran herself into a better situation.,the foundation of the theory is a house of cards.,B,"Feedback: Response A does not align with the implicit meaning, as it focuses on personal improvement rather than the instability of a theory's foundation. Its imagery is coherent but unrelated to the intended concept. Response B, however, effectively captures the implicit meaning by using the vivid and coherent metaphor of a ""house of cards"" to convey the fragility and unreliability of the theory's foundation. While both responses differ significantly in relevance, Response B aligns closely with the intended meaning and employs imaginative imagery. [RESULT] B"
His anger was a firestorm on the brink of explosion.,he was a volcano ready to erupt at any moment.,A,"Feedback: Both metaphors effectively convey the implicit meaning of intense, uncontrollable anger reaching a dangerous peak, but they differ in their imagery and specificity. Response A uses ""firestorm on the brink of explosion,"" which vividly captures the explosive and immediate nature of the anger, aligning closely with the implicit meaning. The imagery is highly imaginative and coherent, emphasizing the urgency and destructive potential. Response B, ""a volcano ready to erupt at any moment,"" also conveys the idea of pent-up anger but focuses more on the buildup and inevitability of the eruption, which is slightly less immediate and vivid compared to the firestorm. While both are strong, Response A’s imagery is more dynamic and aligns more closely with the tone of the implicit meaning. [RESULT] A"
A river that flows steadily through uncharted lands.,"they were two magnets with a strong, invisible force holding them together.",B,"Feedback: Response A, while evoking a sense of continuous movement and exploration, does not directly capture the concept of powerful attraction across great distances. The imagery of a river flowing through uncharted lands is vivid and coherent but lacks the element of magnetic pull or connection. Response B, on the other hand, directly addresses the implicit meaning by using the metaphor of magnets with a strong, invisible force, which clearly conveys the idea of powerful attraction. The imagery in Response B is more aligned with the intended concept, making it a clearer and more accurate representation. [RESULT] B"
Life's anchor holds steady in the darkest night.,hope is a guiding star in the storm of life.,B,"Feedback: Both metaphors aim to capture the implicit meaning of hope providing guidance and comfort in difficult times. Response A uses the imagery of an ""anchor"" in the ""darkest night,"" which conveys stability and security but lacks the dynamic element of guidance. Response B, on the other hand, employs a ""guiding star"" in a ""storm of life,"" which more vividly and directly aligns with the concept of hope offering direction and solace during turmoil. While both metaphors are coherent, Response B’s imagery is more imaginative and closely mirrors the intended meaning by explicitly emphasizing guidance, making it a clearer and more accurate representation. [RESULT] B"
A person is a single star in a crowded sky.,"she's a butterfly, always flitting from flower to flower.",B,"Feedback: Response A, ""A person is a single star in a crowded sky,"" does not align well with the implicit meaning of being inconstant and flighty in romantic relationships. The imagery of a star suggests uniqueness or standing out, which does not capture the idea of flitting or inconsistency. Response B, ""she's a butterfly, always flitting from flower to flower,"" directly conveys the implicit meaning through vivid and coherent imagery. The butterfly metaphor effectively represents inconstancy and flightiness, aligning closely with the intended concept. While both responses use natural elements, Response B is more imaginative and accurate in reflecting the implicit meaning. [RESULT] B"
A beacon that lit up the academic world.,the groundbreaking theory took root in the academic soil.,A,"Feedback: Both metaphors aim to convey academic recognition and validation of a scientific theory, but they differ in their approach and effectiveness. Response A, ""A beacon that lit up the academic world,"" uses the imagery of a beacon to symbolize the theory's impact, suggesting it brought clarity and attention to the academic field. This metaphor is vivid and aligns well with the implicit meaning, as it emphasizes the theory's illuminating and guiding role. Response B, ""the groundbreaking theory took root in the academic soil,"" focuses on the theory's integration and growth within academia, using the metaphor of a plant taking root. While this metaphor is coherent and conveys the idea of acceptance and development, it is less vivid and imaginative compared to the beacon imagery. Response A more effectively captures the immediate and transformative impact of the theory, making it a clearer and more imaginative representation of the original idea. [RESULT] A"
Relationships were the threads of a tapestry.,she was a shipwreck in the storm of her own mind.,B,"Feedback: Response A, ""Relationships were the threads of a tapestry,"" does not align closely with the implicit meaning of being paralyzed by intense fear or anxiety. The metaphor focuses on the interconnectedness and complexity of relationships, which is unrelated to the emotional paralysis described. The imagery is coherent but fails to capture the intended concept. Response B, ""she was a shipwreck in the storm of her own mind,"" more effectively conveys the implicit meaning. The metaphor vividly portrays a person overwhelmed and immobilized by internal turmoil, aligning well with the idea of being paralyzed by fear or anxiety. The imagery is both imaginative and coherent, directly reflecting the intended emotional state. [RESULT] B"
She was a record stuck on repeat.,she was a flame that burned with unquenchable passion.,B,"Feedback: Response A, ""She was a record stuck on repeat,"" captures the idea of repetition but fails to convey the intensity or uncontrollable nature of desire, aligning poorly with the implicit meaning. The imagery is coherent but lacks vividness and originality, scoring a 2. Response B, ""She was a flame that burned with unquenchable passion,"" vividly and imaginatively represents intense, uncontrollable desire, closely aligning with the implicit meaning and using strong, coherent imagery, scoring a 5. The key difference lies in how Response B directly evokes the emotional intensity and unyielding nature of desire, while Response A focuses on monotony rather than passion. [RESULT] B"
The ocean of emotions has secrets and surprises.,a mountain of obstacles stood in her way.,B,"Feedback: Response A uses the metaphor of an ""ocean of emotions"" to convey complexity, which aligns with the implicit meaning of an extremely complex problem, but it lacks the unsolvable aspect and focuses more on emotional depth rather than insurmountable challenges. Response B, with a ""mountain of obstacles,"" directly implies difficulty and barriers, capturing the unsolvable nature of the problem more accurately, though it is a more common metaphor. Both responses have coherent imagery, but Response B is more aligned with the intended concept of an unsolvable problem. [RESULT] B"
He reached the pinnacle of pure joy.,he reached the peak of joy.,A,"Feedback: Both metaphors aim to convey the implicit meaning of reaching the highest level of happiness, but they differ slightly in their imagery and specificity. Response A uses ""pinnacle of pure joy,"" which adds a layer of clarity and purity to the emotion, enhancing the vividness and coherence of the imagery. Response B, with ""peak of joy,"" is more straightforward and commonly used, making it less imaginative but still effective in conveying the core idea. While both responses align well with the implicit meaning, Response A's use of ""pinnacle"" and ""pure"" provides a more refined and vivid representation. [RESULT] A"
"The city's pulse was a living, breathing drumbeat.",daybreak's warmth slowly unfolded like a sunrise.,B,"Feedback: Response A, ""The city's pulse was a living, breathing drumbeat,"" does not align closely with the implicit meaning of a gradual awakening and transition from night to day. Its imagery, while vivid, focuses on the vitality and rhythm of a city, which is unrelated to the concept of daybreak. Response B, ""daybreak's warmth slowly unfolded like a sunrise,"" directly captures the implicit meaning by using imagery that vividly and coherently represents the gradual transition from night to day, aligning closely with the intended concept. Response B is more accurate, imaginative, and relevant to the implicit meaning. [RESULT] B"
Her heart was a tempestuous sea of emotions.,my personality is a kaleidoscope of diverse pieces.,B,"Feedback: Both metaphors attempt to convey complexity, but they differ in their alignment with the implicit meaning of internal conflict and competing thoughts during decision-making. Response A, ""Her heart was a tempestuous sea of emotions,"" uses vivid imagery of a stormy sea to represent intense and turbulent emotions, which partially captures the idea of internal conflict. However, it focuses more on emotional turmoil rather than the specific struggle of competing thoughts during decision-making. Response B, ""my personality is a kaleidoscope of diverse pieces,"" employs a kaleidoscope as a metaphor for diversity and shifting patterns, which better aligns with the idea of multiple competing thoughts. While neither metaphor fully captures the decision-making aspect, Response B is more imaginative and coherent in representing the complexity of internal conflict through its dynamic and multifaceted imagery. [RESULT] B"
A snail leaving a trail of missed deadlines behind.,she is a runaway train.,B,"Feedback: Response A, ""A snail leaving a trail of missed deadlines behind,"" captures the negative consequences of work addiction, emphasizing the slow and steady accumulation of unmet obligations, which aligns with the implicit meaning of being overly productive to the point of detriment. However, it lacks the vividness and urgency that the concept of addiction typically conveys. Response B, ""she is a runaway train,"" effectively conveys the uncontrollable and overwhelming nature of work addiction, using a powerful and dynamic image that aligns closely with the intensity of the implicit meaning. While both metaphors reflect the concept, Response B is more vivid and coherent in representing the addictive and unstoppable aspect of productivity. [RESULT] B"
Two hearts beating as one in harmony.,"tags. remember, it must be 10 words or fewer, and should consist only of the metaphor itself.

<metaphor>
[your metaphor here, 10 words maximum]",A,"Feedback: Response A, ""Two hearts beating as one in harmony,"" conveys unity and synchronization but lacks the structural and foundational elements of the implicit meaning. It is vivid and coherent but does not align closely with the concept of foundational causes supporting structured thinking. Response B is incomplete and does not provide a metaphor, making it impossible to evaluate. Therefore, Response A, while not ideal, is the only option available for comparison. [RESULT] A"
"**
A perfectly orchestrated symphony devolving into a chaotic storm.",a well-organized meeting turned into a chaotic mess.,A,"Feedback: Both metaphors capture the implicit meaning of loss of control and order descending into disorder, but they differ in their vividness and coherence. Response A uses the imagery of a ""perfectly orchestrated symphony devolving into a chaotic storm,"" which is highly imaginative and vivid, effectively conveying the contrast between order and chaos through the artistic and natural elements of music and weather. Response B, on the other hand, uses a ""well-organized meeting turned into a chaotic mess,"" which, while clear and relatable, employs more generic and mundane imagery that lacks the depth and creativity of Response A. Therefore, Response A better aligns with the criteria of being clearer, more accurate, and more imaginative. [RESULT] A"
Memories are a library with both happy and painful books.,my obligations are the weights that hold me back.,B,"Feedback: Response A uses a library metaphor to describe memories, which does not align with the implicit meaning of material possessions creating a feeling of being trapped. The imagery is coherent but fails to capture the intended concept of restriction. Response B, on the other hand, uses weights as a metaphor for obligations, which more closely aligns with the idea of material possessions being restrictive, though it does not directly mention material possessions. The imagery in Response B is vivid and effectively conveys a sense of being held back. While neither metaphor perfectly matches the implicit meaning, Response B is closer in conveying the feeling of restriction. [RESULT] B"
A shipwreck on a stormy sea.,his anger was a ticking time bomb ready to explode.,B,"Feedback: Response A, ""A shipwreck on a stormy sea,"" captures the intensity and unpredictability of anger but lacks the direct connection to the sudden and explosive buildup implied in the meaning. The imagery is vivid and coherent, depicting chaos and destruction, yet it doesn't explicitly convey the idea of a buildup leading to an explosion. Response B, ""his anger was a ticking time bomb ready to explode,"" directly aligns with the implicit meaning by emphasizing the sudden and explosive nature of anger, using vivid and coherent imagery that clearly conveys the intended concept. While both metaphors are imaginative, Response B more accurately and effectively represents the original idea. [RESULT] B"
A steady hand on the wheel.,"she was a steady hand on the wheel, navigating the team through the crisis.",B,"Feedback: Both responses aim to convey the implicit meaning of ""guidance through difficulty,"" but they differ in their approach and effectiveness. Response A, ""A steady hand on the wheel,"" captures the essence of stability and control, which aligns with the idea of guidance. However, it lacks context and specificity, making it less vivid and less directly tied to the implicit meaning. Response B, ""she was a steady hand on the wheel, navigating the team through the crisis,"" explicitly connects the metaphor to a situation of difficulty (the crisis) and clarifies the role of guidance (navigating the team). This makes Response B more vivid, coherent, and closely aligned with the implicit meaning. While both responses use the same imagery, Response B enhances it with additional context, making it a clearer and more accurate representation of the original idea. [RESULT] B"
The ocean's depths are a maelstrom of conflicting tides.,the solution was buried under the complexity of the problem.,B,"Feedback: Both metaphors attempt to convey the idea of something valuable being obscured by challenging conditions, but they differ in their approach and effectiveness. Response A uses the imagery of ""the ocean's depths"" and ""conflicting tides"" to suggest a chaotic and overwhelming environment, which somewhat aligns with the implicit meaning of difficult circumstances. However, it focuses more on the chaos rather than the hidden solution, making it less precise. Response B, on the other hand, directly states that ""the solution was buried under the complexity of the problem,"" which clearly and vividly captures the idea of the answer being hidden under difficult circumstances. While Response A has more imaginative and vivid imagery, it is less aligned with the specific implicit meaning compared to Response B, which is straightforward and accurate. [RESULT] B"
Her body was a battlefield where viruses were defeated.,it fights off viruses like a mighty fortress defends its walls.,B,"Feedback: Both metaphors aim to capture the implicit meaning of the immune system defending against illness like an army fighting invaders. Response A directly equates the body to a battlefield, emphasizing the defeat of viruses, which aligns well with the idea of an army combating invaders. However, it lacks the vivid imagery of a structured defense mechanism. Response B, on the other hand, uses the analogy of a mighty fortress defending its walls, which provides a more coherent and structured image of defense, closely mirroring the organized nature of an army. While both metaphors align with the implicit meaning, Response B offers more vivid and imaginative imagery that better conveys the concept of a systematic defense. [RESULT] B"
Memories were a warm cookie fresh from the oven.,a flame of creativity dancing in the darkness.,B,"Feedback: Neither Response A nor Response B effectively captures the implicit meaning of ""Light moves smoothly and fluidly like water."" Response A, ""Memories were a warm cookie fresh from the oven,"" focuses on warmth and comfort, which is unrelated to the fluidity and movement of light. Response B, ""a flame of creativity dancing in the darkness,"" introduces movement and light but emphasizes creativity and contrast rather than the smooth, fluid nature of light. Both metaphors fail to align with the intended concept. Response B slightly edges closer due to its mention of light and movement, albeit in a different context. [RESULT] B"
She was a puzzle with constantly shifting pieces.,he is a master juggler of emotional chaos.,B,"Feedback: Both metaphors attempt to convey the idea of managing complex emotions, but they differ in their approach and effectiveness. Response A, ""She was a puzzle with constantly shifting pieces,"" captures the constant effort required to maintain control, as puzzles demand ongoing attention and adjustment. However, it lacks the vivid imagery and skill implication present in the implicit meaning. Response B, ""He is a master juggler of emotional chaos,"" more closely aligns with the implicit meaning by emphasizing skill and precarious control, as juggling requires precision and constant effort to avoid chaos. While both metaphors are coherent, Response B is more imaginative and accurately reflects the intended concept. [RESULT] B"
He is the master builder of his own empire.,captain of his castle.,A,"Feedback: Both metaphors aim to convey the idea of absolute control and dominance over a business enterprise. Response A, ""He is the master builder of his own empire,"" aligns closely with the implicit meaning by emphasizing the active role of creation and ownership, which is vivid and coherent. It effectively captures the concept of building and controlling a vast enterprise. Response B, ""captain of his castle,"" while conveying control, is less specific to a business context and leans more toward personal dominion, making it less aligned with the implicit meaning. The imagery in Response A is more imaginative and directly tied to the business enterprise, whereas Response B uses a more generic and less vivid metaphor. [RESULT] A"
"Life's canvas is painted with imperfect, beautiful strokes.",she opened doors to a world of new opportunities.,B,"Feedback: Response A uses the metaphor of ""life's canvas painted with imperfect, beautiful strokes"" to suggest that life, despite its flaws, can still be beautiful and meaningful, which loosely aligns with the idea of hope and new possibilities. However, it does not directly address the concept of financial hardship or the emergence of opportunities. The imagery is somewhat vivid but lacks specificity in relation to the implicit meaning. Response B, on the other hand, directly conveys the idea of new opportunities by using the metaphor of ""opening doors,"" which aligns more closely with the implicit meaning of hope and new possibilities after hardship. The imagery is clear and coherent, though it does not explicitly mention financial hardship. Response B is more effective in capturing the intended concept, while Response A is more abstract and less directly related. [RESULT] B"
A library is a labyrinth of endless discovery.,time ticks away like a clock's steady heartbeat.,B,"Feedback: Response A, ""A library is a labyrinth of endless discovery,"" focuses on exploration and discovery, which does not align with the implicit meaning of gradual, inevitable decay and loss. The imagery is vivid and coherent but fails to capture the intended concept. Response B, ""time ticks away like a clock's steady heartbeat,"" effectively conveys the idea of time passing relentlessly, which aligns more closely with the implicit meaning of decay and loss. The imagery is clear and imaginative, though it could be more vivid in depicting the inevitability of decay. Response B better captures the intended meaning and concept, albeit with room for improvement in imagery. [RESULT] B"
They systematically outpaced competitors like a well-oiled machine.,they outpaced the competition with their well-orchestrated plan.,A,"Feedback: Both responses aim to convey the idea of easily dominating opponents, but they differ in their approach and vividness. Response A uses the metaphor of a ""well-oiled machine,"" which effectively conveys systematic efficiency and smooth operation, aligning well with the implicit meaning of effortlessly outpacing competitors. The imagery is coherent and vivid, though somewhat conventional. Response B, on the other hand, describes a ""well-orchestrated plan,"" which emphasizes strategic coordination but lacks the same level of vividness and directness in depicting dominance. While both metaphors are coherent and relevant, Response A captures the implicit meaning more vividly and imaginatively by directly linking the systematic nature of a machine to the ease of outpacing competitors. [RESULT] A"
Exchanging the torch of responsibility,"the city is a living, breathing organism.",A,"Feedback: Response A, ""Exchanging the torch of responsibility,"" directly aligns with the implicit meaning of transferring power or control between individuals, using a clear and widely recognized symbol of the torch relay to represent the passing of responsibility. The imagery is vivid and coherent, effectively conveying the intended concept. Response B, ""the city is a living, breathing organism,"" while imaginative, does not closely align with the implicit meaning of power transfer; instead, it suggests a dynamic, interconnected system, which is unrelated to the transfer of control. Response A is more accurate and directly captures the intended meaning with clear and appropriate imagery. [RESULT] A"
Strength lies in the cracks of a broken shield.,it's a snake eating its own tail.,B,"Feedback: Response A (""Strength lies in the cracks of a broken shield"") partially captures the idea of hidden flaws undermining apparent strength, but it doesn't directly convey the concept of losing money or wealth. The imagery is coherent and somewhat vivid, but it lacks the specific financial connotation of the implicit meaning. Response B (""it's a snake eating its own tail"") introduces a cyclical, self-destructive imagery that aligns more closely with the idea of hidden flaws leading to continuous loss, though it still lacks the explicit financial context. Neither metaphor fully captures the implicit meaning, but Response B's imagery of self-destruction is more evocative of ongoing loss, making it a slightly better fit. [RESULT] B"
"A tree is known by its fruit, not its bark.",a quiet moment before a thunderous crash.,B,"Feedback: Response A, ""A tree is known by its fruit, not its bark,"" focuses on the idea of judging something by its outcomes rather than its appearance, which does not align closely with the implicit meaning of love as a harmonious balance between opposing forces. The imagery is clear but lacks the duality and tension required to convey the concept of opposing forces in harmony. Response B, ""a quiet moment before a thunderous crash,"" captures the idea of contrasting elements (quiet vs. thunderous) coexisting, which better reflects the balance between opposing forces. However, it does not explicitly convey harmony or love. Both metaphors fall short in fully aligning with the implicit meaning, but Response B uses more vivid and contrasting imagery that partially resonates with the concept of opposing forces. [RESULT] B"
"A pair of well-worn, battle-hardened veterans of life.",a volcano of rage.,B,"Feedback: Response A, ""A pair of well-worn, battle-hardened veterans of life,"" focuses on resilience and experience, which does not align with the implicit meaning of destructive and intense rage. The imagery is coherent but fails to capture the intended concept of devastation. Response B, ""a volcano of rage,"" directly conveys the intensity and destructive nature of rage, aligning closely with the implicit meaning. The imagery is vivid and effectively represents the idea of devastation. While both responses use coherent imagery, Response B better captures the intended meaning and tone. [RESULT] B"
The company is navigating a stormy sea.,they're navigating through rough seas.,A,"Feedback: Both metaphors effectively convey the implicit meaning of the company facing difficult challenges and uncertainty, but they differ in their vividness and coherence. Response A, ""The company is navigating a stormy sea,"" uses the imagery of a storm, which adds a layer of intensity and vividness to the metaphor, aligning closely with the implicit meaning and enhancing the sense of difficulty and uncertainty. Response B, ""they're navigating through rough seas,"" while accurate, uses more generic imagery that, although coherent, lacks the same level of vividness and imaginative depth as Response A. Therefore, Response A better captures the intended concept with more striking and coherent imagery. [RESULT] A"
Life was a canvas of ever-changing brushstrokes.,clouds are gathering on the horizon.,A,"Feedback: Response A, ""Life was a canvas of ever-changing brushstrokes,"" uses vivid and imaginative imagery that aligns well with the implicit meaning of positive financial outlook and prosperity, as it suggests continuous growth, creativity, and transformation. However, it does not directly tie to financial concepts. Response B, ""clouds are gathering on the horizon,"" conveys a sense of impending change but leans more toward uncertainty or negativity, which contradicts the positive financial outlook. Both responses differ in their alignment with the implicit meaning, with Response A being more coherent and imaginative, though less direct, while Response B is more literal but misaligned. [RESULT] A"
He was a ship sinking into the haze.,he was losing control with each drink.,A,"Feedback: Response A uses the metaphor of a ""ship sinking into the haze"" to convey the idea of accumulating intoxication leading to mental heaviness and impairment. While it captures the sense of decline and loss of control, the imagery is somewhat abstract and less directly tied to the act of drinking. The haze could metaphorically represent the fog of intoxication, but the ship sinking doesn't explicitly evoke the gradual, drink-by-drink process. Response B, on the other hand, directly states ""he was losing control with each drink,"" which clearly aligns with the implicit meaning of accumulating intoxication leading to impairment. However, it lacks the imaginative and vivid imagery that a metaphor could provide, making it more literal than creative. Response A is more imaginative but less precise, while Response B is more direct but less imaginative. [RESULT] A"
Sharp rocks lay hidden beneath the surface.,hidden arrows of hurt.,A,"Feedback: Both metaphors attempt to convey the idea of hidden danger, but they differ in their approach and effectiveness. Response A, ""Sharp rocks lay hidden beneath the surface,"" uses a natural element to symbolize concealed threats, which aligns well with the implicit meaning of unexpected harm. The imagery is vivid and coherent, effectively suggesting that danger lurks unseen. Response B, ""hidden arrows of hurt,"" introduces a more direct and human-made element, emphasizing the intentionality of harm. While it captures the concept of unexpected pain, the imagery is less vivid and slightly more abstract compared to Response A. Response A better aligns with the implicit meaning by maintaining a balance between vividness and coherence, whereas Response B, though imaginative, is slightly less precise in conveying the explosive and unintentional nature of the harm. [RESULT] A"
The city's pulse is a symphony of cultures.,he's on the edge of a cliff.,B,"Feedback: Response A, ""The city's pulse is a symphony of cultures,"" does not align with the implicit meaning of engaging in risky or dangerous behavior. Instead, it conveys a harmonious and diverse urban environment, which is unrelated to the intended concept. The imagery is vivid and coherent but fails to capture the intended meaning. Response B, ""He's on the edge of a cliff,"" directly evokes the idea of risk and danger, aligning closely with the implicit meaning. The imagery is clear and effectively conveys the intended concept, though it lacks the imaginative depth of a more creative metaphor. Response B is more accurate and relevant to the implicit meaning compared to Response A. [RESULT] B"
"A kaleidoscope of colors, ever-shifting, ever-unpredictable.",a well-oiled machine with all parts moving in harmony.,B,"Feedback: Response A, with its ""kaleidoscope of colors, ever-shifting, ever-unpredictable,"" focuses on change and unpredictability, which does not align with the implicit meaning of ""harmonious and perfectly coordinated."" The imagery is vivid but fails to convey the intended concept of coordination and harmony. Response B, ""a well-oiled machine with all parts moving in harmony,"" directly captures the implicit meaning by emphasizing smooth, coordinated operation. While both responses use imaginative imagery, Response B is more coherent and accurate in representing the original idea. [RESULT] B"
"Her voice was a warm, golden, shining light.","a masterpiece, complete and ready for the world to see.",B,"Feedback: Response A uses a vivid and imaginative metaphor of a ""warm, golden, shining light"" to describe her voice, which conveys a sense of completion and perfection, but it does not directly relate to the concept of an artwork being finished. The imagery is strong but misaligned with the implicit meaning. Response B, on the other hand, directly compares the artwork to a ""masterpiece, complete and ready for the world to see,"" which precisely captures the idea of the artwork being finished. While less imaginative in imagery, it aligns more closely with the intended meaning. Response B is more accurate and clear in conveying the implicit meaning, despite its less vivid imagery. [RESULT] B"
The shoes were a map of her journey.,darkness was a smooth blanket that wrapped everything.,B,"Feedback: Response A, ""The shoes were a map of her journey,"" does not align with the implicit meaning of night being enveloping and luxurious, as it focuses on a personal journey rather than the qualities of night. The imagery is coherent but unrelated to the intended concept. Response B, ""darkness was a smooth blanket that wrapped everything,"" closely captures the implicit meaning by using the metaphor of a smooth blanket to convey the enveloping and luxurious nature of night. The imagery is vivid and directly aligns with the intended tone and concept. [RESULT] B"
The book is a chest filled with precious gems.,her natural understanding was her musical instrument's best friend.,B,"Feedback: Response A uses a vivid and coherent metaphor of a ""chest filled with precious gems"" to represent the value and richness of a book, but it does not align closely with the implicit meaning of natural gifts shining through music. The imagery is clear but unrelated to the intended concept. Response B, on the other hand, directly connects ""natural understanding"" with a ""musical instrument's best friend,"" which more accurately reflects the idea of natural gifts enhancing musical expression, though the imagery could be more vivid. Response B better captures the implicit meaning despite its less imaginative phrasing. [RESULT] B"
Deleting a virus of misinformation.,they are a cancer in the body of society.,B,"Feedback: Both metaphors attempt to convey the implicit meaning of harmful thoughts spreading like a disease, but they differ in their approach and effectiveness. Response A, ""Deleting a virus of misinformation,"" aligns well with the idea of harmful thoughts as an infection, using the term ""virus"" to emphasize the invasive and destructive nature. However, it focuses on the act of removal rather than the spread, which slightly diminishes its vividness in capturing the full extent of the implicit meaning. Response B, ""they are a cancer in the body of society,"" directly compares harmful thoughts to a disease that grows and damages the host, providing a more vivid and coherent imagery of the destructive and pervasive nature of such thoughts. While both metaphors are imaginative, Response B more closely aligns with the implicit meaning by emphasizing the spread and impact of the ""disease"" within society. [RESULT] B"
Forgiveness was a key to unlock the heart.,they were the shining stars in the social firmament.,B,"Feedback: Response A, ""Forgiveness was a key to unlock the heart,"" does not align closely with the implicit meaning of a pure, valuable, and flawless character or standing in society. The metaphor focuses on the act of forgiveness as a means to open emotional barriers, which is unrelated to the intended concept of societal standing or character purity. The imagery is coherent but fails to capture the implicit meaning. Response B, ""they were the shining stars in the social firmament,"" aligns more closely with the implicit meaning by using the imagery of stars to convey exceptional standing and value in society. The metaphor is vivid and effectively represents the idea of being outstanding and flawless in a social context. Response B is more imaginative and accurate in conveying the intended concept. [RESULT] B"
Her creativity was a roaring lion in a cage.,she turned her morning into a well-organized and productive machine.,B,"Feedback: Response A uses a vivid image of a ""roaring lion in a cage"" to suggest untapped potential or restrained energy, but it does not align with the implicit meaning of time as a valuable currency or resource. The metaphor focuses more on creativity being confined rather than the concept of time management. Response B, on the other hand, describes turning the morning into a ""well-organized and productive machine,"" which loosely reflects the idea of efficiently utilizing time as a resource. However, it lacks the vividness and imaginative depth needed to fully capture the implicit meaning. Both responses fall short in directly addressing the concept of time as currency, but Response B is closer in conveying the idea of resource management. [RESULT] B"
Life was a dance she moved through effortlessly.,he gazed at the endless canvas of life.,B,"Feedback: Response A uses the metaphor of life as a dance, emphasizing effortless movement, which does not align with the implicit meaning of an intense, far-reaching gaze or observation. The imagery is coherent but fails to capture the intended concept. Response B, on the other hand, employs the metaphor of life as an endless canvas, which better reflects the idea of a broad, observant perspective, though it lacks vividness in conveying intensity. Both responses differ in their approach, with Response A focusing on fluidity and Response B on scope, but only Response B loosely connects to the implicit meaning. [RESULT] B"
Her creativity was a flame that danced with sparks.,a storm of anger swept through the room.,B,"Feedback: Response A uses a flame as a metaphor, which typically symbolizes passion or creativity rather than anger, and thus does not align closely with the implicit meaning of destructive and uncontrollable anger. The imagery is vivid but fails to capture the intended concept. Response B, on the other hand, employs a storm to represent anger, which is a common and effective metaphor for something destructive and uncontrollable. The imagery is coherent and aligns well with the implicit meaning. While both responses use natural elements, Response B is more accurate and imaginative in conveying the intended idea. [RESULT] B"
Every action is a thread in a tapestry.,every action is a step on the path to its own outcome.,B,"Feedback: Both metaphors attempt to convey the idea that actions lead to specific outcomes, but they differ in their approach and effectiveness. Response A uses the imagery of a tapestry, suggesting that each action contributes to a larger, interconnected whole, which aligns well with the implicit meaning of direct consequences. However, the tapestry metaphor is somewhat abstract and may not immediately evoke the concept of cause and effect as clearly as intended. Response B, on the other hand, uses the imagery of a path and steps, which more directly conveys the idea of progression and the inevitability of outcomes resulting from actions. The path metaphor is more vivid and coherent in illustrating the direct connection between actions and their consequences. While both metaphors are imaginative, Response B more effectively captures the intended concept with clearer and more relatable imagery. [RESULT] B"
He wore a suit of armor for words.,a shield of words,A,"Feedback: Both responses aim to convey the implicit meaning of using words defensively, but they differ in their approach and effectiveness. Response A, ""He wore a suit of armor for words,"" provides a more comprehensive and vivid imagery by comparing words to a full suit of armor, which suggests a complete and robust defense mechanism. This metaphor aligns closely with the implicit meaning and offers a clear, imaginative representation. Response B, ""a shield of words,"" while also conveying defense, is less vivid and more generic, focusing only on a single protective element rather than a full defensive ensemble. The imagery in Response A is more coherent and detailed, making it a clearer and more accurate representation of the intended concept. [RESULT] A"
The economy was a war-torn landscape.,the economy was a patient in critical condition.,B,"Feedback: Both metaphors aim to convey the severity of economic decline, but they differ in their approach and effectiveness. Response A, ""The economy was a war-torn landscape,"" uses vivid imagery of destruction and devastation, which aligns well with the implicit meaning of severe economic decline. However, it lacks the sense of ongoing struggle and uncertainty implied in the reference, as a war-torn landscape suggests a static, post-conflict state rather than an ongoing crisis. Response B, ""The economy was a patient in critical condition,"" more accurately captures the ongoing nature of the decline and the uncertainty of recovery, as a patient in critical condition implies a fragile, unstable state with an unclear prognosis. While both metaphors are imaginative, Response B's imagery is more coherent and closely aligned with the implicit meaning. [RESULT] B"
Trust is the cornerstone of a solid foundation.,success is a seed that needs watered and nurtured to grow.,B,"Feedback: Response A focuses on trust as a foundational element, which does not align with the implicit meaning of success requiring nurturing and the right environment. Its imagery is coherent but unrelated to the concept of growth and care. Response B, however, directly captures the implicit meaning by comparing success to a seed that needs watering and nurturing, using vivid and coherent imagery that aligns closely with the intended concept. While both responses are clear, Response B is more imaginative and accurate in conveying the implicit meaning. [RESULT] B"
Her emotions were locked behind a steel door.,she is a puzzle piece that doesn't fit anywhere.,A,"Feedback: Both metaphors attempt to convey the implicit meaning of self-imposed emotional isolation and self-judgment, but they differ in their approach and effectiveness. Response A, ""Her emotions were locked behind a steel door,"" directly addresses emotional isolation by using the imagery of a locked door, which clearly symbolizes inaccessibility and self-protection. The steel material adds a sense of rigidity and strength, emphasizing the difficulty of accessing her emotions. This metaphor aligns closely with the implicit meaning and uses vivid, coherent imagery that effectively conveys the intended concept. Response B, ""She is a puzzle piece that doesn't fit anywhere,"" focuses more on the idea of not belonging or fitting in, which indirectly relates to self-judgment but less directly to emotional isolation. While the puzzle piece imagery is imaginative, it is less precise in capturing the specific aspect of self-imposed emotional barriers. Response A is more aligned with the implicit meaning and uses more vivid and coherent imagery. [RESULT] A"
Life is a snapshot in a photo album.,the universe is a frame that holds all our visions.,B,"Feedback: Both metaphors attempt to capture the idea of limitation and constraint in perception, but they differ in their approach and effectiveness. Response A, ""Life is a snapshot in a photo album,"" implies that life is a single, static moment captured within a larger collection, which somewhat reflects the idea that our vision is limited. However, it focuses more on the fleeting nature of life rather than the constraining aspect of perception. Response B, ""the universe is a frame that holds all our visions,"" more directly aligns with the implicit meaning by suggesting that the universe acts as a boundary or constraint for our perceptions. The imagery in Response B is also more vivid and coherent, as it clearly portrays the universe as a limiting structure. While both metaphors have merit, Response B better captures the intended concept with clearer and more imaginative imagery. [RESULT] B"
"tags. Remember, it must be 10 words or fewer, and should consist only of the metaphor itself.

<metaphor>A path to discovery that winds on forever.","my relationship is my safe harbor, my guiding light.",B,"Feedback: Response A, ""A path to discovery that winds on forever,"" captures the idea of an ongoing journey but lacks the protective and caring aspect central to the implicit meaning. It emphasizes exploration rather than safeguarding. Response B, ""my relationship is my safe harbor, my guiding light,"" directly conveys protection and care, aligning closely with the implicit meaning. While both responses use vivid imagery, Response B is more coherent and accurate in representing the intended concept of someone precious being protected with extreme care. [RESULT] B"
Human connections were delicate glass sculptures.,her love was a beacon in the darkest of times.,B,"Feedback: Response A, ""Human connections were delicate glass sculptures,"" focuses on fragility and intricacy, which does not align with the implicit meaning of eternal, passionate love that remains strong and intense. The imagery is vivid but fails to capture the intended concept of enduring strength. Response B, ""her love was a beacon in the darkest of times,"" effectively conveys the idea of a guiding, unwavering force, aligning closely with the implicit meaning. The imagery is clear and coherent, though it could be more imaginative. Response B better captures the intended meaning and concept, while Response A diverges significantly. [RESULT] B"
"The human experience is a boundless, shifting sea.",life is a train that speeds up with each new step.,B,"Feedback: Both metaphors attempt to capture the concept of time's relentless progression, but they differ in their approach and effectiveness. Response A, ""The human experience is a boundless, shifting sea,"" emphasizes the vast and unpredictable nature of life, which indirectly touches on the idea of time's movement but lacks a direct connection to the rapid and unstoppable aspect of time. The imagery is vivid and coherent but does not fully align with the implicit meaning. Response B, ""Life is a train that speeds up with each new step,"" directly conveys the idea of time accelerating and moving forward without pause, closely aligning with the implicit meaning. The imagery is clear and effectively captures the intended concept, though it is somewhat conventional. Response B is more successful in directly and vividly representing the rapid and unstoppable nature of time. [RESULT] B"
The lake was a dirty mirror reflecting its past.,he was a scale of justice.,A,"Feedback: Response A uses a vivid and coherent image of a ""dirty mirror"" to reflect the idea of something uncomfortable and unsuitable, aligning somewhat with the implicit meaning of borrowed beliefs. However, it focuses more on the past rather than the discomfort or unsuitability of the beliefs themselves. Response B, on the other hand, uses the imagery of a ""scale of justice,"" which is coherent but does not directly relate to the concept of borrowed beliefs being uncomfortable or unsuitable. Both metaphors fall short in fully capturing the implicit meaning, but Response A is slightly closer due to its imagery of something being tainted or flawed, which can metaphorically relate to unsuitable beliefs. [RESULT] A"
A delicate balance measures life.,a square is a balanced work of art.,A,"Feedback: Response A (""A delicate balance measures life"") captures the concept of precision and orderliness more directly than Response B, as it implies a careful, measured approach akin to mathematical principles. However, its imagery is somewhat abstract and lacks vividness, making the connection to mathematical precision less explicit. Response B (""a square is a balanced work of art"") introduces the idea of balance but focuses more on artistic symmetry rather than mathematical rigor, diverging from the implicit meaning. While both responses touch on balance, Response A aligns closer to the intended concept of mathematical precision, albeit with less imaginative imagery. Response B, though coherent, strays further from the implicit meaning. [RESULT] A"
Architecture as a fluid dance of interconnected lines.,it's a fluid sculpture.,A,"Feedback: Both responses aim to convey the implicit meaning of smooth, continuous movement and fluidity in architectural design. Response A, ""Architecture as a fluid dance of interconnected lines,"" uses the metaphor of a dance to emphasize movement and interconnectedness, which aligns well with the concept of fluidity and continuity. The imagery is vivid and coherent, effectively capturing the intended idea. Response B, ""it's a fluid sculpture,"" focuses on the fluid aspect but lacks the dynamic element of movement present in the implicit meaning. While it conveys fluidity, it does not fully capture the continuous movement aspect, making it less comprehensive. Response A is more imaginative and aligns more closely with the implicit meaning by incorporating both fluidity and movement. [RESULT] A"
Stepping into the unknown forged a hero's heart.,two rival ideas stood face-to-face in perfect balance.,B,"Feedback: Response A focuses on the transformative journey of an individual (""forged a hero's heart"") when facing the unknown, which does not align with the implicit meaning of two competing academic theories being equally matched. Its imagery is vivid but fails to capture the concept of balance or rivalry between ideas. Response B, on the other hand, directly portrays ""two rival ideas stood face-to-face in perfect balance,"" which closely aligns with the implicit meaning by emphasizing competition and equality. Its imagery is coherent and effectively conveys the intended concept. While both responses use imaginative language, Response B is more accurate and relevant to the given meaning. [RESULT] B"
Life is a winding road with endless detours.,he's a magnet for female attention.,A,"Feedback: Response A, ""Life is a winding road with endless detours,"" captures the solitary and independent aspect of the implicit meaning by suggesting a journey that is self-directed and full of choices, but it lacks the element of constant seeking for connection. The imagery is coherent and vivid but does not fully align with the implicit meaning. Response B, ""he's a magnet for female attention,"" directly conveys the idea of constantly seeking connection, but it does not reflect the solitary and independent nature of the individual. Both responses partially align with the implicit meaning but fail to fully capture its dual nature. Response A is more imaginative and coherent in its imagery, though it misses the ""seeking connection"" aspect. Response B is more direct in conveying one part of the meaning but lacks the depth and coherence of Response A. [RESULT] A"
Each person is a unique and essential puzzle piece.,states are the pieces of a nation's puzzle.,B,"Feedback: Both responses aim to convey the idea of unity within diversity, but they differ in their focus and specificity. Response A uses the metaphor of ""each person"" as a puzzle piece, which is vivid and emphasizes individuality but does not directly address the concept of states as distinct parts of a nation. Response B, on the other hand, explicitly compares ""states"" to puzzle pieces, aligning more closely with the implicit meaning by highlighting the role of states within a larger national context. While both metaphors are coherent, Response B is more accurate and specific to the intended concept, making it a clearer representation. [RESULT] B"
A tapestry of intricate patterns that builds upon itself.,"the researchers built a tower of knowledge, one block at a time.",B,"Feedback: Both metaphors attempt to convey the idea of building complex structures, but they differ in their approach and alignment with the implicit meaning. Response A uses the imagery of a tapestry, which suggests complexity and interconnectedness, but it lacks the direct connection to the architectural analogy present in the implicit meaning. Response B, on the other hand, directly employs the architectural metaphor of building a tower, which closely aligns with the idea of researchers constructing theories like architects design buildings. The imagery in Response B is more vivid and coherent in relation to the implicit meaning, as it explicitly parallels the process of building with the development of knowledge. While Response A is imaginative, it does not capture the architectural aspect as effectively. [RESULT] B"
A ship without a rudder and a clock without hands.,a ship without a rudder and a broken clock.,A,"Feedback: Both metaphors effectively convey the lack of direction and control in the project, aligning well with the implicit meaning. However, Response A uses ""a clock without hands"" which is slightly more vivid and imaginative than Response B's ""a broken clock,"" as it creates a more specific and striking image of time being completely unmeasurable. Response B, while clear, uses a more common and less original image. Both responses are coherent, but Response A’s imagery is more precise and evocative, better capturing the intended concept. [RESULT] A"
Words are delicate threads in a tapestry of trust.,a seedling grows into a mighty oak tree.,A,"Feedback: Response A, ""Words are delicate threads in a tapestry of trust,"" aligns more closely with the implicit meaning of new ideas being uncertain and fragile, as it emphasizes the fragility and interconnectedness of words (ideas) in a larger context. The imagery of delicate threads captures the vulnerability and potential for breakage, mirroring the uncertainty of new ideas. In contrast, Response B, ""a seedling grows into a mighty oak tree,"" focuses on growth and strength, which diverges from the implicit meaning of fragility and uncertainty. While both metaphors use vivid imagery, Response A is more coherent and accurate in conveying the intended concept of initial vulnerability. [RESULT] A"
She was a river that lifted others up.,life is a fluid dance where change is the constant rhythm.,B,"Feedback: Both metaphors attempt to capture the essence of life's dynamic nature, but neither aligns closely with the implicit meaning of life choices being akin to browsing through store windows, full of potential yet requiring decisions. Response A focuses on the uplifting and supportive aspect of a person, which is more about character than the decision-making process implied in the implicit meaning. Response B, while more abstract, emphasizes the fluid and ever-changing nature of life, which is somewhat related to the idea of potential but lacks the specific imagery of choices and decisions. Response B is slightly closer to the implicit meaning due to its focus on change, a key aspect of making choices, but it still falls short in directly addressing the concept of browsing through options. [RESULT] B"
The mind is a garden that blooms with emotions.,stars were a canvas of twinkling brushstrokes.,B,"Feedback: Response A, ""The mind is a garden that blooms with emotions,"" does not align with the implicit meaning of stars creating patterns and connections across the night sky, as it focuses on emotions and the mind rather than celestial patterns. Its imagery is coherent but unrelated to the intended concept. Response B, ""stars were a canvas of twinkling brushstrokes,"" captures the idea of stars forming patterns and connections more closely, using vivid and imaginative imagery of a canvas and brushstrokes to represent the night sky. While Response B does not explicitly mention ""connections,"" it conveys the concept of patterns more effectively than Response A. [RESULT] B"
Peeling an onion to reveal its tender heart.,she's a puzzle with many pieces to be solved.,A,"Feedback: Response A (""Peeling an onion to reveal its tender heart"") captures the methodical, step-by-step nature of solving a complex problem, as each layer of the onion is peeled back to reach the core. The imagery is vivid and coherent, effectively conveying the gradual process. Response B (""she's a puzzle with many pieces to be solved"") also reflects complexity but focuses more on the challenge of assembling pieces rather than the sequential, methodical approach. While both metaphors align with the implicit meaning, Response A more closely mirrors the step-by-step aspect and uses more precise imagery. [RESULT] A"
Steps lead up to an invisible summit.,her failures were the foundation of her success.,B,"Feedback: Both metaphors aim to convey the idea that growth and success stem from past failures, but they differ in their approach and effectiveness. Response A uses the imagery of ""steps leading up to an invisible summit,"" which is somewhat abstract and lacks direct connection to the concept of failure as a precursor to success. The metaphor is coherent but fails to vividly capture the implicit meaning, earning a score of 3. Response B, on the other hand, directly links ""failures"" to the ""foundation of her success,"" creating a clear and vivid image that aligns closely with the implicit meaning. This metaphor is more imaginative and accurate, earning a score of 5. [RESULT] B"
She wove a tapestry of scars and wisdom.,she organized the data into a beautiful mosaic.,B,"Feedback: Response A, ""She wove a tapestry of scars and wisdom,"" uses vivid imagery but focuses on personal growth and experience rather than the systematic organization implied in the research context. The metaphor of weaving a tapestry suggests a creative, cumulative process, but it does not directly align with the careful organization and arrangement of data. Response B, ""she organized the data into a beautiful mosaic,"" directly captures the systematic arrangement and organization of research, with the mosaic imagery effectively conveying the idea of assembling disparate pieces into a coherent whole. While both metaphors are imaginative, Response B more closely aligns with the implicit meaning of research requiring careful organization. [RESULT] B"
A river that flows through the ages.,its democracy is a puzzle with many missing pieces.,B,"Feedback: Response A, ""A river that flows through the ages,"" does not align closely with the implicit meaning of democracy being incomplete and flawed. The imagery of a river flowing through time suggests continuity and endurance rather than incompleteness or flaws, making it a poor fit for the intended concept. Response B, ""its democracy is a puzzle with many missing pieces,"" directly captures the idea of incompleteness and flaws, using vivid and coherent imagery that aligns well with the implicit meaning. While the metaphor in Response B is not highly imaginative, it effectively conveys the intended concept. Response A scores a 2 due to its weak relation to the reference meaning, while Response B scores a 4 for its clear alignment and appropriate imagery. [RESULT] B"
Love is a garden that blooms with care.,love is a garden that needs regular watering and care.,A,"Feedback: Both Response A and Response B effectively convey the implicit meaning that love requires nurturing and attention to flourish, as they both use the garden metaphor to emphasize care. However, Response A (""Love is a garden that blooms with care"") is more vivid and imaginative, as it directly links care to the positive outcome of blooming, creating a clearer and more inspiring image. Response B (""love is a garden that needs regular watering and care"") is slightly less vivid and focuses more on the necessity of maintenance rather than the flourishing result. While both are coherent, Response A better captures the intended concept with more imaginative and impactful imagery. [RESULT] A"
"Relationships were a beautiful, intricate patchwork quilt.",she treasures her memories like a precious collection.,B,"Feedback: Response A, while imaginative, focuses on the complexity and beauty of relationships, which does not directly align with the implicit meaning of memories being valuable and delicate treasures. The imagery of a patchwork quilt is vivid and coherent but fails to capture the concept of protection or delicacy. Response B, on the other hand, directly aligns with the implicit meaning by comparing memories to a precious collection, emphasizing their value and the need to treasure them. The imagery is clear and effectively conveys the intended concept. Response B is more accurate and relevant to the implicit meaning. [RESULT] B"
Life is a richly embroidered patchwork quilt.,she is a magnet that draws iron filings universally.,B,"Feedback: Response A, ""Life is a richly embroidered patchwork quilt,"" does not align closely with the implicit meaning of being easily distracted by attractive or trendy things. The imagery of a quilt suggests complexity and diversity but lacks the element of attraction or distraction. Response B, ""She is a magnet that draws iron filings universally,"" more accurately captures the implicit meaning by conveying the idea of being irresistibly drawn to various things, akin to a magnet attracting iron filings. The imagery in Response B is vivid and coherent, effectively representing the concept of distraction by attractive elements. While both metaphors use imaginative imagery, Response B better aligns with the intended meaning. [RESULT] B"
Life is a tightrope between opposing forces.,she unraveled the puzzle one thread at a time.,B,"Feedback: Response A uses the metaphor of life as a tightrope, emphasizing balance and tension between opposing forces, which does not directly align with the implicit meaning of patience and methodical handling. The imagery is vivid but fails to capture the idea of resolving problems step by step. Response B, on the other hand, uses the metaphor of unraveling a puzzle one thread at a time, which closely aligns with the implicit meaning by emphasizing patience and a systematic approach. The imagery in Response B is both vivid and coherent, effectively conveying the intended concept. While both responses use imaginative metaphors, Response B better captures the implicit meaning and is more accurate in its representation. [RESULT] B"
She was a thread weaving people into a tapestry.,she is a key that fits the lock perfectly.,B,"Feedback: Both metaphors attempt to convey a sense of precision and customization, but they differ in their approach and alignment with the implicit meaning. Response A, ""She was a thread weaving people into a tapestry,"" emphasizes connection and integration, which is more about bringing people together rather than the precision and customization of ideas. The imagery is vivid and coherent but does not closely align with the concept of fitted clothing. Response B, ""She is a key that fits the lock perfectly,"" directly captures the idea of precision and customization, as a key fitting a lock is a clear and vivid metaphor for something being perfectly tailored. While both responses have strong imagery, Response B more accurately and imaginatively reflects the implicit meaning of ideas being customized and precise like fitted clothing. [RESULT] B"
Imagination is a warm flame that lights the way.,laughter is a warm hug.,B,"Feedback: Response A, ""Imagination is a warm flame that lights the way,"" focuses on guidance and illumination, which does not align closely with the implicit meaning of joy spreading contagiously. The imagery is vivid but fails to capture the concept of spreading or affecting others. Response B, ""Laughter is a warm hug,"" better conveys the idea of joy as a comforting, contagious force that spreads and connects people, aligning more closely with the implicit meaning. While both metaphors use warmth as a common element, Response B more effectively captures the intended concept of joy's infectious nature. [RESULT] B"
A river flowing downstream with rocks to climb.,she was a conductor of her life's symphony.,B,"Feedback: Response A, ""A river flowing downstream with rocks to climb,"" captures the idea of movement and challenges but lacks the precision and care implied in the implicit meaning. The imagery is somewhat vivid but does not align closely with the concept of precise and precious movements. Response B, ""she was a conductor of her life's symphony,"" effectively conveys the idea of precise and careful control, aligning well with the implicit meaning. The metaphor is imaginative and coherent, using the conductor's role to symbolize meticulous and valuable actions. While both responses have some merit, Response B more accurately and vividly represents the intended concept. [RESULT] B"
"Relationships are delicate, intricate glass sculptures.",ideas are plants that need soil to grow.,B,"Feedback: Both metaphors attempt to convey the idea of growth requiring care and support, but they differ significantly in their approach and alignment with the implicit meaning. Response A, ""Relationships are delicate, intricate glass sculptures,"" emphasizes fragility and the need for careful handling, which indirectly relates to the concept of care. However, it focuses more on the vulnerability of relationships rather than the active process of growth. The imagery is vivid and coherent but does not directly capture the idea of growth. Response B, ""Ideas are plants that need soil to grow,"" directly aligns with the implicit meaning by explicitly linking growth to the necessity of proper care and support (soil). The metaphor is straightforward, vivid, and effectively conveys the intended concept. While both responses use imaginative imagery, Response B more accurately and clearly represents the original idea. [RESULT] B"
She was a conductor of human harmony.,he was a statue in a suit.,B,"Feedback: Response A, ""She was a conductor of human harmony,"" suggests a person who orchestrates and brings balance to others' emotions, which does not align with the implicit meaning of hidden or suppressed emotions and actions. The imagery is coherent but fails to capture the intended concept. Response B, ""He was a statue in a suit,"" more effectively conveys the idea of suppressed emotions and actions, as a statue implies stillness, rigidity, and lack of expression, which aligns with the implicit meaning. The imagery in Response B is vivid and directly relates to the concept of hidden emotions. While neither metaphor is highly imaginative, Response B better captures the intended meaning. [RESULT] B"
Healing is a garden of released burdens.,she's in a minefield.,B,"Feedback: Response A, ""Healing is a garden of released burdens,"" does not align with the implicit meaning of being in a dangerous or vulnerable position. Instead, it conveys a sense of peace and growth, which is the opposite of the intended concept. The imagery is coherent but fails to capture the vulnerability or danger. Response B, ""she's in a minefield,"" directly aligns with the implicit meaning by vividly portraying a dangerous and vulnerable situation. The imagery is clear, immediate, and effectively conveys the intended concept. Response B is more accurate and imaginative in representing the original idea. [RESULT] B"
She ran herself into a better situation.,the problem is a complex puzzle with many pieces.,B,"Feedback: Response A (""She ran herself into a better situation"") does not align closely with the implicit meaning of a complex problem with interconnected issues. It focuses on personal improvement and movement, lacking the imagery of complexity and interconnectedness. Response B (""the problem is a complex puzzle with many pieces"") directly captures the implicit meaning by using the metaphor of a puzzle, which inherently conveys complexity and the need to address multiple interconnected pieces. While both responses differ significantly in their approach, Response B is more vivid, coherent, and accurate in representing the intended concept. [RESULT] B"
A delicate rose in a storm.,he is a spent battery that needs to recharge.,B,"Feedback: Both metaphors attempt to convey the idea of exhaustion and the need for rest, but they differ significantly in their approach and effectiveness. Response A, ""A delicate rose in a storm,"" uses vivid imagery of a fragile flower enduring harsh conditions, which metaphorically suggests vulnerability and the need for protection or respite. However, it does not directly convey the concept of being ""spent"" or needing to recharge, making it less aligned with the implicit meaning. Response B, ""he is a spent battery that needs to recharge,"" directly and clearly captures the idea of being exhausted and needing rest, using a common and relatable metaphor that aligns closely with the intended concept. While Response A is more imaginative and poetic, Response B is more precise and coherent in conveying the implicit meaning. [RESULT] B"
"The house was a haunted, hollow shell.",the darkness was a solid shroud.,B,"Feedback: Both metaphors attempt to convey a sense of overwhelming and impenetrable darkness, but they differ in their approach and effectiveness. Response A, ""The house was a haunted, hollow shell,"" uses the imagery of a hollow shell to suggest emptiness and abandonment, which only partially aligns with the implicit meaning of solid and impenetrable darkness. The metaphor is somewhat vivid but fails to capture the solidity and overwhelming nature of the darkness. Response B, ""the darkness was a solid shroud,"" directly addresses the implicit meaning by describing the darkness as a solid and enveloping entity, akin to a shroud. This metaphor is more vivid and coherent in conveying the intended concept of overwhelming and complete darkness that feels solid and impenetrable. While both responses have some imaginative elements, Response B more closely aligns with the implicit meaning and does so with clearer and more effective imagery. [RESULT] B"
A single stone can create a ripple.,our visual field is a canvas awaiting the brushstrokes of experience.,B,"Feedback: Response A, ""A single stone can create a ripple,"" does not align closely with the implicit meaning of vision collecting and preserving memories like a container. The imagery of a stone creating a ripple is vivid but fails to capture the concept of memory preservation or the role of vision. Response B, ""our visual field is a canvas awaiting the brushstrokes of experience,"" more effectively aligns with the implicit meaning by suggesting that vision accumulates and records experiences, akin to a canvas being filled with brushstrokes. While it doesn't explicitly mention preservation like a container, it conveys the idea of vision as a medium for collecting memories more clearly than Response A. Response B also uses more vivid and coherent imagery compared to Response A. [RESULT] B"
"A gemstone with many facets, reflecting diverse inner depths.",she was a detective with her own beliefs.,A,"Feedback: Response A uses a gemstone with many facets to symbolize diverse inner depths, which somewhat aligns with the idea of examining thoughts but lacks the methodical and organized aspect of the implicit meaning. The imagery is vivid but not directly tied to the process of organizing thoughts. Response B, comparing someone to a detective with her own beliefs, introduces the idea of investigation but fails to capture the methodical organization of thoughts, focusing instead on personal conviction. Both metaphors fall short in fully capturing the implicit meaning, but Response A’s imagery is more coherent and imaginative, even if it doesn’t precisely align with the methodical examination aspect. [RESULT] A"
Two dancers moving as one perfect harmony.,they were a symphony of teamwork and perfect harmony.,A,"Feedback: Both responses aim to capture the implicit meaning of smooth collaboration and synchronization, but they differ in their approach and effectiveness. Response A uses the imagery of ""two dancers moving as one"" to convey unity and harmony, which directly reflects the idea of partners working together seamlessly. The metaphor is vivid and coherent, creating a clear mental image of synchronized movement. Response B, on the other hand, compares the collaboration to ""a symphony of teamwork and perfect harmony,"" which is more abstract and less focused on the partners themselves. While it aligns with the concept of harmony, the symphony metaphor is broader and less specific to the idea of two individuals working together. Response A is more precise and imaginative in capturing the implicit meaning, making it the better choice. [RESULT] A"
The river's steady flow reaches the distant shore.,a social media network is like a highway system.,B,"Feedback: Response A, ""The river's steady flow reaches the distant shore,"" captures the idea of continuous movement and connection but lacks the rapidity and complexity implied in the implicit meaning. It conveys a sense of flow but not the speed or network-like structure of information dissemination. Response B, ""a social media network is like a highway system,"" more accurately reflects the rapid and interconnected nature of information flow, aligning well with the neural pathway analogy. While both metaphors have some relevance, Response B is more vivid and coherent in representing the intended concept of rapid, widespread connectivity. [RESULT] B"
She ran herself into a better situation.,the sun's descent was a gentle slope into darkness.,B,"Feedback: Response A does not align with the implicit meaning of gradual disappearance and transformation of light into darkness, as it focuses on personal improvement rather than the transition from light to darkness. It lacks any imagery related to light or darkness and fails to convey the intended concept. Response B, on the other hand, captures the implicit meaning more effectively by describing the sun's descent as a gentle slope into darkness, which vividly and coherently represents the gradual transformation of light into darkness. The imagery in Response B is clear and aligns closely with the intended meaning, making it a more imaginative and accurate representation. [RESULT] B"
Nature is a sculptor that carves the landscape.,art is a flower that blooms in the world.,A,"Feedback: Both metaphors attempt to capture the idea of ""beginning or revealing something new,"" but they do so with varying degrees of clarity and vividness. Response A, ""Nature is a sculptor that carves the landscape,"" effectively conveys the concept of creation and transformation, aligning well with the implicit meaning. The imagery of a sculptor shaping the landscape is coherent and vivid, suggesting the emergence of something new through a gradual, deliberate process. Response B, ""Art is a flower that blooms in the world,"" also touches on the idea of something new being revealed, but it is less directly tied to the concept of creation or transformation. While the blooming of a flower is a vivid and imaginative image, it primarily emphasizes growth and beauty rather than the act of bringing something new into existence. Response A more closely aligns with the implicit meaning and uses more coherent and relevant imagery. [RESULT] A"
Life is a puzzle with a map to guide us.,responsibilities are like a garden that needs constant tending.,B,"Feedback: Neither metaphor directly addresses the implicit meaning of obsessive-compulsive behavior towards possessions. Response A, ""Life is a puzzle with a map to guide us,"" focuses on guidance and structure, which does not align with the obsessive nature of the implicit meaning. Response B, ""Responsibilities are like a garden that needs constant tending,"" emphasizes the need for ongoing care, which is closer to the idea of obsessive attention but still lacks the specific focus on possessions. Both metaphors use coherent and vivid imagery, but Response B is slightly more aligned with the concept of obsessive care, albeit not directly related to possessions. [RESULT] B"
Laughter was a patchwork quilt for the soul.,humor was a healing balm for the soul.,B,"Feedback: Both metaphors aim to convey the healing aspect of comedy, but they differ in their imagery and alignment with the implicit meaning. Response A, ""Laughter was a patchwork quilt for the soul,"" uses the image of a quilt, which suggests comfort and warmth, but it lacks the direct connection to healing that the implicit meaning requires. The patchwork quilt implies a sense of comfort and familiarity but does not explicitly convey the therapeutic or restorative nature of comedy. On the other hand, Response B, ""Humor was a healing balm for the soul,"" directly uses the term ""healing balm,"" which clearly aligns with the idea of comedy alleviating mental distress. The imagery of a balm is vivid and directly related to the concept of healing, making it a more accurate and imaginative representation of the implicit meaning. Response B scores higher for its clarity, directness, and vivid imagery that closely aligns with the intended concept. [RESULT] B"
Challenges are mountains that only patience can climb.,she grew knowledge into a garden of innovative ideas.,B,"Feedback: Response A focuses on overcoming challenges through patience, using the metaphor of climbing mountains, which does not align with the implicit meaning of growth and development of ideas over time. Its imagery is vivid but unrelated to the concept of nurturing ideas. Response B, however, directly captures the implicit meaning by comparing the growth of knowledge to cultivating a garden of innovative ideas, using vivid and coherent imagery that reflects care and time. While both responses use imaginative metaphors, only Response B effectively conveys the intended concept. [RESULT] B"
Time is a river that flows without pause.,life is a river that flows forward with time.,A,"Feedback: Both metaphors effectively convey the concept of linear progression, but they differ in their focus and alignment with the implicit meaning. Response A emphasizes time as the primary force, aligning closely with the idea that time moves forward, connecting actions to consequences. Its imagery is vivid and coherent, capturing the relentless flow of time. Response B, while also using the river metaphor, shifts the focus to life moving with time, which slightly dilutes the direct connection to the implicit meaning of time’s linear progression. Although both are imaginative, Response A is more precise in reflecting the intended concept. [RESULT] A"
They shone bright lights on the path ahead.,a seedling needs fertile soil to grow.,B,"Feedback: Response A uses the imagery of ""bright lights on the path ahead"" to suggest guidance and clarity, which somewhat aligns with the idea of opportunities needing support. However, it focuses more on illumination rather than the resources required for success, making it less directly connected to the implicit meaning. The imagery is vivid but not highly imaginative in this context. Response B, on the other hand, directly compares opportunities to a ""seedling needing fertile soil to grow,"" which clearly and vividly conveys the necessity of proper resources for success. The metaphor in Response B is more imaginative and aligns closely with the implicit meaning, effectively capturing the intended concept. [RESULT] B"
She released a butterfly from her tightly clenched hand.,juggling responsibilities with care and attention,B,"Feedback: Response A uses the imagery of releasing a butterfly from a tightly clenched hand, which metaphorically suggests letting go of something delicate and free, but it does not directly convey the idea that material possessions are needy and demanding. The metaphor is vivid and coherent but fails to align closely with the implicit meaning. Response B, on the other hand, uses the metaphor of juggling responsibilities, which implies managing multiple demands on one's time and energy, aligning more closely with the idea that material possessions are needy and demanding. However, it lacks the vivid imagery and specificity of Response A. Both responses have their strengths, but Response B better captures the intended concept, albeit with less imaginative imagery. [RESULT] B"
A butterfly emerging from the ashes of its past.,they drew a clear line between right and wrong.,B,"Feedback: Response A uses the imagery of a butterfly emerging from ashes, which symbolizes transformation and renewal, but it does not align with the implicit meaning of clear moral boundaries. The metaphor is imaginative and vivid but fails to capture the concept of unambiguous moral distinctions. Response B, on the other hand, directly conveys the idea of drawing a clear line between right and wrong, which closely aligns with the implicit meaning. While it lacks the vivid imagery of Response A, it effectively communicates the intended concept with clarity and coherence. Response B better meets the criteria by accurately reflecting the implicit meaning, even if it is less imaginative. [RESULT] B"
She unraveled the tangled thread of the problem.,the solution was a hidden key to the puzzle.,A,"Feedback: Both metaphors aim to convey the idea of finding a solution, but they differ in their approach and alignment with the implicit meaning. Response A, ""She unraveled the tangled thread of the problem,"" uses the imagery of untangling threads, which vividly represents the process of solving a complex issue. It aligns closely with the implicit meaning by emphasizing the effort and clarity needed to achieve the solution. Response B, ""the solution was a hidden key to the puzzle,"" focuses on the solution as a hidden key, which is a common metaphor but less vivid and imaginative compared to Response A. While it conveys the idea of a clear target, it lacks the depth and coherence in imagery that Response A provides. Response A better captures the implicit meaning with more vivid and coherent imagery, making it a clearer and more imaginative representation. [RESULT] A"
A slow-moving river with a blooming garden.,his career is a journey of steady progress.,B,"Feedback: Response A uses a vivid image of a ""slow-moving river with a blooming garden,"" which captures the idea of growth and the need for care (like water for the garden). However, it lacks a direct connection to ""success"" and doesn’t explicitly convey the concept of ""steady progress."" Response B, ""his career is a journey of steady progress,"" directly aligns with the idea of growth and success through consistent effort, but it lacks the imaginative and vivid imagery of Response A. Both responses partially capture the implicit meaning, but Response B more clearly conveys the intended concept of ""growth and success through proper care and attention"" in a straightforward manner, while Response A is more imaginative but less precise. [RESULT] B"
A tightrope walker balancing on a thin wire.,they were two ships that could not navigate the same ocean.,B,"Feedback: Response A, the tightrope walker, captures the tension and precariousness of intense conflict but lacks the element of harmful communication, focusing more on balance and risk. Response B, the two ships in the same ocean, conveys a sense of incompatibility and inability to coexist, which aligns more closely with the implicit meaning of intense conflict expressed through harmful communication. While both metaphors have vivid imagery, Response B more accurately reflects the intended concept by emphasizing the destructive interaction between the parties. [RESULT] B"
Her voice is a symphony of soothing serenity.,a beacon of understanding illuminates the path forward.,B,"Feedback: Response A, ""Her voice is a symphony of soothing serenity,"" focuses on the calming and harmonious qualities of the voice, which does not directly align with the implicit meaning of intelligence guiding and illuminating others. The imagery is vivid and coherent but fails to capture the guiding and illuminating aspect. Response B, ""a beacon of understanding illuminates the path forward,"" directly conveys the idea of intelligence acting as a guiding light, aligning closely with the implicit meaning. The imagery is clear and effectively represents the intended concept. While both responses use vivid imagery, Response B more accurately and imaginatively captures the implicit meaning. [RESULT] B"
Her heart was a community center.,his heart was a heavy anchor.,B,"Feedback: Both metaphors attempt to convey psychological pain and trauma, but they differ significantly in their approach and effectiveness. Response A, ""Her heart was a community center,"" uses an unexpected and somewhat abstract image, which could suggest a place of gathering or support, but it lacks the direct connection to pain and trauma. The imagery is coherent but fails to capture the intended emotional weight. Response B, ""His heart was a heavy anchor,"" more vividly and directly conveys the burden and immobility associated with psychological pain and trauma. The metaphor of an anchor effectively symbolizes the oppressive and grounding nature of such experiences, aligning closely with the implicit meaning. While both responses are imaginative, Response B is more successful in capturing the intended concept with clearer and more resonant imagery. [RESULT] B"
Fires of failure purify the heart and mind.,"her mind was a garden, carefully tended for creativity to bloom.",B,"Feedback: Response A uses the imagery of fire and purification to convey a transformative process, but it does not directly address the nurturing and protected environment required for creativity to flourish. The metaphor is vivid and imaginative but misaligned with the implicit meaning. Response B, on the other hand, directly compares the mind to a garden, emphasizing the need for careful tending and protection for creativity to bloom, which closely aligns with the implicit meaning. The imagery in Response B is coherent and effectively conveys the intended concept. While both responses are imaginative, Response B better captures the implicit meaning with clearer and more relevant imagery. [RESULT] B"
Time is a canvas for the artist of memory.,a mosaic of love.,B,"Feedback: Response A (""Time is a canvas for the artist of memory"") and Response B (""a mosaic of love"") both attempt to capture the implicit meaning of love as a mysterious and transformative force, but they do so with varying degrees of success. Response A focuses on the concept of time and memory, which, while imaginative, does not directly address the transformative or mysterious nature of love. The imagery of a canvas and an artist is vivid and coherent but fails to align closely with the intended meaning. Response B, on the other hand, uses the metaphor of a mosaic, which inherently suggests complexity, interconnectedness, and transformation, aligning more closely with the implicit meaning. However, it lacks the vividness and specificity of Response A's imagery. Response B is more accurate in conveying the intended concept, though it is less imaginative. [RESULT] B"
Memories are the intricate threads of a fragile tapestry.,my mind is a council of wise judges.,B,"Feedback: Response A, ""Memories are the intricate threads of a fragile tapestry,"" focuses on the fragility and interconnectedness of memories, which does not directly address the internal decision-making process about feelings. While the imagery is vivid and coherent, it fails to capture the implicit meaning. Response B, ""my mind is a council of wise judges,"" directly relates to the internal decision-making process, portraying the mind as a deliberative body evaluating feelings. The imagery is clear and aligns well with the intended concept, though it could be more imaginative. Response B better captures the implicit meaning and is more effective in conveying the intended concept. [RESULT] B"
"Water danced with the moon's gentle, silver brushstrokes.",she was a painting in the night sky.,A,"Feedback: Response A captures the implicit meaning more effectively by directly comparing the movement of light to water waves through the imagery of ""water danced with the moon's gentle, silver brushstrokes."" The metaphor is vivid and coherent, emphasizing the fluid, dynamic nature of light. Response B, while imaginative, does not align closely with the implicit meaning as it focuses on a person being compared to a painting in the night sky, which does not convey the concept of light moving like water waves. Response A’s imagery is more precise and aligned with the intended concept, making it the clearer and more accurate representation. [RESULT] A"
A seedling grew into a towering oak of success.,education is a seed sown for a brighter community.,B,"Feedback: Both metaphors attempt to convey the idea of growth and positive outcomes, but they differ in their focus and imagery. Response A emphasizes individual success (""a towering oak of success""), which is a vivid and coherent image but does not directly address the community aspect of the implicit meaning. Response B, on the other hand, explicitly links education to community outcomes (""a seed sown for a brighter community""), aligning more closely with the implicit meaning. While Response A’s imagery is more striking, it lacks the direct connection to community benefits. Response B, though less vivid, effectively captures the intended concept. [RESULT] B"
The depths of nature mirror the depths of the soul.,laughter was a mirror to their hearts.,B,"Feedback: Response A, ""The depths of nature mirror the depths of the soul,"" focuses on the profound connection between nature and the soul, which does not directly relate to the implicit meaning of friendship being purified and strengthened through shared joy. The imagery is somewhat vivid but lacks coherence with the intended concept. Response B, ""laughter was a mirror to their hearts,"" more closely aligns with the implicit meaning by connecting laughter (a form of shared joy) to the hearts (symbolizing friendship). The imagery is clear and effectively conveys the idea that shared joy reflects and strengthens the bond of friendship. While neither metaphor fully captures the purification aspect, Response B is more relevant and imaginative in representing the core idea. [RESULT] B"
Her attic was a museum of her life.,her possessions are a timeline of her life's journey.,B,"Feedback: Both metaphors aim to convey the idea that material items reflect one's life journey, but they differ in their approach and vividness. Response A, ""Her attic was a museum of her life,"" uses the imagery of a museum to suggest a curated collection of memories, which aligns well with the implicit meaning of material items marking life's path. However, it focuses more on the static display of items rather than their dynamic role in tracking life's journey. Response B, ""her possessions are a timeline of her life's journey,"" directly links possessions to a timeline, more explicitly capturing the idea of items as tracks in sand. While both are coherent, Response B is more vivid and directly aligned with the implicit meaning, as it emphasizes the sequential and continuous nature of life's journey through material items. [RESULT] B"
She was a shipwreck in a stormy sea.,he has sculpted a work of art in his mind.,B,"Feedback: Response A, ""She was a shipwreck in a stormy sea,"" does not align with the implicit meaning of achievement completed or arrived successfully, as it conveys struggle and failure rather than success. The imagery is vivid but misaligned with the intended concept. Response B, ""He has sculpted a work of art in his mind,"" better captures the idea of achievement, as sculpting a work of art implies a completed and successful creation. However, the imagery is less vivid and more abstract compared to Response A. Response B aligns more closely with the implicit meaning but lacks the imaginative vividness of Response A. [RESULT] B"
Wounds heal with a gentle touch of mercy.,time is a catalyst for change.,B,"Feedback: Response A, ""Wounds heal with a gentle touch of mercy,"" focuses on healing and mercy, which does not align closely with the implicit meaning of time's gradual and inevitable transformative power. The imagery is somewhat vivid but fails to capture the concept of time as a force of change. Response B, ""time is a catalyst for change,"" directly addresses the implicit meaning by emphasizing time's role in transformation, though it lacks vivid imagery and feels somewhat generic. Response B more accurately conveys the intended concept, albeit with less imaginative language. [RESULT] B"
A sponge for knowledge.,"a sponge for knowledge, she soaked up new ideas eagerly.",B,"Feedback: Both responses use the metaphor of a sponge to represent the absorption of knowledge, which aligns with the implicit meaning of an eager and passionate desire to learn. However, Response B enhances the imagery by adding the phrase ""she soaked up new ideas eagerly,"" which more vividly and explicitly conveys the enthusiasm and continuous nature of learning. Response A, while concise, lacks the same level of detail and emotional resonance. Response B’s additional context makes it a clearer and more imaginative representation of the intended concept. [RESULT] B"
A tree's scars are the lines of its greatest growth.,steps in progress create the foundation of a solid structure.,A,"Feedback: Both metaphors attempt to capture the idea of personal growth leaving lasting marks, but they differ in their approach and effectiveness. Response A uses the imagery of a tree's scars as lines of growth, which is vivid and directly ties the concept of scars (lasting marks) to growth, aligning closely with the implicit meaning. It also evokes a natural, organic process of development. Response B, while conveying progress and foundation, is less directly tied to the idea of ""lasting marks"" and feels more abstract and less vivid in comparison. The imagery of steps and structures is coherent but doesn't capture the personal, transformative essence as strongly as Response A. [RESULT] A"
A tree is its own unique landscape.,she painted vivid characters on the canvas of her stories.,B,"Feedback: Response A, ""A tree is its own unique landscape,"" uses a natural element to suggest individuality and complexity, but it lacks a direct connection to the act of creating fictional characters. The imagery is coherent but does not vividly capture the process of bringing characters to life through writing. Response B, ""she painted vivid characters on the canvas of her stories,"" directly aligns with the implicit meaning by using the metaphor of painting on a canvas to represent the creative process of writing. The imagery is vivid, coherent, and effectively conveys the intended concept of crafting and animating fictional characters. While both responses use metaphors, Response B more closely aligns with the implicit meaning and employs more imaginative and relevant imagery. [RESULT] B"
Life is stuck in neutral gear.,their ideas were stuck in a rut.,B,"Feedback: Both metaphors aim to convey the idea of stagnation, but they differ in their approach and effectiveness. Response A, ""Life is stuck in neutral gear,"" uses a car analogy, which is vivid and coherent, but it refers to life in general rather than specifically to ideas or thoughts, making it less aligned with the implicit meaning. Response B, ""their ideas were stuck in a rut,"" directly addresses ideas and uses the imagery of being stuck in a rut, which is a common and clear metaphor for stagnation. While both responses are coherent, Response B more accurately and specifically captures the implicit meaning of ideas that can no longer progress. Response B also uses more familiar and direct imagery, making it more effective in conveying the intended concept. [RESULT] B"
He was a river that flowed endlessly towards the truth.,his success was a stepping stone to more difficult challenges.,B,"Feedback: Response A uses a river flowing endlessly towards truth as a metaphor, which emphasizes continuous movement and pursuit but does not directly capture the idea of achievement creating a desire for greater accomplishments. The imagery is vivid and coherent but misaligned with the implicit meaning. Response B, however, directly links success (achievement) to stepping stones (incremental progress), clearly conveying the concept of one accomplishment leading to the pursuit of more challenging goals. While the imagery in Response B is less imaginative, it aligns more closely with the implicit meaning. [RESULT] B"
Memories are leaves that fall with the seasons.,her obligations were a chain that bound her.,B,"Feedback: Response A (""Memories are leaves that fall with the seasons"") does not align with the implicit meaning of material possessions being burdensome and restrictive, as it focuses on the transient nature of memories rather than the weight of obligations. Response B (""her obligations were a chain that bound her"") directly captures the restrictive and burdensome aspect of the implicit meaning, using vivid and coherent imagery of chains to convey confinement. While both metaphors are imaginative, Response B is more accurate and relevant to the intended concept. [RESULT] B"
A community is a delicate spider's web of lives.,his rage was a ticking time bomb.,B,"Feedback: Response A, ""A community is a delicate spider's web of lives,"" does not align with the implicit meaning of ""increasing anger about to explode."" It focuses on interconnectedness and fragility, which are unrelated to the concept of anger. The imagery is vivid and coherent but fails to capture the intended meaning. Response B, ""his rage was a ticking time bomb,"" directly aligns with the implicit meaning by conveying the idea of anger building up to an explosive point. The imagery is vivid, coherent, and highly imaginative, effectively representing the original idea. Response B clearly outperforms Response A in capturing the intended meaning and using appropriate imagery. [RESULT] B"
She ran herself into a better situation.,his sexual tension was a ticking time bomb.,B,"Feedback: Response A (""She ran herself into a better situation"") does not align with the implicit meaning of a dangerous level of pressure or stress reaching critical limits. The imagery suggests improvement or escape rather than escalating tension. Response B (""his sexual tension was a ticking time bomb"") closely captures the implicit meaning by using vivid and coherent imagery of a time bomb, which effectively conveys the idea of pressure reaching a critical, dangerous point. Response B is highly imaginative and aligns well with the intended concept, while Response A fails to reflect the intended meaning. [RESULT] B"
Life is a river with ever-changing currents.,she built her own ladder to success.,B,"Feedback: Response A, ""Life is a river with ever-changing currents,"" captures the idea of constant change and adaptability but does not directly address the implicit meaning of personal struggle and determination required for success. The imagery is vivid and coherent but lacks the specific focus on effort and perseverance. Response B, ""She built her own ladder to success,"" directly aligns with the implicit meaning by emphasizing personal agency, effort, and the deliberate act of achieving success. The imagery is clear and effectively conveys the intended concept. While both metaphors are coherent, Response B more accurately and imaginatively represents the original idea. [RESULT] B"
His anger is a runaway train he can't stop.,"a kaleidoscope of perspectives, reflecting the world's diverse view.",A,"Feedback: Response A captures the implicit meaning more effectively by depicting anger as a runaway train, symbolizing the uncontrollable and overwhelming nature of suppressed emotions. The imagery is vivid and coherent, aligning closely with the idea of repeatedly trying to stop something unpleasant yet unstoppable. In contrast, Response B, while imaginative, does not align with the implicit meaning; it describes diversity rather than emotional suppression. Response A is clearer, more accurate, and directly reflects the intended concept. [RESULT] A"
"Her heart was a stormy, turbulent, and endless sea.",they were rocks that stood firm in the storm.,B,"Feedback: Response A uses the imagery of a stormy sea to represent emotional turmoil, which does not align with the implicit meaning of unwavering moral principles and strong integrity. The metaphor focuses on chaos rather than stability, missing the core concept entirely. Response B, however, effectively uses the imagery of rocks standing firm in a storm, directly conveying resilience and steadfastness, which closely aligns with the intended meaning. While both responses use natural elements, Response B’s imagery is more coherent and vivid in representing the implicit meaning. [RESULT] B"
"Coffee awakens the senses, a warm hug.",the shapes fall into place like a puzzle.,B,"Feedback: Neither Response A nor Response B effectively captures the implicit meaning of ""gentle, floating movement without direction or purpose."" Response A, ""Coffee awakens the senses, a warm hug,"" conveys a sense of comfort and stimulation, which is entirely unrelated to the intended concept of aimless, gentle movement. Response B, ""the shapes fall into place like a puzzle,"" suggests a structured and purposeful process, which directly contradicts the idea of movement without direction. Both metaphors fail to align with the implicit meaning, but Response B is slightly more coherent in its imagery, though it still misses the mark. [RESULT] B"
A needle in a haystack of unfamiliar faces.,she's a detective on the case.,A,"Feedback: Response A (""A needle in a haystack of unfamiliar faces"") captures the persistence and difficulty of finding something specific, which aligns with the implicit meaning of a nagging question that won't leave one's mind. However, the imagery is somewhat generic and doesn't fully convey the mental persistence or intrusion of the question. Response B (""she's a detective on the case"") introduces a sense of active pursuit and focus, which partially reflects persistence but shifts the focus to an external search rather than an internal, nagging thought. Neither metaphor fully aligns with the implicit meaning, but Response A is closer in conveying the difficulty and persistence, albeit with less vivid imagery. [RESULT] A"
She is a bird taking her first brave flight.,a well-maintained vessel that never shows its age.,B,"Feedback: Response A, ""She is a bird taking her first brave flight,"" captures the idea of a delicate and transformative moment but does not align closely with the implicit meaning of meticulous self-preservation of appearance. The imagery is vivid and coherent but focuses more on courage and new beginnings rather than ongoing maintenance. Response B, ""a well-maintained vessel that never shows its age,"" directly reflects the implicit meaning by emphasizing continuous care and preservation, with imagery that is clear and relevant. While both metaphors are imaginative, Response B more accurately and coherently conveys the intended concept of delicate and meticulous self-preservation. [RESULT] B"
"Her mind was a canvas, always painting anew.",she prepared the field for victory before the game.,B,"Feedback: Response A uses a metaphor of a canvas to represent the mind, emphasizing creativity and constant renewal, but it does not directly address the concept of preparation leading to success. The imagery is vivid and coherent but fails to align closely with the implicit meaning. Response B, on the other hand, directly relates to preparation by using the metaphor of preparing a field for victory, which clearly conveys the idea that proper preparation leads to success. While the imagery in Response B is less imaginative compared to Response A, it more accurately and directly captures the intended concept. [RESULT] B"
She ran herself into a better situation.,they were like fireflies in the darkness.,B,"Feedback: Response A (""She ran herself into a better situation"") focuses on self-improvement and change but lacks the imagery and emotional depth needed to convey intense, passionate, and rapidly growing love. It aligns loosely with the implicit meaning but feels generic and fails to evoke vivid or imaginative imagery. Response B (""they were like fireflies in the darkness"") captures the intensity and beauty of love through the vivid imagery of fireflies, symbolizing fleeting yet radiant moments in darkness, which aligns closely with the passionate and rapidly growing nature of the implicit meaning. While both responses differ significantly in approach, Response B is more imaginative, coherent, and aligned with the intended concept. [RESULT] B"
Actions are the brushstrokes of a person's true portrait.,the couple had to oil their relationship engine to run smoother.,B,"Feedback: Response A, while imaginative and vivid, does not align closely with the implicit meaning of a broken relationship needing fixing. It focuses more on individual actions defining a person's character rather than addressing relationship dynamics. Response B, on the other hand, uses the metaphor of ""oiling a relationship engine"" to convey the idea of maintenance and repair, which aligns more directly with the implicit meaning of a relationship that is broken and needs fixing. The imagery in Response B is coherent and effectively conveys the intended concept, making it a clearer and more accurate representation. [RESULT] B"
She ran herself into a better situation.,she was the conductor of a symphony of ideas.,B,"Feedback: Response A (""She ran herself into a better situation"") does not align closely with the implicit meaning of sharing authority and control with others. The metaphor focuses on individual effort and improvement, lacking any imagery related to collaboration or delegation. Response B (""she was the conductor of a symphony of ideas"") better captures the implicit meaning by implying leadership and coordination, which inherently involves guiding and sharing control with others (the ""orchestra""). While Response B’s imagery is vivid and coherent, it emphasizes a hierarchical role rather than explicitly sharing authority. However, it is closer to the intended concept than Response A. [RESULT] B"
Shadows wrapped the landscape in an impenetrable cloak.,the darkness fell like a heavy blanket.,A,"Feedback: Both metaphors effectively convey the implicit meaning of night falling and covering the land completely, but they differ in their imagery and coherence. Response A uses the phrase ""shadows wrapped the landscape in an impenetrable cloak,"" which creates a vivid and imaginative picture of darkness enveloping the land, aligning closely with the implicit meaning. The imagery is coherent and evokes a sense of total coverage. Response B, ""the darkness fell like a heavy blanket,"" also conveys the idea of complete coverage but uses a more common metaphor, making it slightly less original and vivid compared to Response A. While both are strong, Response A’s imagery is more imaginative and aligns more closely with the intended concept. [RESULT] A"
She was a sleepy garden waking to morning dew.,she needed to thaw her mental ice before she could function.,B,"Feedback: Both metaphors attempt to capture the idea of mental flexibility and gradual awakening, but they differ in their approach and effectiveness. Response A uses the imagery of a ""sleepy garden waking to morning dew,"" which conveys a sense of gentle, natural awakening but lacks a direct connection to mental flexibility. The metaphor is vivid and coherent but leans more toward physical awakening rather than mental adaptability. Response B, on the other hand, directly addresses mental flexibility with the phrase ""thaw her mental ice,"" clearly linking the idea of gradual change to mental readiness. While the imagery is less natural and more abstract, it more accurately captures the intended concept. Response A scores a 3 for its vivid but loosely related imagery, while Response B scores a 4 for its clear alignment with the implicit meaning despite slightly less vivid imagery. [RESULT] B"
"Life is a puzzle, with every mistake a new piece.",time is a master clockmaker of life's every moment.,B,"Feedback: Response A, ""Life is a puzzle, with every mistake a new piece,"" focuses on the idea of mistakes shaping life, which diverges from the implicit meaning of time's relentless pursuit. Its imagery is coherent but fails to capture the concept of time's inevitability. Response B, ""Time is a master clockmaker of life's every moment,"" directly aligns with the implicit meaning by portraying time as a controlling force shaping every moment, using vivid and imaginative imagery. While both responses are coherent, Response B more accurately and imaginatively conveys the intended concept. [RESULT] B"
Life was her greatest teacher ever.,she found a sweet spot of success.,B,"Feedback: Response A (""Life was her greatest teacher ever"") focuses on the idea of learning and growth, which does not directly capture the implicit meaning of achievement feeling pleasurable and satisfying. The imagery is coherent but lacks the vividness and direct connection to the intended concept. Response B (""she found a sweet spot of success"") more closely aligns with the implicit meaning by using the metaphor of a ""sweet spot,"" which conveys both pleasure and satisfaction in a clear and imaginative way. While both responses are coherent, Response B is more effective in capturing the intended meaning with vivid and relevant imagery. [RESULT] B"
Life's canvas is painted with a limited palette.,our view is a window through which we look.,A,"Feedback: Response A uses the metaphor of a ""limited palette"" to convey the idea of restricted options or choices, which aligns more closely with the implicit meaning of limited vision/perspective. It effectively captures the concept of constraints and vividly portrays the idea through artistic imagery. Response B, on the other hand, compares perspective to a ""window,"" which implies a fixed viewpoint but does not inherently convey limitation or restriction as strongly. While both metaphors touch on the idea of perspective, Response A is more imaginative and directly reflects the implicit meaning of limited vision/perspective. [RESULT] A"
"Life's symphony harmonizes in perfect, beautiful melody.",building a house with the stones of their successes.,B,"Feedback: Response A uses a musical metaphor to describe life as a harmonious symphony, which is vivid and imaginative but does not closely align with the implicit meaning of following established paths to success by learning from predecessors. It focuses more on the beauty and perfection of life rather than the concept of building upon past achievements. Response B, on the other hand, uses the metaphor of building a house with stones of successes, which directly relates to the idea of using past achievements as a foundation for future success, aligning more closely with the implicit meaning. The imagery in Response B is clear and coherent, effectively conveying the intended concept. While Response A is imaginative, it fails to capture the core idea, whereas Response B does so with clarity and relevance. [RESULT] B"
Small flame in a stormy sea.,they were lost in a sea of insurmountable complexity.,B,"Feedback: Both metaphors attempt to convey the idea of limited intellectual capacity or weak understanding in a large context, but they differ in their approach and effectiveness. Response A, ""Small flame in a stormy sea,"" uses vivid imagery to contrast a fragile, vulnerable element (the flame) against a powerful, overwhelming force (the stormy sea), which aligns well with the implicit meaning. However, the metaphor is somewhat abstract and may require more interpretation to connect it directly to intellectual capacity. Response B, ""they were lost in a sea of insurmountable complexity,"" directly addresses the concept of being overwhelmed by complexity, clearly reflecting the implicit meaning. While it lacks the vividness of Response A, its clarity and directness make it more effective in conveying the intended idea. Response A scores a 4 for its imaginative and vivid imagery, though it is less direct. Response B scores a 5 for its clear alignment with the implicit meaning and straightforward imagery. [RESULT] B"
A river of perseverance.,"love was a playful, unpredictable dance between two souls.",B,"Feedback: Response A, ""A river of perseverance,"" does not align with the implicit meaning of love being graceful and fleeting, as it focuses on endurance rather than grace or transience. Its imagery is coherent but unrelated to the intended concept. Response B, ""love was a playful, unpredictable dance between two souls,"" captures the gracefulness and fleeting nature of love through the metaphor of a dance, which is both vivid and aligned with the implicit meaning. While it emphasizes playfulness and unpredictability more than fleetingness, it still conveys the core idea more effectively than Response A. [RESULT] B"
A dusty attic of forgotten tales and memories.,two hearts beating as one.,B,"Feedback: Response A, ""A dusty attic of forgotten tales and memories,"" does not align with the implicit meaning of two people in a close, interdependent relationship. The imagery of a dusty attic suggests neglect or abandonment, which contradicts the idea of closeness and interdependence. It scores a 2 due to its unclear relation to the intended meaning. Response B, ""two hearts beating as one,"" directly captures the implicit meaning by emphasizing unity and interdependence, using vivid and coherent imagery that aligns closely with the concept. It scores a 5 for its highly imaginative and accurate representation. [RESULT] B"
Progress is a journey of steady determination.,she conducted her creativity onto the canvas.,B,"Feedback: Response A focuses on ""progress"" and ""determination,"" which does not align with the implicit meaning of creation and transformation through artistic expression. Its imagery is coherent but generic and unrelated to the intended concept. Response B, while not explicitly mentioning transformation, uses ""conducted her creativity onto the canvas,"" which better captures the idea of artistic expression and creation. However, it lacks vividness and does not fully convey transformation. Both responses fall short of the implicit meaning, but Response B is closer due to its connection to creativity and art. [RESULT] B"
She danced on the tightrope of uncertainty.,pieces of a puzzle fit together to form a complete picture.,B,"Feedback: Response A, ""She danced on the tightrope of uncertainty,"" conveys a sense of balance and tension but does not directly capture the sudden mental clarity and comprehension implied in the implicit meaning. The imagery is vivid and coherent but misaligned with the intended concept. Response B, ""pieces of a puzzle fit together to form a complete picture,"" more closely aligns with the implicit meaning by suggesting a process of understanding and clarity emerging from fragmented information. While the imagery is clear and coherent, it lacks the vividness and imaginative depth that could elevate it further. Response B better captures the intended meaning, though neither fully meets the highest imaginative standards. [RESULT] B"
Happiness is a fleeting rainbow in the distance.,a room of our vision.,B,"Feedback: Response A, ""Happiness is a fleeting rainbow in the distance,"" does not align with the implicit meaning about the eyes containing and processing everything we see and understand. Its imagery, while vivid, is unrelated to the concept of vision or perception. Response B, ""a room of our vision,"" partially captures the idea of the eyes as a space for processing visual information but lacks clarity and vividness, making it a weak metaphor. Both responses fail to closely align with the implicit meaning, but Response B has a slight edge due to its indirect reference to vision. [RESULT] B"
Her canvas was a window to her soul.,her theories were put under a microscope.,B,"Feedback: Response A uses a metaphor about a canvas and a soul, which does not align with the implicit meaning of theories competing in an academic context. The imagery is vivid but unrelated to the intended concept. Response B, on the other hand, employs a microscope metaphor, which implies scrutiny and comparison, aligning more closely with the idea of theories competing. However, it lacks the vividness and depth needed to fully capture the academic competition aspect. Both responses fall short in fully representing the implicit meaning, but Response B has a clearer, albeit basic, connection to the concept. [RESULT] B"
A ripple in a tapestry.,a web of influence in the academic world.,B,"Feedback: Response A (""A ripple in a tapestry"") uses imagery that suggests a subtle, spreading effect, which aligns with the idea of a theory extending into different fields, but it lacks the complexity and interconnectedness implied in the implicit meaning. The metaphor is somewhat vivid but does not fully capture the division and extension into multiple academic fields. Response B (""a web of influence in the academic world"") more accurately conveys the implicit meaning by emphasizing the interconnected and expansive nature of the theory's influence across academic fields. The imagery is vivid and coherent, effectively representing the intended concept. While both metaphors have merit, Response B better aligns with the implicit meaning and uses more appropriate imagery. [RESULT] B"
He is a juggler with a million balls.,he's a jack-of-all-trades with a master's touch.,A,"Feedback: Both metaphors aim to convey the implicit meaning of being energetic and capable of handling multiple responsibilities, but they differ in their approach and effectiveness. Response A, ""He is a juggler with a million balls,"" vividly captures the idea of managing numerous tasks simultaneously, emphasizing the energy and skill required. The imagery of juggling multiple balls is dynamic and aligns well with the implicit meaning, though it may slightly overemphasize the chaos rather than the mastery. Response B, ""he's a jack-of-all-trades with a master's touch,"" focuses more on versatility and expertise, conveying capability but less directly addressing the energetic aspect. It is coherent and aligns with the meaning but lacks the vivid, action-oriented imagery of Response A. Response A is more imaginative and directly captures the energetic aspect, making it a clearer and more accurate representation of the implicit meaning. [RESULT] A"
A skilled cartographer mapping the uncharted territories of the mind.,the supporting evidence is the anchor of the argument.,B,"Feedback: Response A, ""A skilled cartographer mapping the uncharted territories of the mind,"" uses vivid and imaginative imagery but does not closely align with the implicit meaning of supporting evidence circulating around a central point. It focuses more on exploration and discovery rather than the structural role of evidence. Response B, ""the supporting evidence is the anchor of the argument,"" directly aligns with the implicit meaning by emphasizing the central, stabilizing role of evidence, though its imagery is less imaginative and more literal. Response B better captures the intended concept with clarity and coherence, while Response A, despite its creativity, diverges from the core idea. [RESULT] B"
They were a ship that weathered every storm.,a puzzle coming together to form a complete picture.,A,"Feedback: Response A uses the metaphor of a ship weathering storms, which directly aligns with the implicit meaning of overcoming obstacles and challenges, as storms are a clear and vivid representation of adversity. The imagery is coherent and effectively conveys resilience and endurance. Response B, on the other hand, uses the metaphor of a puzzle coming together, which implies a process of fitting pieces into place but does not inherently convey the idea of overcoming obstacles or challenges. While both metaphors are imaginative, Response A more closely captures the intended concept with clearer and more relevant imagery. [RESULT] A"
Life is a map with unfolding pathways.,each possession is a chapter in the story of our lives.,B,"Feedback: Response A uses the metaphor of life as a map with unfolding pathways, which emphasizes the journey and choices but does not directly address material belongings or their role in representing life periods. Response B, on the other hand, directly links possessions to chapters in the story of our lives, clearly aligning with the implicit meaning that material belongings represent different periods of our life journey. While Response A is vivid and coherent, it lacks the specific connection to material belongings. Response B is more accurate and imaginative in capturing the intended concept by explicitly tying possessions to life’s narrative. [RESULT] B"
"Memories are a sharp, double-edged and treacherous blade.",romance is a thief of wisdom and good judgment.,B,"Feedback: Response A uses the imagery of a ""sharp, double-edged and treacherous blade"" to represent memories, which conveys the idea of something powerful and dangerous, but it does not directly address the triumph of passion and emotion over rational thought. The metaphor is vivid and coherent but lacks a clear connection to the implicit meaning. Response B, on the other hand, directly links ""romance"" (a form of passion and emotion) to being a ""thief of wisdom and good judgment,"" which clearly captures the idea that passion and emotion override rational thought. While both metaphors are imaginative, Response B aligns more closely with the implicit meaning and effectively conveys the intended concept. [RESULT] B"
Her emotions were a kaleidoscope of colors.,the audience's desire for amusement was a growing fire.,B,"Feedback: Response A, ""Her emotions were a kaleidoscope of colors,"" captures vivid and dynamic imagery but does not align closely with the implicit meaning of intense, desperate desire for entertainment. It focuses more on emotional complexity rather than a specific yearning. Response B, ""the audience's desire for amusement was a growing fire,"" effectively conveys the intensity and urgency of the desire through the metaphor of a growing fire, which aligns well with the implicit meaning. While both responses use imaginative imagery, Response B is more coherent and accurate in representing the intended concept. [RESULT] B"
A painting coming to life on canvas.,two sparks of electricity met in the air.,B,"Feedback: Response A, ""A painting coming to life on canvas,"" captures the idea of transformation and emergence, but it lacks the immediacy and intensity associated with sudden passion or attraction. The imagery is coherent and somewhat vivid, but it doesn't directly evoke the spark or energy implied in the implicit meaning. Response B, ""two sparks of electricity met in the air,"" directly aligns with the concept of sudden intense passion or attraction, using vivid and dynamic imagery that conveys immediacy and energy. While both metaphors are imaginative, Response B more closely aligns with the implicit meaning in terms of vividness, coherence, and directness. [RESULT] B"
A burning coal locked in a locked cage.,his anger was a heavy chain around his heart.,B,"Feedback: Both metaphors attempt to convey the implicit meaning of uncontrollable anger that feels restrictive and painful, but they differ in their approach and effectiveness. Response A, ""A burning coal locked in a locked cage,"" partially captures the idea of containment and intensity (burning coal) but fails to fully convey the restrictive and painful aspect of anger, as the imagery of a locked cage is more about confinement than emotional suffering. Response B, ""his anger was a heavy chain around his heart,"" directly aligns with the implicit meaning by using the vivid and coherent imagery of a heavy chain to symbolize the restrictive and painful nature of anger, effectively conveying the intended concept. While both metaphors have imaginative elements, Response B is more successful in capturing the emotional and physical burden of anger. [RESULT] B"
Actions are the pages of a person's biography.,white blood cells are like bodyguards for the bloodstream.,B,"Feedback: Response A does not align with the implicit meaning of protection and defense, as it focuses on the narrative of a person's life rather than safeguarding against threats. Its imagery is coherent but unrelated to the intended concept. Response B, however, directly captures the implicit meaning by comparing white blood cells to bodyguards, creating a vivid and accurate analogy that emphasizes their protective role in the bloodstream. While Response A is imaginative, it fails to meet the criteria, whereas Response B excels in both relevance and clarity. [RESULT] B"
Research compass charts a course for discovery.,the compass of their hypothesis guides the ship of further studies.,B,"Feedback: Both metaphors aim to convey the idea of providing direction and illumination, but they differ in their approach and effectiveness. Response A uses a straightforward analogy of a ""research compass"" charting a course, which directly aligns with the implicit meaning of providing direction. However, it lacks vivid imagery and depth, making it somewhat generic. Response B, on the other hand, employs a more elaborate metaphor involving a ""compass of hypothesis"" guiding a ""ship of further studies,"" which not only provides direction but also adds a sense of journey and exploration. This imagery is more vivid and coherent, enhancing the metaphor's impact. While both responses capture the implicit meaning, Response B does so with greater imagination and clarity. [RESULT] B"
"A living, breathing entity that never stops beating.",they were two sides of the same coin.,B,"Feedback: Response A, ""A living, breathing entity that never stops beating,"" uses vivid imagery of a continuous, vital force, which could imply a deep connection but lacks the element of harmony and duality inherent in the implicit meaning. It focuses more on persistence and life rather than the balance and unity between two entities. Response B, ""they were two sides of the same coin,"" directly captures the idea of perfect harmony and deep connection by emphasizing the inseparable and complementary nature of the two sides, aligning closely with the implicit meaning. While both responses use imaginative language, Response B more accurately and coherently conveys the intended concept of unity and balance. [RESULT] B"
The road to success is a rugged hike.,she ran herself into a better situation.,A,"Feedback: Response A (""The road to success is a rugged hike"") aligns closely with the implicit meaning of overcoming challenges requiring effort and determination. It uses vivid and coherent imagery of a rugged hike, which effectively conveys the idea of a difficult journey that demands persistence. Response B (""she ran herself into a better situation"") captures the concept of effort but lacks the depth and vividness of Response A. While it implies action and improvement, it does not explicitly convey the challenges or the sustained effort required, making it less aligned with the implicit meaning. Response A is more imaginative and accurate in representing the original idea. [RESULT] A"
A garden cultivated through trials and tender mistakes.,a new idea was a missing puzzle piece.,A,"Feedback: Neither Response A nor Response B effectively captures the implicit meaning of an increasingly heated and intense argument. Response A, ""A garden cultivated through trials and tender mistakes,"" suggests growth and learning through challenges, which is unrelated to the intensity of an argument. Response B, ""a new idea was a missing puzzle piece,"" implies completion or resolution, which also does not align with the escalating tension described. Both metaphors fail to convey the emotional intensity or conflict inherent in the implicit meaning. Response A uses more vivid and coherent imagery compared to Response B, but neither metaphor meets the criteria of aligning closely with the intended concept. [RESULT] A"
"Her strength was a precious, rare gemstone.",her portfolio is a solid foundation for her future.,B,"Feedback: Response A, ""Her strength was a precious, rare gemstone,"" uses vivid and imaginative imagery but does not closely align with the implicit meaning of security and protection of financial assets. It focuses more on personal strength rather than financial security. Response B, ""her portfolio is a solid foundation for her future,"" directly relates to the implicit meaning by emphasizing the stability and security provided by financial assets. While less imaginative, it is more coherent and accurate in conveying the intended concept. Response B better meets the criteria by aligning closely with the implicit meaning and effectively conveying the intended concept. [RESULT] B"
Time is a river that never slows down.,life is a river that never stops flowing.,A,"Feedback: Both metaphors effectively convey the concept of an unstoppable force, but they differ in their focus and imagery. Response A directly links ""time"" to the river, emphasizing its relentless progression, which closely aligns with the implicit meaning of time as an unstoppable force. Response B shifts the focus to ""life,"" which, while related, is a broader concept and slightly dilutes the direct connection to the implicit meaning. The imagery in both is vivid and coherent, but Response A is more precise in capturing the intended concept of time's relentless chase. [RESULT] A"
She ran herself into a better situation.,they sculpted themselves into their envisioned better versions.,B,"Feedback: Both responses attempt to convey the idea of personal growth and self-improvement, but they differ in their approach and effectiveness. Response A, ""She ran herself into a better situation,"" uses the imagery of running, which implies effort and movement towards a goal. However, it is somewhat literal and lacks the depth of transformation implied in the implicit meaning. The metaphor is coherent but not highly imaginative, earning a score of 3. Response B, ""they sculpted themselves into their envisioned better versions,"" employs the vivid and transformative imagery of sculpting, which aligns closely with the concept of shaping oneself through effort. This metaphor is more imaginative and accurately captures the essence of personal growth, earning a score of 5. [RESULT] B"
Life blooms most vibrantly in the present moment's garden.,a steady course,A,"Feedback: Response A, ""Life blooms most vibrantly in the present moment's garden,"" uses vivid and coherent imagery of a garden to convey the idea of life's vibrancy in the present, but it emphasizes transience and growth rather than timelessness, only partially aligning with the implicit meaning. Response B, ""a steady course,"" lacks imaginative imagery and fails to evoke any vivid or coherent picture, making it a weak metaphor that does not capture the intended concept of timelessness. Both responses fall short in fully aligning with the implicit meaning, but Response A is more imaginative and coherent, albeit with a thematic mismatch, while Response B is generic and lacks depth. [RESULT] A"
She was a ghost drifting through a crowded city.,the city was a jungle full of danger and opportunity.,B,"Feedback: Neither Response A nor Response B effectively captures the implicit meaning of destructive and intense anger that consumes everything. Response A focuses on a person's detachment and invisibility in a crowded city, which does not align with the intensity or destructiveness of anger. Response B compares the city to a jungle, emphasizing danger and opportunity, but this imagery does not convey the consuming nature of anger. Both metaphors fail to reflect the intended concept, though Response B introduces elements of danger, which is closer to the idea of intensity. However, neither achieves the vividness or coherence required to represent the implicit meaning accurately. [RESULT] B"
"The universe is a breathtaking, majestic work of art.",my obligations are a weight that i carry everywhere.,"Neither A nor B meets the criteria, but if forced to choose, B is slightly closer due to its theme of burden, though still misaligned. However, based on the strict format requirement, the better of the two, despite both being inadequate, is **B**. [RESULT] B","Feedback: Neither Response A nor Response B effectively captures the implicit meaning of material belongings requiring constant maintenance and attention. Response A, ""The universe is a breathtaking, majestic work of art,"" focuses on grandeur and beauty, which is unrelated to the concept of neediness or maintenance. Response B, ""my obligations are a weight that I carry everywhere,"" conveys a sense of burden but does not align with the idea of material belongings. Both metaphors fail to address the core implicit meaning, with Response A being entirely off-topic and Response B focusing on obligations rather than material possessions. Neither uses imagery that reflects the intended concept. [RESULT] Neither A nor B meets the criteria, but if forced to choose, B is slightly closer due to its theme of burden, though still misaligned. However, based on the strict format requirement, the better of the two, despite both being inadequate, is **B**. [RESULT] B"
Imagination was a fire that burned brighter with every spark.,hope is a light that shines through the darkness.,B,"Feedback: Response A, ""Imagination was a fire that burned brighter with every spark,"" captures the idea of persistence and growth but focuses more on creativity and expansion rather than enduring through hardship, which is the core of the implicit meaning. The imagery is vivid and imaginative, but it doesn't directly align with the concept of optimism persisting through difficult times. Response B, ""hope is a light that shines through the darkness,"" directly and vividly conveys the implicit meaning by using light as a symbol of hope piercing through darkness, which clearly represents optimism enduring in challenging circumstances. While both metaphors are imaginative, Response B more accurately and coherently captures the intended concept. [RESULT] B"
Wisdom is a treasure chest filled with life's stories.,her obligations were a heavy weight to carry daily.,B,"Feedback: Response A, ""Wisdom is a treasure chest filled with life's stories,"" does not align with the implicit meaning of material possessions demanding constant money and resources. It focuses on the value and accumulation of wisdom rather than the burden of maintenance. Response B, ""her obligations were a heavy weight to carry daily,"" better captures the implicit meaning by conveying the ongoing burden and effort required, akin to maintaining material possessions. While neither metaphor perfectly aligns with the implicit meaning, Response B is closer in conveying the concept of constant demand and effort. [RESULT] B"
Hidden gems waiting for the right excavation.,a seed that needs watering to grow.,A,"Feedback: Both metaphors aim to convey the implicit meaning that ideas are valuable resources requiring effort for discovery and development. Response A, ""Hidden gems waiting for the right excavation,"" effectively captures the idea of value and the need for effort to uncover it, using vivid and coherent imagery that aligns closely with the implicit meaning. Response B, ""a seed that needs watering to grow,"" also reflects the concept of effort and development but focuses more on the growth aspect rather than the initial discovery, which is a key part of the implicit meaning. While both metaphors are imaginative, Response A more accurately and comprehensively represents the original idea by emphasizing both the value and the effort needed to uncover it. [RESULT] A"
"A kaleidoscope of contradictions, ever-shifting and impossible to pin down.","life is a chain of cause and effect, linked together.",B,"Feedback: Response A uses vivid and imaginative imagery (""kaleidoscope of contradictions"") but fails to capture the implicit meaning of interconnected and sequential events. It emphasizes shifting and unpredictability, which contradicts the idea of a structured sequence. Response B, while less imaginative, directly aligns with the implicit meaning by describing life as a ""chain of cause and effect,"" clearly conveying the concept of interconnectedness and sequence. Response B’s imagery is coherent and straightforward, making it a more accurate representation of the intended idea. [RESULT] B"
She ran herself into a better situation.,a storm that broke through established boundaries.,B,"Feedback: Response A (""She ran herself into a better situation"") loosely reflects the implicit meaning of ideas being uncontrollable and hard to contain, but it primarily focuses on personal improvement and movement rather than the uncontrollable nature of ideas. The imagery is somewhat coherent but lacks vividness and originality in conveying the intended concept. Response B (""a storm that broke through established boundaries"") more closely aligns with the implicit meaning by using the imagery of a storm, which inherently suggests uncontrollable force and the breaking of boundaries, mirroring the hard-to-contain nature of ideas. The metaphor in Response B is more vivid and imaginative, effectively capturing the intended concept. [RESULT] B"
Emotions are a stormy sea of uncharted depths.,she was a puzzle piece in the human jigsaw.,B,"Feedback: Response A, ""Emotions are a stormy sea of uncharted depths,"" focuses on the unpredictable and profound nature of emotions but does not directly address the concept of creating connection or reconciliation between two people. The imagery is vivid and coherent but misaligned with the implicit meaning. Response B, ""she was a puzzle piece in the human jigsaw,"" effectively conveys the idea of fitting together and belonging, which aligns more closely with the implicit meaning of creating connection and reconciliation. While the imagery in Response B is less vivid compared to Response A, it is more accurate and relevant to the intended concept. [RESULT] B"
"Life was a winding, transformative mountain trail.",she was on cloud nine.,B,"Feedback: Response A, ""Life was a winding, transformative mountain trail,"" does not align closely with the implicit meaning of extreme happiness reaching its highest point. The metaphor emphasizes transformation and a journey, which is more about change and growth rather than peak happiness. The imagery is coherent but fails to capture the intended concept. Response B, ""she was on cloud nine,"" directly conveys the idea of extreme happiness at its highest point, using a well-known and vivid metaphor that aligns closely with the implicit meaning. While it lacks originality, it effectively communicates the intended emotion. Response B is more accurate and relevant to the implicit meaning. [RESULT] B"
Love was a flame that grew brighter with each passing day.,the train was a force that reshaped the earth.,A,"Feedback: Response A uses a flame to represent love, which effectively captures the idea of growing intensity and warmth, aligning well with the implicit meaning of increasing romantic or sexual tension. The imagery is vivid and coherent, though it is a somewhat common metaphor for love. Response B, however, compares a train to a force reshaping the earth, which is imaginative but fails to convey the nuanced emotional growth implied in the implicit meaning. While both responses use vivid imagery, Response A is more closely aligned with the intended concept of growing tension between two people. [RESULT] A"
A carefree kitten is me.,she felt like a carefree child.,B,"Feedback: Both responses aim to convey the implicit meaning of feeling pure, innocent joy and happiness, but they differ in their approach and effectiveness. Response A uses the metaphor of a ""carefree kitten,"" which captures the innocence and playfulness associated with the implicit meaning. However, the imagery of a kitten, while charming, is less directly tied to the human experience of joy and may feel slightly detached. Response B, on the other hand, uses the metaphor of a ""carefree child,"" which directly aligns with the human experience of pure, innocent joy and happiness. The imagery of a child is more vivid and coherent in conveying the intended concept, as it resonates more universally with the feeling of unburdened happiness. While both metaphors are imaginative, Response B more closely aligns with the implicit meaning and uses more relatable imagery. [RESULT] B"
Life's puzzle is a jigsaw of impossible pieces.,time is a river.,B,"Feedback: Response A, ""Life's puzzle is a jigsaw of impossible pieces,"" focuses on the complexity and difficulty of life rather than the forward movement of time, missing the implicit meaning entirely. Its imagery is vivid but misaligned with the intended concept. Response B, ""time is a river,"" effectively captures the relentless and inevitable flow of time, aligning closely with the implicit meaning. The river metaphor is a classic, coherent, and vivid representation of time's continuous movement. While it may not be highly original, it is more accurate and imaginative in conveying the intended idea compared to Response A. [RESULT] B"
She ran herself into a better situation.,she dove into the unknown and found her treasure.,B,"Feedback: Both metaphors attempt to convey the idea of unexpected positive outcomes in life, but they differ in their approach and vividness. Response A, ""She ran herself into a better situation,"" aligns with the implicit meaning by suggesting a transition to a better state, but it lacks the element of surprise and discovery, which are central to the implicit meaning. The imagery is straightforward but somewhat generic and fails to capture the adventurous and exploratory aspect of life's surprises. Response B, ""she dove into the unknown and found her treasure,"" more vividly and imaginatively captures the implicit meaning. It conveys the idea of taking a leap into uncertainty (""dove into the unknown"") and the rewarding outcome (""found her treasure""), aligning closely with the concept of surprising discoveries and opportunities. The imagery is more dynamic and engaging, making it a clearer and more accurate representation of the original idea. [RESULT] B"
Trust is a bridge built on open conversations.,"change is a river of life, constantly flowing and evolving.",B,"Feedback: Response A focuses on trust and open conversations, which does not align with the implicit meaning of life's constant cycles of transformation. Its imagery is coherent but unrelated to the intended concept. Response B, however, uses the metaphor of a river to represent change, effectively capturing the idea of constant flow and evolution, which closely aligns with the implicit meaning. While both metaphors are vivid, Response B is more imaginative and accurate in conveying the intended concept. [RESULT] B"
He was a ship lost in a stormy sea.,a shroud that suffocates his thoughts.,B,"Feedback: Response A uses the imagery of a ship lost in a stormy sea, which effectively conveys the idea of isolation and being overwhelmed, but it focuses more on external chaos rather than the internal suffocation of one's mind. Response B, with the metaphor of ""a shroud that suffocates his thoughts,"" directly captures the implicit meaning of suffocating and isolating emotions trapping the mind, using vivid and coherent imagery that aligns closely with the intended concept. While both metaphors convey a sense of being trapped, Response B is more precise and imaginative in reflecting the internal emotional state. [RESULT] B"
Time was a river with gentle and turbulent currents.,a seed planted in fertile soil can grow into a tree.,B,"Feedback: Response A, ""Time was a river with gentle and turbulent currents,"" uses a vivid and coherent metaphor that captures the idea of varying conditions and potential, but it does not directly relate to the implicit meaning of untapped value in real estate. Response B, ""a seed planted in fertile soil can grow into a tree,"" more closely aligns with the implicit meaning by suggesting latent potential and growth, which mirrors the concept of untapped value in properties. While both metaphors are imaginative, Response B is more accurate and relevant to the intended concept. [RESULT] B"
A compass in the turbulent waters of human emotions.,a compass for his heart and soul.,A,"Feedback: Both metaphors attempt to convey guidance and direction, but neither fully captures the implicit meaning of being stubbornly committed to one's beliefs. Response A introduces the idea of navigating ""turbulent waters of human emotions,"" which adds vivid imagery and suggests resilience, but it lacks the element of unwavering commitment. Response B simplifies the metaphor to ""a compass for his heart and soul,"" which is more direct but still fails to emphasize the stubbornness or steadfastness required by the implicit meaning. Response A’s imagery is more vivid and coherent, making it a slightly better representation, though neither fully aligns with the intended concept. [RESULT] A"
Friendship is a shining lighthouse in the darkness.,time is a sculptor of landscapes.,B,"Feedback: Response A, ""Friendship is a shining lighthouse in the darkness,"" does not align with the implicit meaning of time's gradual and inevitable changes. It focuses on guidance and stability, which are unrelated to the concept of time altering everything. The imagery is vivid but fails to capture the intended idea. Response B, ""time is a sculptor of landscapes,"" effectively conveys the implicit meaning by illustrating time's role in shaping and transforming the environment gradually and inevitably. The metaphor is imaginative and coherent, aligning closely with the intended concept. Response B is superior in capturing the implicit meaning and using appropriate imagery. [RESULT] B"
A kaleidoscope of self.,many points combine to form a larger whole.,B,"Feedback: Response A, ""A kaleidoscope of self,"" uses vivid and imaginative imagery but fails to capture the implicit meaning of stars as complex mathematical patterns in space. The metaphor is more introspective and abstract, focusing on personal complexity rather than external, structured patterns. Response B, ""many points combine to form a larger whole,"" directly aligns with the idea of stars as individual elements forming a structured, larger system, though it lacks the vividness and originality of Response A. While Response B is more accurate in conveying the implicit meaning, it does so with generic imagery. Response A is more imaginative but misses the mark on meaning, while Response B is accurate but less imaginative. [RESULT] B"
A person's worth is not measured by their bank account.,life is a slow-moving train that eventually derails.,B,"Feedback: Neither Response A nor Response B effectively captures the implicit meaning of ""Time is an unstoppable predator that eventually catches everyone."" Response A focuses on the concept of personal worth unrelated to wealth, which is entirely disconnected from the idea of time's relentless pursuit. Response B, while more metaphorical, likens life to a train that derails, which suggests an eventual failure or end but lacks the imagery of an unstoppable, predatory force. Both metaphors fail to convey the intended concept of time as a relentless and inescapable force. Response B is slightly closer to the implicit meaning due to its acknowledgment of an eventual end, but it still falls short in vividness and coherence compared to the reference. [RESULT] B"
Progress is a journey that demands effort.,my responsibilities are a mountain i can't climb.,B,"Feedback: Response A, ""Progress is a journey that demands effort,"" aligns loosely with the implicit meaning but focuses more on the effort required for progress rather than the burden of material demands. It lacks the vivid imagery and direct connection to the concept of material things controlling one's life. Response B, ""my responsibilities are a mountain I can't climb,"" more closely captures the implicit meaning by using the metaphor of a mountain to represent overwhelming and unmanageable demands, which resonates with the idea of material things burdening and controlling one's life. While neither metaphor fully aligns with the implicit meaning, Response B is more vivid and coherent in conveying a sense of being overwhelmed by demands. [RESULT] B"
Relationships were a mirror reflecting their true self.,they brought their idea to life.,B,"Feedback: Response A uses a mirror metaphor to suggest self-reflection and revelation, which is imaginative but does not directly convey the idea of an idea maturing to completion. It focuses more on self-awareness rather than development. Response B, on the other hand, directly implies the realization and completion of an idea by stating it has been ""brought to life,"" aligning more closely with the implicit meaning. While neither metaphor is highly vivid, Response B is more coherent and accurate in representing the intended concept. [RESULT] B"
"Life's journey is a river of constant, transformative movement.",life is a canvas of dreams and possibilities.,B,"Feedback: Response A emphasizes constant change and transformation, which aligns more with the idea of movement and evolution but lacks the element of natural beauty and luminescence transforming an ordinary scene. Response B, while more focused on potential and creativity, also misses the mark on capturing the transformative beauty aspect. Neither fully aligns with the implicit meaning, but Response B introduces a concept of creation and value (dreams and possibilities) that slightly edges closer to the idea of transforming something ordinary into something precious. However, both fall short in vividness and coherence with the implicit meaning. [RESULT] B"
Scars are the maps of a resilient heart.,writing is a garden where ideas grow and flourish.,B,"Feedback: Response A, ""Scars are the maps of a resilient heart,"" does not align with the implicit meaning about writing as a nurturing process. It focuses on resilience and personal history, which is unrelated to the concept of writing. The imagery is vivid and coherent but fails to capture the intended idea. Response B, ""writing is a garden where ideas grow and flourish,"" closely aligns with the implicit meaning by portraying writing as a nurturing process where thoughts develop into beautiful expressions. The imagery is vivid, coherent, and imaginative, effectively conveying the intended concept. [RESULT] B"
"Human emotions are a vibrant, intricate tapestry of threads.",each state is a chapter in america's diverse storybook.,B,"Feedback: Response A, while imaginative and vivid, does not align closely with the implicit meaning, as it focuses on the complexity of human emotions rather than the distinct contributions of states to a collective history. Response B, on the other hand, directly relates to the implicit meaning by comparing each state to a chapter in a storybook, effectively conveying the idea that each state contributes a unique part to America's history. The imagery in Response B is clear and coherent, making it a more accurate representation of the intended concept. [RESULT] B"
Perfection was a ghost that chased him away.,"she became a chameleon, adopting colors of those she met.",B,"Feedback: Response A, ""Perfection was a ghost that chased him away,"" does not align with the implicit meaning of personal characteristics being temporary and shared between people. The metaphor focuses on the elusive nature of perfection, which is unrelated to the concept of shared and temporary traits. The imagery, while vivid, fails to capture the intended idea. Response B, ""she became a chameleon, adopting colors of those she met,"" closely aligns with the implicit meaning by illustrating adaptability and the temporary adoption of traits from others. The chameleon metaphor is vivid, coherent, and effectively conveys the concept of shared and transient personal characteristics. [RESULT] B"
The limits of our sight are a landscape's horizon.,our vision's edges are the borders of our sight.,A,"Feedback: Both responses aim to convey the implicit meaning that vision has boundaries and limitations. Response A uses the metaphor ""The limits of our sight are a landscape's horizon,"" which creates a vivid and coherent image of a natural boundary, effectively aligning with the intended concept. The imagery is imaginative and evokes a clear sense of limitation. Response B, ""our vision's edges are the borders of our sight,"" is more literal and less imaginative, using repetitive language (""edges"" and ""borders"") that weakens the metaphor's impact. While both responses capture the implicit meaning, Response A does so with greater clarity, originality, and vividness. [RESULT] A"
His mind was a shattered mirror.,he was drowning in his own anxiety.,A,"Feedback: Both metaphors attempt to convey the implicit meaning of a mental breakdown from stress or pressure, but they do so with varying degrees of clarity and vividness. Response A, ""His mind was a shattered mirror,"" uses a powerful image of fragmentation and loss of self, which aligns closely with the idea of a mental breakdown. The shattered mirror metaphor is highly imaginative and coherent, effectively capturing the disintegration of one's mental state. Response B, ""He was drowning in his own anxiety,"" also conveys overwhelming stress but focuses more on the sensation of being overwhelmed rather than the fragmentation of the mind. While it is vivid and relatable, it is slightly less precise in capturing the specific concept of a mental breakdown compared to the shattered mirror imagery. Response A better aligns with the implicit meaning and uses more original and coherent imagery. [RESULT] A"
Money is a river flowing through the economy.,money is a flowing river of commerce.,A,"Feedback: Both Response A and Response B effectively convey the implicit meaning that money moves rapidly and continuously through economic systems, but they differ slightly in their imagery and coherence. Response A (""Money is a river flowing through the economy"") aligns closely with the implicit meaning, using the metaphor of a river to emphasize continuous flow and movement within the economy. It is vivid and coherent, though the imagery is somewhat generic. Response B (""Money is a flowing river of commerce"") also captures the idea of continuous movement but adds the specificity of ""commerce,"" which slightly narrows the focus and enhances the imagery by tying it directly to economic activity. However, the phrase ""flowing river of commerce"" is slightly less direct and more wordy compared to Response A. Both metaphors score a 4, as they align well with the reference meaning but lack highly original imagery. Given the slight edge in specificity and coherence, Response A is the better choice. [RESULT] A"
"A storm that rages on, weighing him down.","he was a ship in a storm, heavy with liquor.",B,"Feedback: Both metaphors aim to convey the implicit meaning of being drunk as a heavy physical burden, but they differ in their approach and effectiveness. Response A uses a storm as a metaphor for the overwhelming state of being drunk, emphasizing the weight and pressure it exerts. However, it lacks specificity in connecting the storm directly to the physical burden of intoxication. Response B, on the other hand, explicitly compares the person to a ship in a storm, with the added detail of being ""heavy with liquor,"" which directly links the physical weight to the state of drunkenness. This makes Response B more vivid and coherent in capturing the intended concept. While both metaphors align with the implicit meaning, Response B does so more effectively by providing a clearer and more imaginative representation. [RESULT] B"
A heart was shattered into a million pieces.,her train to success is leaving the station.,B,"Feedback: Response A uses the imagery of a shattered heart, which is vivid and emotionally powerful but does not directly relate to the concept of time moving too fast and out of control. It conveys a sense of emotional devastation rather than the urgency and uncontrollability of time. Response B, on the other hand, uses the metaphor of a train leaving the station, which more closely aligns with the implicit meaning. The imagery of a train departing implies a sense of movement, finality, and the inability to stop or reverse the passage of time, effectively capturing the idea that time is moving too fast and out of control. While both metaphors are coherent, Response B is more imaginative and accurate in representing the intended concept. [RESULT] B"
She ran herself into a better situation.,a guiding light through the darkness.,B,"Feedback: Response B, ""a guiding light through the darkness,"" aligns closely with the implicit meaning of light penetrating darkness to create a visible path or direction, effectively conveying the intended concept with vivid and coherent imagery. In contrast, Response A, ""She ran herself into a better situation,"" does not capture the imagery of light and darkness or the idea of a guiding path, making it less aligned with the implicit meaning and less imaginative. Response B is a clearer and more accurate representation of the original idea. [RESULT] B"
Time slipped through her fingers like sand.,time is a runaway train.,A,"Feedback: Both metaphors attempt to convey the fleeting nature of valuable resources, but they differ in their approach and effectiveness. Response A, ""Time slipped through her fingers like sand,"" directly aligns with the implicit meaning by emphasizing how time, like sand, can easily slip away, mirroring the concept of valuable resources being lost. The imagery is vivid and coherent, making it a clear and accurate representation. Response B, ""time is a runaway train,"" while imaginative, focuses more on the uncontrollable and rapid passage of time rather than the ease with which it can be lost, which is a key aspect of the implicit meaning. It also lacks the direct comparison to a resource slipping away. Therefore, Response A better captures the intended concept with more precision and relevance. [RESULT] A"
He's a shark in a sea of possibilities.,he was a shark in a sea of lonely hearts.,B,"Feedback: Both metaphors effectively convey the predatory and aggressive nature of the subject, but they differ in their focus and specificity. Response A uses ""a sea of possibilities,"" which is a more general and abstract setting, capturing the idea of searching for opportunities but lacking the direct implication of victims. Response B, on the other hand, specifies ""a sea of lonely hearts,"" which directly ties the predatory behavior to vulnerable individuals, aligning more closely with the implicit meaning of seeking prey/victims. The imagery in Response B is also more vivid and emotionally resonant, enhancing the metaphor's impact. While both are coherent, Response B is more precise and imaginative in its representation of the intended concept. [RESULT] B"
Memories were a vintage perfume that filled her heart.,she was a spark that ignited her ideas.,B,"Feedback: Response A uses a metaphor of ""memories as vintage perfume"" to evoke a sense of nostalgia and emotional depth, but it does not directly capture the implicit meaning of ""passion drives creativity."" The imagery is vivid and coherent but lacks alignment with the intended concept. Response B, on the other hand, uses ""she was a spark that ignited her ideas,"" which directly links passion (spark) to creativity (ignited ideas), aligning closely with the implicit meaning. While both metaphors are imaginative, Response B is more accurate and effective in conveying the intended concept. [RESULT] B"
Knowledge is a map that constantly needs to be updated.,"life is a canvas of contrasts, each brushstroke revealing differences.",B,"Feedback: Neither Response A nor Response B effectively captures the implicit meaning of growing distance and separation in a relationship. Response A, ""Knowledge is a map that constantly needs to be updated,"" focuses on the dynamic nature of knowledge rather than relational distance. Response B, ""Life is a canvas of contrasts, each brushstroke revealing differences,"" emphasizes diversity and change but does not directly address separation. Both metaphors lack the vivid imagery and coherence needed to convey the intended concept. Response B is slightly more imaginative but still fails to align with the implicit meaning. [RESULT] B"
Life is a fixed length of string.,time is a finite thread that can't be rewound.,B,"Feedback: Both metaphors attempt to convey the concept of finiteness, but they differ in their focus and imagery. Response A uses ""life"" as a fixed length of string, which somewhat captures the idea of limitation but is less precise in conveying the concept of time. Response B directly addresses ""time"" as a finite thread that can't be rewound, aligning more closely with the implicit meaning by emphasizing the irreversible and limited nature of time. The imagery in Response B is also more vivid and coherent, effectively using the metaphor of a thread to represent the linear and unrecoverable aspect of time. While both responses are imaginative, Response B is clearer, more accurate, and better captures the intended concept. [RESULT] B"
Life was a winding road to self.,a rock in her convictions,B,"Feedback: Response A (""Life was a winding road to self"") does not align with the implicit meaning of protectively guarding and valuing personal beliefs. The metaphor focuses on the journey of self-discovery rather than the steadfastness or protection of convictions. Response B (""a rock in her convictions"") directly captures the implicit meaning by using the imagery of a rock, which conveys strength, immovability, and protection, aligning closely with the idea of guarding personal beliefs. While both metaphors use vivid imagery, Response B is more coherent and accurate in representing the intended concept. [RESULT] B"
A city's heartbeat lived in every stone and street.,his anger was a ticking time bomb ready to explode.,B,"Feedback: Response A, ""A city's heartbeat lived in every stone and street,"" does not align with the implicit meaning of ""uncontrolled emotional outburst."" Its imagery is vivid and coherent but fails to capture the intended concept. Response B, ""his anger was a ticking time bomb ready to explode,"" closely aligns with the implicit meaning, using vivid and imaginative imagery to convey the idea of an imminent, uncontrollable emotional release. While both responses are coherent, only Response B effectively captures the intended meaning and tone. [RESULT] B"
A phoenix that refills its cup.,"she is a phoenix, rising from the ashes of exhaustion.",B,"Feedback: Both metaphors attempt to convey resilience, but they differ significantly in their alignment with the implicit meaning and the vividness of their imagery. Response A, ""A phoenix that refills its cup,"" introduces an unclear connection between the phoenix and the act of refilling a cup, which does not directly evoke recovery from exhaustion. The imagery is coherent but lacks the specific reference to exhaustion and the transformative nature of resilience. In contrast, Response B, ""she is a phoenix, rising from the ashes of exhaustion,"" directly links the phoenix's rebirth to overcoming exhaustion, creating a vivid and coherent image that closely aligns with the implicit meaning. Response B effectively captures the intended concept with imaginative and precise imagery, while Response A falls short in clarity and specificity. [RESULT] B"
A shield against invaders at the heart of the body.,the immune system is the body's shield against disease.,B,"Feedback: Both responses aim to convey the implicit meaning of protection and active defense against threats, but they differ in their specificity and clarity. Response A uses the metaphor of ""a shield against invaders at the heart of the body,"" which captures the idea of protection but lacks specificity about the type of threat or the mechanism of defense, making it less vivid and coherent compared to Response B. Response B, ""the immune system is the body's shield against disease,"" directly links the immune system to its protective role against disease, providing a clearer and more accurate representation of the intended concept. It also uses more precise and vivid imagery, aligning closely with the implicit meaning. Therefore, Response B better meets the criteria of being a clearer, more accurate, and more imaginative representation. [RESULT] B"
"Her words were a sharp, loving scalpel.","her words were a sharp, piercing knife to his heart.",A,"Feedback: Both metaphors effectively convey the implicit meaning that words can be hurtful and emotionally wounding, but they differ in their imagery and specificity. Response A uses the metaphor of a ""sharp, loving scalpel,"" which introduces an interesting contrast between sharpness and love, suggesting that the words, while painful, might also have a healing or constructive intent. This adds a layer of complexity and depth to the imagery, making it more imaginative and nuanced. Response B, on the other hand, uses a ""sharp, piercing knife to his heart,"" which directly and vividly captures the emotional pain caused by the words, aligning closely with the implicit meaning. However, it lacks the additional layer of complexity present in Response A. In terms of coherence and vividness, both are strong, but Response A stands out for its originality and the subtle dual meaning it conveys. [RESULT] A"
It was a wall that swallowed all light.,darkness was a wall that stood between us and our destination.,B,"Feedback: Both metaphors attempt to convey the idea of impenetrable darkness, but they differ in their approach and effectiveness. Response A focuses on the darkness as a wall that ""swallows all light,"" which captures the oppressive nature of darkness but lacks the explicit idea of blocking a path. Response B, on the other hand, directly portrays darkness as a wall that ""stood between us and our destination,"" clearly aligning with the implicit meaning of darkness blocking one's way. In terms of vividness, Response B provides a more coherent and imaginative image by explicitly linking the darkness to the concept of a journey and an obstacle. Response A, while evocative, is less precise in conveying the intended concept. Therefore, Response B better meets the criteria of clarity, accuracy, and imagination. [RESULT] B"
"A garden grows slowly, yet forever, with care.",her mind grew stronger with every mental workout.,B,"Feedback: Both metaphors attempt to convey growth and development, but they differ in their alignment with the implicit meaning of strengthening mental capabilities through practice. Response A uses the imagery of a garden growing slowly with care, which is vivid and coherent but focuses more on the gradual, nurturing aspect of growth rather than the specific concept of mental training. It loosely reflects the implicit meaning and uses somewhat generic imagery related to growth. Response B, on the other hand, directly links mental growth to ""mental workouts,"" clearly aligning with the idea of strengthening mental capabilities through practice. Its imagery is more specific and directly tied to the intended concept, making it a clearer and more accurate representation. [RESULT] B"
A tree standing firm through fierce storms.,"her roots run deep, and they're a strong foundation.",B,"Feedback: Both metaphors aim to convey strength and endurance, but they differ in their approach and alignment with the implicit meaning. Response A, ""A tree standing firm through fierce storms,"" effectively captures the idea of enduring through challenges, but it lacks the historical depth and connection implied in the implicit meaning. The imagery is vivid and coherent, but it focuses more on resilience in the face of adversity rather than a deep, historical connection. Response B, ""her roots run deep, and they're a strong foundation,"" more closely aligns with the implicit meaning by emphasizing a strong, enduring connection with historical depth. The metaphor of roots running deep directly conveys the idea of a long-standing, foundational connection, making it a clearer and more accurate representation of the original idea. While both metaphors are coherent, Response B is more imaginative and vivid in capturing the intended concept. [RESULT] B"
The forest was a vibrant heartbeat.,"darkness covered the world like a thick, black blanket.",B,"Feedback: Response A, ""The forest was a vibrant heartbeat,"" does not align with the implicit meaning of complete darkness enveloping everything. The imagery of a vibrant heartbeat suggests life and energy, which contradicts the intended concept of darkness. Response B, ""darkness covered the world like a thick, black blanket,"" closely captures the implicit meaning by using vivid and coherent imagery of a blanket to convey the enveloping nature of darkness. While both responses use metaphors, only Response B effectively aligns with the intended meaning and provides a clear, imaginative representation. [RESULT] B"
"Her life is a well-worn, predictable daily path.",he is a time-traveler to his future.,B,"Feedback: Neither Response A nor Response B effectively captures the implicit meaning of someone who attracts and collects multiple romantic interests. Response A describes a monotonous and predictable life, which does not relate to the concept of attracting multiple romantic partners. Response B, while imaginative, portrays the idea of experiencing the future rather than collecting romantic interests. Both metaphors fail to align with the intended meaning, but Response B is slightly more imaginative, though it remains unrelated to the implicit meaning. [RESULT] B"
A compass guiding the team forward.,he was drowning in his responsibilities.,B,"Feedback: Response A (""A compass guiding the team forward"") does not align with the implicit meaning of being overwhelmed by too many responsibilities, as it conveys guidance and direction rather than burden or stress. Its imagery is coherent but fails to capture the intended concept. Response B (""He was drowning in his responsibilities"") closely aligns with the implicit meaning, using vivid and imaginative imagery of drowning to effectively convey the feeling of being overwhelmed. While both responses differ significantly in their approach, Response B better meets the criteria by accurately representing the original idea with clarity and emotional resonance. [RESULT] B"
The road to self is a serpentine journey.,the armor they wear is a shield for their heart.,B,"Feedback: Response A, ""The road to self is a serpentine journey,"" captures the idea of a complex and winding path to self-discovery but does not directly address the concept of using outward appearance to hide one's true self. It lacks the imagery of concealment and protection present in the implicit meaning. Response B, ""the armor they wear is a shield for their heart,"" directly aligns with the implicit meaning by using vivid imagery of armor and a shield to convey the idea of outward protection hiding inner vulnerability. While both metaphors are imaginative, Response B more closely and coherently reflects the intended concept with clear and relevant imagery. [RESULT] B"
A still pond with a storm beneath.,the theory was a seed that grew many branches.,B,"Feedback: Response A (""A still pond with a storm beneath"") uses imagery of calmness and hidden turmoil, which does not align closely with the implicit meaning of a theory generating multiple new ideas. The metaphor is somewhat imaginative but fails to convey the concept of creation or origination. Response B (""the theory was a seed that grew many branches"") directly aligns with the implicit meaning by using the imagery of a seed growing into multiple branches, which vividly and coherently represents the idea of a theory originating multiple new ideas. Response B is more accurate, clearer, and more imaginative in capturing the intended concept. [RESULT] B"
She ran herself into a better situation.,he steered his life into a new course.,B,"Feedback: Both metaphors attempt to convey a transition to a new life stage, but they differ in their approach and effectiveness. Response A, ""She ran herself into a better situation,"" implies a proactive and energetic shift but lacks the confidence and control inherent in the implicit meaning. The imagery of running suggests urgency or escape rather than a deliberate, confident transition. Response B, ""He steered his life into a new course,"" more accurately captures the implicit meaning by emphasizing control, direction, and intentionality, aligning closely with the idea of a confident transition. The imagery of steering evokes a sense of purpose and mastery, making it a clearer and more vivid representation. While both responses are coherent, Response B better meets the criteria of being imaginative, vivid, and closely aligned with the intended meaning. [RESULT] B"
"Life's path is a twisting, turning mountain road.",she ran out of time and missed her chance.,A,"Feedback: Response A uses a vivid and coherent metaphor of a ""twisting, turning mountain road"" to represent life's journey, which subtly implies challenges and missed opportunities due to its unpredictable nature, aligning well with the implicit meaning of wasting time leading to emotional loss. However, it lacks a direct connection to the emotional emptiness aspect. Response B, while clear and direct, fails to use metaphorical imagery and instead states a literal scenario of missing a chance, which does not capture the imaginative or implicit emotional depth required. Response A, despite its indirectness, employs more imaginative and coherent imagery compared to Response B's literal approach. [RESULT] A"
Her life was a well-worn pair of shoes.,he was a ship without a compass.,A,"Feedback: Neither metaphor directly captures the implicit meaning of being ""extremely protective of showing emotions."" Response A, ""Her life was a well-worn pair of shoes,"" suggests familiarity, comfort, and perhaps resilience, but it does not convey emotional guardedness. Response B, ""He was a ship without a compass,"" implies aimlessness or lack of direction, which is unrelated to emotional protectiveness. Both metaphors fail to align with the intended concept, though Response A uses more vivid and coherent imagery compared to Response B, which is more abstract and less relatable. [RESULT] A"
A hesitant bird taking flight.,he approached opportunities like a hesitant bird.,A,"Feedback: Both responses capture the implicit meaning of hesitation, but they differ in their approach and effectiveness. Response A, ""A hesitant bird taking flight,"" directly portrays the act of hesitation in a vivid and coherent manner, using the imagery of a bird that is reluctant to fly, which aligns closely with the idea of not fully embracing a situation. Response B, ""he approached opportunities like a hesitant bird,"" adds context by linking the hesitation to approaching opportunities, making it more specific and relatable to the implicit meaning. However, Response B is slightly less vivid because it introduces an additional layer (approaching opportunities) that dilutes the directness of the metaphor compared to Response A. Response A’s imagery is more immediate and imaginative, while Response B is more contextual but less striking. [RESULT] A"
Life is a maze with no clear exit sign.,a symphony of five equal parts in perfect harmony.,"Neither, but if forced to choose, A is marginally less incoherent.","Feedback: Neither Response A nor Response B effectively captures the implicit meaning of geometric shapes containing hidden knowledge and secrets. Response A, ""Life is a maze with no clear exit sign,"" focuses on the complexity and uncertainty of life, which is unrelated to geometric shapes or hidden knowledge. Response B, ""a symphony of five equal parts in perfect harmony,"" suggests balance and unity but does not connect to the concept of geometric shapes or their hidden secrets. Both metaphors fail to align with the intended meaning, and their imagery does not evoke the idea of geometric shapes. Response A is slightly more coherent in its imagery but still misses the mark entirely. [RESULT] Neither, but if forced to choose, A is marginally less incoherent."
Time is a river that shapes and transforms us.,life is a train that moves steadily and unrelentingly.,B,"Feedback: Both metaphors attempt to capture the idea of an unstoppable force, but they differ in their approach and effectiveness. Response A, ""Time is a river that shapes and transforms us,"" emphasizes the transformative and shaping power of time, which aligns with the idea of events moving forward and changing us. However, it lacks the explicit sense of uncontrollability and relentlessness present in the implicit meaning. Response B, ""Life is a train that moves steadily and unrelentingly,"" more directly conveys the unstoppable and uncontrollable nature of events, as a train moving forward without stopping mirrors the implicit meaning more closely. While both metaphors are coherent, Response B’s imagery is more vivid and directly aligned with the intended concept of an unstoppable force. [RESULT] B"
She was a painter of new realities.,a lighthouse guided her through dark times.,B,"Feedback: Response A, ""She was a painter of new realities,"" captures the idea of creating clarity and direction in a confusing situation but does so in a more abstract and less direct manner. It implies the creation of something new and transformative, which aligns with the concept of guidance but lacks the explicit imagery of leading through darkness. Response B, ""a lighthouse guided her through dark times,"" directly and vividly conveys the implicit meaning of guidance and clarity in a confusing situation, using a clear and universally understood symbol of a lighthouse to represent direction and safety. While both metaphors aim to convey a similar concept, Response B is more aligned with the implicit meaning, uses more vivid and coherent imagery, and effectively communicates the intended idea. [RESULT] B"
"The mind is a boundless, mysterious, dark blue sea.",she built a solid foundation for her argument.,A,"Feedback: Response A uses a vivid and imaginative metaphor of the mind as a ""boundless, mysterious, dark blue sea,"" which captures complexity and depth but does not align with the implicit meaning of words as weapons in an aggressive debate. Response B mentions building a ""solid foundation for her argument,"" which is coherent but generic and fails to convey the aggressive, weapon-like nature of words. Neither metaphor closely aligns with the implicit meaning, but Response A is more imaginative and vivid, though misaligned. Response B is more coherent but lacks originality and relevance. [RESULT] A"
"The house was a hollow, whispering book of memories.",she was a queen of her kingdom.,A,"Feedback: Response A, ""The house was a hollow, whispering book of memories,"" captures the implicit meaning of intellectual hunger and the need for mental stimulation more effectively than Response B. It uses vivid and coherent imagery of a hollow book, suggesting emptiness and a longing for knowledge or stories, which aligns closely with the concept of intellectual hunger. The whispering aspect adds a layer of subtle, desperate yearning for mental engagement. In contrast, Response B, ""she was a queen of her kingdom,"" does not relate to the implicit meaning; it conveys power and authority rather than intellectual hunger. While both responses use metaphorical language, Response A is more imaginative and directly reflects the intended concept. [RESULT] A"
A delicate tightrope walked by the masses.,he had a firm grip on the situation.,B,"Feedback: Response A, ""A delicate tightrope walked by the masses,"" uses imagery of balance and risk, which does not directly align with the implicit meaning of increasing power and influence. The metaphor suggests precariousness rather than growth or control. Response B, ""He had a firm grip on the situation,"" more closely captures the idea of increasing power and influence by implying control and dominance. While neither metaphor is highly imaginative, Response B is more coherent and accurate in conveying the intended concept. [RESULT] B"
"A bridge between cultures, a thread that weaves.","she was a chameleon, changing her look to fit in.",B,"Feedback: Response A, ""a bridge between cultures, a thread that weaves,"" focuses on connection and integration, which does not align with the implicit meaning of an artificial and easily changeable external appearance. The imagery is coherent but fails to capture the intended concept. Response B, ""she was a chameleon, changing her look to fit in,"" directly conveys the idea of adaptability and artificiality in appearance, aligning closely with the implicit meaning. The chameleon metaphor is vivid and imaginative, effectively representing the intended concept. Response B outperforms Response A in capturing the implicit meaning and using more relevant, vivid imagery. [RESULT] B"
"Her past was a rich, ever-changing tapestry of moments.",the chain of cause and effect is a straight line.,B,"Feedback: Response A uses a tapestry metaphor, which emphasizes complexity and interconnectedness but does not align with the implicit meaning of inevitable, predetermined sequences. Its imagery is vivid and coherent but fails to capture the linear, cause-and-effect concept. Response B, with its ""straight line"" metaphor, directly reflects the idea of actions leading to inevitable results in a clear, predetermined sequence, though its imagery is less imaginative. Response B better meets the criteria by aligning closely with the implicit meaning, while Response A diverges significantly. [RESULT] B"
Untouched snow that remains pristine.,her moral compass was a shining beacon.,B,"Feedback: Response A (""Untouched snow that remains pristine"") captures the idea of purity and being untainted, aligning well with the implicit meaning of a pure and untainted moral character. However, the imagery, while clear, is somewhat generic and lacks the vividness and imaginative depth that could elevate it. Response B (""her moral compass was a shining beacon"") introduces a more dynamic and vivid image, effectively conveying guidance, clarity, and moral integrity. While it slightly deviates from the ""untouched"" aspect, it better embodies the concept of a steadfast and illuminating moral character. Response B’s imagery is more coherent and imaginative, making it a stronger representation of the intended meaning. [RESULT] B"
Choices are the weights on the balance beam.,she is a seed that blooms into a better situation with her efforts and determination.,B,"Feedback: Response A, ""Choices are the weights on the balance beam,"" uses imagery of balance and decision-making, which is coherent but does not directly convey the linear flow of time from cause to consequence. It focuses more on equilibrium rather than progression. Response B, ""She is a seed that blooms into a better situation with her efforts and determination,"" employs a growth metaphor that implies a process over time, aligning more closely with the linear flow of time from cause to consequence. While both metaphors are imaginative, Response B captures the implicit meaning more accurately by emphasizing progression and transformation. Response A, though vivid, diverges from the intended concept. [RESULT] B"
Properties direct economic activity like a compass needle points north.,properties shape the river of economic activity.,B,"Feedback: Both metaphors attempt to capture the influence of properties on economic activity, but they differ in their alignment with the implicit meaning of resistance in economic flow. Response A, ""Properties direct economic activity like a compass needle points north,"" suggests guidance rather than resistance, which misaligns with the implicit meaning. The imagery is clear but fails to convey the intended concept of hindrance. Response B, ""properties shape the river of economic activity,"" better captures the idea of resistance by implying that properties can alter or obstruct the natural flow of economic transactions, aligning more closely with the implicit meaning. The river metaphor is vivid and coherent, effectively conveying the intended concept. [RESULT] B"
Relationships were a tapestry of love and heartache.,his emotional stability is a house of cards.,B,"Feedback: Response A, ""Relationships were a tapestry of love and heartache,"" focuses on the complexity and interwoven nature of relationships, but it does not directly address emotional instability or uncertainty. The imagery is vivid and coherent, but it aligns more with the idea of emotional depth rather than instability. Response B, ""his emotional stability is a house of cards,"" directly captures the implicit meaning of emotional instability and uncertainty, as a house of cards is fragile and can collapse easily, mirroring the precarious nature of emotional stability. While both metaphors use coherent imagery, Response B more closely aligns with the intended concept and is more imaginative in conveying the specific idea of instability. [RESULT] B"
Life is a canvas of diverse and vibrant chapters.,a nation is a mosaic of its stages.,B,"Feedback: Both metaphors attempt to convey the idea of progress through distinct stages, but they differ in their alignment with the implicit meaning and the vividness of their imagery. Response A, ""Life is a canvas of diverse and vibrant chapters,"" captures the concept of distinct stages (chapters) and the continuity of progress (canvas), though it leans more toward personal growth rather than a broader, structured journey. The imagery is vivid but slightly less precise in reflecting the idea of milestones. Response B, ""a nation is a mosaic of its stages,"" more directly aligns with the implicit meaning by emphasizing distinct stages (tiles in a mosaic) and the collective progress of a nation, offering a clearer and more structured representation of milestones. While both are imaginative, Response B is more coherent and accurate in conveying the intended concept. [RESULT] B"
Her eyes were a painter studying a canvas of petals.,a flower of beauty bloomed in her mind.,A,"Feedback: Response A more closely captures the implicit meaning of gentle and tender observation with care and affection by depicting her eyes as a painter studying a canvas of petals, which vividly conveys meticulous attention and affection. The imagery is coherent and imaginative, aligning well with the intended concept. Response B, while touching on beauty and blooming, lacks the specificity and depth of observation present in Response A, making it less aligned with the implicit meaning. The metaphor in Response B is more generic and less vivid in comparison. [RESULT] A"
The bakery was a warm hug in bread form.,they ran a business with integrity and open books.,B,"Feedback: Response A, ""The bakery was a warm hug in bread form,"" uses vivid and imaginative imagery but fails to capture the implicit meaning of transparent and honest business operations. It focuses on the comforting and welcoming aspect of a bakery, which is unrelated to business integrity. Response B, ""they ran a business with integrity and open books,"" directly aligns with the implicit meaning by explicitly mentioning integrity and open books, a common metaphor for transparency. While Response B lacks the imaginative flair of Response A, it clearly and accurately conveys the intended concept. Response A’s imagery is coherent but irrelevant, while Response B’s imagery is straightforward and on-point. [RESULT] B"
She ran herself into a better situation.,they soaked up knowledge like sponges.,B,"Feedback: Response A (""She ran herself into a better situation"") captures the idea of progress and improvement but lacks the vivid imagery and direct connection to eager and rapid learning with intense enthusiasm. It implies effort and movement towards a better state but does not explicitly convey the absorption of knowledge or the enthusiasm associated with learning. Response B (""they soaked up knowledge like sponges"") directly aligns with the implicit meaning by using a vivid and coherent metaphor that emphasizes rapid and eager absorption of knowledge, mirroring the enthusiasm and intensity of learning. While both responses have merit, Response B more accurately and imaginatively represents the intended concept. [RESULT] B"
A firework exploding in a kaleidoscope of colors.,he went from a raging storm to a calm sea.,B,"Feedback: Response A, ""A firework exploding in a kaleidoscope of colors,"" captures vivid and dynamic imagery but does not align closely with the implicit meaning of a sudden emotional transformation from anger to calmness. It conveys a moment of brilliance and chaos but lacks the contrast between opposing states (anger and calmness). Response B, ""he went from a raging storm to a calm sea,"" directly reflects the implicit meaning by using contrasting natural elements (storm and sea) to represent the shift from anger to calmness, making it more coherent and accurate. While both metaphors are imaginative, Response B better aligns with the intended concept and conveys it more clearly. [RESULT] B"
The past is a heavy anchor.,her life was a puppet on strings of responsibility.,B,"Feedback: Response A (""The past is a heavy anchor"") captures the idea of being weighed down, but it focuses on the past rather than material things, which only partially aligns with the implicit meaning. The imagery is vivid and coherent but lacks specificity to material control. Response B (""her life was a puppet on strings of responsibility"") directly conveys the concept of external control, though it emphasizes responsibility rather than material things. However, it is more imaginative and aligns closer to the idea of domination by external forces. Both responses have strengths, but Response B better captures the implicit meaning of material control, albeit with a slight shift in focus. [RESULT] B"
"Two forces held a precarious, shifting equilibrium.",they were two sides of the same heart.,B,"Feedback: Both metaphors attempt to convey the implicit meaning of two people experiencing identical feelings, but they differ significantly in their approach and effectiveness. Response A uses the imagery of ""two forces held a precarious, shifting equilibrium,"" which captures the idea of balance and tension but lacks the emotional depth and direct connection to shared feelings. The metaphor is more abstract and less vivid in conveying the emotional alignment. Response B, ""they were two sides of the same heart,"" directly and vividly represents the unity and shared emotional state of the two individuals. The imagery of the heart is powerful and universally associated with emotions, making it a clearer and more imaginative representation of the implicit meaning. While Response A is coherent, it falls short in emotional resonance compared to Response B. [RESULT] B"
A multifaceted enigma waiting to be deciphered slowly.,he needed to become a sponge and mirror.,B,"Feedback: Response A, ""A multifaceted enigma waiting to be deciphered slowly,"" uses vivid and coherent imagery but focuses more on complexity and gradual understanding rather than emotional capacity improvement. It aligns loosely with the implicit meaning but lacks direct relevance to emotional growth. Response B, ""he needed to become a sponge and mirror,"" directly conveys the idea of absorbing (like a sponge) and reflecting (like a mirror), which better aligns with the concept of improving emotional capacity. While both responses use imaginative imagery, Response B more accurately captures the intended meaning. [RESULT] B"
A puzzle slowly reveals its hidden picture.,the original theory has grown a family of ideas.,B,"Feedback: Both metaphors attempt to convey the idea of one main concept generating multiple related ideas, but they differ in their approach and effectiveness. Response A, ""A puzzle slowly reveals its hidden picture,"" uses the imagery of a puzzle to suggest a gradual unveiling of a complete idea, which aligns with the concept of a main idea revealing its related parts. However, it lacks the direct imagery of ""giving birth"" or ""growth"" that would more closely mirror the implicit meaning. Response B, ""the original theory has grown a family of ideas,"" directly employs the metaphor of growth and family, which vividly and coherently captures the idea of one main concept generating multiple related ideas. It aligns more closely with the implicit meaning in both imagery and concept. While both responses are imaginative, Response B is more accurate and vivid in representing the original idea. [RESULT] B"
The book was a treasure chest of forgotten lore.,she was a sponge for knowledge.,B,"Feedback: Response A, ""The book was a treasure chest of forgotten lore,"" captures the idea of acquiring knowledge but focuses more on the repository of knowledge rather than the act of learning itself, which slightly misaligns with the implicit meaning of an endless desire to learn. The imagery is vivid and coherent but does not directly convey the active pursuit of knowledge. Response B, ""She was a sponge for knowledge,"" directly aligns with the implicit meaning by emphasizing the active absorption and endless desire to learn, using a clear and vivid metaphor. While both responses use imaginative imagery, Response B more accurately and effectively conveys the intended concept. [RESULT] B"
"Learning is a long, winding road to mastery.",mixing different ingredients to settle a dispute and rekindle a fire.,B,"Feedback: Response A, ""Learning is a long, winding road to mastery,"" does not align with the implicit meaning of compromise resolving conflicts and repairing relationships. It focuses on the journey of learning rather than conflict resolution, making it irrelevant to the intended concept. Response B, ""mixing different ingredients to settle a dispute and rekindle a fire,"" partially captures the idea of combining elements to resolve conflicts but lacks clarity in how it repairs relationships. The imagery is somewhat vivid but does not fully convey the intended meaning coherently. Response B is closer to the implicit meaning than Response A but still falls short in clarity and alignment. [RESULT] B"
They were a symphony of synchronized human instruments.,she handed him the keys to her kingdom.,B,"Feedback: Response A, ""They were a symphony of synchronized human instruments,"" does not align with the implicit meaning of leadership responsibility being treated as a physical object that can be transferred. The metaphor focuses on harmony and coordination rather than the transfer of authority, making it irrelevant to the intended concept. Response B, ""She handed him the keys to her kingdom,"" directly captures the implicit meaning by using the imagery of handing over keys, a physical object symbolizing the transfer of leadership responsibility. It is vivid, coherent, and aligns closely with the intended idea. Response B clearly outperforms Response A in conveying the implicit meaning and meeting the criteria. [RESULT] B"
She wove a tapestry of innovation.,her life was a vibrant painting of self-expression.,"Neither A nor B adequately meets the criteria, but if forced to choose, A is marginally less misaligned. [RESULT] A","Feedback: Neither Response A nor Response B effectively captures the implicit meaning of ""gradual disappearance or diminishing presence."" Response A, ""She wove a tapestry of innovation,"" suggests creation and development rather than disappearance, while Response B, ""her life was a vibrant painting of self-expression,"" emphasizes vividness and presence, not diminution. Both metaphors fail to align with the intended concept and use imagery that contradicts the implicit meaning. Response A is slightly more coherent in its imagery but still misses the mark entirely. Response B, while vivid, is even further from the intended meaning. [RESULT] Neither A nor B adequately meets the criteria, but if forced to choose, A is marginally less misaligned. [RESULT] A"
A merry-go-round in a toxic swamp.,they were stuck in a cycle of love and hate.,A,"Feedback: Both metaphors capture the essence of a repetitive, cyclical pattern, but they differ in their approach and vividness. Response A, ""A merry-go-round in a toxic swamp,"" introduces a vivid and imaginative image that emphasizes the futility and unpleasantness of the cycle, aligning closely with the implicit meaning. The toxic swamp adds a layer of negativity that enhances the sense of being trapped without progress. Response B, ""they were stuck in a cycle of love and hate,"" directly addresses the cyclical nature but is more literal and less imaginative. While it conveys the idea of repetition, it lacks the vivid imagery and depth of Response A. Therefore, Response A is more effective in capturing the implicit meaning with greater creativity and clarity. [RESULT] A"
Laughter was a wildfire that spread its warmth.,he grasped the painting with his eyes.,B,"Feedback: Response A, ""Laughter was a wildfire that spread its warmth,"" captures a sense of intensity and spread, but it does not align closely with the implicit meaning of intense, thorough observation and attention to detail. The imagery is vivid but fails to convey the concept of focused attention. Response B, ""he grasped the painting with his eyes,"" more effectively aligns with the implicit meaning by suggesting a deep, attentive engagement with the subject, akin to physically grasping it. The imagery is coherent and directly reflects the intended concept of intense observation. While both responses use imaginative language, Response B is more accurate and relevant to the implicit meaning. [RESULT] B"
Her mind became a maze of misinformation.,"they were like a ship stuck in the mud, unable to change course.",A,"Feedback: Response A captures the implicit meaning more effectively by directly linking the mind to a ""maze of misinformation,"" which vividly represents the confusion and resistance to logic caused by propaganda. The imagery is coherent and imaginative, aligning closely with the intended concept. Response B, while imaginative, focuses on the inability to change course, which is more about stagnation than resistance to logic. It does not as clearly convey the influence of propaganda on the mind. Response A is more accurate and vivid in representing the implicit meaning. [RESULT] A"
"Life is a rich, intricate, and ever-changing fabric.",they were on a mission to reinvent themselves.,A,"Feedback: Response A uses the metaphor of life as a ""rich, intricate, and ever-changing fabric,"" which captures the idea of growth and change through its emphasis on complexity and evolution. However, it lacks the explicit tone of joy or the journey aspect of the implicit meaning. Response B, on the other hand, focuses on a ""mission to reinvent themselves,"" which directly conveys the idea of a purposeful journey toward change but does not explicitly capture the joyful aspect. Both responses partially align with the implicit meaning, but neither fully encapsulates the joyful journey. Response A has more vivid and coherent imagery, while Response B is more direct in conveying the concept of change. [RESULT] A"
A full moon rising over a kitchen.,she was the conductor of the orchestra.,B,"Feedback: Response A, ""A full moon rising over a kitchen,"" uses imagery that is vivid and coherent but does not closely align with the implicit meaning of gradual acquisition of power and dominance. The metaphor lacks a clear connection to the concept of power or dominance, making it less effective in conveying the intended idea. Response B, ""she was the conductor of the orchestra,"" directly aligns with the implicit meaning by implying control, leadership, and the gradual orchestration of influence, which mirrors the acquisition of power and dominance. While the imagery in Response B is more straightforward and less imaginative compared to Response A, it effectively captures the intended concept. Therefore, Response B better meets the criteria for clarity, accuracy, and alignment with the implicit meaning. [RESULT] B"
A gentle rain that calmed his troubled heart.,he held a fire in a contained vessel.,B,"Feedback: Response A, ""A gentle rain that calmed his troubled heart,"" does not align with the implicit meaning of suppressed anger ready to erupt, as it conveys a sense of peace and resolution rather than tension or containment. The imagery is coherent but fails to capture the intended concept. Response B, ""he held a fire in a contained vessel,"" more closely aligns with the implicit meaning by depicting a powerful force (anger) being restrained, with vivid and coherent imagery that suggests potential eruption. While neither metaphor fully achieves a score of 5, Response B better reflects the intended meaning and imagery. [RESULT] B"
Creativity is a fire that burns with endless spark.,life is a tapestry of moments stitched by our experiences and actions.,B,"Feedback: Response A, ""Creativity is a fire that burns with endless spark,"" focuses on creativity as an enduring and dynamic force, but it does not directly address the implicit meaning of life as an ongoing creative process shaped by experiences. The imagery is vivid and coherent but lacks alignment with the broader concept of life. Response B, ""Life is a tapestry of moments stitched by our experiences and actions,"" directly captures the implicit meaning by portraying life as a continuous, evolving creation influenced by personal experiences. The metaphor is highly imaginative, vivid, and aligns closely with the intended concept. While both responses use strong imagery, Response B better meets the criteria by accurately reflecting the implicit meaning and effectively conveying the intended idea. [RESULT] B"
Two rivers merged into a mighty financial ocean.,a treasure trove of savings for a sea of opportunities.,B,"Feedback: Both metaphors attempt to convey the idea of combined financial resources leading to abundant possibilities, but they differ in their approach and effectiveness. Response A uses the imagery of ""two rivers merging into a mighty financial ocean,"" which captures the concept of combining resources (rivers) into a larger, powerful entity (ocean). However, the metaphor is somewhat literal and lacks the vividness and imaginative flair needed to fully resonate with the implicit meaning. Response B, on the other hand, employs the imagery of ""a treasure trove of savings for a sea of opportunities,"" which is more imaginative and directly ties the accumulation of resources (treasure trove) to the vast possibilities (sea of opportunities). While both metaphors align with the implicit meaning, Response B does so with greater clarity, vividness, and coherence, making it a more effective representation. [RESULT] B"
A delicate dance between the self and the crowd.,a team is a well-oiled machine with moving parts.,A,"Feedback: Response A, ""a delicate dance between the self and the crowd,"" captures the tension and balance of individual burden within a group, offering a vivid and coherent image that aligns well with the implicit meaning. It emphasizes the personal accountability and the need to navigate one's role amidst collective dynamics. Response B, ""a team is a well-oiled machine with moving parts,"" focuses more on teamwork efficiency and interdependence but fails to highlight individual burden or personal accountability, making it less aligned with the implicit meaning. While both metaphors are coherent, Response A is more imaginative and directly addresses the intended concept. [RESULT] A"
He is the treasure that makes my life complete.,he is the anchor of my life's journey.,B,"Feedback: Both metaphors aim to convey the implicit meaning of someone being highly valued and cherished, but they differ in their imagery and alignment with the intended concept. Response A, ""He is the treasure that makes my life complete,"" uses the imagery of a treasure, which is vivid and aligns well with the idea of being highly valued. However, it leans more toward the idea of completion rather than the overarching value and stability implied in the implicit meaning. Response B, ""He is the anchor of my life's journey,"" employs the imagery of an anchor, which is equally vivid and effectively conveys stability, reliability, and being cherished above all others, aligning more closely with the implicit meaning. While both responses are imaginative, Response B captures the intended concept more accurately and coherently. [RESULT] B"
She stalks her prey with calculated precision always.,she stalks her prey with the focus of a tiger.,A,"Feedback: Both responses capture the predatory aspect of the implicit meaning, but they differ in their approach to conveying the calculating behavior. Response A emphasizes ""calculated precision,"" which directly aligns with the calculating aspect of the implicit meaning, making it a more accurate representation. The imagery is clear and coherent, though somewhat generic. Response B, on the other hand, uses ""the focus of a tiger,"" which vividly portrays intensity and predatory behavior but lacks the explicit reference to calculation. While the tiger metaphor is more imaginative and vivid, it does not fully capture the calculating element as effectively as Response A. Therefore, Response A better aligns with the implicit meaning in terms of accuracy, though it sacrifices some vividness. [RESULT] A"
Conductor orchestrates the patient's healthcare journey.,she ran herself into a better situation.,A,"Feedback: Response A, ""Conductor orchestrates the patient's healthcare journey,"" aligns more closely with the implicit meaning of medical specialists as authoritative leaders making critical decisions. It effectively conveys the idea of a central figure guiding and coordinating a complex process, which mirrors the role of a conductor in an orchestra. The imagery is coherent and vivid, emphasizing leadership and control. In contrast, Response B, ""she ran herself into a better situation,"" does not capture the authoritative leadership aspect and instead focuses on personal effort and improvement, which diverges from the intended concept. Response A is more imaginative and accurate in representing the original idea. [RESULT] A"
A towering mountain of untamed majesty.,navigated through the fog with clarity.,B,"Feedback: Response A, ""A towering mountain of untamed majesty,"" uses vivid and powerful imagery but fails to capture the implicit meaning of ideas illuminating and guiding through uncertainty. The metaphor emphasizes grandeur and strength rather than clarity or guidance. Response B, ""navigated through the fog with clarity,"" directly aligns with the implicit meaning by conveying the idea of finding direction amidst confusion, though it lacks imaginative depth. Response A is more vivid but less relevant, while Response B is more accurate but less imaginative. [RESULT] B"
"Life's path is a winding, unpredictable mountain trail.",she anchored her commitments to the ground of her heart.,B,"Feedback: Response A uses a vivid and coherent metaphor of a ""winding, unpredictable mountain trail"" to represent life's path, but it focuses more on the unpredictability and challenges of life rather than strict commitment to responsibilities. It does not align closely with the implicit meaning. Response B, on the other hand, employs the imagery of ""anchoring commitments to the ground of her heart,"" which directly conveys the idea of steadfast dedication and strict adherence to responsibilities. While both metaphors are imaginative, Response B more accurately captures the intended concept with clear and relevant imagery. [RESULT] B"
Her eyes were a topographic map of the land.,"she was a canvas, painting the world with her eyes.",B,"Feedback: Response A uses a topographic map to describe her eyes, which implies detail and depth but lacks the gentle, loving tone of the implicit meaning. It focuses more on the complexity rather than the emotional observation. Response B, on the other hand, portrays her as a canvas painting the world with her eyes, which captures the act of observing and creating, aligning more closely with the gentle and loving aspect of the implicit meaning. The imagery in Response B is also more vivid and coherent, effectively conveying the intended concept. While both responses have imaginative elements, Response B better aligns with the implicit meaning in terms of tone and emotional resonance. [RESULT] B"
The manager handed over the reins to his team.,the manager gave his team the keys to the kingdom.,B,"Feedback: Both metaphors effectively convey the transfer of authority and responsibility, aligning closely with the implicit meaning. However, Response B (""the manager gave his team the keys to the kingdom"") uses more vivid and imaginative imagery, evoking a sense of empowerment and complete control, which enhances the clarity and impact of the metaphor. Response A (""The manager handed over the reins to his team"") is also coherent and aligns well with the meaning but relies on a more common and less striking image. The imagery in Response B is more original and evocative, making it a clearer and more imaginative representation of the intended concept. [RESULT] B"
The ocean of emotions was a vast and mysterious sea.,he was a conductor of his own life's symphony.,B,"Feedback: Response A, ""The ocean of emotions was a vast and mysterious sea,"" uses the imagery of an ocean to represent emotions, which is vivid and imaginative but does not align closely with the implicit meaning of restricted and controlled movement. The ocean metaphor suggests vastness and unpredictability rather than control or restriction. Response B, ""He was a conductor of his own life's symphony,"" effectively conveys the idea of controlled movement, as a conductor orchestrates and directs a symphony with precision and authority. While Response B's imagery is clear and coherent, it is somewhat less imaginative compared to the ocean metaphor. However, it more accurately captures the intended concept of restricted and controlled movement. [RESULT] B"
Progress is a marathon of steady footsteps.,a fork in the road of life.,B,"Feedback: Response A, ""Progress is a marathon of steady footsteps,"" focuses on the idea of continuous effort and persistence, which does not align with the implicit meaning of choices being like items available for selection. It lacks the imagery of selection or decision-making. Response B, ""a fork in the road of life,"" directly evokes the concept of choices by presenting a clear decision point, aligning more closely with the implicit meaning. While both metaphors use coherent imagery, Response B is more vivid and accurate in representing the idea of choices. [RESULT] B"
"**
A hungry dog chasing a treasure chest.",he was a dog with a bone of knowledge.,B,"Feedback: Response A, ""A hungry dog chasing a treasure chest,"" captures the rapid and determined aspect of self-improvement through the imagery of a dog in pursuit, but the metaphor is somewhat generic and lacks a direct connection to the concept of knowledge or improvement. Response B, ""he was a dog with a bone of knowledge,"" more effectively aligns with the implicit meaning by directly linking the dog's tenacity to the acquisition of knowledge, though it could be more vivid in depicting the rapid and determined nature of self-improvement. Both responses use canine imagery, but Response B is more precise in conveying the intended concept. [RESULT] B"
They lit a fire that changed everything.,she turned the engine into a more efficient machine.,B,"Feedback: Response A uses the metaphor of ""lighting a fire"" to suggest a transformative change, which captures the idea of improvement but lacks the specificity of replacement or upgrade. The imagery is vivid and evokes a sense of dramatic change, but it does not directly convey the concept of replacing or upgrading a component. Response B, on the other hand, explicitly mentions turning an engine into a more efficient machine, which directly aligns with the implicit meaning of improvement through replacement or upgrade. The imagery in Response B is more precise and coherent with the intended concept, though it is less imaginative compared to the dramatic imagery of Response A. Overall, Response B more accurately and clearly conveys the implicit meaning, while Response A is more vivid but less aligned with the specific idea of replacement or upgrade. [RESULT] B"
A gentle breeze in the silence speaks.,a boulder that weighed her down with its unpredictability.,B,"Feedback: Response A, ""A gentle breeze in the silence speaks,"" does not align with the implicit meaning of ""unstable and out of control."" The imagery of a gentle breeze suggests calmness and tranquility, which directly contradicts the intended concept. Response B, ""a boulder that weighed her down with its unpredictability,"" more closely captures the implicit meaning. The boulder represents a heavy, unpredictable burden, which aligns with the idea of being unstable and out of control. While the imagery in Response B is somewhat vivid, it could be more imaginative. However, it effectively conveys the intended concept better than Response A. [RESULT] B"
Guardians of the earth stood watchful and strong.,a path of hope guiding sailors through the darkness.,B,"Feedback: Response A, ""Guardians of the earth stood watchful and strong,"" focuses on protection and strength but lacks the imagery of light and darkness central to the implicit meaning. It does not convey the concept of guidance or salvation in darkness. Response B, ""a path of hope guiding sailors through the darkness,"" directly incorporates the imagery of light (implied through ""path of hope"") and darkness, aligning closely with the implicit meaning. It effectively conveys guidance and salvation. While both responses use coherent imagery, Response B is more vivid and imaginative in representing the intended concept. [RESULT] B"
A symphony of contradictions and harmonies.,the economy is a ship that's slowly rising from the depths.,B,"Feedback: Response A, ""A symphony of contradictions and harmonies,"" is highly imaginative and vivid, but it does not closely align with the implicit meaning of economic recovery and upward progress. The metaphor focuses more on balance and complexity rather than the specific concept of rising from a difficult situation. Response B, ""the economy is a ship that's slowly rising from the depths,"" directly and vividly captures the implicit meaning by using the imagery of a ship rising, which clearly conveys the idea of recovery and upward progress. While both metaphors are imaginative, Response B is more aligned with the intended concept and uses more coherent and relevant imagery. [RESULT] B"
Her imagination was a limitless treasure chest.,he was drowning in a sea of responsibilities.,B,"Feedback: Response A, ""Her imagination was a limitless treasure chest,"" does not align with the implicit meaning of an overwhelming amount of responsibilities, as it instead conveys abundance and creativity. Response B, ""He was drowning in a sea of responsibilities,"" closely captures the implicit meaning by using vivid imagery of drowning to represent being overwhelmed. The metaphor in Response B is highly imaginative and coherent, effectively conveying the intended concept. Response A fails to reflect the intended meaning at all. [RESULT] B"
The book was a chest overflowing with precious jewels.,he was bound by duty to fulfill his promises.,B,"Feedback: Response A, ""The book was a chest overflowing with precious jewels,"" does not align with the implicit meaning of an irresistible force of obligation pulling someone back to their word. The imagery is vivid and coherent but fails to capture the concept of duty or obligation. Response B, ""He was bound by duty to fulfill his promises,"" directly reflects the implicit meaning by using the metaphor of being bound, which conveys the force of obligation. While the imagery in Response B is less imaginative, it accurately and clearly represents the intended concept. [RESULT] B"
"Her emotions were a turbulent, stormy ocean within her.",his mind became a finely-tuned machine.,B,"Feedback: Response A uses the imagery of a ""turbulent, stormy ocean"" to describe emotions, which is vivid and coherent but does not align with the implicit meaning of achieving advanced intellectual understanding. It instead conveys emotional turmoil, missing the mark entirely. Response B, on the other hand, describes the mind as a ""finely-tuned machine,"" which aligns more closely with the idea of intellectual achievement, suggesting precision, efficiency, and advanced functionality. While neither metaphor fully captures the depth of the implicit meaning, Response B is more relevant and coherent in this context. [RESULT] B"
"Her heart was a stormy, endless sea.",life is a ruler with marks of progress.,B,"Feedback: Response A, ""Her heart was a stormy, endless sea,"" uses vivid and imaginative imagery but fails to capture the implicit meaning of progressive steps leading to a goal. The metaphor emphasizes emotional turmoil and vastness rather than structured progress. Response B, ""Life is a ruler with marks of progress,"" directly aligns with the implicit meaning by clearly representing measurable steps toward a goal, though its imagery is somewhat generic. While Response A is more vivid, it diverges from the intended concept, whereas Response B accurately conveys the idea despite less imaginative language. [RESULT] B"
A ghost in a crowded digital space.,she stood at the crossroads of faith and doubt.,B,"Feedback: Response A uses a ghost in a crowded digital space, which captures the sense of being overwhelmed or lost, but it doesn't directly address the ideological struggle implied in the implicit meaning. The imagery is somewhat vivid but lacks the clarity needed to convey difficult decision-making between ideological choices. Response B, on the other hand, directly portrays the crossroads of faith and doubt, which aligns closely with the implicit meaning of being torn between different ideological paths. The imagery is vivid and coherent, effectively capturing the intended concept. While both responses have imaginative elements, Response B more accurately and clearly represents the original idea. [RESULT] B"
A key fitting into a lock.,he was a sponge for new ideas and knowledge.,B,"Feedback: Response A, ""A key fitting into a lock,"" does not align closely with the implicit meaning of processing and understanding information taking time, like digesting food. The imagery of a key and lock suggests precision and immediate access rather than a gradual, time-consuming process. Response B, ""he was a sponge for new ideas and knowledge,"" better captures the idea of absorbing and processing information, though it lacks the explicit time element present in the implicit meaning. However, the sponge metaphor is more vivid and coherent in conveying the act of taking in information, even if it doesn’t fully emphasize the time aspect. Response B is closer to the intended concept than Response A. [RESULT] B"
She was a master cartographer of life's terrain.,she turned a new page in her life.,A,"Feedback: Response A, ""She was a master cartographer of life's terrain,"" uses a vivid and imaginative metaphor that aligns closely with the implicit meaning of a sudden transformation of thinking. The imagery of a cartographer mapping out new paths suggests a deliberate and profound shift in perspective, capturing the essence of a transformative change. In contrast, Response B, ""she turned a new page in her life,"" while commonly used to signify change, is more generic and lacks the depth and specificity needed to convey a sudden transformation of thinking. It does not evoke the same level of vividness or originality as Response A. Therefore, Response A better meets the criteria of being highly imaginative, vivid, and closely aligned with the implicit meaning. [RESULT] A"
"Life was a canvas of colorful, ever-changing masterpieces.",the wellspring of ideas never runs dry.,B,"Feedback: Response A uses the metaphor of life as a ""canvas of colorful, ever-changing masterpieces,"" which captures the idea of continuous creation and transformation but focuses more on the visual and artistic aspect rather than the inexhaustible nature of ideas. It aligns moderately with the implicit meaning but lacks the direct connection to the concept of an unending source. Response B, on the other hand, directly conveys the inexhaustible nature of ideas through the metaphor of a ""wellspring that never runs dry,"" which is vivid, coherent, and closely aligns with the intended meaning. While both metaphors are imaginative, Response B more accurately and effectively captures the implicit meaning. [RESULT] B"
Economics is a constantly shifting puzzle.,she navigates the economy with precision and foresight.,A,"Feedback: Response A captures the unpredictability and constant change of economics by comparing it to a ""constantly shifting puzzle,"" which aligns well with the implicit meaning of economics being like unpredictable weather patterns. However, the imagery of a puzzle, while coherent, is less vivid and imaginative compared to the weather analogy. Response B, on the other hand, focuses on the skill of navigating the economy with ""precision and foresight,"" which does not directly convey the unpredictability and constant change implied in the implicit meaning. Instead, it emphasizes control and strategy, diverging from the intended concept. Response A better aligns with the implicit meaning, though it could be more vivid. [RESULT] A"
A life is a half-finished canvas of beauty.,they hit a brick wall.,B,"Feedback: Response A, ""A life is a half-finished canvas of beauty,"" does not align with the implicit meaning of progress in a relationship being suddenly stopped or hindered. The metaphor focuses on the incomplete nature of life, which is unrelated to the concept of a sudden halt in relationship progress. The imagery is coherent but fails to capture the intended meaning. Response B, ""they hit a brick wall,"" directly conveys the idea of a sudden and insurmountable obstacle, aligning closely with the implicit meaning. The imagery is vivid and immediately understandable, effectively representing the concept. Response B is superior in capturing the intended meaning and using appropriate, clear imagery. [RESULT] B"
A spark sets the world ablaze.,she pressed her way through life.,A,"Feedback: Response A (""A spark sets the world ablaze"") captures the implicit meaning of unstoppable power and momentum more effectively than Response B. It uses vivid imagery of a small spark rapidly escalating into a global blaze, which aligns closely with the idea of unstoppable force. The metaphor is coherent and imaginative, conveying the concept of something small yet powerful gaining uncontrollable momentum. In contrast, Response B (""she pressed her way through life"") lacks the same vividness and direct alignment with the implicit meaning. While it suggests determination, it does not evoke the same sense of overwhelming, unstoppable power. Response A is clearer, more accurate, and more imaginative in representing the original idea. [RESULT] A"
Mistakes are stepping stones on the path to wisdom.,her mind was a garden that grew with knowledge.,B,"Feedback: Response A, while imaginative and coherent, focuses on the process of learning from mistakes rather than the growth and development of language itself, which diverges from the implicit meaning. Response B, on the other hand, directly aligns with the implicit meaning by comparing the mind to a garden where knowledge grows like flowers, effectively capturing the concept of language development. The imagery in Response B is vivid and coherent, making it a clearer and more accurate representation of the original idea. [RESULT] B"
"Seeds planted in fertile, yet uncertain soil.",a ship without an anchor is a lost voyage.,B,"Feedback: Response A uses the imagery of ""seeds in uncertain soil"" to suggest potential growth hindered by instability, which loosely aligns with the idea of information lacking context. However, it focuses more on uncertainty rather than the absence of grounding, making it less precise. Response B, with ""a ship without an anchor,"" directly conveys the concept of being lost due to lack of stability or direction, closely mirroring the implicit meaning of information without context. While both metaphors use coherent imagery, Response B is more vivid and accurate in capturing the intended concept. [RESULT] B"
New ideas bloom in the cracks of routine.,she managed her responsibilities with a firm grip.,B,"Feedback: Response A uses the metaphor of ""new ideas blooming in the cracks of routine,"" which emphasizes the emergence of creativity within structured environments but does not align with the implicit meaning of duties being valuable and requiring protection like precious treasures. The imagery is vivid and coherent but fails to capture the intended concept. Response B, ""she managed her responsibilities with a firm grip,"" directly conveys the idea of protecting and valuing duties, though the imagery is less imaginative and more literal. Response B aligns more closely with the implicit meaning, while Response A diverges significantly. [RESULT] B"
Community as a shield that repels extremist messages.,it had a shell of resistance around it.,A,"Feedback: Both metaphors aim to convey the idea of a community's defense against harmful ideologies, but they differ in their approach and effectiveness. Response A, ""Community as a shield that repels extremist messages,"" directly aligns with the implicit meaning by emphasizing the active and protective nature of the community's defense, using a vivid and coherent image of a shield. Response B, ""it had a shell of resistance around it,"" while capturing the concept of a protective barrier, is less specific and vivid in its imagery, and the use of ""shell"" is somewhat generic compared to the more dynamic and active imagery of a shield. Response A more closely aligns with the implicit meaning, providing a clearer and more imaginative representation of the community's natural defenses. [RESULT] A"
"Relationships are a well-tended garden, blooming with harmony.",their relationship is like a thread that weaves people together in harmony.,B,"Feedback: Both metaphors aim to convey harmony in relationships, but they differ in their approach and alignment with the implicit meaning of ""perfect synchronization and balance between two people."" Response A uses the imagery of a ""well-tended garden blooming with harmony,"" which is vivid and coherent, emphasizing care and growth. However, it focuses more on the outcome of harmony rather than the synchronization and balance between two entities. Response B, on the other hand, likens a relationship to a ""thread that weaves people together in harmony,"" which more directly captures the idea of interconnectedness and mutual balance. While both metaphors are imaginative, Response B aligns more closely with the implicit meaning by emphasizing the active, mutual process of synchronization. Response A’s imagery, though beautiful, is slightly less precise in conveying the intended concept. [RESULT] B"
Abandoned gardens withered under neglect's heavy shadow.,the media's reporting was a plague on public trust.,B,"Feedback: Response A uses a metaphor of ""abandoned gardens withered under neglect's heavy shadow,"" which, while vivid and imaginative, does not closely align with the implicit meaning of the media's biased reporting causing widespread disgust. The imagery of neglect and decay is coherent but fails to capture the specific concept of media bias and its impact on public trust. Response B, on the other hand, directly compares ""the media's reporting"" to ""a plague on public trust,"" which aligns closely with the implicit meaning. The metaphor is vivid, coherent, and effectively conveys the intended concept of widespread harm and disgust caused by biased reporting. While both responses are imaginative, Response B better captures the specific meaning and tone of the implicit idea. [RESULT] B"
Growth is a seedling that slowly reaches the sky.,"the train of life keeps moving forward, no matter what.",B,"Feedback: Response A uses the imagery of a seedling growing towards the sky, which conveys gradual progress and aspiration but lacks the mechanical and continuous aspect of the implicit meaning. It aligns loosely with the idea of forward movement but does not capture the unyielding, relentless nature of life's progression. Response B, on the other hand, employs the metaphor of a train moving forward, which directly reflects the continuous and mechanical nature of life's progression, aligning more closely with the implicit meaning. The train metaphor is vivid and coherent, effectively conveying the intended concept. While both responses have some relevance, Response B is more accurate and imaginative in representing the original idea. [RESULT] B"
A river anchored in progress.,he opened his mind to new perspectives.,B,"Feedback: Response A (""A river anchored in progress"") uses a natural element (river) to symbolize continuous movement and growth, which loosely relates to achieving clarity of thought. However, the imagery of a river being ""anchored"" creates a contradiction, as rivers are typically free-flowing, making the metaphor less coherent and vivid. Response B (""he opened his mind to new perspectives"") directly aligns with the implicit meaning by using the act of opening one's mind, which clearly conveys the idea of gaining better understanding or clarity. While it lacks highly imaginative imagery, it is straightforward and effectively communicates the intended concept. Response B better captures the implicit meaning with clearer and more direct imagery compared to the mixed and less coherent metaphor in Response A. [RESULT] B"
Progress is a wave we're riding forward.,life is a journey.,A,"Feedback: Response A (""Progress is a wave we're riding forward"") and Response B (""Life is a journey"") both aim to convey a sense of movement and progression, but neither fully captures the implicit meaning of ""Time is a challenging upward struggle."" Response A uses the imagery of a wave, which suggests forward motion but lacks the element of struggle or upward effort. Response B, while a common metaphor, focuses on the journey aspect of life without emphasizing the challenging or upward nature of time. Between the two, Response A is slightly more imaginative and vivid, but neither aligns closely with the intended meaning. Response B is more generic and less specific to the concept of struggle. [RESULT] A"
Her soul was a wildflower in the open.,writing is the map to navigate the labyrinth of thoughts.,B,"Feedback: Response A, ""Her soul was a wildflower in the open,"" does not align with the implicit meaning of writing providing direction and structure to scattered thoughts. The imagery is vivid but unrelated to the concept of writing or thought organization, earning a score of 1. Response B, ""writing is the map to navigate the labyrinth of thoughts,"" closely aligns with the implicit meaning, using vivid and coherent imagery that effectively conveys the intended concept of writing as a tool for structuring thoughts, earning a score of 5. [RESULT] B"
A puzzle without a map is a chaotic mess.,she organized her thoughts into a cohesive framework.,A,"Feedback: Response A uses a vivid and coherent metaphor of a ""puzzle without a map"" to represent disorganized information, effectively conveying the need for structure. It aligns closely with the implicit meaning and provides a clear, imaginative image of chaos that requires organization. Response B, while coherent, does not use a metaphor but rather a direct statement about organizing thoughts, which lacks the imaginative and vivid imagery required by the criteria. Response A better captures the implicit meaning and meets the criteria for a highly imaginative and vivid metaphor. [RESULT] A"
"Knowledge is a never-ending, twisting mountain path.",life moves forward like an unstoppable freight train.,B,"Feedback: Both metaphors attempt to convey the idea of continuity and inevitability, but they differ in their focus and imagery. Response A, ""Knowledge is a never-ending, twisting mountain path,"" emphasizes the journey and complexity of acquiring knowledge, which only loosely aligns with the implicit meaning of time and events being continuous and unstoppable. The imagery is vivid and coherent but does not directly capture the unstoppable nature of time. Response B, ""Life moves forward like an unstoppable freight train,"" directly aligns with the implicit meaning by using the imagery of a freight train, which is a powerful and unstoppable force, effectively conveying the continuous and unyielding nature of time and events. While both metaphors are imaginative, Response B more accurately and vividly represents the intended concept. [RESULT] B"
She was the architect of her own career.,she charted a course and sailed through her career.,B,"Feedback: Both metaphors aim to convey the idea of making progress towards a new professional direction, but they differ in their approach and vividness. Response A, ""She was the architect of her own career,"" emphasizes planning and design, which aligns with the idea of shaping one’s career deliberately. However, it lacks the dynamic imagery of movement and progress. Response B, ""she charted a course and sailed through her career,"" incorporates both planning (""charted a course"") and active progression (""sailed through""), providing a more vivid and coherent representation of moving forward in a career. While both metaphors capture the implicit meaning, Response B does so with more imaginative and dynamic imagery, making it a clearer and more engaging representation. [RESULT] B"
Forgiveness is a healing balm for the soul.,"as clarity rises, a new landscape unfolds.",B,"Feedback: Response A, ""Forgiveness is a healing balm for the soul,"" focuses on the restorative aspect of forgiveness but does not directly address the concept of clarity emerging from confusion about life choices. Its imagery is vivid and coherent but misaligned with the implicit meaning. Response B, ""as clarity rises, a new landscape unfolds,"" directly captures the idea of clarity emerging from confusion, using vivid and imaginative imagery of a new landscape to represent fresh understanding. While both responses use coherent imagery, Response B more closely aligns with the implicit meaning and effectively conveys the intended concept. [RESULT] B"
A bridge between cultures and hearts.,he was racing against the clock to finish.,B,"Feedback: Response A, ""A bridge between cultures and hearts,"" does not align with the implicit meaning of time running out and being precious like money in a bank account. It focuses on connection rather than urgency or scarcity, making it irrelevant to the intended concept. Response B, ""he was racing against the clock to finish,"" partially captures the urgency of time running out but lacks the imagery of time being precious like money. Neither metaphor fully meets the criteria, but Response B is closer to the intended meaning due to its emphasis on urgency. [RESULT] B"
Life's threads woven into a beautiful tapestry.,a harmonious dance of lines and shapes.,B,"Feedback: Response A, ""Life's threads woven into a beautiful tapestry,"" captures the idea of interconnectedness and complexity but lacks the dynamic, fluid motion implied in the implicit meaning of ""graceful and flowing movement."" The imagery is coherent and vivid but does not align closely with the intended concept of movement. Response B, ""a harmonious dance of lines and shapes,"" directly evokes fluidity and grace through the metaphor of dance, which aligns more closely with the implicit meaning. While both responses use imaginative imagery, Response B more effectively conveys the intended concept of graceful and flowing movement. [RESULT] B"
News waves crashed through her fragile world like a storm.,the news was a bombshell that shattered her world.,A,"Feedback: Both metaphors effectively convey the sudden and devastating impact of the news, aligning closely with the implicit meaning. Response A uses the imagery of ""news waves crashing through her fragile world like a storm,"" which vividly portrays the overwhelming and destructive nature of the news, capturing both the suddenness and the psychological upheaval. Response B, with ""the news was a bombshell that shattered her world,"" also conveys the sudden and destructive impact but with a more direct and explosive imagery. While both are strong, Response A’s use of waves and a storm provides a more layered and imaginative depiction of the psychological turmoil, making it slightly more vivid and coherent in capturing the intended concept. [RESULT] A"
Art is a bridge between worlds and realities.,time is a shadow that lengthens our lives.,B,"Feedback: Response A, ""Art is a bridge between worlds and realities,"" does not align with the implicit meaning of time pursuing and catching up to us, as it focuses on art's role in connecting different realms rather than addressing the concept of time. The imagery is coherent but unrelated to the intended idea. Response B, ""time is a shadow that lengthens our lives,"" captures the implicit meaning more closely by suggesting that time is an ever-present force that extends and follows us, aligning with the pursuit and inevitability of time. The imagery is vivid and imaginative, effectively conveying the intended concept. Response B is the clearer and more accurate representation. [RESULT] B"
A treasure chest of wisdom hidden in worn leather.,she was a moth to the flame of social validation.,B,"Feedback: Response A uses a metaphor of a ""treasure chest of wisdom hidden in worn leather,"" which, while imaginative and vivid, does not closely align with the implicit meaning of addiction to social media validation. The imagery of a treasure chest and worn leather suggests value and age but fails to capture the compulsive, often harmful nature of seeking social validation. On the other hand, Response B, ""she was a moth to the flame of social validation,"" directly and vividly conveys the idea of an irresistible, self-destructive attraction to social media validation. The moth-to-flame imagery is both coherent and highly imaginative, aligning closely with the intended concept. Response B effectively captures the essence of addiction, making it a clearer and more accurate representation of the implicit meaning. [RESULT] B"
Life slips through fingers like sand.,time is a relentless tide that pulls us toward the future.,B,"Feedback: Both metaphors effectively convey the rapid and dramatic passage of time, but they differ in their imagery and alignment with the implicit meaning. Response A, ""Life slips through fingers like sand,"" captures the idea of time slipping away, emphasizing the uncontrollable and granular nature of its passage, which aligns well with the implicit meaning. However, it focuses more on the personal experience of losing time rather than the broader, relentless movement of time itself. Response B, ""time is a relentless tide that pulls us toward the future,"" uses a more dynamic and forceful image, vividly portraying time as an unstoppable force that propels us forward, which closely matches the dramatic aspect of the implicit meaning. While both are imaginative, Response B’s imagery is more coherent and directly aligned with the concept of time’s rapid and dramatic passage. [RESULT] B"
The entrepreneur is a master builder of risk and resilience.,she cooked life's recipe with a pinch of love.,B,"Feedback: Response A, while imaginative and coherent, focuses on the entrepreneur's role in managing risk and resilience, which does not align closely with the implicit meaning of a chef transforming basic ingredients into complex flavors. The imagery of a ""master builder"" is vivid but diverges from the culinary theme. Response B, on the other hand, uses the metaphor of cooking to convey the idea of transforming basic elements (ingredients) into something more complex (life's recipe), which aligns more closely with the implicit meaning. The imagery of ""cooking with a pinch of love"" is vivid and coherent, effectively capturing the intended concept. Response B better meets the criteria of clarity, accuracy, and imagination in representing the original idea. [RESULT] B"
The strongest seedling shaded out the weaker ones.,"theories competed like athletes in a race, with the strongest emerging victorious.",B,"Feedback: Both metaphors attempt to convey the concept of competition and dominance, but they differ in their approach and effectiveness. Response A uses a naturalistic image of seedlings competing for light, which is coherent but somewhat generic and less directly tied to academic competition. Response B, on the other hand, employs a more vivid and imaginative analogy by comparing theories to athletes in a race, which directly aligns with the competitive and dynamic nature of academic dominance. While both responses capture the implicit meaning, Response B does so with greater clarity, originality, and vividness, making it a more accurate and imaginative representation of the intended concept. [RESULT] B"
Life's clock has a broken and jagged face.,life's timeline is a rollercoaster of twists and turns.,B,"Feedback: Both metaphors attempt to convey the idea of unpredictability and constant change, but they differ in their approach and effectiveness. Response A, ""Life's clock has a broken and jagged face,"" uses the imagery of a damaged clock to suggest disruption and irregularity, which aligns with the implicit meaning. However, the metaphor is somewhat abstract and may not immediately evoke the sense of constant motion or unpredictability. Response B, ""Life's timeline is a rollercoaster of twists and turns,"" directly captures the dynamic and unpredictable nature of life through the vivid and widely relatable imagery of a rollercoaster. It more clearly and imaginatively conveys the intended concept, making it a stronger representation of the implicit meaning. [RESULT] B"
Two roads diverged in a dead-end street.,her heart was a stone wall.,B,"Feedback: Response A uses the imagery of ""two roads diverged in a dead-end street,"" which conveys a sense of limited options and no clear path forward, aligning moderately with the implicit meaning of a relationship having no future. However, the metaphor is somewhat generic and lacks the emotional depth needed to fully capture the hopelessness of the situation. Response B, ""her heart was a stone wall,"" employs vivid and coherent imagery that directly reflects the emotional barrier and lack of progress in the relationship, closely aligning with the implicit meaning. While both responses convey a sense of impasse, Response B is more imaginative and emotionally resonant, effectively capturing the intended concept. [RESULT] B"
Her creativity sprouted wildflowers in hidden corners.,her memories were a jigsaw puzzle with missing pieces.,B,"Feedback: Response A, ""Her creativity sprouted wildflowers in hidden corners,"" does not align with the implicit meaning of broken and scattered thoughts causing mental distress. Instead, it conveys a positive and flourishing image, which is the opposite of the intended concept. The imagery is vivid but fails to capture the essence of the implicit meaning. Response B, ""Her memories were a jigsaw puzzle with missing pieces,"" more closely aligns with the implicit meaning by suggesting fragmentation and incompleteness, which can be associated with broken and scattered thoughts. The imagery is coherent and effectively conveys the intended concept, though it could be more vivid in depicting mental distress. Response B is the better metaphor as it more accurately reflects the implicit meaning. [RESULT] B"
A conductor orchestrates the rhythm of the city.,the conductor orchestrates society's symphony of needs and actions.,B,"Feedback: Both metaphors effectively convey the idea of control and direction, but they differ in their specificity and depth. Response A captures the essence of the implicit meaning by likening the city's rhythm to an orchestrated performance, which aligns well with the concept of a brain controlling a body. However, it is somewhat generic in its imagery, focusing solely on the city's rhythm without delving into the complexity of societal functions. Response B, on the other hand, enhances the metaphor by explicitly mentioning ""society's symphony of needs and actions,"" which more closely mirrors the intricate and multifaceted nature of societal functions akin to a brain's control over a body. The imagery in Response B is more vivid and coherent, providing a clearer and more imaginative representation of the original idea. While both responses align with the implicit meaning, Response B does so with greater precision and creativity. [RESULT] B"
A river's unpredictable currents and hidden depths.,she was a finely polished piece of art.,B,"Feedback: Response A, ""A river's unpredictable currents and hidden depths,"" does not align with the implicit meaning of a superficial and artificially polished appearance. It instead conveys complexity and unpredictability, which are unrelated to the intended concept. Response B, ""she was a finely polished piece of art,"" directly captures the idea of an artificially polished appearance, though it lacks depth in conveying superficiality. Response B is more aligned with the implicit meaning but could be more vivid in emphasizing the artificial nature. Response A fails to reflect the intended meaning entirely. [RESULT] B"
A tightrope walker's steps must be perfectly aligned.,a sea of endless questions to navigate.,B,"Feedback: Response A, ""A tightrope walker's steps must be perfectly aligned,"" focuses on precision and balance, which does not align with the implicit meaning of philosophy being vast, mysterious, and full of undiscovered knowledge. The imagery is coherent but fails to capture the intended concept. Response B, ""a sea of endless questions to navigate,"" effectively conveys the vastness and mystery of philosophy, using vivid and imaginative imagery that aligns closely with the implicit meaning. While both responses differ significantly in their approach, Response B better captures the essence of the implicit meaning with more relevant and evocative imagery. [RESULT] B"
The mind is a vessel in deep sea.,the body's temperature is a warrior's shield against invaders.,B,"Feedback: Response A, ""The mind is a vessel in deep sea,"" does not align closely with the implicit meaning of fever as a defense mechanism against disease. The imagery is somewhat vivid but lacks coherence with the intended concept, making it a weak representation. Response B, ""the body's temperature is a warrior's shield against invaders,"" directly and vividly captures the implicit meaning by comparing fever to a protective shield, which aligns well with the idea of a defense mechanism. The imagery is clear, imaginative, and effectively conveys the intended concept. Response B is superior in aligning with the implicit meaning and using vivid, coherent imagery. [RESULT] B"
A canvas with limitless colors and a guiding frame.,love is a symphony of two unique melodies in harmony.,B,"Feedback: Response A uses a canvas metaphor, which implies creativity and structure but lacks the explicit duality and harmony present in the implicit meaning. It suggests a single entity with potential rather than two distinct elements uniting. Response B, however, directly captures the idea of two unique entities (melodies) coming together in harmony, aligning closely with the implicit meaning. The symphony imagery is vivid and coherent, effectively conveying the intended concept. While both metaphors are imaginative, Response B better reflects the duality and unity described. [RESULT] B"
Seeds of actions grow into harvests of results.,her life is a river constantly flowing and changing.,A,"Feedback: Both metaphors attempt to convey the idea that present actions have future effects, but they differ in their approach and effectiveness. Response A, ""Seeds of actions grow into harvests of results,"" directly links actions (seeds) to their consequences (harvests), creating a clear and vivid agricultural analogy that aligns closely with the implicit meaning. The imagery is coherent and imaginative, effectively illustrating the cause-and-effect relationship. In contrast, Response B, ""Her life is a river constantly flowing and changing,"" while poetic, focuses more on the continuous and dynamic nature of life rather than the specific relationship between actions and their outcomes. It captures change over time but lacks the direct connection to the cause-and-effect concept. Response A is more precise and vivid in conveying the intended meaning. [RESULT] A"
She was a conductor in a symphony of lives.,a calm sea is his emotional state.,A,"Feedback: Response A, ""She was a conductor in a symphony of lives,"" uses a vivid and coherent metaphor that aligns closely with the implicit meaning of perfect emotional balance and stability. The imagery of a conductor orchestrating a symphony suggests control, harmony, and balance, effectively conveying the intended concept. In contrast, Response B, ""a calm sea is his emotional state,"" while capturing the idea of emotional stability, lacks the depth and imaginative quality of Response A. The calm sea metaphor is more generic and does not convey the active, balanced management implied in the implicit meaning as effectively. Response A is more imaginative, vivid, and aligned with the intended concept. [RESULT] A"
Mistakes are the wings that lift us to new heights.,a hidden treasure trove of potential success.,A,"Feedback: Response A (""Mistakes are the wings that lift us to new heights"") aligns more closely with the implicit meaning of ""New opportunities lead to valuable discoveries"" by directly linking mistakes (which can be seen as opportunities for growth) to achieving new heights, symbolizing valuable discoveries. The imagery is vivid and coherent, effectively conveying the concept of transformation through challenges. In contrast, Response B (""a hidden treasure trove of potential success"") focuses on potential success rather than the process of discovery through new opportunities, making it less aligned with the implicit meaning. While Response B uses imaginative imagery, it does not capture the dynamic process implied in the reference. Response A is clearer, more accurate, and better represents the original idea. [RESULT] A"
The policy is a poison in the bloodstream.,he is a calm sea in a storm.,B,"Feedback: Response A, ""The policy is a poison in the bloodstream,"" does not align with the implicit meaning of controlled and grounded emotions; instead, it conveys a negative, destructive impact, which is the opposite of the intended concept. The imagery is vivid but fails to capture the essence of emotional stability. Response B, ""He is a calm sea in a storm,"" directly reflects the implicit meaning by portraying a sense of tranquility amidst chaos, effectively conveying controlled and grounded emotions. The imagery is coherent and vivid, aligning closely with the intended concept. Response B is the clearer, more accurate, and more imaginative representation. [RESULT] B"
A kaleidoscope of colors in constant motion.,a well-oiled machine of productivity.,A,"Feedback: Response A, ""A kaleidoscope of colors in constant motion,"" captures the dynamic and lively nature of the team's work through vivid and imaginative imagery, closely aligning with the implicit meaning. It effectively conveys the idea of constant activity and variety, making it highly coherent and engaging. Response B, ""a well-oiled machine of productivity,"" while coherent and clear, focuses more on efficiency and smoothness rather than the dynamic and alive aspect of the team's work, thus slightly missing the mark on the implicit meaning. Response A is more imaginative and aligns better with the intended concept. [RESULT] A"
She stood like a rock amidst the storm.,their love was a storm that engulfed all else.,B,"Feedback: Response A uses a metaphor of a rock amidst a storm to convey resilience and steadfastness, which does not align closely with the implicit meaning of overwhelming and intense love overshadowing everything else. The imagery is coherent but fails to capture the intended concept. Response B, on the other hand, directly compares love to a storm that engulfs all else, vividly and accurately reflecting the overwhelming nature of the emotion. While both responses use storm imagery, Response B is more imaginative and aligns closely with the implicit meaning in both tone and concept. [RESULT] B"
A beacon in darkness that guides through challenges.,his strong resolve was a shield against setbacks.,B,"Feedback: Both metaphors aim to capture the idea of unwavering persistence against challenges, but they differ in their imagery and alignment with the implicit meaning. Response A uses the image of a ""beacon in darkness"" to symbolize guidance through challenges, which aligns well with the concept of persistence but focuses more on direction rather than resilience. The imagery is vivid and coherent, though it leans slightly more toward hope and guidance than sheer persistence. Response B, on the other hand, describes ""strong resolve as a shield against setbacks,"" which directly conveys the idea of resilience and protection against challenges. This metaphor is more aligned with the implicit meaning, as it emphasizes the active defense and endurance inherent in persistence. While both are imaginative, Response B more accurately and vividly captures the intended concept of unwavering persistence. [RESULT] B"
"A delicate tapestry of threads, constantly weaving and unraveling.",she navigated the fog of uncertainty with care.,B,"Feedback: Response A uses the imagery of a ""delicate tapestry of threads, constantly weaving and unraveling"" to convey the idea of dealing with uncertainty. While it captures the dynamic and fragile nature of the situation, it lacks the direct connection to risk or navigation through uncertainty. The metaphor is somewhat vivid but doesn't fully align with the implicit meaning of actively managing a risky situation. Response B, on the other hand, directly addresses the implicit meaning by describing someone ""navigating the fog of uncertainty with care,"" which clearly conveys the act of dealing with an uncertain or risky situation. The imagery is vivid and coherent, effectively capturing the intended concept. Response B aligns more closely with the implicit meaning and uses more relevant and imaginative imagery compared to Response A. [RESULT] B"
He walked on a slippery slope of chaos.,"tags. remember, it must be 10 words or fewer, and should consist only of the metaphor itself.

<metaphor>
[your metaphor here, 10 words maximum]",A,"Feedback: Response A uses the metaphor of a ""slippery slope of chaos,"" which effectively conveys the idea of losing control and stability, aligning well with alcohol's destructive effects. However, it lacks vivid imagery specific to alcohol's impact on coordination. Response B is missing, so it cannot be evaluated. Based on the provided information, Response A captures the implicit meaning more clearly and imaginatively, though it could be more specific. [RESULT] A"
Her life was a delicate balance of scales.,each member is a note in a symphony of collaboration.,B,"Feedback: Response A, ""Her life was a delicate balance of scales,"" captures the idea of harmony but focuses more on equilibrium and individual balance rather than collaboration, which is a key aspect of the implicit meaning. The imagery is coherent but less vivid and imaginative in conveying the concept of collective harmony. Response B, ""each member is a note in a symphony of collaboration,"" directly aligns with the implicit meaning by emphasizing the role of each individual in creating a harmonious whole, using vivid and imaginative imagery that clearly conveys perfect collaboration. While both responses have merit, Response B more closely aligns with the implicit meaning and uses more vivid and coherent imagery. [RESULT] B"
She ran herself into a better situation.,two ships passing in the night.,B,"Feedback: Response A (""She ran herself into a better situation"") does not align with the implicit meaning of two people unable to understand or connect with each other. It focuses on individual improvement rather than interpersonal disconnection, making it irrelevant to the intended concept. Response B (""two ships passing in the night"") directly captures the idea of two entities moving in close proximity yet failing to connect, aligning closely with the implicit meaning. The imagery in Response B is vivid and coherent, effectively conveying the intended concept. While Response A is coherent, it fails to address the core idea, whereas Response B is both imaginative and accurate. [RESULT] B"
Relationships are a tapestry of intertwined threads of pain.,time is a sculptor of wisdom.,B,"Feedback: Response A, ""Relationships are a tapestry of intertwined threads of pain,"" does not align with the implicit meaning of ""Patience leads to knowledge and understanding."" It focuses on the complexity and pain in relationships rather than the concept of patience yielding wisdom. The imagery is vivid but unrelated to the intended idea. Response B, ""Time is a sculptor of wisdom,"" directly captures the implicit meaning by suggesting that over time, wisdom is shaped, which aligns with the idea that patience leads to knowledge. The imagery is coherent and effectively conveys the intended concept. Response B is more imaginative and accurate in representing the original idea. [RESULT] B"
Progress is a journey that requires effort and determination.,a relationship is a dance of two partners moving in harmony.,B,"Feedback: Response A focuses on individual effort and determination, which does not align with the implicit meaning of unity and connection between two people. Its imagery is coherent but generic and fails to capture the intended concept. Response B, however, uses the metaphor of a dance to vividly portray harmony and mutual movement, directly reflecting the implicit meaning. While both responses use clear imagery, Response B is more imaginative and accurately conveys the idea of unity and connection. [RESULT] B"
Life is a tapestry woven with every thread.,the world is moving forward with unstoppable momentum.,B,"Feedback: Response A, ""Life is a tapestry woven with every thread,"" uses a vivid and coherent image of a tapestry to represent life, but it does not capture the implicit meaning of rapid and unstoppable progression. The metaphor emphasizes interconnectedness and complexity rather than momentum. Response B, ""the world is moving forward with unstoppable momentum,"" directly aligns with the implicit meaning by using the imagery of unstoppable movement, which clearly conveys rapid progression. While Response B lacks the imaginative depth of a tapestry, it more accurately and directly reflects the intended concept. [RESULT] B"
Emotions are a stormy sea that crashes against the shore.,laughter is the glue that binds friendships together gently.,B,"Feedback: Response A uses a stormy sea to represent emotions, which is vivid and imaginative but focuses on turmoil rather than joy, misaligning with the implicit meaning of explosive happiness in friendship. Response B, while less vivid, directly links laughter (a form of joy) to the bonding of friendships, aligning more closely with the intended concept. Both metaphors differ in their imagery and focus: Response A emphasizes chaos, whereas Response B highlights connection through joy. Response B better captures the implicit meaning despite its less imaginative imagery. [RESULT] B"
Love is a tapestry woven with each passing day.,their love is a solid rock built from shared life experiences.,B,"Feedback: Both metaphors attempt to capture the enduring and shared nature of love, but they differ in their alignment with the implicit meaning of love being passed down like a precious family heirloom. Response A, ""Love is a tapestry woven with each passing day,"" emphasizes the gradual and intricate development of love over time, which aligns with the idea of something being built or created. However, it lacks the explicit intergenerational or shared aspect of a family heirloom. Response B, ""their love is a solid rock built from shared life experiences,"" focuses on the strength and stability derived from shared experiences, which resonates more with the idea of something enduring and passed down, akin to a family heirloom. While neither metaphor perfectly captures the implicit meaning, Response B is closer in conveying the concept of something valuable and enduring that is shared and passed down. The imagery in Response B is also more vivid and coherent in representing the strength and longevity of love. [RESULT] B"
She stood as a radiant sun in her own sky.,a well-organized desk with a prioritized to-do list.,B,"Feedback: Response A, ""She stood as a radiant sun in her own sky,"" uses vivid and imaginative imagery but does not align closely with the implicit meaning of organizing responsibilities meticulously. The metaphor emphasizes brilliance and individuality rather than organization or prioritization. Response B, ""a well-organized desk with a prioritized to-do list,"" directly and clearly captures the implicit meaning, using coherent and relevant imagery that reflects meticulous organization. While less imaginative than Response A, it effectively conveys the intended concept. Response B better meets the criteria for alignment with the implicit meaning and clarity of imagery. [RESULT] B"
"Human emotions are a boundless, mysterious sea.",a smorgasbord of ideas to choose from.,B,"Feedback: Response A, ""Human emotions are a boundless, mysterious sea,"" focuses on vastness and mystery, which aligns more with the concept of depth and complexity rather than variety and availability. It does not capture the implicit meaning of an ""abundant variety of ideas and knowledge available for consumption."" The imagery is vivid but misaligned. Response B, ""a smorgasbord of ideas to choose from,"" directly conveys the idea of a wide variety of options available for selection, closely matching the implicit meaning. The imagery is clear and coherent, though somewhat generic. Response B better aligns with the intended concept, while Response A diverges in meaning despite its vividness. [RESULT] B"
The chair was reborn in beauty.,the company became a well-fitting puzzle piece in the business.,B,"Feedback: Response A, ""The chair was reborn in beauty,"" does not align with the implicit meaning of a company integrating a new business purchase, as it focuses on an unrelated object (a chair) and a concept of rebirth, which lacks relevance to the business context. The imagery is coherent but fails to capture the intended idea. Response B, ""the company became a well-fitting puzzle piece in the business,"" effectively conveys the idea of integration and fitting into a larger structure, aligning closely with the implicit meaning. The imagery is vivid and coherent, providing a clear and imaginative representation of the concept. Response B outperforms Response A in capturing the intended meaning and using appropriate, vivid imagery. [RESULT] B"
Life was a canvas of breathtaking beauty.,she ran herself into a better situation.,B,"Feedback: Response A, ""Life was a canvas of breathtaking beauty,"" uses vivid imagery but fails to capture the unpredictability and surprises inherent in the implicit meaning of love. It focuses more on beauty and static perfection rather than the dynamic and unexpected nature of love. Response B, ""she ran herself into a better situation,"" also misses the mark by emphasizing self-improvement and direction, which does not align with the unpredictability and surprises of love. However, it introduces a sense of movement and change, which is closer to the concept of unpredictability than the static imagery of Response A. Neither metaphor fully captures the implicit meaning, but Response B slightly edges out due to its implication of unexpected change. [RESULT] B"
The path to knowledge is a mountain to ascend.,every decision is a crossroads to new possibilities.,B,"Feedback: Both metaphors attempt to convey the idea of choices leading to different outcomes, but they differ in their approach and alignment with the implicit meaning. Response A, ""The path to knowledge is a mountain to ascend,"" focuses on the effort and challenge of gaining knowledge, which is a specific aspect of life choices but does not fully capture the broader concept of opportunities and possibilities. The imagery is vivid and coherent but somewhat narrow in scope. Response B, ""Every decision is a crossroads to new possibilities,"" directly aligns with the implicit meaning by emphasizing the branching nature of decisions and the potential for new opportunities. The imagery is clear and effectively conveys the intended concept, making it a more accurate and imaginative representation. [RESULT] B"
Old scars still bear the weight of yesterday.,our struggles are the shadows of our past.,A,"Feedback: Both metaphors aim to convey the implicit meaning of dealing with difficult memories and experiences, but they differ in their approach and effectiveness. Response A, ""Old scars still bear the weight of yesterday,"" uses a vivid and tangible image of scars to represent lingering pain, directly linking physical remnants to emotional burdens. This creates a strong, coherent imagery that aligns closely with the implicit meaning. Response B, ""Our struggles are the shadows of our past,"" employs a more abstract concept of shadows to symbolize struggles, which is less direct and slightly less vivid in comparison. While both metaphors are imaginative, Response A more accurately and clearly captures the intended concept by using a concrete, relatable image that resonates with the idea of carrying past difficulties. [RESULT] A"
A tree with branches that refuse to bend.,she was a lioness in the jungle.,A,"Feedback: Response A, ""A tree with branches that refuse to bend,"" effectively captures the concept of emotional stability and resilience by using the imagery of a tree that remains steadfast despite external pressures. The metaphor aligns closely with the implicit meaning, as it conveys strength and unyielding nature in the face of adversity. However, the imagery, while coherent, is somewhat generic and lacks the vividness that could make it more impactful. Response B, ""she was a lioness in the jungle,"" introduces a more dynamic and vivid image, symbolizing strength, courage, and adaptability in a challenging environment. While it conveys resilience, it leans more toward aggression and dominance rather than the quiet, steadfast stability implied in the implicit meaning. The lioness metaphor is imaginative and powerful but slightly misaligns with the specific tone of emotional stability. Response A is more accurate in capturing the intended concept, though less imaginative, while Response B is more vivid but less precise. [RESULT] A"
He was a hungry animal attacking a plate served to a hungry person.,a hungry man devours every chance that comes his way.,B,"Feedback: Both metaphors aim to convey the idea of eagerly seizing opportunities, but they differ in their approach and effectiveness. Response A uses the imagery of a hungry animal attacking a plate, which introduces an unnecessary layer of complexity by involving a ""plate served to a hungry person."" This distracts from the direct connection between hunger and opportunity, making the metaphor less coherent and vivid in relation to the implicit meaning. Response B, on the other hand, directly links a hungry man to devouring every chance, creating a clear and vivid image that aligns closely with the implicit meaning. While both responses capture the concept of hunger, Response B is more straightforward and imaginative in its representation of seizing opportunities. [RESULT] B"
She is an anchor in turbulent emotional seas.,she is a calm sea in a storm.,A,"Feedback: Both metaphors aim to convey stability and grounding, but they differ in their approach and alignment with the implicit meaning. Response A, ""She is an anchor in turbulent emotional seas,"" effectively captures the idea of being grounded and practical by using the anchor as a symbol of stability in chaotic waters, which aligns well with the implicit meaning. The imagery is vivid and coherent, clearly conveying the intended concept. Response B, ""She is a calm sea in a storm,"" while imaginative, focuses more on the absence of turmoil rather than the active grounding and practicality implied in the reference. It is less precise in capturing the practical, real-world thinking aspect. Response A better aligns with the implicit meaning and uses more vivid and accurate imagery. [RESULT] A"
A dancer with no rhythm and a ship without a rudder.,a wild animal in a cage.,B,"Feedback: Response A, ""A dancer with no rhythm and a ship without a rudder,"" partially captures the loss of self-control implied in the implicit meaning but fails to convey the destruction of dignity or the specific influence of alcohol. The imagery is somewhat vivid but lacks coherence in directly linking to the intended concept. Response B, ""a wild animal in a cage,"" more effectively conveys the idea of being trapped and restrained, which aligns with the loss of self-control and dignity due to alcohol. However, it does not explicitly tie to the destructive influence of alcohol itself. Both metaphors have limitations, but Response B is closer to the implicit meaning in terms of conveying restraint and loss of freedom, though neither fully captures the alcohol-specific destruction. [RESULT] B"
A shipwrecked vessel on the rocky shores of finance.,a puzzle piece fit perfectly into place.,B,"Feedback: Response A, ""A shipwrecked vessel on the rocky shores of finance,"" uses vivid imagery but diverges significantly from the implicit meaning of evidence aligning orderly and conclusively. The metaphor suggests chaos and failure, which contradicts the intended concept of coherence and resolution. Response B, ""a puzzle piece fit perfectly into place,"" directly aligns with the implicit meaning by conveying the idea of pieces coming together in an orderly, conclusive manner. While Response B’s imagery is straightforward and less imaginative, it accurately captures the intended concept. Response A fails to reflect the implicit meaning, while Response B succeeds in clarity and alignment. [RESULT] B"
Forgiveness was a river that flowed to calm waters.,her jokes were the sunshine of their lives.,A,"Feedback: Neither Response A nor Response B effectively captures the implicit meaning of ""Hurtful words cause lasting emotional damage."" Response A, ""Forgiveness was a river that flowed to calm waters,"" focuses on the healing aspect of forgiveness rather than the damage caused by hurtful words. Its imagery is coherent and vivid but misaligned with the intended concept. Response B, ""her jokes were the sunshine of their lives,"" emphasizes positivity and joy, which is entirely unrelated to the implicit meaning. Both metaphors fail to address the lasting emotional damage caused by hurtful words. Response A is slightly more coherent in its imagery compared to Response B, which is completely off-topic. [RESULT] A"
A rollercoaster of intense emotions.,she was a stormy sea of emotions.,B,"Feedback: Both metaphors aim to capture the implicit meaning of an overwhelming rush of emotions moving quickly and intensely. Response A, ""A rollercoaster of intense emotions,"" effectively conveys the rapid and intense nature of emotions through the imagery of a rollercoaster, which is known for its quick and dramatic changes. However, it lacks the depth and fluidity of continuous movement that the implicit meaning suggests. Response B, ""she was a stormy sea of emotions,"" uses the imagery of a stormy sea, which not only captures the intensity but also the unpredictability and continuous turmoil, aligning more closely with the implicit meaning. The stormy sea metaphor is more vivid and coherent in representing the overwhelming and ever-changing nature of emotions. [RESULT] B"
Keys unlock the doors to one's rights.,her belongings were her passport to a secure future.,B,"Feedback: Both metaphors attempt to convey a sense of restriction or limitation, but neither aligns closely with the implicit meaning that material belongings weigh people down and keep them fixed in place. Response A, ""Keys unlock the doors to one's rights,"" suggests liberation and access rather than restriction, which is the opposite of the intended meaning. Response B, ""her belongings were her passport to a secure future,"" implies that belongings provide security and mobility, which is more about enabling progress than weighing one down. However, Response B is closer to the implicit meaning as it at least touches on the idea of belongings being tied to one's future, even if it doesn't fully capture the restrictive aspect. The imagery in both is coherent but not vivid or imaginative enough to score higher. Response B is slightly more aligned with the implicit meaning compared to Response A. [RESULT] B"
