predicted_metaphor_A,predicted_metaphor_B,command-a-03-2025_score,command-a-03-2025_generation
cocktails dulled her senses.,her mind was a cocktail of confusion.,B,"Feedback: Both responses attempt to convey the implicit meaning of loss of self-control due to excessive drinking, but they differ in their approach and effectiveness. Response A, ""cocktails dulled her senses,"" directly links the consumption of cocktails to a physical effect, which is a straightforward but less imaginative way to express the idea. It captures the dulling effect but lacks the depth and complexity of the implicit meaning. Response B, ""her mind was a cocktail of confusion,"" uses a more creative and vivid metaphor by comparing the state of her mind to a cocktail, implying a mix of thoughts and emotions leading to confusion and loss of control. This metaphor is more aligned with the implicit meaning as it conveys the mental disarray caused by excessive drinking, making it a clearer and more imaginative representation. Response B also scores higher in coherence and vividness, effectively capturing the intended concept. [RESULT] B"
the scale ascends from base to peak.,she climbed a mountain.,B,"Feedback: Both metaphors aim to convey the idea of gradual, consistent increase or progress, but they differ in their approach and effectiveness. Response A, ""the scale ascends from base to peak,"" uses a more abstract and less vivid image, focusing on the concept of a scale moving upwards. While it captures the idea of progression, it lacks the dynamic and effort-driven imagery that the implicit meaning suggests. Response B, ""she climbed a mountain,"" directly embodies the gradual and consistent effort required to achieve progress, with a clear and vivid image of a person overcoming challenges to reach a higher point. This metaphor more closely aligns with the implicit meaning by emphasizing the active and continuous nature of the progress. Response B is more imaginative and coherent in conveying the intended concept. [RESULT] B"
curved lines blend smooth forms.,life is a symphony of curved lines and oval shapes.,B,"Feedback: Response A, ""curved lines blend smooth forms,"" captures the idea of harmony and fluidity but lacks the explicit connection to ovals and their symbolic meaning of balance and gentle flow. It is more abstract and less vivid in conveying the implicit meaning. Response B, ""life is a symphony of curved lines and oval shapes,"" directly incorporates ovals and uses the metaphor of a symphony to emphasize balance and flow, aligning more closely with the implicit meaning. It is more imaginative and coherent in representing the intended concept. [RESULT] B"
he was a delicate flower with a thin skin.,"he was a delicate flower, easily bruised by life.",B,"Feedback: Both metaphors effectively convey the implicit meaning of fragile and delicate emotions by comparing the individual to a delicate flower, which is a vivid and coherent image. However, Response B enhances the imagery by adding ""easily bruised by life,"" which more explicitly aligns with the fragility and sensitivity implied in the implicit meaning. This additional detail makes Response B more imaginative and precise in capturing the intended concept. Response A, while accurate, is slightly less vivid and original due to its more generic description of ""thin skin."" [RESULT] B"
the sunlight flowed through the window like a gentle breeze.,knowledge unfolded slowly.,A,"Feedback: Response A captures the implicit meaning more effectively by directly comparing sunlight to a gentle breeze, which conveys the smooth and graceful flow of light into a space. The imagery is vivid and coherent, aligning closely with the intended concept. Response B, while imaginative, does not directly relate to the flow of light and instead focuses on the gradual unfolding of knowledge, which is a different metaphorical concept. Response A’s imagery is more aligned with the implicit meaning and is more vivid in depicting the smooth, graceful flow. [RESULT] A"
brought their dream to life,they built it and it worked.,A,"Feedback: Both responses aim to convey the achievement of a goal or dream, but they differ in their approach and effectiveness. Response A, ""brought their dream to life,"" uses a vivid and imaginative metaphor that directly aligns with the implicit meaning by emphasizing the transformation of a dream into reality, creating a clear and emotional connection. Response B, ""they built it and it worked,"" while accurate, is more literal and lacks the imaginative and emotional depth of Response A. It conveys the idea of success but does not capture the essence of a dream being realized as vividly. Therefore, Response A is more imaginative, coherent, and closely aligned with the implicit meaning. [RESULT] A"
ideas need nurturing and supportive conditions to grow into fruit.,a seed that needs the right conditions to grow into a fruitful idea.,A,"Feedback: Both metaphors effectively convey the implicit meaning that ideas require nurturing and the right environment to develop. However, Response A directly aligns with the implicit meaning by explicitly stating that ""ideas need nurturing and supportive conditions to grow into fruit,"" which is a clear and vivid representation of the concept. Response B, while closely related, reverses the metaphor by focusing on ""a seed that needs the right conditions to grow into a fruitful idea,"" which is slightly less direct in conveying the primary subject (ideas) as the entity needing nurturing. Response A’s imagery is more coherent and directly mirrors the implicit meaning, making it the clearer and more accurate representation. [RESULT] A"
a wealthy man with a large stake in his assets.,a ship with a full cargo hold.,B,"Feedback: Both metaphors aim to convey the idea of controlling or possessing large amounts of wealth or resources. Response A directly mentions ""wealthy man"" and ""large stake in his assets,"" which clearly aligns with the implicit meaning but lacks imaginative imagery, earning a score of 3. Response B uses the metaphor of ""a ship with a full cargo hold,"" which is more vivid and imaginative, effectively conveying the concept of possessing large resources without directly mentioning wealth. It aligns closely with the implicit meaning and provides a coherent and engaging image, earning a score of 4. [RESULT] B"
the new theory is a child of classical mechanics.,the new theory is the next stage of classical mechanics.,B,"Feedback: Both metaphors aim to convey the relationship between the new theory and classical mechanics, but they differ in their imagery and alignment with the implicit meaning. Response A, ""the new theory is a child of classical mechanics,"" uses a familial metaphor that suggests a direct, intimate connection and a sense of lineage, which aligns well with the idea of evolution and close relation. However, it may imply a degree of dependence or immaturity that is not necessarily part of the implicit meaning. Response B, ""the new theory is the next stage of classical mechanics,"" employs a developmental metaphor that clearly conveys progression and continuity, directly reflecting the concept of evolution. It is more precise in capturing the intended meaning without introducing extraneous implications. While both are coherent, Response B is more accurate and vivid in representing the implicit meaning. [RESULT] B"
time is a thief.,time slips away like grains of sand.,B,"Feedback: Both metaphors attempt to convey the implicit meaning of time's value and finiteness, but they differ in their approach and effectiveness. Response A, ""time is a thief,"" directly personifies time as a malicious entity, emphasizing its ability to steal, which aligns with the idea of time being valuable and finite. However, it lacks the gradual, subtle imagery of depletion. Response B, ""time slips away like grains of sand,"" uses a more vivid and coherent image, capturing the gradual and inevitable loss of time, closely mirroring the implicit meaning. While both metaphors are clear, Response B provides a more imaginative and precise representation of the concept, making it the better choice. [RESULT] B"
supervisor delegated management duties to team leads like a coach delegates to team captains.,she handed over the reins to her trusted lieutenants.,B,"Feedback: Both metaphors convey the transfer of duties, but they differ in their approach and vividness. Response A uses a sports analogy, comparing the delegation of management duties to a coach delegating tasks to team captains, which is clear and coherent but somewhat generic. Response B employs a more imaginative and vivid metaphor, likening the transfer of duties to ""handing over the reins to trusted lieutenants,"" which evokes a stronger sense of responsibility and trust. While both align with the implicit meaning, Response B stands out for its more creative and evocative imagery, better capturing the essence of the transfer of burden. [RESULT] B"
marathon with necessary resources,she's building a foundation for a long-term journey.,B,"Feedback: Both metaphors aim to convey the idea of preparing for a challenging future, but they differ in their approach and effectiveness. Response A, ""marathon with necessary resources,"" captures the endurance and preparation aspects of the implicit meaning, but it lacks the depth and vividness needed to fully convey the long-term nature of the journey. The imagery is somewhat generic and doesn't fully explore the foundational or gradual building aspect of preparation. Response B, ""she's building a foundation for a long-term journey,"" more accurately and vividly represents the implicit meaning by emphasizing the systematic and foundational preparation required for a sustained endeavor. It provides a clearer and more imaginative representation of the concept, aligning closely with the intended meaning and tone. [RESULT] B"
their actions fueled the economic improvement.,they were the spark that ignited economic growth.,B,"Feedback: Both responses attempt to convey the implicit meaning of the economy as a physical entity, but they differ in their approach and effectiveness. Response A uses the metaphor of ""fueling"" economic improvement, which aligns with the idea of steering or directing the economy, but it lacks vivid imagery and feels somewhat generic. Response B, on the other hand, employs the metaphor of being the ""spark that ignited economic growth,"" which is more imaginative and vivid. It captures the concept of initiating and driving economic change more dynamically, aligning closely with the implicit meaning. While both responses reflect the intended concept, Response B does so with greater clarity, originality, and coherence. [RESULT] B"
being drunk is like being in a fog.,he was a stumbling drunkard on his feet.,B,"Feedback: Response A (""being drunk is like being in a fog"") captures the implicit meaning of difficulty and burden in movement indirectly by emphasizing disorientation and lack of clarity, but it lacks direct connection to physical movement. Response B (""he was a stumbling drunkard on his feet"") directly and vividly portrays the physical difficulty and clumsiness associated with being drunk, aligning more closely with the implicit meaning. While both metaphors are coherent, Response B is more precise and imaginative in depicting the intended concept of burdensome movement. [RESULT] B"
she juggled her time effectively.,she juggled her life.,A,"Feedback: Both responses attempt to convey the concept of managing multiple aspects of life, but neither fully captures the implicit meaning of time management as a financial investment strategy. Response A, ""she juggled her time effectively,"" focuses on time management but lacks the financial investment analogy. Response B, ""she juggled her life,"" is broader and less specific, failing to connect to the financial strategy aspect. Neither metaphor uses vivid or imaginative imagery to align with the implicit meaning. Response A is slightly closer to the intended concept by mentioning ""time,"" which is a component of the financial investment analogy, but it still falls short in creativity and coherence. [RESULT] A"
her anger was a boiling point.,her anger was a thunderstorm in the room.,B,"Feedback: Both metaphors attempt to convey intense anger, but they differ in their imagery and alignment with the implicit meaning. Response A, ""her anger was a boiling point,"" captures the intensity but focuses on a singular, contained moment, lacking the outward spread and scorching intensity implied. Response B, ""her anger was a thunderstorm in the room,"" more vividly portrays the anger as a powerful, spreading force with its imagery of a storm, which aligns closely with the implicit meaning of intense anger spreading outward with scorching intensity. While both are coherent, Response B is more imaginative and accurately reflects the intended concept. [RESULT] B"
"like a map, they navigated difficult changes successfully.",a roadmap through life's challenges.,B,"Feedback: Both metaphors aim to convey the idea of overcoming difficulties leading to positive change, but they differ in their approach and effectiveness. Response A, ""like a map, they navigated difficult changes successfully,"" directly links the concept of navigation with overcoming challenges, which aligns well with the implicit meaning. However, the imagery is somewhat generic and lacks the vividness needed to fully capture the transformative aspect of positive change. Response B, ""a roadmap through life's challenges,"" is more concise and vivid, emphasizing the structured and purposeful nature of navigating difficulties, which better aligns with the implicit meaning. It also conveys a stronger sense of direction and intentionality, making it a clearer and more imaginative representation. While both responses are coherent, Response B excels in vividness and alignment with the intended concept. [RESULT] B"
weighing the options and committing to a course of action.,navigated through the maze of choices.,B,"Feedback: Response A (""weighing the options and committing to a course of action"") and Response B (""navigated through the maze of choices"") both attempt to convey decision-making but diverge in their alignment with the implicit meaning of making final decisions about relationships being like making purchases at a store. Response A focuses on the process of evaluating and committing, which loosely reflects the idea of deliberate choice but lacks the transactional and finality aspect of a purchase. Response B, with its ""maze of choices,"" introduces complexity and navigation, which is more vivid and imaginative but still misses the direct analogy to the act of purchasing. Neither fully captures the implicit meaning, but Response B’s imagery is more coherent and engaging, even if it doesn’t align perfectly. [RESULT] B"
their encouragement lifted her stress and worry like a weight off her shoulders.,a calm sea after a storm was her calm mind.,A,"Feedback: Both metaphors aim to convey emotional comfort and healing, but they differ in their approach and effectiveness. Response A uses a physical sensation (""weight off her shoulders"") to describe the relief from stress and worry, which directly aligns with the implicit meaning and provides a clear, relatable image. Response B, while vivid, focuses on a calm sea after a storm to represent a calm mind, which is more abstract and less directly tied to the emotional healing aspect. Response A's imagery is more coherent and directly connected to the intended concept, making it a clearer and more accurate representation. [RESULT] A"
companies raced to the finish line.,they sprinted to the finish line of innovation.,B,"Feedback: Both responses capture the implicit meaning of intense competition and rapid advancement, but they differ in specificity and vividness. Response A uses a general metaphor of ""companies raced to the finish line,"" which aligns with competition but lacks the explicit connection to innovation. Response B enhances this by specifying ""they sprinted to the finish line of innovation,"" directly linking the competition to the concept of rapid advancement in innovation, making it more vivid and coherent. While both are effective, Response B better meets the criteria by providing a clearer and more imaginative representation of the original idea. [RESULT] B"
the present moment is the heart of our existence.,"life is a fleeting moment, a breath in time.",B,"Feedback: Response A emphasizes the centrality and importance of the present moment, likening it to the heart, which suggests vitality and essentiality. However, it does not strongly convey the idea of stability and grounding, as the heart is often associated with dynamism rather than stillness. Response B, on the other hand, highlights the fleeting nature of life, comparing it to a breath in time, which indirectly suggests the need for stability and grounding in the face of transience. While both metaphors are coherent and imaginative, Response B more closely aligns with the implicit meaning of stability and grounding by contrasting the ephemeral nature of life with the need for a steady foundation. Response A, while vivid, does not capture this aspect as effectively. [RESULT] B"
alcohol is like a coma-inducing substance.,the alcohol was a heavy blanket on his brain.,B,"Feedback: Both metaphors aim to convey the extreme drowsiness caused by alcohol, but they differ in their approach and effectiveness. Response A compares alcohol to a ""coma-inducing substance,"" which directly links alcohol to a state of unconsciousness, aligning closely with the implicit meaning. However, the imagery is somewhat clinical and lacks vividness, making it less imaginative. Response B, on the other hand, uses the metaphor of a ""heavy blanket on his brain,"" which creates a more vivid and relatable image of the mental sluggishness caused by alcohol. This metaphor not only captures the drowsiness but also adds a layer of sensory detail, making it more coherent and imaginative. While both responses reflect the intended meaning, Response B does so with greater clarity and creativity. [RESULT] B"
personal belongings are bridges to property acquisition and development.,personal belongings are treasure chests for growth.,B,"Feedback: Both metaphors attempt to link personal belongings to opportunities and growth, but they differ in their approach and effectiveness. Response A uses the imagery of ""bridges,"" which implies a connection or pathway to property acquisition and development, somewhat aligning with the idea of enabling access. However, it feels more literal and less imaginative, focusing on a functional aspect rather than the broader concept of social status and opportunities. Response B, on the other hand, employs ""treasure chests,"" which vividly conveys the idea of personal belongings being a source of wealth and potential for growth, aligning more closely with the implicit meaning. The imagery in Response B is more evocative and imaginative, capturing the essence of material possessions as a means to unlock opportunities. While both responses have their merits, Response B is more successful in conveying the intended concept with clarity and creativity. [RESULT] B"
she climbed out of her circumstances.,she sculpted her life into a masterpiece.,B,"Feedback: Both metaphors aim to convey the idea of progress through effort and determination, but they differ in their approach and vividness. Response A, ""she climbed out of her circumstances,"" effectively captures the struggle and upward movement associated with overcoming challenges, aligning well with the implicit meaning. However, the imagery is somewhat generic and lacks the depth of creativity. Response B, ""she sculpted her life into a masterpiece,"" offers a more imaginative and vivid depiction, emphasizing deliberate effort and transformation, which closely aligns with the concept of progress through determination. While both are coherent, Response B stands out for its originality and richer imagery. [RESULT] B"
she felt the pain of her lack.,her life was a puzzle with missing pieces.,B,"Feedback: Response A (""she felt the pain of her lack"") captures the personal aspect of trauma or deficiency but fails to convey how these elements harm others, focusing instead on the individual's experience. Response B (""her life was a puzzle with missing pieces"") better aligns with the implicit meaning by suggesting a broader impact, as missing pieces in a puzzle can disrupt the whole, implying harm to others. However, neither metaphor fully captures the idea of traumas or deficiencies becoming weapons. Response B is more imaginative and coherent in imagery, though it still falls short of the intended concept. [RESULT] B"
their control expanded like a wildfire.,she was a rock on solid ground.,A,"Feedback: Response A (""their control expanded like a wildfire"") captures the rapid and uncontrollable nature of a rise to power, aligning closely with the implicit meaning of a rapid rise to power and success. The imagery of a wildfire is vivid and conveys the idea of swift, overwhelming expansion, earning a score of 5. Response B (""she was a rock on solid ground"") focuses on stability and steadfastness, which does not align with the implicit meaning of rapid rise but rather suggests enduring strength. While the imagery is clear, it fails to convey the intended concept of quick success, earning a score of 2. [RESULT] A"
she saw the whole picture.,she was a captain of her own ship.,A,"Feedback: Response A (""she saw the whole picture"") aligns more closely with the implicit meaning of taking in everything visually with care and attention, as it directly emphasizes the act of seeing and comprehending the entirety of a scene. The imagery is clear and coherent, though somewhat generic. Response B (""she was a captain of her own ship"") introduces a metaphor of control and leadership, which diverges from the visual and attentive aspect of the implicit meaning, making it less aligned. While Response B is imaginative, it fails to capture the core idea of visual absorption. Response A, despite its simplicity, better reflects the intended concept. [RESULT] A"
decision points are open doors to growth.,life's crossroads are stepping stones to new adventures.,B,"Feedback: Both metaphors effectively convey the implicit meaning that life choices lead to opportunities and possibilities. However, Response B (""life's crossroads are stepping stones to new adventures"") uses more vivid and imaginative imagery, creating a clearer and more engaging representation of the concept. The phrase ""stepping stones to new adventures"" not only aligns closely with the implicit meaning but also evokes a sense of progression and exploration, making it more coherent and impactful. In contrast, Response A (""decision points are open doors to growth"") is somewhat generic and less imaginative, though it still captures the core idea. Response B excels in both creativity and clarity, making it the superior choice. [RESULT] B"
the light from street lamps creates a circular canopy on the ground.,the street lamps painted the ground with circles of light.,B,"Feedback: Both metaphors attempt to capture the implicit meaning of light spreading and collecting like liquid on the ground, but they differ in their approach and effectiveness. Response A describes the light creating a ""circular canopy,"" which somewhat aligns with the idea of light spreading but lacks the fluidity and dynamic nature implied by the liquid metaphor. It is coherent but less vivid and imaginative. Response B, on the other hand, uses the verb ""painted"" to convey the idea of light spreading like liquid, which more closely aligns with the implicit meaning. The imagery of ""circles of light"" being ""painted"" is more vivid and dynamic, effectively capturing the fluid and artistic spread of light. While both responses are coherent, Response B is more imaginative and aligns better with the intended concept. [RESULT] B"
maintaining good habits is like a well-tended garden.,building a house.,A,"Feedback: Response A, ""maintaining good habits is like a well-tended garden,"" aligns closely with the implicit meaning by emphasizing the cumulative effort and care required over time, much like nurturing a garden leads to its flourishing. The imagery is vivid and coherent, effectively conveying the idea that consistent attention to habits results in long-term success. In contrast, Response B, ""building a house,"" lacks the temporal and accumulative aspect of the implicit meaning. While building a house implies effort and structure, it does not inherently capture the gradual, ongoing process of habit formation and its impact on future success. Response A is more imaginative, accurate, and aligned with the intended concept. [RESULT] A"
laughter sparks joy.,her laughter was a contagious spark of joy.,B,"Feedback: Both responses aim to capture the implicit meaning of happiness spreading rapidly, but they differ in their effectiveness. Response A, ""laughter sparks joy,"" conveys a direct connection between laughter and joy but lacks the element of rapid spread or contagion, which is central to the implicit meaning. It is simple and coherent but does not fully capture the dynamic nature of the concept. Response B, ""her laughter was a contagious spark of joy,"" more accurately reflects the implicit meaning by explicitly mentioning the contagious nature of laughter, which aligns with the idea of happiness spreading rapidly from person to person. The imagery in Response B is also more vivid and imaginative, enhancing the metaphor's impact. While both responses are coherent, Response B better meets the criteria of clarity, accuracy, and imagination in representing the original idea. [RESULT] B"
"existence is a canvas of space, time, and matter.",she is a building in the world of existence.,A,"Feedback: Response A uses a canvas as a metaphor for existence, emphasizing the vastness and interconnectedness of space, time, and matter, which aligns well with the implicit meaning of existence manifesting throughout the universe. The imagery is vivid and coherent, capturing the expansive and all-encompassing nature of existence. Response B, however, compares a person to a building within the world of existence, which is less directly related to the implicit meaning. While it introduces a structural element, it does not effectively convey the universal and pervasive nature of existence. Response A is more imaginative and accurately reflects the intended concept. [RESULT] A"
saves energy for emergencies,she is a miser with her energy.,B,"Feedback: Both responses aim to convey the idea of carefully managing limited energy resources, but they differ in their approach and effectiveness. Response A, ""saves energy for emergencies,"" directly addresses the concept of conservation and preparedness, aligning well with the implicit meaning. However, it lacks vivid imagery and is somewhat generic, earning a score of 3. Response B, ""she is a miser with her energy,"" introduces a more imaginative and vivid metaphor by comparing energy management to the behavior of a miser, who is known for extreme frugality. This metaphor not only captures the idea of careful management but also adds a layer of vividness and originality, closely aligning with the implicit meaning and earning a score of 4. [RESULT] B"
a quilt that is sewn together stitch by stitch.,she was a puzzle slowly falling into place.,B,"Feedback: Both metaphors attempt to convey the idea of gradual creation, but they differ in their approach and effectiveness. Response A, ""a quilt that is sewn together stitch by stitch,"" emphasizes the meticulous, step-by-step nature of creation, aligning well with the gradual process aspect of the implicit meaning. However, it lacks the dynamic imagery of transformation, focusing more on accumulation than movement. Response B, ""she was a puzzle slowly falling into place,"" captures both the gradual process and the transformative aspect more vividly, as a puzzle implies a shift from disorder to order, mirroring the concept of creation as movement and transformation. While both metaphors are coherent, Response B is more imaginative and aligns more closely with the implicit meaning by incorporating both gradual progression and transformation. [RESULT] B"
people trade in character traits,people exchange personalities like trading cards in a social game.,B,"Feedback: Response B is more vivid and imaginative, effectively conveying the idea of personal traits as precious, exchangeable items through the analogy of trading cards in a social game. It aligns closely with the implicit meaning by emphasizing the value and transactional nature of traits. Response A, while capturing the concept of exchanging character traits, lacks the specificity and imagery that make Response B more engaging and accurate. The trading cards metaphor in Response B adds a layer of coherence and clarity, making it a stronger representation of the original idea. [RESULT] B"
took charge,she became the master of her own destiny.,B,"Feedback: Response A (""took charge"") directly implies assuming control or leadership, which aligns with the implicit meaning of rising to a higher status or authority level, but it lacks vivid imagery and depth. Response B (""she became the master of her own destiny"") not only conveys the idea of gaining authority but also adds a layer of vivid, imaginative imagery, emphasizing personal empowerment and autonomy, which closely aligns with the implicit meaning. While both responses capture the core idea, Response B does so with greater clarity, creativity, and coherence. [RESULT] B"
rest your brain like a garden.,the brain is a computer that needs to reboot.,B,"Feedback: Both metaphors aim to convey the need for mental rest, but they differ significantly in their approach and effectiveness. Response A, ""rest your brain like a garden,"" uses a nature-based analogy, suggesting that the brain, like a garden, requires care and downtime to flourish. However, this metaphor is less direct in aligning with the implicit meaning, as it doesn't explicitly tie to the concept of ""rebooting"" or the mechanical aspect of a computer. The imagery is vivid but somewhat generic and doesn't capture the specific idea of a reset. Response B, ""the brain is a computer that needs to reboot,"" directly mirrors the implicit meaning by comparing the brain to a computer and rest to rebooting. This metaphor is clear, coherent, and aligns closely with the intended concept, effectively conveying the need for a reset to function properly. While Response B lacks the imaginative flair of Response A, it excels in precision and relevance to the implicit meaning. [RESULT] B"
building blocks of knowledge,building blocks of knowledge stack to form a towering edifice.,B,"Feedback: Both responses use the metaphor of ""building blocks of knowledge,"" which aligns with the collaborative aspect of the implicit meaning. However, Response B enhances the imagery by adding ""stack to form a towering edifice,"" creating a more vivid and coherent picture of cumulative progress, akin to assembling a puzzle. Response A, while accurate, lacks the additional layer of imagery that Response B provides, making it less imaginative and impactful. Response B more closely captures the implicit meaning by emphasizing the collaborative and structured nature of scientific knowledge. [RESULT] B"
"her hopes were like a shattered mirror, reflecting the tragedy of circumstances.",her hopes were broken beyond repair.,A,"Feedback: Response A uses a vivid and imaginative metaphor of a ""shattered mirror"" to reflect the decline from optimism to deep sadness, effectively capturing the implicit meaning through its imagery of broken reflections symbolizing tragedy. Response B, while concise, lacks the same level of imagery and depth, merely stating that hopes are ""broken beyond repair"" without conveying the same vivid transition or emotional resonance. Response A aligns more closely with the implicit meaning and employs more coherent and evocative imagery. [RESULT] A"
their attraction was electric.,their sexual attraction was a raging wildfire.,B,"Feedback: Both metaphors attempt to convey intensity, but they differ in their alignment with the implicit meaning of extreme tension or conflict. Response A, ""their attraction was electric,"" captures intensity but leans more toward a positive, magnetic pull rather than tension or conflict, making it less aligned with the intended meaning. Response B, ""their sexual attraction was a raging wildfire,"" vividly portrays uncontrollable and destructive intensity, which more closely mirrors the extreme tension or conflict implied. While both use vivid imagery, Response B’s metaphor of a wildfire better conveys the destructive and uncontrollable nature of the tension, making it a clearer and more accurate representation. [RESULT] B"
"his harsh criticism was a dagger, piercing her confidence and determination.",her determination was a flame that burned brighter with each challenge.,A,"Feedback: Response A directly addresses the implicit meaning by portraying harsh criticism as a dagger, which vividly conveys the destructive impact on the individual's confidence and determination. The imagery is clear and aligns closely with the idea of harmful words causing gradual destruction. In contrast, Response B focuses on determination as a flame that grows stronger, which does not capture the destructive aspect of the implicit meaning but instead emphasizes resilience. While Response B is imaginative and coherent, it fails to align with the intended concept of harmful words eroding determination. Response A, therefore, better meets the criteria by accurately and vividly representing the implicit meaning. [RESULT] A"
the economic downturn was a flood of debt.,the economy was a sinking ship in a stormy sea.,B,"Feedback: Both metaphors aim to convey the overwhelming and destructive force of financial problems, but they differ in their imagery and alignment with the implicit meaning. Response A, ""the economic downturn was a flood of debt,"" captures the idea of being overwhelmed by financial issues through the image of a flood, which is vivid and conveys a sense of uncontrollable inundation. However, it focuses specifically on debt, which is only one aspect of financial problems, and may not fully encompass the broader destructive force implied. Response B, ""the economy was a sinking ship in a stormy sea,"" uses the imagery of a sinking ship, which is highly vivid and coherent, symbolizing a dire and multifaceted crisis. It more comprehensively aligns with the implicit meaning by suggesting a broader, more encompassing sense of destruction and urgency. While both metaphors are effective, Response B is more imaginative and accurately captures the full scope of the overwhelming and destructive force of financial problems. [RESULT] B"
light reflected and dispersed downward through the chandelier's crystals.,the chandelier's crystals danced with light's gentle caress.,B,"Feedback: Both responses attempt to capture the fluidity and movement of light, but they differ in their approach and effectiveness. Response A focuses on the mechanical process of light reflection and dispersion, which, while accurate, lacks the imaginative and vivid imagery needed to convey the implicit meaning of light flowing like water. It feels more descriptive than metaphorical. Response B, on the other hand, uses the phrase ""danced with light's gentle caress,"" which introduces a sense of movement and fluidity akin to water, aligning more closely with the implicit meaning. The imagery in Response B is more vivid and imaginative, capturing the intended concept more effectively. [RESULT] B"
,a jumbled puzzle of time and tasks.,B,"Feedback: Response B, ""a jumbled puzzle of time and tasks,"" effectively captures the implicit meaning of being chaotic and out of control by using vivid imagery that aligns well with the intended concept. The metaphor conveys the idea of disorganization and overwhelming complexity, which resonates with the chaotic nature described. However, it lacks the originality and depth that could elevate it to a highly imaginative representation. Response A, being ""nan,"" does not provide any meaningful content to evaluate, making it impossible to assess its alignment with the implicit meaning or its imagery. Therefore, Response B is the only viable option for comparison. [RESULT] B"
"a precious gift, a treasure to keep forever.","our relationship is a treasured, priceless work of art.",B,"Feedback: Both responses aim to convey the implicit meaning of a precious and irreplaceable person, but they differ in their approach and effectiveness. Response A uses the metaphor of ""a precious gift, a treasure to keep forever,"" which directly emphasizes the value and permanence of the person, aligning well with the implicit meaning. However, the imagery is somewhat generic and lacks the depth to fully capture the uniqueness and irreplaceability of the individual. Response B, on the other hand, compares the relationship to ""a treasured, priceless work of art,"" which introduces a more vivid and imaginative element by highlighting the uniqueness and artistry inherent in the relationship. This metaphor not only conveys the preciousness but also adds a layer of complexity and individuality, making it a more coherent and imaginative representation of the implicit meaning. While both responses are effective, Response B excels in vividness and originality, better capturing the intended concept. [RESULT] B"
the maestro composed a new world.,he wrote the symphony of silence.,B,"Feedback: Both metaphors attempt to capture the concept of creation from nothingness, but they differ in their approach and effectiveness. Response A, ""the maestro composed a new world,"" aligns well with the implicit meaning by suggesting the creation of something grand and new, akin to a maestro crafting a masterpiece. However, it lacks the vivid imagery of emerging from nothingness, as it implies a pre-existing framework (the maestro's skill). Response B, ""he wrote the symphony of silence,"" more directly conveys the idea of creation from nothingness, as silence inherently represents absence, and writing a symphony from it is a powerful image of bringing something into existence. While both are imaginative, Response B is more vivid and coherent in capturing the essence of creation from nothingness. [RESULT] B"
sexual tension like a pressure cooker.,their sexual tension was a ticking time bomb.,B,"Feedback: Both metaphors effectively convey the implicit meaning of a sudden, uncontrollable emotional outburst, but they differ in their imagery and alignment with the intended concept. Response A, ""sexual tension like a pressure cooker,"" captures the idea of building pressure that could lead to an outburst, aligning well with the implicit meaning. However, the imagery of a pressure cooker is slightly less vivid and original compared to Response B. Response B, ""their sexual tension was a ticking time bomb,"" uses a more vivid and universally recognized image of a ticking time bomb, which directly implies an imminent, uncontrollable explosion, closely mirroring the implicit meaning. While both are strong, Response B’s imagery is more imaginative and coherent in conveying the sudden and uncontrollable nature of the emotional outburst. [RESULT] B"
juggling multiple balls while conducting an orchestra,she is a symphony of talents.,A,"Feedback: Both metaphors aim to convey the idea of managing multiple skills harmoniously, but they differ in their approach and effectiveness. Response A, ""juggling multiple balls while conducting an orchestra,"" vividly portrays the challenge and coordination required to handle diverse tasks simultaneously, aligning closely with the implicit meaning. The imagery is dynamic and coherent, capturing both the complexity and the need for balance. Response B, ""she is a symphony of talents,"" while elegant and concise, focuses more on the outcome (a harmonious blend of talents) rather than the process of coordination. It is less vivid in depicting the active management of multiple skills compared to Response A. Therefore, Response A better captures the implicit meaning with more imaginative and detailed imagery. [RESULT] A"
weighing the proposal like a scale.,she's a puzzle i'm carefully piecing together.,A,"Feedback: Response A, ""weighing the proposal like a scale,"" directly captures the idea of a difficult decision-making process by invoking the imagery of balancing options, which aligns with the mental burden of making a choice. However, it lacks vividness and originality, as the scale metaphor is quite common and doesn't deeply explore the emotional or cognitive strain. Response B, ""she's a puzzle I'm carefully piecing together,"" introduces a more imaginative and vivid imagery, suggesting complexity and effort, but it shifts the focus from the decision-making process to understanding a person, which only partially aligns with the implicit meaning. While Response B is more creative, it diverges slightly from the intended concept of mental burden in decision-making. Response A, despite its lack of originality, more directly addresses the core idea. [RESULT] A"
rain nourishes a garden.,investment was a seed for growing multiple startups.,B,"Feedback: Both metaphors aim to convey the idea of nurturing growth, but they differ in their alignment with the implicit meaning of money flowing into and nurturing business growth. Response A, ""rain nourishes a garden,"" captures the concept of nurturing but lacks the specific connection to money or business, making it a more generic representation. Response B, ""investment was a seed for growing multiple startups,"" directly links the idea of investment (money) to the growth of businesses (startups), providing a clearer and more specific alignment with the implicit meaning. While both metaphors use natural imagery, Response B is more imaginative and coherent in its application to the business context. [RESULT] B"
"she's in a war zone of harmful communication, causing damage.",she's a traveler in a jungle of hurtful conversations.,B,"Feedback: Both metaphors attempt to convey the implicit meaning of harmful and toxic verbal abuse, but they differ in their approach and effectiveness. Response A uses the imagery of a ""war zone,"" which strongly aligns with the concept of damage and conflict, directly reflecting the harmful nature of the communication. However, it lacks the vividness and imaginative depth needed to fully capture the emotional and psychological aspects of verbal abuse. Response B, on the other hand, employs the metaphor of a ""jungle of hurtful conversations,"" which is more imaginative and vivid, evoking a sense of navigating through a complex and dangerous environment. This imagery better captures the ongoing struggle and emotional toll of toxic verbal abuse. While both metaphors align with the implicit meaning, Response B is more effective in conveying the intended concept with clearer and more imaginative imagery. [RESULT] B"
his speech made me gag.,his words were a toxic poison to the soul.,B,"Feedback: Both metaphors aim to convey the unpleasant and sickening nature of the words, but they differ in their approach and vividness. Response A, ""his speech made me gag,"" directly links the speech to a physical reaction of disgust, which aligns with the implicit meaning but lacks imaginative depth. Response B, ""his words were a toxic poison to the soul,"" uses more vivid and imaginative imagery by comparing the words to poison, which not only conveys the unpleasantness but also adds a layer of emotional and spiritual harm, closely aligning with the implicit meaning and enhancing its impact. Response B is more imaginative and coherent in capturing the intended concept. [RESULT] B"
the goal of winning is the catalyst that sparks all participants' determination.,the goal is a magnet for their best efforts.,B,"Feedback: Both responses aim to convey the implicit meaning that the goal attracts and motivates people, but they differ in their approach and effectiveness. Response A uses the metaphor of a ""catalyst"" to describe the goal, which implies a triggering effect but lacks the direct imagery of attraction present in the implicit meaning. Response B, on the other hand, employs the metaphor of a ""magnet,"" which more vividly and directly captures the idea of attraction and pulling force, aligning closely with the intended concept. While both metaphors are coherent, Response B's imagery is more imaginative and accurate in reflecting the implicit meaning. [RESULT] B"
"she was mentally exhausted, like a drained battery.",she was a drained battery that needed to recharge.,A,"Feedback: Both responses effectively convey the implicit meaning of mental exhaustion and lack of energy by using the metaphor of a drained battery. However, Response A (""she was mentally exhausted, like a drained battery"") more directly aligns with the implicit meaning by explicitly stating ""mentally exhausted,"" which clarifies the connection to the intended concept. Response B (""she was a drained battery that needed to recharge"") adds the idea of needing to recharge, which, while vivid, slightly shifts the focus from the immediate state of exhaustion to the solution, making it less directly aligned with the implicit meaning. Response A’s imagery is straightforward and coherent, while Response B introduces an additional layer that, although imaginative, is not as tightly focused on the core idea. [RESULT] A"
time carves out masterpieces.,a river of change quietly and dramatically shapes everything.,B,"Feedback: Both metaphors attempt to capture the idea of time's transformative power, but they differ in their approach and effectiveness. Response A, ""time carves out masterpieces,"" aligns with the implicit meaning by suggesting that time creates something valuable and profound, but it lacks the element of quietness or subtlety mentioned in the implicit meaning. The imagery is vivid and coherent, but it doesn't fully convey the ""without making noise"" aspect. Response B, ""a river of change quietly and dramatically shapes everything,"" more closely aligns with the implicit meaning by incorporating the idea of quiet, gradual change (like a river flowing) that still has a dramatic impact. The imagery is vivid, coherent, and imaginative, effectively capturing both the subtlety and the profoundness of change over time. While both responses are strong, Response B better meets the criteria by more accurately and imaginatively representing the original idea. [RESULT] B"
literature is a treasure trove.,a rich tapestry of diverse perspectives and meanings.,B,"Feedback: Both metaphors aim to capture the nurturing and generative nature of literature, but they differ in their approach and effectiveness. Response A, ""literature is a treasure trove,"" uses a common metaphor that emphasizes the value and abundance of literature but lacks specificity in conveying the idea of nurturing creative thoughts. It aligns with the implicit meaning in terms of abundance but falls short in vividness and coherence regarding the generative aspect. Response B, ""a rich tapestry of diverse perspectives and meanings,"" more effectively captures the implicit meaning by emphasizing diversity, complexity, and the interwoven nature of ideas, which aligns closely with the concept of nurturing and producing creative thoughts. The imagery in Response B is more vivid and coherent, making it a clearer and more imaginative representation of the original idea. [RESULT] B"
every additional responsibility is a new project.,life is a juggling act that demands constant attention.,B,"Feedback: Response A, ""every additional responsibility is a new project,"" focuses on the accumulation of tasks but does not directly address the burden of material possessions, missing the core implicit meaning. Response B, ""life is a juggling act that demands constant attention,"" metaphorically captures the idea of managing multiple burdens, aligning more closely with the concept of material possessions weighing one down. While neither metaphor perfectly matches the implicit meaning, Response B uses more vivid and coherent imagery that resonates with the idea of accumulating burdens. [RESULT] B"
humor is a comedian's strength during challenge.,she was a shield against life's storms.,B,"Feedback: Response A, ""humor is a comedian's strength during challenge,"" partially captures the implicit meaning by suggesting that humor is a source of resilience in difficult times, but it narrowly focuses on the comedian's perspective and lacks the emotional healing aspect central to the implicit meaning. The imagery is somewhat coherent but not particularly vivid or imaginative. Response B, ""she was a shield against life's storms,"" more effectively conveys the implicit meaning by portraying protection and emotional healing during adversity, with vivid and coherent imagery that aligns closely with the idea of laughter as a healing force. While neither metaphor perfectly matches the implicit meaning, Response B is more imaginative and aligns better with the intended concept. [RESULT] B"
a completed puzzle,a masterpiece of creativity and hard work.,A,"Feedback: Both metaphors aim to convey the idea of successful completion, but they differ in their approach and effectiveness. Response A, ""a completed puzzle,"" directly aligns with the implicit meaning of ""successfully completed"" by using a clear and familiar image of a puzzle coming together, which is vivid and coherent. It effectively captures the sense of achievement and finality. Response B, ""a masterpiece of creativity and hard work,"" while imaginative and positive, focuses more on the process and effort rather than the final state of completion. It is less directly aligned with the implicit meaning and introduces additional elements (creativity, hard work) that are not central to the idea of landing safely or completing something. Response A is more precise and vivid in conveying the intended concept. [RESULT] A"
she embraced her authority.,she held her ground firmly and unyielding.,B,"Feedback: Both responses aim to convey the implicit meaning of eagerly and completely accepting or seizing control and authority. Response A, ""she embraced her authority,"" directly aligns with the idea of accepting authority but lacks vivid imagery and does not fully capture the eagerness or completeness of the action. Response B, ""she held her ground firmly and unyielding,"" introduces a stronger sense of determination and steadfastness, which partially reflects the implicit meaning but shifts the focus more toward resistance rather than seizing authority. Neither fully captures the imaginative and vivid imagery required, but Response B introduces a more dynamic and coherent image, albeit with a slight misalignment in meaning. [RESULT] B"
she pushed through exhaustion to reach a better place.,she's running on fumes.,B,"Feedback: Both responses attempt to convey the idea of operating with minimal energy, but they differ in their approach and effectiveness. Response A, ""she pushed through exhaustion to reach a better place,"" captures the struggle and effort involved but focuses more on the goal rather than the current state of depletion, thus partially aligning with the implicit meaning. Response B, ""she's running on fumes,"" directly and vividly conveys the idea of operating with minimal resources, using a clear and commonly understood metaphor that closely matches the implicit meaning. While both are coherent, Response B is more imaginative and accurate in depicting the state of exhaustion and minimal energy. [RESULT] B"
she pivoted her career after the promotion.,her career took a sharp turn for the better.,B,"Feedback: Both responses attempt to convey a sudden change in career direction, but they differ in their approach and vividness. Response A uses the phrase ""pivoted her career,"" which implies a deliberate and controlled change, whereas the implicit meaning suggests a more abrupt and dramatic shift. Response B, with ""her career took a sharp turn for the better,"" more accurately captures the sudden and significant nature of the change, aligning closely with the implicit meaning. The imagery in Response B is also more vivid and coherent, effectively conveying the intended concept of a dramatic improvement. Response A, while not inaccurate, lacks the same level of vividness and immediacy. [RESULT] B"
she nurtured a tender space.,she was the garden of her children's happiness.,B,"Feedback: Both metaphors attempt to convey the idea of nurturing and care, but they differ in their approach and effectiveness. Response A, ""she nurtured a tender space,"" captures the concept of careful attention but lacks the vivid imagery and direct connection to growth that the implicit meaning emphasizes. It is more abstract and less imaginative compared to Response B. Response B, ""she was the garden of her children's happiness,"" aligns closely with the implicit meaning by using the garden metaphor, which inherently implies growth, care, and protection. The imagery is more vivid and coherent, directly linking love to a nurturing environment where happiness can flourish. Response B effectively conveys the intended concept with greater clarity and imagination. [RESULT] B"
understanding provides a clear blue sky amid the stormy sea.,a beacon in a storm of confusion.,B,"Feedback: Both metaphors aim to capture the implicit meaning of a moment of clarity amid overwhelming uncertainty. Response A uses the imagery of a ""clear blue sky amid the stormy sea,"" which effectively contrasts calmness with chaos, aligning well with the intended concept. However, the metaphor is somewhat generic and lacks the vividness and originality to score higher. Response B, ""a beacon in a storm of confusion,"" is more imaginative and vivid, directly evoking the idea of guidance and clarity in a turbulent situation. It aligns closely with the implicit meaning and conveys the intended concept more effectively. While both responses are coherent, Response B stands out for its stronger imagery and clearer connection to the reference meaning. [RESULT] B"
mathematics is a challenging puzzle.,a ladder to climb in the world of mathematics.,A,"Feedback: Both metaphors attempt to convey the challenge inherent in mathematics, but they differ in their approach and effectiveness. Response A, ""mathematics is a challenging puzzle,"" directly aligns with the implicit meaning by emphasizing the difficulty and complexity of mathematical concepts, akin to solving a puzzle. The imagery is clear and coherent, though somewhat generic. Response B, ""a ladder to climb in the world of mathematics,"" introduces a progression or journey aspect, which is not explicitly part of the implicit meaning. While it conveys challenge through the act of climbing, it shifts focus from the inherent difficulty of concepts to the process of advancement, making it less directly aligned with the intended meaning. Response A is more vivid and accurate in capturing the essence of the implicit meaning. [RESULT] A"
he manages his emotions like a well-tended garden.,he is the captain of his own ship.,A,"Feedback: Both metaphors aim to convey the idea of control and restraint over feelings, but they differ in their approach and imagery. Response A, ""he manages his emotions like a well-tended garden,"" uses the imagery of gardening to suggest careful nurturing, maintenance, and organization, which aligns closely with the implicit meaning of control and restraint. The garden metaphor is vivid and coherent, implying that emotions require attention and care to flourish without becoming overwhelming. Response B, ""he is the captain of his own ship,"" focuses on leadership and direction, which partially captures the idea of control but emphasizes autonomy and navigation rather than the nuanced restraint over feelings. While both metaphors are imaginative, Response A more accurately and vividly represents the implicit meaning by directly relating to the management and care of emotions. [RESULT] A"
a ticking time bomb with a falling knife.,they're in the jaws of a deadly trap.,B,"Feedback: Both metaphors capture the essence of being in a dangerous situation, but they differ in their imagery and coherence. Response A combines two distinct images (""ticking time bomb"" and ""falling knife""), which, while individually vivid, create a somewhat disjointed and less focused representation of the implicit meaning. Response B, on the other hand, uses a single, cohesive image (""jaws of a deadly trap"") that directly and vividly conveys the idea of being in a precarious and dangerous situation. Response B’s imagery is more coherent and aligns more closely with the implicit meaning, making it a clearer and more effective metaphor. [RESULT] B"
a long-lasting love that endures,a healthy relationship is a garden that grows with time.,B,"Feedback: Response A (""a long-lasting love that endures"") captures the idea of commitment but lacks the imagery and depth needed to convey the effort required in a shared journey. It aligns loosely with the implicit meaning but feels generic and does not evoke a vivid or imaginative representation. Response B (""a healthy relationship is a garden that grows with time"") effectively uses the metaphor of a garden to highlight the effort, care, and time needed for growth, closely aligning with the implicit meaning of love as a shared journey requiring commitment. The imagery is coherent and vivid, making it a clearer and more imaginative representation. [RESULT] B"
understanding is a puzzle being solved.,a jigsaw puzzle with more pieces.,B,"Feedback: Both responses attempt to convey the idea that understanding improves with more information, but they differ in their approach and effectiveness. Response A, ""understanding is a puzzle being solved,"" captures the process of gathering information to achieve clarity, aligning well with the implicit meaning. However, it lacks specificity about the incremental nature of understanding. Response B, ""a jigsaw puzzle with more pieces,"" emphasizes the idea of adding more information (pieces) to improve understanding, which more directly aligns with the implicit meaning. While both metaphors are coherent, Response B is more vivid and precise in conveying the incremental aspect of understanding. [RESULT] B"
a cornucopia of alternatives,they have a treasure chest of opportunities.,B,"Feedback: Both metaphors effectively convey the implicit meaning of having many available chances or possibilities for success, but they differ in their imagery and coherence. Response A, ""a cornucopia of alternatives,"" uses a symbol of abundance and variety, which aligns well with the idea of numerous opportunities. However, the term ""alternatives"" is slightly less vivid and specific compared to the imagery in Response B. Response B, ""they have a treasure chest of opportunities,"" employs a more universally recognized symbol of wealth and potential, making it more vivid and directly tied to the concept of valuable chances. While both are coherent, Response B's imagery is more imaginative and universally relatable, better capturing the intended concept. [RESULT] B"
mirroring others during change,"they are our mirrors, reflecting our journey and growth.",B,"Feedback: Both responses aim to capture the implicit meaning of people aiding self-understanding and growth, but they differ in their approach and effectiveness. Response A, ""mirroring others during change,"" directly implies the act of reflecting but lacks the depth and vividness of Response B. Response B, ""they are our mirrors, reflecting our journey and growth,"" more explicitly aligns with the implicit meaning by personifying the role of others as mirrors, which enhances the imagery and coherence. It also conveys the concept of a continuous process (""journey and growth""), making it a clearer and more imaginative representation. While both responses are relevant, Response B is more vivid, coherent, and closely aligned with the intended meaning. [RESULT] B"
achieving consistent success in endeavors is like a bird soaring in the sky on a steady hand on a clock.,they have built a tower of success.,B,"Feedback: Response A attempts to convey the idea of consistent success by comparing it to a bird soaring steadily, but the imagery of a ""steady hand on a clock"" is somewhat confusing and does not clearly align with the implicit meaning of firmly grasping and holding onto achievement. The metaphor lacks coherence and fails to capture the intended concept effectively. Response B, on the other hand, uses the imagery of building a tower of success, which more directly implies a firm and lasting grasp on achievement. While it is less imaginative, it aligns more closely with the implicit meaning and is more coherent. Response B is the clearer and more accurate representation. [RESULT] B"
stream of self-directed change,he chiseled himself into a better person.,A,"Feedback: Response A (""stream of self-directed change"") captures the idea of movement through change but lacks the nuance of casualness or lack of full commitment implied in the meaning. The imagery is somewhat vivid but fails to convey the effortlessness or superficiality of the change. Response B (""he chiseled himself into a better person"") implies deliberate and effortful transformation, which directly contradicts the implicit meaning of moving through change without full commitment or effort. Both metaphors miss the mark, but Response A is closer in tone to the idea of flowing through change, albeit without the casual or superficial aspect. Response B is more vivid and coherent in its imagery but misaligns with the intended meaning. [RESULT] A"
"a warm blanket, a cozy home.",their shared beliefs were a warm blanket.,B,"Feedback: Both responses attempt to convey the implicit meaning of emotional security and comfort derived from familiar beliefs. Response A uses the imagery of a ""warm blanket"" and a ""cozy home,"" which are vivid and coherent but lack a direct connection to the concept of shared beliefs. Response B, on the other hand, explicitly links ""shared beliefs"" to a ""warm blanket,"" aligning more closely with the implicit meaning by directly associating the source of comfort with the beliefs themselves. While both metaphors use similar imagery, Response B is more precise in capturing the intended concept, making it a clearer and more accurate representation. [RESULT] B"
she is a rock in the storm.,she's the anchor that keeps everyone grounded and steady.,B,"Feedback: Both metaphors aim to convey stability and guidance during challenging times, but they differ in their imagery and alignment with the implicit meaning. Response A, ""she is a rock in the storm,"" effectively captures the idea of stability by using the image of a rock, which is inherently solid and unmoving, even in turbulent conditions. However, it lacks the explicit element of guidance, focusing more on resilience. Response B, ""she's the anchor that keeps everyone grounded and steady,"" not only emphasizes stability through the anchor's function but also explicitly includes the aspect of keeping others steady, directly aligning with the guidance component of the implicit meaning. The imagery in Response B is more vivid and multifaceted, as it conveys both support and direction. While both metaphors are coherent, Response B more comprehensively and imaginatively encapsulates the dual aspects of stability and guidance. [RESULT] B"
the truth bit by bit.,a fog lifting,B,"Feedback: Both metaphors aim to convey the idea of gradual clarity and understanding, but they differ in their approach and effectiveness. Response A, ""the truth bit by bit,"" suggests a piecemeal acquisition of knowledge, which aligns with the gradual nature of the implicit meaning but lacks vivid imagery and feels somewhat generic. Response B, ""a fog lifting,"" provides a more vivid and coherent image, directly evoking the process of moving from obscurity to clarity, which closely aligns with the implicit meaning. While both responses capture the gradual aspect, Response B does so with more imaginative and evocative imagery. [RESULT] B"
their sexual attraction had potential waiting to be realized.,her desire for him was a flame waiting to be fanned.,B,"Feedback: Both metaphors attempt to convey the implicit meaning of explosive potential, but they differ in their approach and effectiveness. Response A uses the concept of ""potential waiting to be realized,"" which aligns with the idea of untapped energy but lacks the vivid imagery and immediacy needed to suggest explosiveness. It is more abstract and less evocative. Response B, on the other hand, employs the imagery of ""a flame waiting to be fanned,"" which directly evokes the idea of something small yet capable of growing into a powerful force, closely mirroring the explosive potential for romance or conflict. The flame metaphor is more vivid, coherent, and imaginative, capturing both the intensity and the latent energy of the situation. While both responses reflect the implicit meaning, Response B does so with greater clarity, vividness, and alignment with the intended concept. [RESULT] B"
time is relentless.,time is a runaway train.,B,"Feedback: Both metaphors attempt to convey the unstoppable nature of time, but they differ in their vividness and coherence. Response A, ""time is relentless,"" captures the idea of time being unstoppable but lacks the destructive imagery implied in the implicit meaning. It is straightforward and clear but somewhat generic. Response B, ""time is a runaway train,"" not only emphasizes the unstoppable aspect but also introduces the destructive element through the imagery of a train careening out of control, aligning more closely with the implicit meaning. The imagery in Response B is more vivid and imaginative, enhancing the metaphor's effectiveness. [RESULT] B"
time is a constant companion.,life's journey is a river with ever-changing currents.,A,"Feedback: Response A captures the constancy of time but lacks vivid imagery and depth, merely stating a fact without imaginative elaboration. Response B, while more vivid and imaginative, focuses on the ever-changing nature of life's journey, which diverges from the implicit meaning of time's constancy. Both responses have strengths, but Response A aligns more closely with the intended meaning, albeit less creatively. Response B, though richer in imagery, misrepresents the constancy aspect. [RESULT] A"
they're caught in harmful relationships that damage them.,they're stuck in a toxic relationship quicksand.,B,"Feedback: Both responses aim to convey the implicit meaning of being trapped in harmful relationships, but they differ in their imagery and effectiveness. Response A directly states the harm caused by the relationships but lacks the vividness and depth needed to capture the slow, consuming nature of the situation. It is straightforward but fails to evoke the struggle of escaping. Response B, on the other hand, uses the metaphor of ""toxic relationship quicksand,"" which vividly portrays the idea of being slowly consumed and the difficulty of escaping, aligning closely with the implicit meaning. The imagery in Response B is more imaginative and coherent, making it a clearer and more accurate representation of the intended concept. [RESULT] B"
certain beliefs are like leaves in the wind.,a leaf on the wind of change.,B,"Feedback: Both metaphors attempt to convey the superficial and disposable nature of certain beliefs, but they differ in their approach and effectiveness. Response A uses a plural comparison (""leaves in the wind""), which captures the idea of multiple beliefs being easily swayed or discarded, aligning well with the implicit meaning. However, it lacks specificity and vividness, as the imagery is somewhat generic. Response B, on the other hand, focuses on a singular ""leaf on the wind of change,"" which is more vivid and coherent, emphasizing the fragility and transient nature of a single belief in the face of change. While both metaphors reflect the intended concept, Response B is more imaginative and precise in its imagery, better capturing the implicit meaning. [RESULT] B"
alcohol is a disaster.,alcohol was a poison that jammed his jigsaw puzzle mind.,B,"Feedback: Response B is more imaginative and vivid, using the metaphor of ""poison that jammed his jigsaw puzzle mind"" to effectively convey the destruction of clear thinking, aligning closely with the implicit meaning. It provides a coherent and detailed image that captures the intended concept. Response A, while straightforward, lacks the depth and creativity to fully represent the idea, merely stating ""alcohol is a disaster"" without elaborating on how it affects thinking. Response B clearly outperforms in capturing the implicit meaning with richer imagery and a more precise analogy. [RESULT] B"
time is a river.,life is a moving kaleidoscope.,B,"Feedback: Both metaphors attempt to capture the concept of constant change, but they differ in their alignment with the implicit meaning and the vividness of their imagery. Response A (""time is a river"") conveys the idea of continuous flow and change, which aligns with the concept of time adapting, but it lacks the element of color transformation present in the chameleon analogy. The imagery is coherent but not as imaginative or specific to the chameleon's color-changing ability. Response B (""life is a moving kaleidoscope"") introduces the idea of constant, dynamic change with a focus on shifting patterns and colors, which more closely mirrors the chameleon's adaptive nature. However, it associates the concept with ""life"" rather than ""time,"" which is a slight deviation from the implicit meaning. Response B's imagery is more vivid and imaginative, capturing the essence of transformation better than Response A. [RESULT] B"
she gave with open arms.,she was a boundless sea of love and care.,B,"Feedback: Both metaphors aim to convey the implicit meaning of warmth and continuous flow of love, but they differ in their approach and effectiveness. Response A, ""she gave with open arms,"" captures the warmth aspect well, as open arms symbolize receptiveness and affection. However, it falls short in depicting the continuous flow of love, as the imagery is more static and does not convey an ongoing, boundless quality. Response B, ""she was a boundless sea of love and care,"" excels in both vividness and coherence, as the imagery of a boundless sea directly aligns with the continuous and limitless nature of love. It also maintains a strong emotional warmth through the metaphor of a nurturing sea. While both responses are imaginative, Response B more accurately and comprehensively reflects the implicit meaning with richer and more dynamic imagery. [RESULT] B"
economic policies and market conditions are at odds.,a broken compass.,B,"Feedback: Response A directly states the concept of being ""at odds,"" which aligns with the implicit meaning of a fundamentally mismatched situation but lacks imaginative or vivid imagery, making it more literal than metaphorical. Response B, ""a broken compass,"" introduces a vivid and coherent image that effectively conveys incompatibility, as a broken compass cannot provide reliable direction, mirroring the idea of fundamental mismatch. While both responses capture the implicit meaning, Response B does so with greater creativity and clarity through its use of imagery. [RESULT] B"
she dove deep into the subject.,she was in a deep well of thought.,B,"Feedback: Both metaphors attempt to convey the idea of deep engagement with thoughts, but they differ in their approach and effectiveness. Response A, ""she dove deep into the subject,"" uses the action of diving to suggest immersion, which aligns with the idea of being overwhelmed by thoughts but lacks the continuous and all-encompassing nature of the implicit meaning. Response B, ""she was in a deep well of thought,"" more vividly captures the overwhelming and continuous stream of thoughts by using the imagery of a deep well, which implies being surrounded and trapped by thoughts, aligning more closely with the implicit meaning. The imagery in Response B is more coherent and imaginative, effectively conveying the intended concept. [RESULT] B"
he read with speed.,he devoured the book in one swift bite.,B,"Feedback: Response B, ""he devoured the book in one swift bite,"" is more imaginative and vivid than Response A, ""he read with speed."" While both responses attempt to convey quick reading, Response B uses the metaphor of devouring, which implies not only speed but also a sense of eagerness and fluidity, aligning more closely with the implicit meaning of quick, fluid eye movement. Response A, though accurate, lacks the imaginative and vivid imagery that Response B provides. Therefore, Response B better captures the intended concept with clearer and more engaging language. [RESULT] B"
"she was a compass, never straying from her moral course.",a compass for her soul.,A,"Feedback: Both metaphors aim to convey the idea of maintaining ethical standards, but they differ in their approach and effectiveness. Response A, ""she was a compass, never straying from her moral course,"" explicitly ties the compass to moral guidance and consistency, aligning closely with the implicit meaning of constant self-reflection and ethical improvement. The imagery is vivid and coherent, clearly portraying the idea of staying on a moral path. Response B, ""a compass for her soul,"" is more concise but less explicit in its connection to the implicit meaning. While it suggests guidance, it lacks the clarity and depth of Response A in conveying the concept of self-reflection and ethical improvement. Response A is more imaginative and directly captures the intended meaning, making it the better choice. [RESULT] A"
a heated exchange that leaves a deep wound.,their argument was a wound that cut their friendship.,B,"Feedback: Both metaphors aim to convey the implicit meaning that heated arguments can permanently damage relationships, but they differ in their approach and effectiveness. Response A, ""a heated exchange that leaves a deep wound,"" captures the intensity and lasting impact of the argument through the imagery of a wound, aligning well with the implicit meaning. However, it is somewhat generic and lacks specificity in how the wound relates to the relationship. Response B, ""their argument was a wound that cut their friendship,"" is more precise and vivid, directly linking the wound to the friendship, which enhances the clarity and coherence of the metaphor. It effectively conveys the permanent damage to the relationship, making it a more imaginative and accurate representation of the original idea. [RESULT] B"
a bolt of lightning through the clouds.,a path of light cut through the darkness.,B,"Feedback: Both metaphors attempt to capture the essence of lightning's dramatic appearance, but they differ in their alignment with the implicit meaning of lightning as an author writing its signature in the sky. Response A, ""a bolt of lightning through the clouds,"" focuses on the sudden and powerful nature of lightning but lacks the element of intentionality or creativity implied in the act of writing. The imagery is vivid and coherent but does not closely align with the concept of authorship. Response B, ""a path of light cut through the darkness,"" introduces the idea of creating a path, which more closely resembles the act of writing or signing, thus better capturing the implicit meaning. The imagery in Response B is also vivid and coherent, effectively conveying the intended concept. While both responses have merit, Response B more accurately and imaginatively represents the original idea. [RESULT] B"
love is a merging of two paths.,two rivers merge into a powerful ocean.,B,"Feedback: Both metaphors aim to convey the idea of unity and strength through merging, but they differ in their imagery and depth. Response A, ""love is a merging of two paths,"" captures the concept of unity but lacks the vividness and strength implied in the implicit meaning. The imagery of paths merging is somewhat generic and does not fully emphasize the idea of becoming stronger together. On the other hand, Response B, ""two rivers merge into a powerful ocean,"" provides a more vivid and dynamic image. The rivers merging into an ocean not only signifies unity but also powerfully illustrates the increase in strength and magnitude, aligning closely with the implicit meaning. Response B's imagery is more imaginative and coherent, effectively conveying the intended concept. [RESULT] B"
scattered puzzle pieces,they were a jumbled mess of thoughts and ideas.,A,"Feedback: Both metaphors aim to convey the idea of isolated and disconnected elements, but they differ in their approach and effectiveness. Response A, ""scattered puzzle pieces,"" uses a concrete and familiar image that directly evokes the sense of disconnection and the need for organization, aligning well with the implicit meaning. The imagery is vivid and coherent, making it easy to visualize the scattered pieces and their lack of connection. Response B, ""they were a jumbled mess of thoughts and ideas,"" also conveys disorganization but is more abstract and less focused on the isolation aspect. While it captures the chaos, it doesn't as strongly emphasize the lack of coherent connection between individual elements. Response A is more imaginative and precise in representing the implicit meaning, earning a higher score. [RESULT] A"
"fear's grip left him stunned, unable to react.",fear was a heavy chain on his mind.,B,"Feedback: Both metaphors aim to convey the paralyzing effect of fear, but they differ in their imagery and coherence. Response A uses the phrase ""fear's grip"" to suggest a physical hold, which aligns well with the idea of being stunned and unable to react, effectively capturing the paralysis. However, the imagery is somewhat generic and lacks the depth to fully resonate with the implicit meaning. Response B, on the other hand, employs the metaphor of a ""heavy chain on his mind,"" which vividly conveys the burden and restriction fear imposes, making it a more imaginative and coherent representation of the concept. While both responses align with the implicit meaning, Response B stands out for its more vivid and original imagery. [RESULT] B"
a rollercoaster ride of inequality,"life is a game of musical chairs, where some win and others lose.",B,"Feedback: Both metaphors aim to convey the idea that opportunities for success are not equally distributed, but they differ in their approach and effectiveness. Response A, ""a rollercoaster ride of inequality,"" captures the unpredictability and varying levels of access to success, aligning well with the implicit meaning. However, the imagery is somewhat generic and lacks the specificity needed to vividly illustrate the concept of unequal distribution. Response B, ""life is a game of musical chairs, where some win and others lose,"" more directly and vividly portrays the idea of limited opportunities and the inherent competition, making it a clearer and more imaginative representation. While both metaphors are coherent, Response B excels in its ability to convey the intended concept with sharper, more relatable imagery. [RESULT] B"
all stars in the sky,she was a puzzle with many pieces all fitting together.,B,"Feedback: Response A (""all stars in the sky"") fails to capture the implicit meaning of multiple personality aspects coexisting within one person. The imagery, while vivid, lacks coherence with the intended concept, as stars in the sky do not inherently suggest unity or interconnectedness. Response B (""she was a puzzle with many pieces all fitting together"") aligns closely with the implicit meaning, effectively conveying the idea of diverse aspects harmoniously coexisting within a single individual. The puzzle metaphor is imaginative, coherent, and directly reflects the intended concept. Response B outperforms Response A in clarity, accuracy, and imaginative representation. [RESULT] B"
creative concepts are like seeds waiting to bloom.,a seedling growing into a tree.,A,"Feedback: Both responses attempt to convey the idea of nurturing and time in the development of ideas, but they differ in their approach and effectiveness. Response A, ""creative concepts are like seeds waiting to bloom,"" captures the implicit meaning more comprehensively by emphasizing the potential of ideas (seeds) and the need for nurturing and time (waiting to bloom). It aligns closely with the reference meaning and uses vivid, coherent imagery that is both imaginative and clear. Response B, ""a seedling growing into a tree,"" while related, focuses more on the growth process itself rather than the initial potential and the need for nurturing, making it less aligned with the full scope of the implicit meaning. The imagery in Response B is also less vivid and more generic compared to Response A. Therefore, Response A is the clearer, more accurate, and more imaginative representation of the original idea. [RESULT] A"
the problem is a bottomless pit.,"a problem that's a bottomless pit of time, money, and effort",B,"Feedback: Both responses capture the implicit meaning of a consuming and destructive force, but they differ in specificity and vividness. Response A uses the metaphor of a ""bottomless pit"" to convey the idea of endless consumption, which aligns well with the implicit meaning but lacks detail. Response B expands on this by specifying the pit consumes ""time, money, and effort,"" making the imagery more vivid and directly tying it to the destructive force described in the implicit meaning. While both are coherent, Response B provides a clearer and more detailed representation, enhancing its effectiveness. [RESULT] B"
groundbreaking ideas challenge the conventional.,groundbreaking ideas as a storm that disrupts calm waters.,B,"Feedback: Response B (""groundbreaking ideas as a storm that disrupts calm waters"") better captures the implicit meaning of disruptive change destroying established systems. It uses vivid imagery of a storm disrupting calm waters, which aligns closely with the concept of destructive disruption. Response A (""groundbreaking ideas challenge the conventional"") is more generic and lacks the vividness and specificity needed to convey the destructive aspect of the implicit meaning. While both responses touch on the idea of challenging norms, Response B’s metaphor is more imaginative and coherent in depicting the intended destructive impact. [RESULT] B"
skyrocketed to ecstasy,his joy was a storm that grew stronger and more powerful.,B,"Feedback: Both metaphors attempt to convey a sudden and explosive increase in joy, but they differ in their approach and effectiveness. Response A, ""skyrocketed to ecstasy,"" uses a verb-based metaphor that emphasizes rapid ascent, aligning well with the sudden aspect of the implicit meaning. However, it lacks vivid imagery and feels somewhat generic, as ""skyrocketed"" is a common phrase that doesn't fully capture the explosive nature of the emotion. Response B, ""his joy was a storm that grew stronger and more powerful,"" employs a more imaginative and vivid metaphor by comparing joy to a storm, which inherently conveys both suddenness and intensity. The imagery of a storm growing stronger effectively mirrors the explosive increase in joy, making it a clearer and more accurate representation of the implicit meaning. While both responses align with the intended concept, Response B excels in vividness and coherence, better capturing the essence of the idea. [RESULT] B"
a clash of opinions escalated into a communication carnage,they were on the brink of a toxic explosion.,A,"Feedback: Both metaphors attempt to capture the destructive and intense nature of the argument, but they differ in their approach and vividness. Response A uses ""communication carnage"" to emphasize the breakdown of dialogue, which aligns well with the implicit meaning of an argument becoming extremely destructive. The imagery is vivid and coherent, effectively conveying the concept of a complete collapse in communication. Response B, on the other hand, uses ""toxic explosion"" to highlight the intensity and harmful nature of the argument. While it captures the intensity, the imagery is slightly less specific to the context of communication compared to Response A. Both metaphors are imaginative, but Response A more closely aligns with the implicit meaning by directly addressing the breakdown of communication. [RESULT] A"
,resilience is a river of continuous flow.,"Neither, but since a choice must be made and Response B at least provides a coherent metaphor, albeit unrelated, it is marginally better than the absent Response A. [RESULT] B","Feedback: Neither Response A nor Response B effectively captures the implicit meaning of ""the night is oppressive and constraining."" Response A is missing, so it cannot be evaluated. Response B, ""resilience is a river of continuous flow,"" conveys a sense of ongoing movement and strength, which is entirely unrelated to the oppressive and constraining nature of the night. Both responses fail to align with the intended meaning, and Response B's imagery, while vivid, does not match the tone or concept of the implicit meaning. [RESULT] Neither, but since a choice must be made and Response B at least provides a coherent metaphor, albeit unrelated, it is marginally better than the absent Response A. [RESULT] B"
my personality is a chameleon puzzle mask.,"she's a chameleon of emotions, changing colors with each situation.",B,"Feedback: Both metaphors attempt to convey the idea of adaptability and change, but they differ in their approach and alignment with the implicit meaning. Response A, ""my personality is a chameleon puzzle mask,"" introduces the concept of a puzzle, which adds complexity but may distract from the core idea of multiple personalities competing within one's consciousness. The imagery is somewhat vivid but less coherent in relation to the implicit meaning. Response B, ""she's a chameleon of emotions, changing colors with each situation,"" directly links the chameleon's color-changing ability to emotional adaptability, which more closely aligns with the idea of multiple personalities or thoughts competing within one's consciousness. The imagery in Response B is clearer and more focused, effectively conveying the intended concept. While both responses have imaginative elements, Response B better captures the implicit meaning with more coherent and relevant imagery. [RESULT] B"
the truth reveals itself.,the puzzle pieces of life fit together with sharp edges.,B,"Feedback: Response A (""the truth reveals itself"") directly aligns with the implicit meaning of reality becoming clear, but it lacks vivid imagery and creativity, making it a straightforward statement rather than a metaphor. Response B (""the puzzle pieces of life fit together with sharp edges"") introduces a more imaginative and vivid image, capturing the idea of clarity and definition in reality, though the ""sharp edges"" add a slightly discordant element that could imply discomfort or harshness, which is not present in the implicit meaning. Both responses convey the core idea, but Response B is more imaginative and visually engaging, despite the minor tonal discrepancy. [RESULT] B"
the project was a lost cause.,a sinking ship was the project.,B,"Feedback: Both metaphors aim to convey the idea of an inevitable downward trajectory towards failure, but they differ in their approach and effectiveness. Response A, ""the project was a lost cause,"" directly states the outcome without vivid imagery, making it less imaginative and more literal. It aligns with the implicit meaning but lacks the dynamic and visual representation of decline. Response B, ""a sinking ship was the project,"" uses a vivid and widely recognized metaphor that inherently conveys the idea of an unstoppable downward movement towards disaster. The imagery of a sinking ship is coherent, evocative, and closely aligns with the implicit meaning, making it a more imaginative and effective representation. [RESULT] B"
sowing seeds for a bountiful harvest,she planted the seeds of success with her early actions.,B,"Feedback: Both metaphors effectively convey the implicit meaning that past events influence the present and future, but they differ in their imagery and specificity. Response A, ""sowing seeds for a bountiful harvest,"" uses a traditional agricultural metaphor that is vivid and coherent, emphasizing the connection between effort and reward over time. It aligns closely with the implicit meaning but is somewhat generic in its imagery. Response B, ""she planted the seeds of success with her early actions,"" is more specific and personalized, directly linking past actions to future success, which enhances its clarity and relevance. While both are strong, Response B’s tailored imagery and explicit connection to the implicit meaning make it slightly more effective. [RESULT] B"
their responsibilities were a burning pressure.,responsibilities were a runaway train,B,"Feedback: Both metaphors attempt to convey a sense of urgency and loss of control, but they differ in their alignment with the implicit meaning of ""rapidly declining moral standards."" Response A, ""their responsibilities were a burning pressure,"" uses the imagery of fire to suggest intensity and discomfort, which partially captures the urgency but lacks a direct connection to moral decline. The metaphor is somewhat vivid but doesn't fully align with the intended concept. Response B, ""responsibilities were a runaway train,"" more effectively conveys the idea of something spiraling out of control, which aligns better with the notion of rapidly declining standards. The imagery of a runaway train is vivid and coherent, making it a clearer and more accurate representation of the implicit meaning. [RESULT] B"
spring is the season of new growth.,spring is a womb for new life.,B,"Feedback: Both responses aim to capture the implicit meaning of nature as a gift-giver of renewal and rebirth, but they differ in their imaginative and vivid portrayal. Response A, ""spring is the season of new growth,"" aligns with the concept of renewal but uses a straightforward and somewhat generic description, lacking the depth and vivid imagery needed to fully convey the gift-giving aspect of nature. Response B, ""spring is a womb for new life,"" is more imaginative and vivid, effectively using the metaphor of a womb to emphasize the nurturing and life-giving qualities of nature, which closely aligns with the implicit meaning. While both responses reflect the intended concept, Response B does so with greater creativity and clarity. [RESULT] B"
sparks of genius briefly ignite minds.,they were shooting stars in the sky of ideas.,B,"Feedback: Both metaphors capture the implicit meaning of brilliant and fleeting moments of inspiration, but they differ in their imagery and coherence. Response A, ""sparks of genius briefly ignite minds,"" effectively conveys the idea of sudden brilliance but lacks the expansive and celestial imagery that enhances the concept of inspiration. Response B, ""they were shooting stars in the sky of ideas,"" uses a more vivid and imaginative analogy, comparing fleeting moments of inspiration to shooting stars, which are both brilliant and transient, set against the vast ""sky of ideas."" This metaphor not only aligns closely with the implicit meaning but also provides a more coherent and evocative image. [RESULT] B"
hope is a beacon in stormy seas.,hope is the anchor that holds us steady.,A,"Feedback: Both metaphors effectively convey the implicit meaning that hope provides support during difficult times, but they do so through different imagery. Response A, ""hope is a beacon in stormy seas,"" uses the vivid and dynamic image of a beacon guiding through chaos, emphasizing direction and light in darkness, which aligns closely with the idea of hope offering guidance and clarity. Response B, ""hope is the anchor that holds us steady,"" focuses on stability and grounding, suggesting that hope keeps one firmly in place during turmoil. While both are imaginative and coherent, Response A’s imagery of a beacon is more vivid and aligns more closely with the concept of hope as a guiding force in difficult times, whereas Response B’s anchor metaphor, though accurate, is slightly less dynamic and original in its representation. [RESULT] A"
anger like a storm.,her anger was a storm that shook the room.,B,"Feedback: Both metaphors attempt to convey the implicit meaning of intense anger affecting others, but they differ in their vividness and coherence. Response A, ""anger like a storm,"" captures the intensity of anger but lacks specificity in how it affects others, resulting in a more generic and less vivid imagery. Response B, ""her anger was a storm that shook the room,"" enhances the imagery by explicitly describing the impact of the anger on the surroundings, making it more coherent and vivid. While both align with the implicit meaning, Response B more effectively conveys the intended concept by providing a clearer and more imaginative representation. [RESULT] B"
she's weathering the storm.,she's enduring a stormy sea of pain and hardship.,B,"Feedback: Both metaphors aim to convey the implicit meaning of struggling against overwhelming negative circumstances, but they differ in their vividness and specificity. Response A, ""she's weathering the storm,"" captures the idea of resilience in the face of adversity but lacks the depth and emotional intensity present in Response B. Response B, ""she's enduring a stormy sea of pain and hardship,"" provides a more detailed and vivid imagery by explicitly mentioning ""pain and hardship,"" which aligns closely with the implicit meaning. The ""stormy sea"" metaphor in Response B also adds a layer of emotional turmoil and struggle, making it a more imaginative and coherent representation. While both responses are effective, Response B excels in its ability to convey the intended concept with greater clarity and emotional resonance. [RESULT] B"
people are like curators of their own lives.,she tended to her mind like a gardener tends a garden.,B,"Feedback: Response A captures the idea of curation and selection but lacks the vivid imagery and precision of Response B. While it aligns with the implicit meaning of careful selection and display, it does not evoke the same level of detail or action as Response B. Response B, on the other hand, vividly portrays the act of tending, nurturing, and carefully arranging, which closely mirrors the implicit meaning of precision and value. The imagery of a gardener tending a garden is more dynamic and coherent, effectively conveying the intended concept. Response B is more imaginative and aligns more closely with the implicit meaning in both tone and detail. [RESULT] B"
the answer lies beneath the surface.,the answer lies in the depths of the ocean.,B,"Feedback: Both metaphors aim to convey the idea of hidden potential and unexplored opportunities, but they differ in their imagery and specificity. Response A, ""the answer lies beneath the surface,"" uses a more general and abstract image, which aligns with the implicit meaning but lacks the vividness and depth of Response B. Response B, ""the answer lies in the depths of the ocean,"" introduces a more specific and evocative image, capturing the vastness and mystery of unexplored opportunities, thus enhancing the metaphor's imaginative quality. While both responses reflect the intended meaning, Response B does so with greater clarity and richness of imagery, making it a more compelling representation of the implicit meaning. [RESULT] B"
her thoughts were a symphony.,she is a symphony of thoughts and ideas in harmony.,B,"Feedback: Both responses aim to capture the implicit meaning of complex and active mental activity, but they differ in their approach and effectiveness. Response A, ""her thoughts were a symphony,"" directly compares thoughts to a symphony, which is a vivid and coherent metaphor that aligns well with the idea of complexity and harmony. However, it is somewhat generic and lacks the depth of conveying the active and dynamic nature of mental activity. Response B, ""she is a symphony of thoughts and ideas in harmony,"" expands on the metaphor by explicitly mentioning ""thoughts and ideas in harmony,"" which more closely aligns with the implicit meaning by emphasizing both complexity and the active interplay of ideas. The imagery in Response B is more vivid and imaginative, as it personifies the individual as the symphony itself, enhancing the metaphor's coherence and depth. While both responses are effective, Response B better captures the intended concept with greater clarity and imagination. [RESULT] B"
"we've got a long way to go, but we've got to put in the hard work.","she's halfway up the mountain, still climbing.",B,"Feedback: Both responses attempt to convey the idea of initial progress with remaining challenges, but they differ in their approach and effectiveness. Response A directly addresses the need for hard work and the long journey ahead, which aligns with the implicit meaning but lacks vivid imagery and metaphorical depth, earning a score of 3. Response B, on the other hand, uses the vivid and coherent imagery of climbing a mountain, clearly illustrating the initial progress (halfway up) and the ongoing effort (still climbing), which closely aligns with the implicit meaning and earns a score of 5. [RESULT] B"
a theory is like a seed that grows into a tree with widespread acceptance and support.,the theory was a light that shone brightly across the sea of skepticism.,A,"Feedback: Both metaphors aim to convey the implicit meaning of a theory gaining widespread acceptance, but they differ in their imagery and alignment with the intended concept. Response A uses the analogy of a seed growing into a tree, which effectively captures the idea of growth and development over time, aligning well with the implicit meaning. The imagery is coherent and vivid, though somewhat conventional. Response B, on the other hand, compares the theory to a light shining across a sea of skepticism, which emphasizes overcoming doubt and spreading clarity. While this metaphor is imaginative and vivid, it focuses more on the theory's impact on skepticism rather than its growth and acceptance. Both metaphors are coherent, but Response A more directly and accurately reflects the implicit meaning of the theory growing and becoming widely accepted. [RESULT] A"
lived experiences are the spice of life.,"life is a canvas, painted by the colors of our experiences.",B,"Feedback: Both metaphors attempt to convey the idea that life gains meaning and richness through experiences, but they differ in their approach and effectiveness. Response A, ""lived experiences are the spice of life,"" uses a common metaphor that suggests experiences add flavor or excitement to life, but it lacks the depth and vividness needed to fully capture the implicit meaning of vibrancy and transformation. Response B, ""life is a canvas, painted by the colors of our experiences,"" employs a more imaginative and coherent imagery, directly linking experiences to the creation of a vibrant, meaningful existence, which aligns closely with the implicit meaning. While both responses are clear, Response B excels in vividness and coherence, making it a more accurate and imaginative representation. [RESULT] B"
reading kept her mind sharp.,she was a puzzle that reading completed.,A,"Feedback: Response A (""reading kept her mind sharp"") directly aligns with the implicit meaning of ""knowledge is food for the brain"" by implying that reading nourishes and sharpens the mind, much like food sustains the body. The imagery is clear and coherent, effectively conveying the intended concept. Response B (""she was a puzzle that reading completed"") introduces a different metaphor involving completion rather than nourishment, which diverges from the implicit meaning. While imaginative, it does not capture the idea of knowledge as sustenance for the brain as directly or accurately as Response A. Therefore, Response A is the clearer and more accurate representation. [RESULT] A"
intellectually nourishing feast,her ideas were a treasure trove of mental stimulation.,B,"Feedback: Both metaphors aim to convey the implicit meaning of being ""intellectually nourishing and abundant,"" but they differ in their approach and effectiveness. Response A, ""intellectually nourishing feast,"" directly aligns with the concept of nourishment, using the vivid imagery of a feast to suggest abundance and satisfaction. However, it lacks the explicit element of abundance, focusing more on the nourishing aspect. Response B, ""her ideas were a treasure trove of mental stimulation,"" excels in conveying abundance through the imagery of a treasure trove, which inherently implies richness and plenty. It also captures the intellectually stimulating aspect through ""mental stimulation,"" aligning closely with the implicit meaning. While both are imaginative, Response B is more comprehensive in capturing both the nourishing and abundant aspects. Response A is slightly less vivid in conveying abundance. [RESULT] B"
properties effectively transfer wealth through multiple economic channels.,money flows like water through economic channels.,B,"Feedback: Response B (""money flows like water through economic channels"") better captures the implicit meaning by using a vivid and coherent analogy that aligns closely with the concept of wealth transfer resembling heat flow through conductors. The imagery of water flowing mirrors the natural, continuous movement of heat, making it more imaginative and accurate. In contrast, Response A (""properties effectively transfer wealth through multiple economic channels"") is more literal and lacks the metaphorical depth, failing to convey the fluid, dynamic nature implied in the implicit meaning. Response B’s imagery is clearer and more aligned with the intended concept. [RESULT] B"
a home run boosted the team's confidence and motivation.,their achievement lit a fire under the team's confidence.,B,"Feedback: Both metaphors aim to convey the implicit meaning of success revitalizing and energizing the team, but they differ in their imagery and alignment with the intended concept. Response A, ""a home run boosted the team's confidence and motivation,"" uses a sports analogy that directly links success to an increase in confidence and motivation, but it lacks the vividness and energy implied in the implicit meaning. The imagery of a home run is clear but somewhat generic and doesn't fully capture the revitalizing aspect. Response B, ""their achievement lit a fire under the team's confidence,"" employs a more vivid and energetic metaphor by using the imagery of fire, which strongly aligns with the idea of revitalization and energy. The phrase ""lit a fire"" effectively conveys the sudden and intense boost in confidence, making it a more imaginative and accurate representation of the implicit meaning. [RESULT] B"
"their affection was a comforting, protective embrace.",their affection was a shield of safety and peace.,A,"Feedback: Both metaphors effectively convey the implicit meaning of warm comfort and protection, but they differ in their imagery and coherence. Response A uses the imagery of an ""embrace,"" which directly evokes a physical and emotional sense of warmth and closeness, aligning closely with the intended meaning. Response B, on the other hand, uses the imagery of a ""shield,"" which emphasizes protection but lacks the immediate warmth and emotional connection present in an embrace. While both metaphors are coherent, Response A’s imagery is more vivid and directly tied to the emotional aspect of the implicit meaning, making it a clearer and more imaginative representation. [RESULT] A"
she juggles multiple emotional demands.,she juggles life's demands with ease and skill.,B,"Feedback: Both responses attempt to convey the idea of managing multiple emotional challenges, but they differ in their alignment with the implicit meaning and the vividness of their imagery. Response A captures the essence of juggling emotional demands but lacks the explicit mention of skill or ease, which is a key aspect of the implicit meaning. Response B, on the other hand, explicitly includes ""with ease and skill,"" directly aligning with the idea of skillfully maintaining balance. However, Response B slightly dilutes the focus on emotional challenges by generalizing ""life's demands."" Response A is more focused on the emotional aspect but misses the skill component, while Response B includes the skill but broadens the scope. Considering the criteria, Response B is closer to the implicit meaning due to its explicit mention of skill and ease, despite the slight generalization. [RESULT] B"
she carved out extra time for her weekend hobbies.,she is a time bank.,B,"Feedback: Response A (""she carved out extra time for her weekend hobbies"") loosely reflects the implicit meaning of treating time as a resource that can be saved and stored, but it lacks the direct financial analogy present in the implicit meaning. The imagery is coherent but not particularly vivid or imaginative in aligning with the concept of time as money. Response B (""she is a time bank"") directly and vividly captures the implicit meaning by using the term ""bank,"" which strongly aligns with the idea of saving and storing time as one would money. The imagery is clear, imaginative, and effectively conveys the intended concept. While both responses touch on the idea of managing time, Response B is more precise and creative in its alignment with the implicit meaning. [RESULT] B"
climbing the building,he scaled the building from ground to sky.,B,"Feedback: Both responses aim to convey the implicit meaning of looking upward gradually from bottom to top, but they differ in their vividness and coherence. Response A, ""climbing the building,"" captures the action of moving upward but lacks the imagery and specificity needed to fully convey the gradual progression from ground to sky. It is a straightforward action but does not evoke the same sense of vertical expanse. Response B, ""he scaled the building from ground to sky,"" is more vivid and coherent, as it explicitly describes the movement from the bottom to the top, aligning closely with the implicit meaning. The use of ""scaled"" and ""from ground to sky"" enhances the imagery and clearly conveys the intended concept. Therefore, Response B is more imaginative and accurate in representing the original idea. [RESULT] B"
they fought tooth and nail.,a boxing ring,A,"Feedback: Both metaphors aim to convey the intensity and hostility of an argument, but they differ in their approach and effectiveness. Response A, ""they fought tooth and nail,"" directly describes a fierce, physical struggle, which aligns well with the implicit meaning of an intense and hostile exchange. The imagery is vivid and coherent, capturing the ferocity of the interaction. Response B, ""a boxing ring,"" implies a structured, combative environment, which is somewhat related to the idea of a hostile exchange but lacks the directness and vividness of Response A. While both metaphors are relevant, Response A more closely aligns with the implicit meaning due to its direct and vivid imagery. [RESULT] A"
time is a guide.,life's journey is a river of time.,B,"Feedback: Response B, ""life's journey is a river of time,"" more effectively captures the implicit meaning of time as a relentless pursuer that we can't escape. It uses vivid and coherent imagery, likening life to a river that flows continuously, mirroring the unstoppable nature of time. In contrast, Response A, ""time is a guide,"" fails to convey the relentless and inescapable aspect of time, instead suggesting a more passive or directive role. While both responses attempt to personify time, Response B aligns more closely with the intended concept through its imaginative and dynamic imagery. [RESULT] B"
communication is a bridge.,progress is a journey that requires effort and determination.,A,"Feedback: Response A (""communication is a bridge"") directly aligns with the implicit meaning by emphasizing the connection between people's thoughts across distance and separation, using a vivid and coherent image of a bridge that links two points. It effectively captures the intended concept of communication as a means to overcome barriers. In contrast, Response B (""progress is a journey that requires effort and determination"") does not relate to the implicit meaning of communication connecting thoughts; instead, it focuses on the process of achieving goals, which is unrelated to the concept of bridging distances in communication. Response A is more accurate and imaginative in representing the original idea. [RESULT] A"
high stakes consequences at a critical point.,our decisions are at the crossroads of destiny.,B,"Feedback: Both responses attempt to convey the implicit meaning of facing a critical situation, but they differ in their approach and effectiveness. Response A, ""high stakes consequences at a critical point,"" directly addresses the gravity and urgency of the situation, aligning well with the implicit meaning. However, it lacks vivid imagery and relies on straightforward language, earning it a score of 4. Response B, ""our decisions are at the crossroads of destiny,"" introduces a more imaginative and vivid metaphor by using the imagery of a crossroads, which symbolizes critical decision-making moments. This metaphor not only captures the implicit meaning but also adds a layer of depth and coherence, making it more engaging and aligned with the intended concept. Response B scores a 5 for its creativity, vividness, and close alignment with the implicit meaning. [RESULT] B"
the main problem was the heart of the situation.,the problem was the core of an onion.,B,"Feedback: Both metaphors attempt to convey the centrality of the problem, but they differ in their effectiveness. Response A, ""the main problem was the heart of the situation,"" directly links the problem to the core of the situation, which aligns well with the implicit meaning of multiple actions revolving around one main problem. However, the imagery is somewhat generic and lacks vividness. Response B, ""the problem was the core of an onion,"" introduces a more imaginative and vivid image, suggesting layers of complexity around a central issue, which closely mirrors the implicit meaning. While both metaphors capture the centrality of the problem, Response B excels in creativity and coherence, making it a clearer and more imaginative representation. [RESULT] B"
a tangled web,a mysterious fog,A,"Feedback: Both metaphors aim to convey the idea of something being difficult to understand or solve due to unclear circumstances. Response A, ""a tangled web,"" effectively captures the complexity and interconnectedness of unclear circumstances, making it harder to unravel or solve, which aligns closely with the implicit meaning. The imagery is vivid and coherent, evoking a sense of entanglement and confusion. Response B, ""a mysterious fog,"" also conveys difficulty in understanding due to obscurity, but it focuses more on the lack of clarity rather than the complexity of the situation. While both metaphors are imaginative, ""a tangled web"" more accurately and vividly represents the idea of something being difficult to solve due to its intricate and interconnected nature. [RESULT] A"
conducted an orchestra,a conductor orchestrating multiple symphonies at once.,B,"Feedback: Both metaphors aim to convey the idea of managing multiple tasks simultaneously with skill, but they differ in their approach and effectiveness. Response A, ""conducted an orchestra,"" captures the essence of managing a complex task with skill, as conducting an orchestra requires precision and coordination. However, it does not explicitly emphasize the simultaneous handling of multiple tasks. Response B, ""a conductor orchestrating multiple symphonies at once,"" directly addresses the implicit meaning by highlighting the simultaneous management of multiple complex tasks, making it more vivid and aligned with the intended concept. While both metaphors use orchestral imagery, Response B is more imaginative and coherent in conveying the specific idea of multitasking. [RESULT] B"
tackling it in stages,she tackled the project one piece at a time.,B,"Feedback: Both responses attempt to convey the idea of breaking down a large task into manageable parts, but they differ in their approach and effectiveness. Response A, ""tackling it in stages,"" is concise and aligns with the implicit meaning of handling an overwhelming project incrementally. However, it lacks vivid imagery and specificity, making it somewhat generic. Response B, ""she tackled the project one piece at a time,"" is more detailed and vivid, clearly illustrating the incremental approach and aligning closely with the implicit meaning. It provides a clearer and more imaginative representation of the concept, making it superior in both coherence and imagery. [RESULT] B"
her shopping habit is a disease.,her shopping habit was a bottomless pit of consumerism.,B,"Feedback: Both metaphors aim to convey the implicit meaning of excessive and unhealthy shopping behavior. Response A, ""her shopping habit is a disease,"" effectively captures the unhealthy aspect by comparing it to a medical condition, which aligns well with the idea of something detrimental. However, it lacks vivid imagery and is somewhat generic. Response B, ""her shopping habit was a bottomless pit of consumerism,"" is more imaginative and vivid, creating a clear and striking image of endless, uncontrollable consumption. It not only conveys the excessive nature but also adds a layer of depth by specifically linking it to consumerism. While both responses align with the implicit meaning, Response B excels in imagery and specificity, making it a clearer and more accurate representation. [RESULT] B"
steady as she goes,an anchor,"Neither A nor B fully meets the criteria, but if forced to choose, Response A is marginally closer due to its implication of ongoing consistency. [RESULT] A","Feedback: Both metaphors fall short in capturing the implicit meaning of ""enduring and bright love that never fades."" Response A, ""steady as she goes,"" implies consistency and stability but lacks the emotional depth and brightness associated with love. Response B, ""an anchor,"" suggests stability and grounding but does not convey the brightness or enduring nature of love. Neither metaphor effectively combines the concepts of enduring strength and radiant brilliance. Response A is slightly more aligned with the idea of steadiness, but it fails to evoke the emotional and luminous aspects of love. Response B, while stable, is too static and lacks the dynamic quality of brightness. Both metaphors are generic and lack the vivid imagery needed to fully represent the implicit meaning. [RESULT] Neither A nor B fully meets the criteria, but if forced to choose, Response A is marginally closer due to its implication of ongoing consistency. [RESULT] A"
"his ideas are like a seed waiting to be nurtured, cultivated, and refined to reach their full potential.",his ideas are rough diamonds in the rough.,B,"Feedback: Both metaphors aim to convey the implicit meaning of ""valuable but unpolished potential,"" but they differ in their approach and effectiveness. Response A uses the imagery of a seed, emphasizing the need for nurturing, cultivation, and refinement to reach full potential, which aligns well with the idea of unpolished potential. However, it focuses more on the process of development rather than the inherent value. Response B, on the other hand, directly compares ideas to ""rough diamonds,"" which clearly highlights both the inherent value and the need for polishing. The diamond metaphor is more vivid and directly captures the dual aspects of value and roughness, making it a clearer and more imaginative representation of the implicit meaning. While both responses are coherent, Response B is more concise and impactful. [RESULT] B"
burning like a fire in the night.,a flame burning bright in the darkness.,B,"Feedback: Both Response A and Response B use fire-related imagery to convey restlessness or anxiety, aligning with the implicit meaning. However, Response B (""a flame burning bright in the darkness"") is more vivid and coherent, as it specifically highlights the contrast between the flame's brightness and the surrounding darkness, which better symbolizes the inability to find peace in a restless state. Response A (""burning like a fire in the night"") is less precise and lacks the same level of clarity and imagery. Both responses capture the implicit meaning, but Response B does so with greater vividness and coherence. [RESULT] B"
she made everyone feel at home.,her love was a warm blanket that wrapped everyone in comfort.,B,"Feedback: Response B (""her love was a warm blanket that wrapped everyone in comfort"") more closely aligns with the implicit meaning of warm and nurturing love that spreads outward, as it uses vivid and coherent imagery of a warm blanket to symbolize comfort and inclusivity. It effectively conveys the intended concept with imaginative and specific language. In contrast, Response A (""she made everyone feel at home"") captures the nurturing aspect but lacks the vivid imagery and metaphorical depth of Response B, making it a more generic and less imaginative representation. [RESULT] B"
depression is a foggy mountain. progress is a climb out of the fog.,depression was a heavy anchor that held her back.,B,"Feedback: Both metaphors attempt to capture the concept of depression as an obstacle, but they differ in their approach and effectiveness. Response A uses the imagery of a ""foggy mountain"" and a ""climb out of the fog"" to represent depression and progress, respectively. While this metaphor conveys the idea of a challenging journey, it does not explicitly capture the invisible weight aspect of the implicit meaning. The fog represents obscurity and difficulty, but it lacks the sense of being held back by a force. Response B, on the other hand, directly employs the image of a ""heavy anchor,"" which clearly symbolizes the invisible weight that prevents progress, aligning more closely with the implicit meaning. The anchor is a vivid and coherent representation of the burden of depression. In terms of imagery, Response B is more precise and imaginative in conveying the intended concept. [RESULT] B"
states are like links in a freedom chain.,communities are the cells of freedom's living organism.,B,"Feedback: Both metaphors attempt to convey the coexistence of different states within the broader concept of freedom, but they differ in their imagery and alignment with the implicit meaning. Response A uses the metaphor of ""links in a freedom chain,"" which effectively suggests interconnectedness and interdependence, aligning well with the idea of states coexisting within freedom. However, the imagery is somewhat generic and lacks the vividness of a living, dynamic system. Response B, on the other hand, compares communities to ""cells of freedom's living organism,"" which is highly imaginative and vivid, capturing the idea of coexistence within a larger, organic whole. While Response B focuses on communities rather than states, it still conveys the broader concept of interconnected parts within freedom more dynamically and coherently. Response B’s imagery is more original and aligns closely with the implicit meaning, making it the stronger metaphor. [RESULT] B"
the whiskey choked his words.,"his speech was whiskey-soaked, slurred and barely intelligible.",B,"Feedback: Both metaphors aim to convey the implicit meaning of drunken, slurred speech, but they differ in their approach and effectiveness. Response A, ""the whiskey choked his words,"" uses a more abstract and subtle imagery, suggesting that the whiskey is physically obstructing his speech. While it captures the idea of impaired speech, it lacks the vividness and directness needed to fully convey the slurred and barely intelligible nature of drunken speech. Response B, ""his speech was whiskey-soaked, slurred and barely intelligible,"" directly and vividly describes the effects of alcohol on speech, aligning closely with the implicit meaning. It provides a clearer and more detailed image, making it a more accurate and imaginative representation. Response B scores a 5 for being highly imaginative, vivid, and closely aligned with the implicit meaning, while Response A scores a 4 for aligning well but with less vivid imagery. [RESULT] B"
she balanced her positive and negative emotions.,her heart is a balanced scale.,B,"Feedback: Both responses aim to convey the idea of emotional balance, but they differ in their approach and effectiveness. Response A directly states the concept of balancing positive and negative emotions, which aligns with the implicit meaning but lacks imaginative imagery and feels more like a literal description than a metaphor. Response B, on the other hand, uses the vivid and coherent imagery of a balanced scale to represent the heart, which not only aligns closely with the implicit meaning but also adds a layer of creativity and depth. The metaphor in Response B is more imaginative and effectively conveys the intended concept, making it a clearer and more accurate representation. [RESULT] B"
in the spotlight,her eyes were the camera of her body.,B,"Feedback: Response A, ""in the spotlight,"" does not effectively capture the implicit meaning of vision as a collector and container of visual information. It lacks the imagery of containment and collection, instead focusing on attention or visibility, which is unrelated to the intended concept. Response B, ""her eyes were the camera of her body,"" aligns more closely with the implicit meaning by comparing the eyes to a camera, which inherently collects and stores visual information, mirroring the idea of vision as a container. The imagery in Response B is more vivid and coherent, directly relating to the concept of capturing and containing visual data. Therefore, Response B is a clearer, more accurate, and more imaginative representation of the original idea. [RESULT] B"
ideas are endless as the sky.,the team is a wellspring of endless innovative ideas.,B,"Feedback: Both metaphors aim to convey the concept of continuous and abundant creative output, but they differ in their approach and effectiveness. Response A, ""ideas are endless as the sky,"" uses a natural element (the sky) to symbolize endlessness, which is a common and somewhat generic metaphor. While it captures the idea of abundance, it lacks specificity and vividness in relating to creative output. Response B, ""the team is a wellspring of endless innovative ideas,"" directly ties the concept of endlessness to a source of creativity (a wellspring) and explicitly mentions ""innovative ideas,"" making it more specific and coherent with the implicit meaning. The imagery in Response B is more vivid and directly aligned with the intended concept, whereas Response A feels more abstract and less connected to the creative process. [RESULT] B"
a joyful heart that beat like a powerful gust of wind.,"she blossomed into a radiant, brilliant flower.",B,"Feedback: Both metaphors aim to capture the essence of rising happiness and radiant joy, but they differ in their approach and effectiveness. Response A uses the imagery of a ""joyful heart that beats like a powerful gust of wind,"" which conveys a sense of dynamic energy and vitality, aligning well with the idea of rising happiness. However, the metaphor is somewhat abstract and may not immediately evoke the radiance associated with joy. Response B, on the other hand, uses the imagery of ""blossoming into a radiant, brilliant flower,"" which directly and vividly captures both the growth (rising) and the brilliance (radiance) of joy. While both metaphors are imaginative, Response B more closely aligns with the implicit meaning in terms of clarity and coherence, effectively conveying both aspects of the intended concept. Response A, while energetic, is slightly less precise in capturing the radiant aspect. [RESULT] B"
her traits are like a family heirloom,she carries the weight of her ancestors in her genes.,B,"Feedback: Both metaphors aim to convey the idea that personal traits are inherited, but they differ in their approach and vividness. Response A, ""her traits are like a family heirloom,"" directly compares traits to precious objects passed down, aligning closely with the implicit meaning. The imagery is clear and coherent, though somewhat conventional. Response B, ""she carries the weight of her ancestors in her genes,"" introduces a more imaginative and vivid concept by personifying the inheritance as a physical and emotional burden, adding depth to the idea. While both capture the core meaning, Response B stands out for its originality and evocative imagery, making it a more compelling representation. [RESULT] B"
the academics waged war over competing theories.,she ran herself into a better situation.,A,"Feedback: Response A directly aligns with the implicit meaning by explicitly comparing academic debate to combat, using the vivid and coherent imagery of ""waged war over competing theories."" This metaphor effectively captures the intensity and adversarial nature of academic disputes, closely mirroring the intended concept. Response B, however, diverges significantly from the implicit meaning, as it focuses on personal improvement (""ran herself into a better situation"") rather than the combative nature of academic debate. While Response B is imaginative, it fails to convey the intended concept of academic debate as combat. Therefore, Response A is the clearer, more accurate, and more imaginative representation. [RESULT] A"
"our brain is a librarian, organizing sensory information.",our brain is a filter that refines the world.,B,"Feedback: Both metaphors aim to capture the brain's role in processing information, but they differ in their approach and effectiveness. Response A, ""our brain is a librarian,"" emphasizes organization and categorization, which aligns with the brain's function but does not explicitly convey the idea of selective filtering. The imagery is coherent but lacks the vividness and directness needed to fully capture the implicit meaning. Response B, ""our brain is a filter,"" directly addresses the selective processing aspect, using a clear and vivid metaphor that aligns closely with the implicit meaning. While both responses are coherent, Response B is more accurate and imaginative in representing the brain's filtering function. [RESULT] B"
a burning desire to perform a daily ritual.,his social media habit is an itch he can't scratch.,B,"Feedback: Both metaphors attempt to convey dependency, but they differ in their alignment with the implicit meaning of social media addiction as a medical condition requiring regular doses. Response A, ""a burning desire to perform a daily ritual,"" captures the idea of a regular habit but lacks the medical addiction connotation and vivid imagery of a compulsive need. It is more about passion than dependency. Response B, ""his social media habit is an itch he can't scratch,"" better aligns with the implicit meaning by emphasizing the compulsive, unrelenting nature of the habit, akin to an addiction. The imagery of an itch that cannot be satisfied is vivid and directly relates to the idea of needing regular doses to alleviate discomfort. While neither metaphor perfectly captures the medical addiction aspect, Response B is more imaginative and closer to the intended concept. [RESULT] B"
"like a river, his natural flow of development supports his growing abilities.",he was a seed growing into a flower.,A,"Feedback: Both metaphors aim to capture the concept of personal growth and development, but they differ in their approach and effectiveness. Response A, ""like a river, his natural flow of development supports his growing abilities,"" aligns closely with the implicit meaning by emphasizing the continuous and natural progression of growth, much like a river's steady flow. The imagery is vivid and coherent, effectively conveying the idea of uninterrupted development. Response B, ""he was a seed growing into a flower,"" while imaginative, focuses more on transformation from one state to another rather than the continuous flow of growth. It captures the idea of development but lacks the emphasis on the ongoing, fluid nature of the process. Therefore, Response A is a clearer and more accurate representation of the implicit meaning. [RESULT] A"
a branching tree with many leaves,each chance is a seed that grows into many opportunities.,B,"Feedback: Response A, ""a branching tree with many leaves,"" uses imagery of growth and expansion but lacks a direct connection to the removal of obstacles, which is central to the implicit meaning. It is somewhat vivid but does not clearly convey the concept of opportunities arising from the removal of barriers. Response B, ""each chance is a seed that grows into many opportunities,"" directly links the idea of chances (seeds) to the growth of opportunities, implicitly suggesting that obstacles must be removed for seeds to grow. This metaphor is more imaginative, vivid, and closely aligned with the implicit meaning, effectively conveying the intended concept. [RESULT] B"
his anger was a powder keg.,his anger was a volcano about to erupt.,B,"Feedback: Both metaphors effectively convey the implicit meaning of building anger reaching a dangerous breaking point, but they differ in their imagery and vividness. Response A, ""his anger was a powder keg,"" uses a concise and powerful image that directly evokes the idea of a sudden, explosive release, aligning closely with the implicit meaning. Response B, ""his anger was a volcano about to erupt,"" also captures the concept of pent-up anger but adds a layer of gradual buildup and inevitability, which enhances the vividness and coherence of the imagery. While both are strong, Response B provides a more dynamic and detailed representation of the anger's progression, making it slightly more imaginative and aligned with the implicit meaning. [RESULT] B"
,a skilled navigator who can chart a course through complex waters.,B,"Feedback: Response B effectively captures the implicit meaning of achieving mastery in logical thinking and problem-solving by using the metaphor of ""a skilled navigator who can chart a course through complex waters."" The imagery is vivid and coherent, drawing a clear parallel between navigating through challenging waters and solving complex problems with logical precision. It aligns closely with the intended concept, offering a clear and imaginative representation. Response A, being ""nan,"" does not provide any meaningful content to evaluate and thus fails to convey the implicit meaning in any way. [RESULT] B"
opportunities are a fork in the road.,life is a highway with many exits.,A,"Feedback: Both metaphors aim to convey the idea that opportunities offer different life paths, but they differ in their approach and effectiveness. Response A, ""opportunities are a fork in the road,"" directly links opportunities to a decision point, clearly emphasizing the choice aspect. However, the imagery is somewhat generic and lacks depth. Response B, ""life is a highway with many exits,"" captures the concept of multiple directions but shifts the focus to life as a whole rather than specifically opportunities. While it introduces a more dynamic and vivid image of a highway, it dilutes the direct connection to opportunities. Response A aligns more closely with the implicit meaning by directly addressing opportunities as the source of choices, whereas Response B is more imaginative but less precise in its focus. [RESULT] A"
she tackled the problem with methodical persistence.,she navigated the problem with a map and compass.,B,"Feedback: Both metaphors attempt to convey the idea of a frustrating, time-consuming problem-solving process, but they differ in their approach and effectiveness. Response A, ""she tackled the problem with methodical persistence,"" aligns well with the implicit meaning by emphasizing persistence and a systematic approach, though it lacks vivid imagery and could be more imaginative. Response B, ""she navigated the problem with a map and compass,"" introduces a more vivid and coherent image, clearly suggesting careful, deliberate effort akin to navigation, which closely mirrors the frustrating, time-consuming nature of the situation. While both responses capture the core idea, Response B excels in imagery and coherence, making it a clearer and more imaginative representation. [RESULT] B"
ideas need a guide and room to roam.,she was a seed that grew in the right direction.,B,"Feedback: Both metaphors attempt to convey the idea of nurturing freedom for growth, but they differ in their approach and alignment with the implicit meaning. Response A emphasizes the need for guidance and space, which partially aligns with the concept of nurturing freedom, but it lacks the vivid imagery and direct connection to growth that the implicit meaning requires. Response B, on the other hand, uses the vivid imagery of a seed growing in the right direction, which more directly and imaginatively captures the idea of nurturing freedom leading to positive development. While both responses have merit, Response B more closely aligns with the implicit meaning and uses more vivid and coherent imagery. [RESULT] B"
time is a river that carries us to new places.,life is a continuous river of change and evolution.,B,"Feedback: Both metaphors effectively convey the concept of constant change, but they differ in their focus and imagery. Response A emphasizes the idea of time as a force that moves us forward, capturing the transformative aspect of time but with a slightly more passive tone, as it focuses on being ""carried"" rather than the inherent change itself. Response B directly aligns with the implicit meaning by explicitly mentioning ""change and evolution,"" making it more vivid and precise in conveying the constant, unstoppable nature of time's impact. While both are coherent, Response B's imagery is more aligned with the intended concept and is more imaginative in its directness. [RESULT] B"
"time marches on, regardless of our wishes.",time is a relentless river.,B,"Feedback: Both metaphors attempt to convey the relentless nature of time, but they differ in their imagery and alignment with the implicit meaning. Response A, ""time marches on, regardless of our wishes,"" captures the idea of time's unstoppable progression but lacks the vivid imagery of consumption and pursuit present in the implicit meaning. It aligns well with the concept of time moving forward but does not fully embody the idea of time consuming everything in its path. Response B, ""time is a relentless river,"" more closely aligns with the implicit meaning by using the imagery of a river, which naturally evokes the idea of continuous flow and the power to carry or consume everything in its course. The river metaphor is more vivid and imaginative, effectively conveying the relentless pursuit and consumption aspect of time. While both responses are coherent, Response B better captures the intended concept with more precise and evocative imagery. [RESULT] B"
she adapted her theory to accommodate new scientific findings.,she ran herself into a better situation.,A,"Feedback: Response A directly relates to the adaptation and growth of ideas by using the phrase ""adapted her theory to accommodate new scientific findings,"" which aligns well with the implicit meaning of ideas changing and growing like living organisms. The imagery is clear and coherent, effectively conveying the concept of evolution and flexibility in thought. Response B, on the other hand, uses the metaphor ""ran herself into a better situation,"" which is less vivid and more abstract, focusing on personal improvement rather than the organic growth of ideas. While it implies progress, it does not capture the essence of ideas evolving like living organisms as closely as Response A. Therefore, Response A is more imaginative, accurate, and aligned with the implicit meaning. [RESULT] A"
humor heals emotional pain.,her humor was a balm for the soul.,B,"Feedback: Both responses aim to convey the implicit meaning of healing through humor, but they differ in their approach and effectiveness. Response A directly states ""humor heals emotional pain,"" which is straightforward and aligns with the implicit meaning but lacks vivid imagery and creativity. It feels more like a literal statement than a metaphor. Response B, ""her humor was a balm for the soul,"" uses a more imaginative and vivid metaphor by comparing humor to a balm, which effectively conveys the soothing and healing effect of humor on emotional pain. The imagery in Response B is more coherent and engaging, making it a clearer and more accurate representation of the original idea. [RESULT] B"
new creations are a diamond.,a new creation shines like a beacon in the night.,B,"Feedback: Response A, ""new creations are a diamond,"" captures the value and uniqueness of creative works but fails to convey the guidance and inspiration aspect of the implicit meaning. The imagery is somewhat vivid but lacks the dynamic element of providing direction in uncertainty. Response B, ""a new creation shines like a beacon in the night,"" effectively aligns with the implicit meaning by emphasizing the guiding and inspiring nature of creative works in dark or uncertain times. The imagery is more vivid and coherent, directly linking the creation to its role as a source of light and direction. While both responses use metaphorical language, Response B more accurately and imaginatively represents the intended concept. [RESULT] B"
happiness is a feeling of being in a better dimension.,her happiness filled her heart with sunshine.,B,"Feedback: Response A captures the implicit meaning of elevation by suggesting a ""better dimension,"" which aligns with the idea of feeling elevated, but it lacks vivid imagery and is somewhat abstract. Response B, on the other hand, uses the vivid imagery of ""sunshine"" to convey warmth and lightness, directly aligning with the implicit meaning of joy making people feel elevated and light. While both responses touch on the concept of elevation, Response B is more imaginative and coherent in its imagery, effectively conveying the intended concept. [RESULT] B"
systematic approach to problem-solving leads to progress,she ran herself into a better situation.,A,"Feedback: Response A (""systematic approach to problem-solving leads to progress"") aligns more closely with the implicit meaning of life requiring careful organization to overcome obstacles, as it emphasizes the structured and methodical nature of addressing challenges. However, it lacks vivid imagery and feels more like a direct statement than a metaphor, scoring it a 3. Response B (""she ran herself into a better situation"") introduces a more imaginative and vivid image, suggesting effort and movement toward improvement, but it does not explicitly convey the idea of careful organization or the messy nature of life, scoring it a 2. Response A better captures the intended concept, albeit in a less imaginative way. [RESULT] A"
external conditions are a storm brewing,the market is a stormy sea.,B,"Feedback: Both metaphors aim to convey instability and chaos, but they differ in their focus and imagery. Response A uses ""external conditions"" as a storm brewing, which aligns with the implicit meaning of economic instability but is somewhat generic and less vivid. Response B, on the other hand, directly equates ""the market"" to a stormy sea, providing a more specific and vivid image that closely mirrors the chaotic nature of economic conditions. While both responses capture the intended concept, Response B does so with greater clarity and imaginative precision. [RESULT] B"
properties are investor treasures.,a strong property portfolio attracts investment like a magnet.,B,"Feedback: Response A (""properties are investor treasures"") aligns somewhat with the implicit meaning by suggesting that properties are valuable to investors, but it lacks the vivid imagery and dynamic quality of attraction implied in the implicit meaning. It is more static and less imaginative. Response B (""a strong property portfolio attracts investment like a magnet"") captures the implicit meaning more effectively by using the metaphor of a magnet, which conveys a powerful, active pull on investment, aligning closely with the idea that properties have a strong attraction for money and investors. The imagery in Response B is more vivid and coherent, making it a clearer and more imaginative representation of the original idea. [RESULT] B"
environmental degradation is a delicate ecosystem under threat.,"[your metaphor here, 10 words maximum]",A,"Feedback: Response A uses the metaphor of a ""delicate ecosystem under threat"" to represent environmental degradation, which captures the vulnerability and interconnectedness of the environment but lacks the explicit destructive force and systematic spread implied in the reference. It aligns moderately with the meaning but falls short in vividness and specificity regarding pollution's destructive nature. Response B is not provided, so a direct comparison cannot be made. Based on the criteria and the information given, Response A scores a 3 for loosely reflecting the reference meaning with generic imagery. [RESULT] A"
antibiotics are a powerful force.,a potent sword against bacterial foes.,B,"Feedback: Response B (""a potent sword against bacterial foes"") better captures the implicit meaning of a powerful medical defense against disease compared to Response A (""antibiotics are a powerful force""). While both responses acknowledge the strength of antibiotics, Response B employs more vivid and coherent imagery by likening antibiotics to a sword, which directly evokes the idea of a defensive weapon against bacterial ""foes."" This metaphor aligns closely with the intended concept, making it clearer and more imaginative. Response A, though accurate, is more generic and lacks the specificity and imagery that Response B provides. [RESULT] B"
shared a soul,they were two hearts beating as one.,B,"Feedback: Both metaphors aim to convey the idea of two people sharing the same emotional state, but they differ in their approach and effectiveness. Response A, ""shared a soul,"" captures the depth and intimacy of emotional connection, implying a profound unity that goes beyond surface-level feelings. However, it is somewhat abstract and may not immediately evoke a vivid image of emotional synchrony. Response B, ""they were two hearts beating as one,"" uses a more concrete and universally recognized symbol of the heart to represent emotional unity, creating a vivid and coherent image that directly aligns with the implicit meaning. While both metaphors are imaginative, Response B more effectively conveys the intended concept through its clear and relatable imagery. [RESULT] B"
"their adherence to compliance standards was like a muscle, weakening.",efforts were hindered by the weight of red tape.,B,"Feedback: Both metaphors attempt to convey the implicit meaning of losing control over enforcing rules or regulations, but they do so with varying degrees of clarity and vividness. Response A uses the analogy of a weakening muscle to represent adherence to compliance standards, which somewhat captures the idea of diminishing strength or control. However, the imagery is not particularly vivid or imaginative, and the connection to the implicit meaning is somewhat indirect. Response B, on the other hand, employs the metaphor of ""the weight of red tape"" hindering efforts, which directly and vividly conveys the burden and obstruction associated with losing control over enforcing rules. The imagery in Response B is more coherent and aligns more closely with the implicit meaning, making it a clearer and more effective representation. [RESULT] B"
nurture our love like a delicate petal.,our relationship is a delicate flower that needs careful watering.,B,"Feedback: Both metaphors effectively convey the fragility of love and the need for gentle care, aligning closely with the implicit meaning. However, Response B (""our relationship is a delicate flower that needs careful watering"") is more comprehensive and vivid. It not only highlights the fragility (delicate flower) but also explicitly mentions the action required (careful watering), which enhances the coherence and clarity of the imagery. Response A (""nurture our love like a delicate petal"") captures the fragility but is less vivid and lacks the explicit action, making it slightly less effective in conveying the full concept. [RESULT] B"
he's got the info down pat,he is the book of the information.,B,"Feedback: Both metaphors aim to convey mastery over information, but they differ in their approach and effectiveness. Response A, ""he's got the info down pat,"" uses a colloquial phrase that implies familiarity and confidence with the information, but it lacks vivid imagery and does not fully capture the depth of ""complete mastery and control."" Response B, ""he is the book of the information,"" creates a more vivid and coherent image by personifying the individual as the source of knowledge, which aligns more closely with the implicit meaning of absolute authority and control over the information. While both responses reflect the intended concept, Response B does so with greater clarity and imaginative representation. [RESULT] B"
"time is a river, and each minute is a drop.",minutes are the pages of our life's story.,B,"Feedback: Both metaphors attempt to convey the idea that time is small and insignificant in the grand scheme of life, but they differ in their approach and effectiveness. Response A, ""time is a river, and each minute is a drop,"" uses a natural element (river) to represent time, emphasizing the continuous flow and the small, individual units (drops) that make it up. This metaphor aligns well with the implicit meaning, as it suggests that each minute is a tiny part of a larger, ongoing process. However, the imagery, while coherent, is somewhat generic and lacks the depth to fully capture the insignificance of time. Response B, ""minutes are the pages of our life's story,"" introduces a more personal and imaginative concept by comparing time to the pages of a book, implying that each minute is a fleeting moment in the narrative of life. This metaphor is more vivid and aligns closely with the implicit meaning, as it emphasizes the transient nature of time and its role in shaping our life story. Response B effectively conveys the intended concept with clearer and more imaginative imagery. [RESULT] B"
properties sway with the market like a pendulum.,a compass aligns with the north star of market trends.,A,"Feedback: Both metaphors attempt to capture the idea of real estate values responding to market forces, but they differ in their approach and effectiveness. Response A uses the image of a pendulum to convey fluctuation, which aligns with the rhythmic nature of sound waves in the implicit meaning. However, the imagery is somewhat generic and lacks the vividness needed to fully capture the concept. Response B, on the other hand, employs a compass aligning with the north star of market trends, which introduces a sense of direction and consistency, but it doesn't fully resonate with the rhythmic fluctuation implied in the reference. While both metaphors have their merits, Response A more closely aligns with the implicit meaning due to its focus on rhythmic movement, albeit with less imaginative imagery compared to what the rubric expects for a higher score. [RESULT] A"
the enigma of the problem lies within its most complex part.,the solution is like a pearl hidden within the oyster of complexity.,B,"Feedback: Both responses aim to convey the implicit meaning that the answer is hidden within a complex problem. Response A states that ""the enigma of the problem lies within its most complex part,"" which aligns with the implicit meaning but lacks vivid imagery and creativity, earning a score of 3. Response B, ""the solution is like a pearl hidden within the oyster of complexity,"" uses a more imaginative and coherent metaphor, effectively comparing the solution to a valuable pearl concealed within an oyster, which directly mirrors the implicit meaning. The imagery in Response B is vivid and original, earning a score of 5. While both responses capture the implicit meaning, Response B does so with greater creativity and clarity. [RESULT] B"
expensive burden slowly erodes investment returns,it's a leaky bucket with a hole in it.,B,"Feedback: Both metaphors aim to convey the concept of financial loss through poor investment, but they differ in their approach and effectiveness. Response A, ""expensive burden slowly erodes investment returns,"" directly addresses the financial aspect and the gradual nature of the loss, aligning well with the implicit meaning. However, it lacks vivid imagery and feels more like a literal description rather than a creative metaphor. Response B, ""it's a leaky bucket with a hole in it,"" uses a more imaginative and vivid image, effectively conveying the idea of continuous loss and inefficiency. The leaky bucket metaphor is coherent, easily understandable, and captures the essence of financial drain more creatively. While both responses reflect the implicit meaning, Response B excels in imagery and imaginative representation. [RESULT] B"
actions and choices craft a destiny.,our choices are the brushstrokes of life's canvas.,B,"Feedback: Both metaphors aim to convey the idea that individual choices contribute to a larger, meaningful pattern in life. Response A, ""actions and choices craft a destiny,"" aligns with the implicit meaning by suggesting that choices shape a predetermined outcome, but it lacks the vivid imagery and interconnectedness implied in the reference. Response B, ""our choices are the brushstrokes of life's canvas,"" more effectively captures the implicit meaning by using the metaphor of a canvas, which inherently implies interconnected elements forming a cohesive whole. The imagery of brushstrokes is vivid and coherent, emphasizing the cumulative and artistic nature of life's experiences. While both responses are relevant, Response B is more imaginative and aligns more closely with the intended concept. [RESULT] B"
inspiration is a diamond that creative work polishes.,she poured her ideas into a masterpiece.,B,"Feedback: Response A uses the metaphor of a diamond being polished to represent the transformation of inspiration into creative work, which aligns well with the implicit meaning of ideas becoming tangible. However, the imagery is somewhat abstract and less vivid, focusing more on the process of refinement rather than the tangible outcome. Response B, on the other hand, directly conveys the idea of ideas materializing into a masterpiece, offering a clearer and more vivid image of the creative process. While both metaphors capture the essence of the implicit meaning, Response B does so with greater clarity and immediacy. [RESULT] B"
opportunities start fresh daily,a new day is a blank canvas for endless opportunities.,B,"Feedback: Both metaphors aim to convey the idea that each day brings new opportunities, but they differ in their approach and effectiveness. Response A, ""opportunities start fresh daily,"" directly states the concept but lacks vivid imagery and creativity, making it more of a literal statement than a metaphor. It aligns with the implicit meaning but fails to engage the imagination. Response B, ""a new day is a blank canvas for endless opportunities,"" uses a more imaginative and vivid metaphor by comparing a new day to a blank canvas, which effectively conveys the idea of endless possibilities and aligns closely with the implicit meaning. The imagery in Response B is coherent and engaging, making it a clearer and more accurate representation of the original idea. [RESULT] B"
his happiness was a radiant sun.,he was walking on sunshine.,B,"Feedback: Both metaphors attempt to convey extreme happiness, but they differ in their approach and alignment with the implicit meaning. Response A, ""his happiness was a radiant sun,"" captures the intensity and warmth of happiness but lacks the sense of weightlessness and elevation. The imagery is vivid and coherent but does not fully align with the implicit meaning. Response B, ""he was walking on sunshine,"" more effectively conveys the feeling of being weightless and elevated, as walking on sunshine implies a sense of floating or being above the ground. While the imagery is somewhat cliché, it aligns more closely with the intended concept. Response B is more imaginative in capturing the weightless aspect, though it could be more original. [RESULT] B"
laughter eases the atmosphere.,emotions were a wild rollercoaster of ups and downs.,A,"Feedback: Response A (""laughter eases the atmosphere"") partially captures the implicit meaning by suggesting that laughter has a calming effect, but it lacks the vivid imagery and direct connection to stress relief that the implicit meaning (""laughter acts as medicine to relieve stress"") requires. Response B (""emotions were a wild rollercoaster of ups and downs"") introduces vivid imagery but diverges from the implicit meaning by focusing on emotional volatility rather than the therapeutic role of laughter. Neither metaphor fully aligns with the intended concept, but Response A is closer in meaning, albeit less imaginative. [RESULT] A"
a mosaic of memories that form a unique narrative.,life is a tapestry woven with countless threads of memory.,B,"Feedback: Both metaphors effectively convey the idea that life is composed of numerous experiences and memories. Response A uses the imagery of a ""mosaic of memories"" to suggest a unique narrative, which aligns well with the implicit meaning but is slightly less vivid and imaginative compared to Response B. Response B employs the metaphor of ""life as a tapestry woven with countless threads of memory,"" which is highly vivid and coherent, capturing the accumulation of experiences over time more imaginatively. While both are strong, Response B's imagery is more dynamic and aligns more closely with the implicit meaning, making it the clearer and more accurate representation. [RESULT] B"
small steps lead to big changes,"they climbed a staircase of progress, one step at a time.",B,"Feedback: Both metaphors convey the idea of progress occurring in stages, but they differ in their approach and vividness. Response A, ""small steps lead to big changes,"" directly emphasizes the cumulative effect of incremental actions, aligning well with the implicit meaning of sequential progress. However, it lacks the vivid imagery and narrative coherence that Response B offers. Response B, ""they climbed a staircase of progress, one step at a time,"" uses a more imaginative and coherent metaphor by likening progress to climbing a staircase, which inherently implies distinct, sequential stages. The imagery of a staircase is vivid and effectively conveys the concept of gradual, step-by-step advancement. While both responses capture the implicit meaning, Response B does so with greater clarity, coherence, and imaginative detail. [RESULT] B"
bustling city streets.,the city streets are a pulsating living creature.,B,"Feedback: Both responses aim to capture the implicit meaning of vibrant urban activity and constant movement, but they differ significantly in their approach and effectiveness. Response A, ""bustling city streets,"" directly describes the activity but lacks imaginative depth, relying on a straightforward and somewhat generic phrase. In contrast, Response B, ""the city streets are a pulsating living creature,"" employs a more vivid and creative metaphor by personifying the streets as a living entity, which enhances the imagery and aligns closely with the constant movement and vitality implied in the implicit meaning. Response B's use of ""pulsating"" and ""living creature"" creates a more dynamic and engaging representation, making it a clearer and more imaginative metaphor. [RESULT] B"
his happiness skyrocketed and carried him high.,he soared to new heights of happiness.,B,"Feedback: Both Response A and Response B effectively convey the feeling of elation and freedom, aligning closely with the implicit meaning. However, they differ in their imagery and coherence. Response A uses the metaphor of happiness ""skyrocketing"" and ""carrying him high,"" which vividly captures the idea of rapid ascent and being lifted, but it introduces an additional element of being carried that slightly dilutes the focus on personal freedom. Response B, on the other hand, uses the metaphor of ""soaring to new heights of happiness,"" which directly and coherently conveys both elation and the sense of freedom through the act of soaring. While both are imaginative, Response B’s imagery is more streamlined and directly tied to the implicit meaning without introducing extraneous elements. [RESULT] B"
navigating a minefield,he's walking on a tightrope without a safety net.,B,"Feedback: Both metaphors effectively convey the implicit meaning of navigating dangerous and unpredictable feelings, but they differ in their imagery and specificity. Response A, ""navigating a minefield,"" captures the unpredictability and high-stakes nature of the situation, emphasizing the constant threat of danger. Response B, ""he's walking on a tightrope without a safety net,"" highlights the precarious balance and lack of support, focusing more on the risk of falling. While both are vivid and coherent, Response B more closely aligns with the emotional vulnerability and lack of safety implied in the implicit meaning, making it a clearer and more imaginative representation. [RESULT] B"
ideas are like a river that can be continuously renewed.,the project was a garden that grew and bloomed over time.,B,"Feedback: Both metaphors aim to convey the concept of continuous growth and renewal, but they differ in their imagery and alignment with the implicit meaning. Response A, ""ideas are like a river that can be continuously renewed,"" effectively captures the idea of continuous renewal, as rivers are naturally associated with flowing and replenishing water. However, it lacks the explicit imagery of growth and production of new solutions. Response B, ""the project was a garden that grew and bloomed over time,"" vividly portrays growth and development, aligning well with the production of new solutions, as gardens naturally grow and produce flowers or fruits. While both metaphors are coherent, Response B more comprehensively captures the implicit meaning by explicitly including both growth and the generation of new outcomes. Response A is slightly less vivid in conveying the full scope of the intended concept. [RESULT] B"
she sprinted for success.,she was a passionate fire.,B,"Feedback: Response A (""she sprinted for success"") captures the idea of striving for success but lacks the depth and vividness needed to convey desperate eagerness. It aligns moderately with the implicit meaning but uses generic imagery, earning a score of 3. Response B (""she was a passionate fire"") employs more imaginative and vivid imagery, effectively conveying intensity and urgency, which closely aligns with the desperate eagerness to succeed. It scores a 5 for its clarity, originality, and alignment with the implicit meaning. The key difference lies in the imagery: Response A is straightforward but lacks emotional depth, while Response B uses a powerful metaphor to evoke the intended desperation and passion. [RESULT] B"
properties are like a blueprint for their worth and potential.,"her net worth was a sturdy, intricately woven web of investments.",B,"Feedback: Response A uses a blueprint metaphor, which conveys organization and structure but lacks the vividness and specificity of the implicit meaning's crystal analogy. It aligns moderately with the concept of clear value but does not capture the intricate, investment-focused aspect. Response B, with its ""sturdy, intricately woven web of investments,"" more closely aligns with the implicit meaning by emphasizing both the structured and complex nature of real estate investments, akin to the clarity and value of crystals. While neither fully captures the crystal imagery, Response B is more imaginative and coherent in representing the intended concept. [RESULT] B"
"responsibilities are a heavy burden, but fulfillment is the key to freedom.",her decisions were the stepping stones to her future.,A,"Feedback: Response A uses the imagery of a ""heavy burden"" and ""freedom"" to convey the idea of being weighed down, which partially aligns with the implicit meaning of material possessions restricting freedom. However, it focuses more on responsibilities rather than material possessions, making it less precise. Response B, on the other hand, uses ""stepping stones"" to suggest progress and movement, which does not align with the implicit meaning of restriction and being tied down. Neither metaphor fully captures the intended concept, but Response A is closer in meaning despite its generic imagery. Response B is more imaginative but completely misses the mark on the implicit meaning. [RESULT] A"
a storm of problems with far-reaching consequences,life is a puzzle with a million moving pieces.,A,"Feedback: Response A uses a storm metaphor to convey chaos and far-reaching consequences, which aligns well with the implicit meaning of problems that chaotically move and persist without resolution. The imagery of a storm is vivid and effectively captures the idea of overwhelming and persistent issues. Response B, however, uses a puzzle metaphor, which emphasizes complexity and the need for resolution but does not inherently convey the chaotic, persistent, or unresolved nature of the problems. While both metaphors are imaginative, Response A more closely aligns with the implicit meaning in terms of tone and imagery, capturing the chaotic and unrelenting aspect of the problems. Response B, while creative, is less precise in reflecting the intended concept. [RESULT] A"
education is the foundation of social progress.,education is the foundation for a strong social structure.,B,"Feedback: Both Response A and Response B effectively convey the implicit meaning that education provides essential support and structure to society. However, they differ in their imagery and specificity. Response A uses ""social progress,"" which is more abstract and focuses on the advancement of society over time, aligning well with the idea of education as a foundational element. Response B, on the other hand, uses ""strong social structure,"" which is more concrete and emphasizes the stability and robustness of society, directly mirroring the concept of essential support. While both metaphors are coherent and relevant, Response B’s imagery is slightly more vivid and precise in capturing the structural aspect of the implicit meaning. [RESULT] B"
her joy was a lightning bolt.,her smile bloomed like a flower in spring.,A,"Feedback: Both metaphors attempt to capture the fleeting nature of joy, but they differ in their approach and effectiveness. Response A, ""her joy was a lightning bolt,"" emphasizes the sudden and intense nature of joy, aligning well with the uncontrollable aspect of the implicit meaning. However, it lacks the imagery of disappearance, as lightning is more about impact than vanishing. Response B, ""her smile bloomed like a flower in spring,"" conveys a sense of beauty and growth but does not strongly emphasize the fleeting or uncontrollable nature of joy. Instead, it suggests a more lasting and controlled expression. Response A is more vivid and closer to the implicit meaning, despite not fully capturing the disappearance aspect, while Response B is more imaginative but less aligned with the intended concept. [RESULT] A"
obligations are a shackle that complicates and restricts my life.,she's a bird in a gilded cage.,B,"Feedback: Both metaphors aim to convey the idea that material possessions or obligations can be restrictive, but they differ in their approach and effectiveness. Response A directly equates obligations to shackles, which clearly conveys restriction but lacks the nuanced imagery of material wealth. Response B uses the metaphor of a bird in a gilded cage, which vividly captures the idea of being trapped despite outward appearances of luxury, aligning closely with the implicit meaning of material possessions being burdensome. While both are coherent, Response B is more imaginative and accurately reflects the intended concept by incorporating the duality of appearance versus reality. [RESULT] B"
workload is a mountain of tasks.,the workload is a snowball rolling down a hill.,B,"Feedback: Both metaphors attempt to convey the idea of a workload becoming increasingly unmanageable, but they differ in their approach and effectiveness. Response A, ""workload is a mountain of tasks,"" captures the overwhelming nature of the workload but lacks the dynamic aspect of the implicit meaning, which emphasizes growth and loss of control over time. The imagery is static and does not convey the progression of the situation. Response B, ""the workload is a snowball rolling down a hill,"" more accurately reflects the implicit meaning by illustrating a process that starts small but grows uncontrollably and accelerates, mirroring the idea of a workload becoming increasingly out of control. The imagery in Response B is more vivid and dynamic, effectively conveying the intended concept. [RESULT] B"
contentment is a steady hand on a balanced mind.,a calm sea is a balanced ship.,A,"Feedback: Both metaphors aim to convey the idea of peace and balance in emotions, but they differ in their approach and effectiveness. Response A, ""contentment is a steady hand on a balanced mind,"" directly links the concept of contentment to the stability and control of a steady hand, creating a vivid and coherent image that aligns closely with the implicit meaning. The metaphor effectively conveys the idea of emotional balance through the physical imagery of a steady hand, earning a score of 5. Response B, ""a calm sea is a balanced ship,"" uses a natural phenomenon (calm sea) to represent emotional peace, but the connection to the implicit meaning is less direct. While the imagery is vivid, the metaphor focuses more on external conditions (calm sea) rather than the internal state of balance, making it slightly less aligned with the intended concept, earning a score of 4. [RESULT] A"
drunkenness is a ball and chain.,a heavy weight on my shoulders.,B,"Feedback: Both metaphors attempt to convey the burden of intoxication, but they differ in their approach and effectiveness. Response A, ""drunkenness is a ball and chain,"" uses the imagery of a physical restraint, which aligns with the idea of being weighed down, but it leans more toward the concept of restriction and loss of freedom rather than the physical and mental weight. Response B, ""a heavy weight on my shoulders,"" directly captures the physical and mental burden, providing a clearer and more vivid representation of the implicit meaning. While both metaphors are coherent, Response B more accurately and imaginatively conveys the intended concept by focusing on the weight, which is a central aspect of the implicit meaning. [RESULT] B"
they were inseparable.,two souls were bound by an unbreakable rope.,B,"Feedback: Both responses aim to convey the implicit meaning of a close emotional connection and physical proximity, but they differ significantly in their approach and effectiveness. Response A, ""they were inseparable,"" is straightforward and literal, lacking the imaginative and vivid imagery required to fully capture the depth of the implicit meaning. It aligns with the concept but does not enhance it with creative or evocative language, earning a score of 3. In contrast, Response B, ""two souls were bound by an unbreakable rope,"" employs a metaphor that is both imaginative and vivid, effectively conveying the unyielding emotional bond and physical closeness. The imagery of an unbreakable rope clearly aligns with the implicit meaning, enhancing the concept with a coherent and compelling representation, earning a score of 5. [RESULT] B"
"her happiness was a warm, peaceful garden.",happiness is a ray of sunshine.,A,"Feedback: Both metaphors aim to capture the essence of joy, but they differ in their approach and effectiveness. Response A, ""her happiness was a warm, peaceful garden,"" evokes a sense of tranquility and warmth, aligning with the ""warm"" aspect of the implicit meaning. However, it lacks the ""bright"" and ""radiant"" elements, focusing more on serenity than vibrancy. Response B, ""happiness is a ray of sunshine,"" directly captures the ""bright"" and ""radiant"" qualities, but it misses the ""warm"" and ""peaceful"" nuances present in the implicit meaning. Response A uses more vivid and coherent imagery, creating a detailed mental picture, while Response B is more straightforward but less imaginative. Overall, Response A better aligns with the implicit meaning by incorporating warmth and peace, though it falls short on brightness and radiance. Response B captures brightness and radiance but lacks depth. [RESULT] A"
his optimistic attitude is a booster that fuels motivation and energy in others.,a ray of sunshine in a dark room.,B,"Feedback: Both metaphors aim to convey the uplifting and energizing influence on others, but they differ in their approach and vividness. Response A uses the imagery of a ""booster that fuels motivation and energy,"" which directly aligns with the implicit meaning by emphasizing the active and empowering effect on others. The metaphor is coherent and clearly conveys the intended concept, though it is somewhat straightforward and lacks imaginative flair. Response B, on the other hand, uses ""a ray of sunshine in a dark room,"" which is highly vivid and imaginative, creating a strong visual contrast that effectively symbolizes hope and illumination. However, it is slightly less direct in conveying the energizing aspect compared to Response A. While both metaphors are effective, Response B stands out for its imaginative and vivid imagery, even if it is slightly less precise in capturing the energizing influence. [RESULT] B"
every obligation is a weight on my shoulders.,each task adds a weight to my plate.,A,"Feedback: Both metaphors attempt to convey the burden of obligations, but they differ in their alignment with the implicit meaning of material possessions weighing one down mentally and physically. Response A, ""every obligation is a weight on my shoulders,"" uses a physical metaphor that directly relates to the sensation of being weighed down, which aligns well with the mental and physical burden implied in the implicit meaning. The imagery is vivid and coherent, effectively conveying the intended concept. Response B, ""each task adds a weight to my plate,"" introduces a mixed metaphor by combining the idea of a plate (often associated with tasks or responsibilities) with the concept of weight. While it captures the accumulation of burdens, it does not as clearly evoke the physical and mental weight associated with material possessions. Response A more closely aligns with the implicit meaning and uses more coherent imagery. [RESULT] A"
they bridged the gap.,"they became a single flame, burning brighter together.",B,"Feedback: Response A (""they bridged the gap"") captures the idea of overcoming barriers but lacks the vividness and emotional depth required to convey intense romantic attraction. It is a straightforward and somewhat generic metaphor that aligns loosely with the implicit meaning, earning a score of 3. Response B (""they became a single flame, burning brighter together"") is highly imaginative and vivid, effectively conveying the intensity and unity of romantic attraction. It aligns closely with the implicit meaning, using coherent and evocative imagery, earning a score of 5. The key difference lies in how Response B elevates the concept with richer, more emotional imagery, while Response A remains functional but uninspired. [RESULT] B"
he's a lion on the hunt.,he's a dog chasing multiple tails while keeping the pack at bay.,B,"Feedback: Response A captures the aggressive aspect of the implicit meaning well, likening the person to a lion on the hunt, which conveys focus and predatory behavior. However, it lacks the territorial or protective nuance explicitly mentioned in the implicit meaning. Response B, while more complex, introduces the idea of ""chasing multiple tails"" and ""keeping the pack at bay,"" which better reflects the protective and territorial aspects of the implicit meaning. The imagery in Response B is more vivid and multifaceted, though it risks being slightly confusing due to its complexity. Response A is simpler and clearer but less comprehensive. Response B aligns more closely with the implicit meaning due to its inclusion of protective and territorial elements, despite its potential for confusion. [RESULT] B"
"she is my precious gem, and i guard her carefully.",he's the rock that anchors my life.,B,"Feedback: Both metaphors aim to convey deep love and protection, but they differ in their imagery and alignment with the implicit meaning. Response A uses the metaphor of a ""precious gem,"" which effectively captures the idea of something valuable and cherished, aligning well with the concept of deep love. However, the imagery of guarding a gem, while protective, is somewhat static and lacks the dynamic sense of stability and grounding. Response B, on the other hand, uses the metaphor of a ""rock that anchors my life,"" which vividly conveys both the stability and the essential role the person plays in the speaker's life, aligning closely with the implicit meaning of deep love and protection. The imagery in Response B is more coherent and imaginative, providing a clearer and more accurate representation of the intended concept. [RESULT] B"
he stockpiled persuasive statements for the upcoming debate.,he gathered a treasure trove of persuasive arguments.,B,"Feedback: Both responses attempt to convey the implicit meaning of words as weapons or ammunition, but they differ in their imagery and alignment with the intended concept. Response A uses the phrase ""stockpiled persuasive statements,"" which somewhat aligns with the idea of collecting ammunition but lacks the vividness and imaginative quality of a treasure trove. Response B, with ""gathered a treasure trove of persuasive arguments,"" more effectively captures the imagery of collecting valuable resources for battle, making it a clearer and more imaginative representation. While both responses reflect the implicit meaning, Response B does so with more vivid and coherent imagery. [RESULT] B"
she ran the race of success.,she was a river flowing toward her dreams.,B,"Feedback: Both metaphors attempt to convey progress towards success, but they differ significantly in their alignment with the implicit meaning of ""joyful progress."" Response A, ""she ran the race of success,"" captures the idea of striving for success but lacks the joyful, fluid, and natural progression implied in the reference. The imagery of a race suggests effort and competition, which is coherent but not particularly imaginative or aligned with the joyful tone. Response B, ""she was a river flowing toward her dreams,"" more effectively conveys the implicit meaning by using the imagery of a river, which suggests a natural, continuous, and joyful movement toward a goal. The river metaphor is more vivid and imaginative, aligning closely with the joyful and effortless progress intended. While both responses are coherent, Response B better captures the intended concept with more vivid and fitting imagery. [RESULT] B"
time is relentless.,time is a river that flows toward us.,B,"Feedback: Response B (""time is a river that flows toward us"") better captures the implicit meaning of time being inevitable and piercing compared to Response A (""time is relentless""). While both responses convey inevitability, Response B uses the vivid imagery of a flowing river, which not only emphasizes the unstoppable nature of time but also introduces a sense of movement and directionality, aligning more closely with the ""piercing"" aspect of the implicit meaning. Response A, though concise, lacks the imaginative and coherent imagery that Response B provides, making it less effective in conveying the full depth of the intended concept. [RESULT] B"
leadership decisions were a roadmap that directly helped the team overcome difficulties.,they were the ship that navigated through industry waters.,A,"Feedback: Both metaphors aim to convey the idea of guiding through difficulties, but they differ in their approach and effectiveness. Response A uses the metaphor of a ""roadmap,"" which directly aligns with the concept of providing direction and purpose, clearly reflecting the implicit meaning. The imagery is coherent and straightforward, making it easy to understand. Response B, on the other hand, uses the metaphor of a ""ship navigating through industry waters,"" which introduces the idea of navigating through challenges but is less direct in conveying the aspect of guiding with purpose. While it is imaginative and vivid, it slightly diverges from the implicit meaning by focusing more on the act of navigation rather than the provision of direction. Response A more closely aligns with the implicit meaning and does so with clear and coherent imagery. [RESULT] A"
trapped in a nightmare,he's in a cage he can't escape from.,B,"Feedback: Both metaphors aim to convey the feeling of being trapped and controlled, but they differ in their approach and vividness. Response A, ""trapped in a nightmare,"" uses a more abstract and emotional imagery, which aligns with the psychological and emotional aspects of abusive relationships. However, it is less specific about the nature of the confinement compared to Response B. Response B, ""he's in a cage he can't escape from,"" provides a more concrete and vivid image of physical and tangible confinement, directly mirroring the concept of being controlled and confined. While both metaphors are effective, Response B more closely aligns with the implicit meaning by offering a clearer and more tangible representation of the situation. [RESULT] B"
she yearned for love like a fish craves water.,she was a flower that bloomed in the simple things.,A,"Feedback: Response A directly conveys the desperate need for emotional connection and love by comparing it to a fish's vital need for water, which is vivid and aligns closely with the implicit meaning. Response B, while imaginative, focuses on finding joy in simplicity rather than a desperate need, thus diverging from the intended concept. Response A uses more coherent and relevant imagery to capture the implicit meaning. [RESULT] A"
brainstorming session,the ideas flowed freely in the meeting room.,B,"Feedback: Response A (""brainstorming session"") loosely reflects the implicit meaning by implying a process of generating ideas, but it lacks the physicality and vivid imagery of ideas as tangible objects being thrown and caught. Response B (""the ideas flowed freely in the meeting room"") better captures the implicit meaning by using the metaphor of ""flow,"" which suggests movement and fluidity, aligning more closely with the idea of physical objects in motion. However, neither fully embodies the imagery of throwing and catching. Response B is more vivid and coherent in conveying the concept of ideas as dynamic entities, though it still falls short of the precise physical interaction implied. [RESULT] B"
cultural centers and community gathering places are the lifeblood of the community.,a cultural center is a pulsing heart of a community.,B,"Feedback: Both responses aim to convey the implicit meaning of society functioning like a living organism, but they differ in their approach and effectiveness. Response A uses a broader analogy, comparing cultural centers and community gathering places to the ""lifeblood"" of the community, which captures the idea of interconnectedness but lacks the vivid imagery and specificity of a living organism's vital organ. Response B, on the other hand, directly likens a cultural center to the ""pulsing heart"" of a community, creating a more vivid and coherent image that aligns closely with the implicit meaning. The heart metaphor in Response B is more imaginative and accurately reflects the central, life-sustaining role of a cultural center within the community, mirroring the function of a heart in a living organism. [RESULT] B"
darkness settled in like a stone.,"darkness fell like a heavy blanket, suffocating all in its path.",B,"Feedback: Both metaphors attempt to convey the sudden and oppressive nature of darkness, but they differ in their imagery and alignment with the implicit meaning. Response A, ""darkness settled in like a stone,"" captures a sense of stillness and weight but lacks the vividness and immediacy of danger. The imagery of a stone settling is somewhat static and does not fully convey the suffocating or cold aspect of the darkness. Response B, ""darkness fell like a heavy blanket, suffocating all in its path,"" more effectively aligns with the implicit meaning by using the vivid imagery of a heavy blanket to convey both the sudden and oppressive nature of the darkness, as well as its suffocating and cold qualities. The added detail of ""suffocating all in its path"" enhances the sense of danger and immediacy, making it a clearer and more imaginative representation of the original idea. [RESULT] B"
sunlight filtered through the gaps in the tree leaves.,sunlight filtering through leaves is like a painter's gentle brush.,B,"Feedback: Both responses aim to convey the implicit meaning of gentle and gradual illumination, but they differ in their approach and effectiveness. Response A, ""sunlight filtered through the gaps in the tree leaves,"" directly describes the phenomenon but lacks imaginative comparison, resulting in a more literal and less vivid depiction. Response B, ""sunlight filtering through leaves is like a painter's gentle brush,"" introduces a creative analogy that enhances the imagery and aligns closely with the gentle and gradual nature of illumination, making it more vivid and coherent. While both capture the meaning, Response B does so with greater creativity and clarity. [RESULT] B"
the body is a sanctuary.,the body is a safe haven for our inner treasures.,B,"Feedback: Both metaphors aim to convey the idea that the body is a protective space for one's essence, but they differ in their approach and vividness. Response A, ""the body is a sanctuary,"" aligns well with the implicit meaning, suggesting a sacred and protected space, but it lacks the specificity and imagery of Response B. Response B, ""the body is a safe haven for our inner treasures,"" enhances the imagery by explicitly mentioning ""inner treasures,"" which more directly connects to the soul and essence, making it more vivid and aligned with the implicit meaning. While both are coherent, Response B is more imaginative and precise in capturing the intended concept. [RESULT] B"
"research outcomes can be like a surprise party, with unexpected guests and decorations. (10 words)",business success is a marathon with many hurdles.,A,"Feedback: Response A uses the metaphor of a ""surprise party"" to convey the idea of unexpected outcomes, which somewhat aligns with the implicit meaning of reality disappointing expectations. However, the imagery is not particularly vivid or imaginative, and the connection to the implicit meaning is somewhat loose. Response B, on the other hand, uses the metaphor of a ""marathon with many hurdles"" to convey the idea of challenges and perseverance in achieving success, which does not directly align with the implicit meaning of reality disappointing expectations. Both metaphors have their shortcomings, but Response A is closer to capturing the intended concept, albeit weakly. [RESULT] A"
green-eyed monster shattered their bond.,a toxic cancer to their relationship.,A,"Feedback: Both metaphors attempt to convey the destructive nature of jealousy, but they differ in their approach and effectiveness. Response A, ""green-eyed monster shattered their bond,"" directly references the traditional metaphor for jealousy (""green-eyed monster""), which aligns well with the implicit meaning. The imagery is vivid and coherent, clearly depicting jealousy as a destructive force. Response B, ""a toxic cancer to their relationship,"" uses a different metaphor, comparing jealousy to cancer, which is also destructive but less directly tied to the traditional imagery of jealousy. While both metaphors are coherent, Response A is more imaginative and closely aligned with the implicit meaning due to its use of a well-established metaphor for jealousy. Response B, though effective, is slightly less vivid and original in its imagery. [RESULT] A"
a wellspring of knowledge,a light bulb in his mind was always lit.,A,"Feedback: Both metaphors aim to convey the implicit meaning of an abundant and continuous flow of ideas and wisdom, but they differ in their approach and effectiveness. Response A, ""a wellspring of knowledge,"" uses a natural, flowing imagery that directly aligns with the idea of abundance and continuity, as a wellspring suggests a constant and plentiful source. This metaphor is vivid and coherent, capturing both the quantity and the unending nature of the knowledge. Response B, ""a light bulb in his mind was always lit,"" focuses more on the constant presence of ideas (the lit light bulb) but lacks the imagery of abundance and flow. While it conveys continuity, it does not as effectively capture the concept of a vast, unending supply of wisdom. Response A is more imaginative and aligns more closely with the implicit meaning in both meaning and tone. [RESULT] A"
cryptocurrency investments are a minefield.,a ship of cryptocurrency investments that exposes its weak spots in treacherous waters.,B,"Feedback: Both metaphors aim to convey the idea of financial vulnerability, but they differ in their approach and effectiveness. Response A, ""cryptocurrency investments are a minefield,"" directly implies danger and unpredictability, aligning with the concept of vulnerability. However, it lacks the element of transparency of losses, as a minefield does not inherently suggest exposure or visibility of risks. Response B, ""a ship of cryptocurrency investments that exposes its weak spots in treacherous waters,"" more vividly captures both vulnerability and transparency. The imagery of a ship in treacherous waters highlights the risks, while ""exposing weak spots"" directly addresses the transparency of losses. Response B is more imaginative and coherent in conveying the implicit meaning, while Response A is more straightforward but less comprehensive. [RESULT] B"
bond grew.,she ran herself into a better situation.,A,"Feedback: Response A (""bond grew"") directly reflects the implicit meaning of growing love and emotional connection between two people, using a clear and straightforward metaphor that aligns closely with the intended concept. However, it lacks vivid imagery and originality, making it somewhat generic. Response B (""she ran herself into a better situation"") introduces a more imaginative and dynamic image, suggesting effort and movement toward improvement, but it diverges from the specific emotional connection implied in the implicit meaning, focusing more on personal progress than relational growth. While Response B is more vivid, it fails to capture the core idea as accurately as Response A. [RESULT] A"
"her anger was a storm that raged, a magnet that attracted, and a virus that infected.",her anger was a storm that engulfed everyone around her.,B,"Feedback: Both responses attempt to convey the implicit meaning of a powerful and inescapable influence, but they differ in their approach and effectiveness. Response A uses a series of metaphors (""a storm that raged, a magnet that attracted, and a virus that infected"") to emphasize the multifaceted nature of anger's influence, which partially captures the idea of power and inescapability. However, the imagery is somewhat mixed and less focused, diluting the clarity and coherence. Response B, on the other hand, uses a single, vivid metaphor (""a storm that engulfed everyone around her"") that directly and clearly conveys the overwhelming and inescapable nature of her anger. It is more coherent and aligns more closely with the implicit meaning by maintaining a strong, singular image that effectively communicates the intended concept. Response B’s imagery is also more vivid and imaginative, making it a clearer and more accurate representation. [RESULT] B"
love is a significant journey with challenges.,love is a journey of messy beauty.,B,"Feedback: Both responses attempt to capture the implicit meaning of love as a rewarding journey, but they differ in their emphasis and imagery. Response A highlights the challenges of the journey, which aligns with the idea that love takes time but is rewarding, yet it lacks the vividness and emotional depth of the implicit meaning. Response B, on the other hand, introduces the concept of ""messy beauty,"" which more closely captures the idea of love being both beautiful and complex, aligning well with the implicit meaning. While both responses are coherent, Response B is more imaginative and vivid, effectively conveying the intended concept of love as a beautiful yet intricate journey. [RESULT] B"
"obligations are a heavy burden, but progress is a dream.",her responsibilities were a weight that anchored her in place.,B,"Feedback: Both metaphors attempt to convey the struggle against responsibilities, but they differ in their approach and effectiveness. Response A uses contrasting elements (""heavy burden"" vs. ""dream"") to highlight the dichotomy between obligations and progress, yet it fails to fully capture the overwhelming resistance implied in the implicit meaning. The imagery is somewhat vivid but lacks the specificity needed to align closely with the intended concept. Response B, on the other hand, employs the metaphor of a ""weight that anchored her in place,"" which more directly and vividly conveys the idea of being immobilized by responsibilities. This imagery is coherent, specific, and aligns closely with the implicit meaning of overwhelming resistance. While both responses have merit, Response B is more effective in capturing the intended concept with clearer and more imaginative imagery. [RESULT] B"
"she influences others with her wisdom, like a mentor guiding a student.",she is a treasure trove of wisdom.,A,"Feedback: Response A more closely aligns with the implicit meaning of enlightening and illuminating others with wisdom by explicitly depicting the act of guidance, akin to a mentor influencing a student. This metaphor is vivid and coherent, effectively conveying the intended concept of imparting wisdom. Response B, while imaginative, focuses on the possession of wisdom (""treasure trove"") rather than the act of sharing or enlightening others, making it less aligned with the implicit meaning. Response A’s imagery is more dynamic and directly captures the interaction of wisdom transfer, whereas Response B’s imagery is static and less action-oriented. [RESULT] A"
he's starving for love at first sight.,a man possessed by a beast of desire.,B,"Feedback: Both metaphors attempt to convey a strong desire for love, but they differ in their approach and alignment with the implicit meaning. Response A, ""he's starving for love at first sight,"" captures the desperation aspect of the implicit meaning through the imagery of starvation, which is vivid and relatable. However, it lacks the aggressiveness implied in the original idea, focusing more on the intensity of longing rather than the forceful nature of the desire. Response B, ""a man possessed by a beast of desire,"" more accurately reflects both the desperation and aggressiveness, using the imagery of possession and a beast to convey a powerful, uncontrollable urge. The metaphor in Response B is more imaginative and aligns closely with the implicit meaning in both tone and concept, effectively capturing the dual nature of desperate and aggressive desire. [RESULT] B"
she protected her psychological well-being like a precious gem.,she weaves a tapestry of self-care.,A,"Feedback: Response A captures the implicit meaning more directly by emphasizing the fragility and value of psychological well-being, akin to a precious gem that requires protection. The imagery is vivid and coherent, aligning well with the idea of constant effort to maintain stability. Response B, while imaginative, focuses more on the creative and ongoing nature of self-care (weaving a tapestry) but lacks the explicit precariousness and fragility implied in the implicit meaning. Both metaphors are coherent, but Response A more accurately conveys the intended concept of precariousness and constant effort. [RESULT] A"
obligations cast a shadow over happiness and peace of mind.,my responsibilities loom over me like a dark cloud.,B,"Feedback: Both metaphors attempt to convey a sense of burden, but they differ in their alignment with the implicit meaning of material belongings causing emotional burden and depression. Response A uses ""obligations"" and ""shadow,"" which metaphorically suggest a looming presence but do not directly link to material belongings. The imagery is coherent but lacks specificity to the implicit meaning. Response B, however, uses ""responsibilities"" and ""dark cloud,"" which more vividly and directly evoke the emotional weight, though it still does not explicitly tie to material belongings. Response B’s imagery is slightly more vivid and coherent in conveying a sense of oppression, but neither fully captures the implicit meaning. [RESULT] B"
alcohol clouded his thinking and mental clarity.,"his mind was a foggy, drunken haze.",B,"Feedback: Both responses aim to convey the implicit meaning of mental burden and loss of clarity due to alcohol, but they differ in their approach and effectiveness. Response A directly states that ""alcohol clouded his thinking and mental clarity,"" which is straightforward and aligns well with the implicit meaning, though it lacks imaginative or vivid imagery, earning it a score of 3. Response B, on the other hand, uses the metaphor ""his mind was a foggy, drunken haze,"" which is more vivid and imaginative, effectively capturing the disorientation and lack of clarity associated with alcohol. This metaphor aligns closely with the implicit meaning and uses coherent, evocative imagery, earning it a score of 5. [RESULT] B"
love-struck rollercoaster,a stormy sea of emotions.,B,"Feedback: Both metaphors aim to capture the implicit meaning of a disturbed and troubled relationship, but they do so with varying degrees of vividness and coherence. Response A, ""love-struck rollercoaster,"" conveys the idea of intense emotional highs and lows, which aligns with the concept of a troubled relationship. However, the term ""love-struck"" suggests a more positive or infatuated aspect, which slightly detracts from the disturbed tone of the implicit meaning. The imagery is vivid but not entirely coherent with the troubled aspect. Response B, ""a stormy sea of emotions,"" more directly and vividly captures the turbulence and distress inherent in a disturbed relationship. The stormy sea imagery is highly imaginative and aligns closely with the implicit meaning, effectively conveying the intended concept of turmoil and instability. While both metaphors have merit, Response B more accurately and vividly represents the original idea. [RESULT] B"
rising like a phoenix from the ashes of difficult times.,she ran herself into a better situation.,A,"Feedback: Response A, ""rising like a phoenix from the ashes of difficult times,"" aligns closely with the implicit meaning of transformation and growth after a difficult journey. The imagery is vivid and highly imaginative, drawing on the well-known myth of the phoenix to convey rebirth and resilience. It effectively captures the concept of emerging stronger from adversity. Response B, ""she ran herself into a better situation,"" while suggesting improvement, lacks the depth and transformative imagery of Response A. It implies effort leading to a better outcome but does not convey the same level of profound change or the struggle inherent in the journey. Response A is more coherent, imaginative, and accurate in representing the original idea. [RESULT] A"
her theory was a finely crafted watch.,her theory was a symphony of logic and insight.,B,"Feedback: Both metaphors aim to convey the implicit meaning of well-balanced and refined intellectual work, but they differ in their approach and effectiveness. Response A, ""her theory was a finely crafted watch,"" emphasizes precision and craftsmanship, which aligns with the idea of refinement. However, it lacks the dynamic and multifaceted aspect of intellectual work, focusing more on static perfection. Response B, ""her theory was a symphony of logic and insight,"" captures both the balance and complexity of intellectual work more vividly. The imagery of a symphony conveys harmony, progression, and depth, aligning closely with the implicit meaning. While both metaphors are coherent, Response B is more imaginative and accurately represents the intended concept. [RESULT] B"
their relationship was a fortress during a battlefield.,the thrill of victory was a rollercoaster ride.,A,"Feedback: Response A uses a fortress during a battlefield to symbolize protection and safety, which aligns closely with the implicit meaning of love providing security in difficult times. The imagery is vivid and coherent, effectively conveying the intended concept. Response B, however, compares the thrill of victory to a rollercoaster ride, which does not capture the idea of protection or safety during hard times. While Response B is imaginative, it fails to align with the implicit meaning. Response A is a clearer and more accurate representation of the original idea. [RESULT] A"
the brain is a library.,the brain is a filing cabinet of memories.,B,"Feedback: Both metaphors attempt to liken the brain to a system of storing information, but they differ in their alignment with the implicit meaning of human memory functioning like a computer storage system. Response A, ""the brain is a library,"" captures the idea of storing and retrieving information but leans more toward an organized collection of knowledge rather than the systematic, digital storage implied by a computer system. Response B, ""the brain is a filing cabinet of memories,"" more closely aligns with the implicit meaning by emphasizing the systematic organization and retrieval of specific items (memories), akin to how a computer storage system operates. While both metaphors are coherent and use familiar imagery, Response B is more vivid and accurate in conveying the intended concept of systematic, digital-like storage. [RESULT] B"
he wielded his words like a sword.,he was a wordsmith.,A,"Feedback: Response A (""he wielded his words like a sword"") better captures the implicit meaning of extremely accurate and precise use of words by employing vivid imagery of a sword, which inherently conveys precision and control. The metaphor aligns closely with the intended concept, as wielding a sword requires skill and accuracy, mirroring the careful use of words. In contrast, Response B (""he was a wordsmith"") is more generic and lacks the same level of vividness and specificity. While ""wordsmith"" implies skill with words, it does not evoke the same level of precision or imagery as Response A. Therefore, Response A is more imaginative, coherent, and accurate in conveying the implicit meaning. [RESULT] A"
different parts of my personality are like different cards in a deck.,my mind is a city with diverse districts offering unique views.,B,"Feedback: Both metaphors attempt to represent the complexity of internal thought processes, but they differ in their approach and effectiveness. Response A, ""different parts of my personality are like different cards in a deck,"" captures the idea of diverse aspects of the self but falls short in conveying the conflict or decision-making process inherent in the implicit meaning. The imagery is somewhat vivid but lacks the dynamic interaction needed to reflect internal conflict. Response B, ""my mind is a city with diverse districts offering unique views,"" more effectively conveys the implicit meaning by suggesting a structured yet varied internal landscape where different ""districts"" could represent conflicting thoughts or decisions, akin to navigating through a complex city. The imagery in Response B is more vivid and coherent, aligning closely with the intended concept of internal thought process and decision-making conflict. [RESULT] B"
a foggy window of confusion,the problem was a jigsaw puzzle with missing pieces.,B,"Feedback: Both metaphors aim to capture the implicit meaning of confusion and uncertainty blocking progress, but they do so with varying degrees of clarity and vividness. Response A, ""a foggy window of confusion,"" effectively conveys the idea of confusion as a barrier, akin to a foggy window obstructing vision. The imagery is coherent and aligns well with the implicit meaning, though it is somewhat straightforward and lacks a deeper imaginative layer. Response B, ""the problem was a jigsaw puzzle with missing pieces,"" introduces a more complex and vivid image. It not only captures the confusion but also emphasizes the incompleteness and the difficulty in making progress, which aligns closely with the implicit meaning. The jigsaw puzzle metaphor is more imaginative and provides a richer, more nuanced representation of the concept. While both metaphors are effective, Response B excels in vividness, coherence, and imaginative depth. [RESULT] B"
love struck openness.,her love turned her heart into an open door.,B,"Feedback: Response B more effectively captures the implicit meaning of emotional transformation from cold and distant to warm and loving by using the vivid imagery of a heart turning into an ""open door,"" which clearly symbolizes receptiveness and warmth. In contrast, Response A, ""love struck openness,"" is less vivid and more abstract, failing to convey the specific transformation from a closed to an open state. While both responses touch on the idea of openness, Response B’s imagery is more coherent and imaginative, aligning closely with the intended concept. [RESULT] B"
the darkness rose like a stone wall.,"the darkness was a solid, unyielding wall.",B,"Feedback: Both metaphors aim to convey the implicit meaning of darkness ascending at dusk, but they differ in their approach and effectiveness. Response A, ""the darkness rose like a stone wall,"" captures the ascending aspect of darkness with the verb ""rose,"" which aligns well with the implicit meaning. However, the comparison to a ""stone wall"" is somewhat generic and lacks the vividness needed to fully evoke the unyielding and solid nature of darkness. Response B, ""the darkness was a solid, unyielding wall,"" directly emphasizes the solid and unyielding qualities of darkness, making it more vivid and coherent in imagery. While it does not explicitly use a verb to convey the ascending motion, the description of the darkness as a ""solid, unyielding wall"" implicitly suggests its overwhelming and impenetrable nature, which aligns closely with the intended concept. Response B is more imaginative and vivid, effectively conveying both the solidity and the overwhelming presence of darkness. [RESULT] B"
culture is the essence of tradition.,the roots of culture are the foundation of a nation.,B,"Feedback: Both metaphors aim to capture the essence of cultural traditions as foundational to a society, but they differ in their approach and effectiveness. Response A, ""culture is the essence of tradition,"" directly links culture and tradition but lacks the depth and imagery needed to convey the idea of cultural traditions as building blocks or identity. It is straightforward but somewhat generic and does not fully capture the implicit meaning. Response B, ""the roots of culture are the foundation of a nation,"" uses a more vivid and coherent metaphor by comparing culture to roots and a nation to a foundation, which aligns closely with the implicit meaning of cultural traditions forming the fundamental building blocks and unique identity of a society. The imagery in Response B is clearer and more imaginative, effectively conveying the intended concept. [RESULT] B"
peeling back the layers of the onion of existence,a puzzle being solved piece by piece.,B,"Feedback: Both metaphors aim to convey the idea of tackling a complex problem, but they differ in their approach and effectiveness. Response A, ""peeling back the layers of the onion of existence,"" uses the imagery of an onion to suggest a layered, intricate process, which aligns well with the implicit meaning. The metaphor is vivid and coherent, as it evokes the idea of gradually uncovering deeper truths or complexities. However, it may be slightly abstract and less direct in conveying the problem-solving aspect. Response B, ""a puzzle being solved piece by piece,"" directly addresses the problem-solving process, making it more straightforward and relatable. The imagery of a puzzle is clear and widely understood, effectively capturing the incremental nature of solving a complex problem. While both metaphors are imaginative and coherent, Response B more closely aligns with the implicit meaning by explicitly focusing on the act of solving, making it a clearer and more accurate representation. [RESULT] B"
vaccines are a map.,her body's shield against diseases.,B,"Feedback: Response A (""vaccines are a map"") loosely reflects the implicit meaning of protection and prevention from harm, as it implies guidance rather than direct defense. The imagery is coherent but not vivid or imaginative in conveying the concept of protection. Response B (""her body's shield against diseases"") aligns closely with the implicit meaning by directly evoking the idea of a protective barrier, using vivid and coherent imagery that effectively captures the intended concept. While both responses attempt to convey protection, Response B does so more accurately and imaginatively. [RESULT] B"
the darkness enclosed us like a fortress.,she was locked in a prison of darkness.,B,"Feedback: Both metaphors aim to convey the implicit meaning of oppressive and inescapable confinement, but they differ in their approach and effectiveness. Response A, ""the darkness enclosed us like a fortress,"" uses the imagery of a fortress, which typically symbolizes protection and strength, but in this context, it implies an overwhelming and enclosing force. However, the fortress metaphor may not immediately evoke the sense of oppression and inescapability as strongly as intended. Response B, ""she was locked in a prison of darkness,"" directly employs the imagery of a prison, which is a more explicit and universally recognized symbol of confinement and oppression. This metaphor more vividly and coherently captures the implicit meaning by clearly emphasizing the inescapable and oppressive nature of the darkness. While both responses are imaginative, Response B aligns more closely with the intended meaning and uses more effective imagery. [RESULT] B"
"rooted in reality, building blocks of life.",she is the anchor that holds her whole world together.,A,"Feedback: Response A uses the metaphor of ""rooted in reality, building blocks of life,"" which loosely reflects the implicit meaning of the fundamental basis or origin of truth and existence. The imagery is somewhat coherent but lacks vividness and originality, making it a generic representation. Response B, ""she is the anchor that holds her whole world together,"" while more vivid and imaginative, does not align closely with the implicit meaning, as it focuses more on stability and support rather than the origin of truth and existence. Both responses have their shortcomings, but Response A is slightly closer to the intended meaning, albeit with less imaginative imagery. [RESULT] A"
"anger like a storm, temporarily overwhelmed her judgment.",her anger was a maelstrom that swirled through her thoughts.,B,"Feedback: Both metaphors effectively convey the implicit meaning of sudden, intense anger overwhelming everything else, but they differ in their imagery and coherence. Response A uses the metaphor of ""anger like a storm,"" which aligns well with the idea of overwhelming force but is somewhat generic and lacks specificity in how it affects judgment. Response B, with ""her anger was a maelstrom that swirled through her thoughts,"" provides a more vivid and precise image of anger as a chaotic, swirling force directly impacting her thoughts, closely mirroring the implicit meaning. While both are strong, Response B excels in its imaginative and coherent depiction. [RESULT] B"
time marches on.,time is a relentless river of progress.,B,"Feedback: Both metaphors convey the idea of time's unstoppable and continuous movement, but they differ in their imagery and depth. Response A, ""time marches on,"" uses a straightforward and common phrase that aligns with the implicit meaning but lacks vividness and originality, earning a score of 3. Response B, ""time is a relentless river of progress,"" employs a more imaginative and coherent image, comparing time to a river, which effectively captures the continuous and unstoppable nature of time, earning a score of 5. The river metaphor adds layers of meaning, such as the idea of flow and inevitability, making it a clearer and more accurate representation of the original idea. [RESULT] B"
24/7 love craving,"a moth to a flame, he's drawn to love.",B,"Feedback: Response B (""a moth to a flame, he's drawn to love"") better captures the implicit meaning of excessive and energetic romantic desire. It uses vivid and coherent imagery, effectively conveying the irresistible and intense nature of the desire, akin to a moth's compulsive attraction to a flame. Response A (""24/7 love craving"") aligns with the meaning but lacks the imaginative and evocative quality of Response B, relying on a literal and less engaging description. [RESULT] B"
"the frameworks are like chess pieces, moving strategically on the academic board.",two warring giants battling for intellectual supremacy.,B,"Feedback: Both metaphors attempt to capture the idea of complex competition, but they differ significantly in their approach and effectiveness. Response A uses the analogy of chess pieces on an academic board, which aligns well with the concept of strategic movement and competition. However, it lacks the vividness and intensity needed to fully convey the complexity and opposition inherent in the implicit meaning. Response B, on the other hand, employs the imagery of ""warring giants battling for intellectual supremacy,"" which is highly vivid and directly captures the intense, opposing nature of the competition. While Response A is coherent and strategic, Response B is more imaginative and aligns more closely with the implicit meaning in terms of tone and intensity. [RESULT] B"
she made her luck.,she ran herself into a better situation.,B,"Feedback: Both responses attempt to convey the idea that personal actions influence outcomes, but they differ in their approach and effectiveness. Response A, ""she made her luck,"" implies a proactive role in creating one's own opportunities, which aligns well with the implicit meaning. However, it lacks vivid imagery and relies on a common phrase, reducing its originality. Response B, ""she ran herself into a better situation,"" introduces a more dynamic and active image, suggesting effort and movement toward improvement, which enhances its vividness and coherence. While both metaphors capture the core idea, Response B does so with more imaginative and engaging imagery, making it a clearer and more accurate representation of the intended concept. [RESULT] B"
she chased her dreams.,she was a firework exploding with excitement.,B,"Feedback: Response A (""she chased her dreams"") aligns moderately with the implicit meaning of eager and enthusiastic pursuit of new experiences, but it uses a common and somewhat generic metaphor that lacks vivid imagery. It conveys the idea of pursuit but does not capture the excitement or energy implied in the implicit meaning. Response B (""she was a firework exploding with excitement"") is more imaginative and vivid, effectively conveying both the enthusiasm and the dynamic nature of the pursuit. It aligns closely with the implicit meaning by emphasizing excitement and energy, making it a clearer and more accurate representation. While both responses reflect the idea of pursuit, Response B excels in imagery and alignment with the intended concept. [RESULT] B"
life is a compass.,life is a compass with multiple paths to navigate.,B,"Feedback: Both metaphors aim to convey the implicit meaning that life offers many possible paths and choices. Response A, ""life is a compass,"" captures the idea of direction and guidance but lacks the explicit mention of multiple paths, scoring a 3 due to its generic imagery and loose alignment with the implicit meaning. Response B, ""life is a compass with multiple paths to navigate,"" directly incorporates the concept of multiple paths, enhancing its vividness and coherence, thus scoring a 4 for its closer alignment and clearer imagery. [RESULT] B"
his principles were meticulously crafted unblemished.,a rock solid foundation.,B,"Feedback: Response A, ""his principles were meticulously crafted unblemished,"" partially captures the idea of purity but lacks the element of experience and testing, which is central to the implicit meaning. The imagery is somewhat vivid but does not fully convey the process of becoming valuable through trials. Response B, ""a rock solid foundation,"" effectively conveys the concept of strength and reliability, which aligns with the idea of values becoming valuable through testing, but it lacks the explicit imagery of purity. However, it is more coherent and directly relates to the implicit meaning of enduring and proven worth. Response B is more aligned with the implicit meaning and uses clearer imagery, though neither fully captures the ""pure and valuable"" aspect. [RESULT] B"
early hours are a routine schedule.,her day was a script of tasks.,B,"Feedback: Response A (""early hours are a routine schedule"") loosely reflects the implicit meaning of an overwhelming amount of tasks in the morning, but it lacks vivid imagery and fails to convey the sense of burden or intensity. It merely suggests a structured schedule rather than the overwhelming nature of tasks. Response B (""her day was a script of tasks"") more effectively captures the implicit meaning by using the metaphor of a script, which implies a predetermined, extensive, and possibly overwhelming list of tasks to follow. The imagery in Response B is more vivid and coherent, aligning better with the intended concept. [RESULT] B"
relationship was shattered beyond repair.,their relationship was a shipwreck that sank into the depths.,B,"Feedback: Both responses attempt to convey the implicit meaning of a relationship that has completely fallen apart and become dark and hopeless. Response A uses the phrase ""shattered beyond repair,"" which aligns with the idea of irreparable damage but lacks vivid imagery and depth. Response B, on the other hand, employs the metaphor of a ""shipwreck that sank into the depths,"" which not only captures the irreparable damage but also adds layers of vivid imagery (sinking, depths) that enhance the sense of hopelessness and darkness. While both responses reflect the implicit meaning, Response B does so with more imaginative and coherent imagery, making it a clearer and more accurate representation of the original idea. [RESULT] B"
"force is a seesaw, with every action having an equal reaction.",a seesaw,A,"Feedback: Response A explicitly connects force to a seesaw, emphasizing the concept of balance and reciprocity through the phrase ""every action having an equal reaction,"" which closely aligns with the implicit meaning. It provides a vivid and coherent imagery that effectively conveys the intended concept. Response B, however, only mentions ""a seesaw"" without elaborating on its connection to balance or reciprocity, making it less clear and less aligned with the implicit meaning. While both responses use the seesaw metaphor, Response A is more imaginative and accurate in representing the original idea. [RESULT] A"
traditional and innovative opportunities blend to form new possibilities.,a traditional base propels a new launch.,B,"Feedback: Both metaphors aim to capture the implicit meaning of traditional ways meeting modern approaches, but they differ in their imagery and coherence. Response A uses the concept of ""blending"" to represent the fusion of traditional and innovative opportunities, which aligns well with the idea of integration but lacks vividness and specificity. Response B, on the other hand, employs the imagery of a ""traditional base propelling a new launch,"" which is more vivid and coherent, effectively conveying the idea of tradition as a foundation for modern advancements. While both responses reflect the implicit meaning, Response B does so with greater clarity and imaginative imagery. [RESULT] B"
"sunlight streamed through gaps in the clouds in bright, moving beams.",the sun's rays were a river flowing through the clouds.,B,"Feedback: Both metaphors attempt to capture the fluidity of sunlight, but they differ in their approach and effectiveness. Response A describes sunlight as ""bright, moving beams"" streaming through gaps in the clouds, which conveys movement but lacks the fluidity and preciousness implied in the meaning. Response B, on the other hand, uses the imagery of a ""river flowing through the clouds"" to represent the sun's rays, which more vividly and imaginatively captures both the fluid and precious nature of sunlight. While both responses align with the implicit meaning, Response B does so more closely and with more coherent and imaginative imagery. [RESULT] B"
tasks battling for time slots,she ran herself into a better situation.,A,"Feedback: Response A (""tasks battling for time slots"") directly addresses the conflict and chaos in scheduling by personifying tasks as combatants vying for limited time slots, which aligns closely with the implicit meaning. The imagery is vivid and coherent, effectively conveying the struggle and competition inherent in the situation. Response B (""she ran herself into a better situation"") focuses on personal effort leading to improvement, which does not capture the idea of multiple tasks creating scheduling conflict. While Response B is imaginative, it diverges from the implicit meaning and lacks the clarity and relevance of Response A. [RESULT] A"
the solution was the fruit of labor.,the solution was a puzzle piece that fit perfectly.,A,"Feedback: Both metaphors attempt to convey the idea of a long process leading to a solution, but they differ in their approach and effectiveness. Response A, ""the solution was the fruit of labor,"" aligns well with the implicit meaning of a slow arrival after a long journey, as it implies a gradual process of growth and effort culminating in a result. The imagery is coherent and conveys the intended concept clearly, though it is somewhat generic. Response B, ""the solution was a puzzle piece that fit perfectly,"" while vivid and imaginative, focuses more on the precision and satisfaction of finding the solution rather than the journey itself. It captures the idea of a long process indirectly, as solving a puzzle can take time, but it emphasizes the final fit rather than the slow discovery. Response A more closely aligns with the implicit meaning and maintains a clearer connection to the journey aspect. [RESULT] A"
his gaming is an addiction that disrupts his daily life.,his gaming addiction had become a raging wildfire.,B,"Feedback: Both responses aim to convey the destructive nature of gaming addiction, but they differ in their approach and effectiveness. Response A directly states that gaming is an addiction disrupting daily life, which aligns with the implicit meaning but lacks imaginative imagery and depth. It is straightforward but fails to capture the intensity and uncontrollable aspect of addiction. Response B, on the other hand, uses the metaphor of a ""raging wildfire"" to depict gaming addiction, which is highly vivid and aligns closely with the implicit meaning. The imagery of a wildfire effectively conveys the uncontrollable, destructive, and spreading nature of addiction, making it a clearer and more imaginative representation. While both responses reflect the intended concept, Response B excels in vividness and coherence. [RESULT] B"
his joy soared to new heights.,his joy reached the highest peak.,A,"Feedback: Both metaphors aim to convey the idea of growing and expanding happiness reaching great heights, but they differ in their imagery and alignment with the implicit meaning. Response A, ""his joy soared to new heights,"" uses the verb ""soared,"" which implies a rapid, upward movement, effectively capturing the concept of growth and expansion. The imagery of soaring suggests a dynamic and uplifting experience, aligning well with the implicit meaning. Response B, ""his joy reached the highest peak,"" while conveying the idea of reaching great heights, uses more static imagery with ""reached"" and ""peak,"" which may not fully capture the ongoing growth and expansion implied in the implicit meaning. The imagery in Response A is more vivid and dynamic, making it a clearer and more imaginative representation of the original idea. [RESULT] A"
squirrels away ideas for future use,she stores her ideas like a squirrel stores nuts.,B,"Feedback: Both responses effectively convey the implicit meaning of collecting and storing ideas for future use, but they differ in their approach and vividness. Response A, ""squirrels away ideas for future use,"" directly uses the verb phrase ""squirrels away"" which is a common idiom that aligns well with the implicit meaning, though it lacks the explicit imagery of a squirrel storing nuts. Response B, ""she stores her ideas like a squirrel stores nuts,"" provides a clearer and more vivid image by explicitly comparing the act of storing ideas to a squirrel's behavior, making the metaphor more imaginative and coherent. While both are strong, Response B better captures the intended concept with more detailed and engaging imagery. [RESULT] B"
cause and effect are like two sides of a coin.,"life's chain is unbreakable, forever bound to its actions.",B,"Feedback: Response A uses the metaphor of ""two sides of a coin"" to represent cause and effect, which effectively conveys the idea of inseparability and duality. However, it lacks the temporal progression aspect of the implicit meaning. Response B, with ""life's chain"" and ""forever bound to its actions,"" captures both the inseparability and the temporal progression, as a chain implies a sequence of links that are unbreakable over time. While both metaphors are coherent, Response B is more vivid and aligns more closely with the implicit meaning by incorporating the temporal element. [RESULT] B"
the missing link caused emotional pain.,a hollow feeling like a missing puzzle piece.,B,"Feedback: Both responses aim to convey the implicit meaning of emotional pain and ongoing suffering, but they differ in their approach and effectiveness. Response A directly states ""emotional pain"" but lacks vivid imagery and fails to capture the ongoing nature of the suffering, making it less imaginative and less aligned with the implicit meaning. Response B, on the other hand, uses the vivid and coherent imagery of ""a hollow feeling like a missing puzzle piece,"" which not only conveys emotional pain but also suggests a persistent, unresolved void, closely aligning with the ongoing suffering aspect of the implicit meaning. Response B’s metaphor is more imaginative and effectively captures both the emotional pain and the enduring nature of the suffering. [RESULT] B"
all of their responsibilities are like a dashboard.,they were accountable for all their visible responsibilities.,B,"Feedback: Response A uses the metaphor of a ""dashboard"" to represent responsibilities, which implies visibility and accessibility but lacks the explicit connection to the idea that responsibilities cannot be hidden. The imagery is somewhat vivid but does not fully capture the implicit meaning of unavoidable visibility. Response B, while not a metaphor, directly states that responsibilities are ""visible,"" which aligns more closely with the implicit meaning but lacks imaginative or vivid imagery. Both responses fall short in fully conveying the intended concept, but Response B more directly addresses the visibility aspect, albeit in a literal rather than imaginative way. [RESULT] B"
find renewal and energy in nature's embrace.,she was a flower that bloomed in the wild.,B,"Feedback: Response A directly aligns with the implicit meaning by explicitly mentioning ""renewal and energy in nature's embrace,"" which clearly reflects the idea of gaining energy and rejuvenation from being outdoors. However, it lacks vivid imagery and creativity, making it more literal than metaphorical. Response B, on the other hand, uses a more imaginative and vivid metaphor by comparing a person to ""a flower that bloomed in the wild,"" which subtly conveys growth, vitality, and connection to nature. While Response B is more creative and visually engaging, it is slightly less direct in capturing the specific idea of energy and rejuvenation. Response A is more straightforward but less imaginative, while Response B is more imaginative but slightly less precise in meaning. [RESULT] B"
as fragile as glass in a challenging situation,he was a shipwrecked sailor on a stormy sea.,B,"Feedback: Both metaphors aim to convey the loss of stability and control during difficult times, but they differ in their approach and effectiveness. Response A, ""as fragile as glass in a challenging situation,"" directly addresses fragility and vulnerability, which aligns with the loss of stability. However, it lacks the dynamic imagery of being overwhelmed by external forces, focusing more on the state of being fragile rather than the active struggle. Response B, ""he was a shipwrecked sailor on a stormy sea,"" vividly captures the idea of being at the mercy of chaotic, uncontrollable circumstances, which more closely mirrors the implicit meaning of losing control and stability. The imagery of a shipwrecked sailor on a stormy sea is more imaginative and coherent, as it conveys both the immediate danger and the sense of being adrift without control. While both metaphors are relevant, Response B is more effective in capturing the full essence of the implicit meaning with richer, more dynamic imagery. [RESULT] B"
his enthusiasm fueled the team.,she made the impossible look easy and achievable.,A,"Feedback: Response A captures the idea of spreading energy and motivation through the imagery of ""fuel,"" which aligns with the implicit meaning of contagious motivation. However, it focuses more on the source of the energy rather than its contagious spread. Response B, while vivid and coherent, emphasizes making the impossible achievable, which is a different concept and does not directly convey the contagious nature of motivation. Neither metaphor fully captures the implicit meaning, but Response A is closer in aligning with the idea of spreading energy, albeit not explicitly contagious. [RESULT] A"
tunnel vision,our visual field is a canvas with defined boundaries.,A,"Feedback: Both metaphors attempt to convey the idea of limited vision, but they differ in their approach and effectiveness. Response A, ""tunnel vision,"" directly implies a narrow and restricted view, aligning closely with the implicit meaning of limited vision despite clarity. It is concise and vivid, immediately evoking the image of a confined visual field. Response B, ""our visual field is a canvas with defined boundaries,"" while creative, is less direct and more abstract. It suggests limitations but does not as clearly capture the idea of clarity within those limits. The imagery in Response B is coherent but less vivid and less aligned with the implicit meaning compared to Response A. [RESULT] A"
she fought for her success.,she ran herself into a better situation.,A,"Feedback: Both metaphors attempt to convey the idea of achieving success through effort, but they differ in their approach and effectiveness. Response A, ""she fought for her success,"" directly emphasizes perseverance through the act of fighting, which aligns well with the implicit meaning of success coming to those who persevere. The imagery is vivid and coherent, clearly depicting struggle and determination. Response B, ""she ran herself into a better situation,"" suggests movement and progress but lacks the depth of perseverance implied in the implicit meaning. While it conveys improvement, the metaphor is less vivid and less directly tied to the concept of enduring effort. Response A better captures the intended meaning with more clarity and imaginative imagery. [RESULT] A"
the theory's assumptions are like a house of cards.,the foundation of the theory is a house of cards.,B,"Feedback: Both responses use the metaphor of a ""house of cards"" to convey instability, which aligns with the implicit meaning. However, Response A (""the theory's assumptions are like a house of cards"") focuses on the assumptions, while Response B (""the foundation of the theory is a house of cards"") directly targets the foundational principles. Response B is more precise in capturing the implicit meaning, as it explicitly links the instability to the foundation, which is central to the theory's reliability. The imagery in both is vivid and coherent, but Response B’s direct connection to the foundation makes it a clearer and more accurate representation. [RESULT] B"
his rage was a raging fire.,he was a volcano ready to erupt at any moment.,B,"Feedback: Both metaphors aim to convey intense, uncontrollable anger, but they differ in their approach and effectiveness. Response A, ""his rage was a raging fire,"" directly equates rage with a fire, capturing the intensity and destructiveness of anger. However, it lacks the element of unpredictability and the sense of reaching a dangerous peak, which are crucial aspects of the implicit meaning. Response B, ""he was a volcano ready to erupt at any moment,"" more comprehensively aligns with the implicit meaning by emphasizing not only the intensity but also the imminent and uncontrollable nature of the anger, akin to a volcano about to erupt. The imagery in Response B is more vivid and coherent, as it encapsulates both the buildup and the explosive potential of the anger. While both metaphors are imaginative, Response B more accurately and fully represents the original idea. [RESULT] B"
"their sexual attraction was a rose that bloomed in the distance, beyond the wall that separated them.","they were two magnets with a strong, invisible force holding them together.",B,"Feedback: Both metaphors aim to convey the implicit meaning of powerful attraction across great distances, but they differ in their approach and effectiveness. Response A uses the imagery of a rose blooming in the distance, which captures the idea of something beautiful and desirable yet out of reach, aligning well with the concept of attraction across a barrier. However, the metaphor is somewhat static and lacks the dynamic force implied in the implicit meaning. Response B, on the other hand, employs the metaphor of magnets with an invisible force, which vividly and coherently represents the powerful, unseen pull between two entities, directly mirroring the idea of attraction across great distances. While both metaphors are imaginative, Response B more effectively conveys the intended concept with clearer and more dynamic imagery. [RESULT] B"
hope is a beacon of guidance and comfort.,hope is a guiding star in the storm of life.,B,"Feedback: Both metaphors effectively convey the implicit meaning that hope provides guidance and comfort in difficult times. Response A uses the imagery of a ""beacon,"" which is a strong symbol of guidance and comfort, but it lacks the dynamic context of a challenging situation. Response B, on the other hand, incorporates the vivid imagery of a ""guiding star in the storm of life,"" which not only captures the guidance and comfort but also explicitly ties it to the idea of navigating through hardship. The addition of ""storm of life"" enhances the metaphor's vividness and coherence, making it a more imaginative and accurate representation of the implicit meaning. [RESULT] B"
she's a serial dater.,"she's a butterfly, always flitting from flower to flower.",B,"Feedback: Response B is the better metaphor as it vividly and imaginatively captures the implicit meaning of being inconstant and flighty in romantic relationships by comparing the subject to a butterfly flitting from flower to flower. This imagery is coherent, original, and aligns closely with the intended concept. Response A, while accurate, lacks the imaginative and vivid imagery of Response B, simply stating the behavior without the creative comparison. [RESULT] B"
the framework became the go-to theory,the groundbreaking theory took root in the academic soil.,B,"Feedback: Both metaphors aim to convey the implicit meaning of academic recognition and validation of a scientific theory. Response A, ""the framework became the go-to theory,"" aligns with the idea of acceptance but lacks vivid imagery and does not explicitly evoke the academic context. It is more functional and direct, scoring a 3 due to its generic nature. Response B, ""the groundbreaking theory took root in the academic soil,"" uses a more imaginative and coherent metaphor by comparing the theory's acceptance to a plant growing in fertile soil, which vividly represents academic validation. This metaphor scores a 5 as it closely aligns with the implicit meaning, employs original imagery, and effectively conveys the intended concept. [RESULT] B"
"fear as a cage, thinking clearly as a sharp knife, making decisions as a calculated risk.",she was a shipwreck in the storm of her own mind.,B,"Feedback: Response A uses a series of metaphors that touch on fear and decision-making but does not directly capture the paralysis caused by intense fear or anxiety. The imagery is somewhat vivid and coherent but lacks the direct connection to the implicit meaning. Response B, on the other hand, vividly portrays the individual as a ""shipwreck in the storm of her own mind,"" which directly conveys the idea of being overwhelmed and immobilized by internal turmoil, aligning closely with the implicit meaning. The imagery in Response B is more imaginative and effectively captures the intended concept. [RESULT] B"
her desire was a volcanic eruption.,she was a flame that burned with unquenchable passion.,A,"Feedback: Both metaphors aim to capture the implicit meaning of intense, uncontrollable desire, but they differ in their approach and effectiveness. Response A, ""her desire was a volcanic eruption,"" vividly conveys the sudden, overwhelming, and uncontrollable nature of desire, aligning closely with the implicit meaning. The imagery of a volcanic eruption is powerful and coherent, though it may lack the sustained aspect of desire. Response B, ""she was a flame that burned with unquenchable passion,"" also captures the intensity and persistence of desire, using the imagery of a flame to suggest something enduring and unyielding. However, it slightly deviates from the uncontrollable aspect by focusing more on the enduring nature of passion. Response A is more imaginative and directly aligns with the uncontrollable aspect of the implicit meaning, while Response B is more coherent in depicting sustained intensity. [RESULT] A"
a sisyphean task of complexity.,a mountain of obstacles stood in her way.,A,"Feedback: Both metaphors aim to convey the idea of an extremely complex and unsolvable problem, but they differ in their approach and effectiveness. Response A uses the term ""sisyphean task,"" which directly references the myth of Sisyphus, a figure condemned to eternally push a boulder uphill, only for it to roll back down. This metaphor is highly imaginative and aligns closely with the implicit meaning, as it inherently conveys the idea of an endless, futile struggle against complexity. The imagery is vivid and coherent, effectively capturing the unsolvable nature of the problem. Response B, on the other hand, describes ""a mountain of obstacles,"" which is a more generic and less imaginative metaphor. While it conveys the idea of significant challenges, it does not inherently imply the unsolvable or endless nature of the problem. The imagery is clear but lacks the depth and specificity of Response A. Therefore, Response A better captures the implicit meaning with its vivid, coherent, and imaginative representation. [RESULT] A"
scaling new heights,he reached the peak of joy.,B,"Feedback: Both metaphors aim to convey the idea of reaching the highest level of happiness, but they differ in their approach and effectiveness. Response A, ""scaling new heights,"" uses a more general and abstract imagery of climbing, which, while suggesting progress and achievement, lacks the specificity and emotional resonance needed to directly convey ""the highest level of happiness."" It aligns loosely with the implicit meaning and scores a 3. Response B, ""he reached the peak of joy,"" directly connects the concept of reaching a peak with joy, creating a vivid and coherent image that closely aligns with the implicit meaning of reaching the highest level of happiness. It effectively captures the intended concept with clear and imaginative imagery, scoring a 5. [RESULT] B"
"daylight dawned, sunlit city.",daybreak's warmth slowly unfolded like a sunrise.,B,"Feedback: Both responses aim to capture the implicit meaning of a gradual awakening and transition from night to day, but they differ in their approach and effectiveness. Response A, ""daylight dawned, sunlit city,"" directly describes the arrival of daylight and its effect on the city, which aligns with the concept of transition but lacks the gradual, unfolding quality implied in the implicit meaning. The imagery is clear but somewhat static and does not fully convey the process of awakening. Response B, ""daybreak's warmth slowly unfolded like a sunrise,"" more vividly and imaginatively captures the gradual nature of the transition, using the metaphor of unfolding warmth to mirror the slow progression from night to day. This response not only aligns closely with the implicit meaning but also employs more dynamic and coherent imagery, making it a clearer and more accurate representation of the original idea. [RESULT] B"
my personality is a symphony orchestra.,my personality is a kaleidoscope of diverse pieces.,B,"Feedback: Both metaphors attempt to convey complexity within the self, but they differ in their alignment with the implicit meaning of internal conflict and competing thoughts during decision-making. Response A, ""my personality is a symphony orchestra,"" suggests harmony and coordination, which does not directly reflect the idea of conflict or competing thoughts. While it is vivid and coherent, it lacks the tension and struggle implied in the implicit meaning. Response B, ""my personality is a kaleidoscope of diverse pieces,"" better captures the idea of multiple, competing elements, as a kaleidoscope constantly shifts and changes, reflecting the dynamic and sometimes conflicting nature of thoughts. However, it could be more vivid in depicting the internal struggle. Overall, Response B aligns more closely with the implicit meaning, though neither fully achieves a score of 5. [RESULT] B"
she ran herself into a better situation.,she is a runaway train.,B,"Feedback: Response A (""she ran herself into a better situation"") captures the idea of striving for improvement but lacks the intensity and compulsive nature of work addiction, resulting in a metaphor that is somewhat generic and less vivid. Response B (""she is a runaway train"") more effectively conveys the implicit meaning by emphasizing the uncontrollable and relentless nature of addiction to work, using a vivid and coherent image that aligns closely with the intended concept. While both responses touch on productivity, Response B is more imaginative and accurately reflects the compulsive aspect of the implicit meaning. [RESULT] B"
causal relationships are the foundation of logical thinking.,"tags. remember, it must be 10 words or fewer, and should consist only of the metaphor itself.

<metaphor>
[your metaphor here, 10 words maximum]",A,"Feedback: Response A directly states the relationship between causal relationships and logical thinking but lacks imaginative or vivid imagery, merely restating the concept without metaphorical enhancement. Response B is incomplete and does not provide a metaphor, failing to convey any meaning or imagery. Neither response effectively captures the implicit meaning of foundational causes supporting structured thinking. Response A, while flawed, at least attempts to address the concept, albeit in a literal manner. [RESULT] A"
the organized meeting morphed into a chaotic gathering.,a well-organized meeting turned into a chaotic mess.,A,"Feedback: Both Response A and Response B effectively convey the implicit meaning of loss of control and order descending into disorder, but they differ in the vividness and coherence of their imagery. Response A uses the verb ""morphed,"" which adds a dynamic and transformative element to the metaphor, making the transition from order to chaos more vivid and imaginative. In contrast, Response B uses ""turned into,"" which is more straightforward and less imaginative, though it still clearly conveys the intended meaning. Both responses are coherent and align closely with the implicit meaning, but Response A's use of ""morphed"" provides a more engaging and vivid depiction of the transformation. [RESULT] A"
obligations weigh me down like baggage.,my obligations are the weights that hold me back.,A,"Feedback: Both metaphors effectively convey the implicit meaning of feeling trapped or restricted by material possessions, but they differ in their imagery and coherence. Response A uses the metaphor of ""baggage"" to represent obligations, which aligns well with the idea of material possessions weighing one down, creating a vivid image of being burdened. Response B, on the other hand, directly compares obligations to ""weights,"" which is a more straightforward and less imaginative metaphor but still clearly conveys the intended concept of being held back. Response A’s imagery is slightly more vivid and coherent, as ""baggage"" implies not just weight but also the inconvenience and burden of carrying something unnecessary, which better captures the nuanced feeling of being trapped by material possessions. [RESULT] A"
anger built up like a bomb.,his anger was a ticking time bomb ready to explode.,B,"Feedback: Both metaphors aim to convey the sudden and explosive buildup of intense anger, but they differ in their vividness and coherence. Response A, ""anger built up like a bomb,"" captures the explosive nature but lacks the immediacy and tension present in the implicit meaning. It is a straightforward comparison but does not fully evoke the sense of urgency or inevitability. Response B, ""his anger was a ticking time bomb ready to explode,"" enhances the imagery by adding the element of time (""ticking"") and the state of readiness (""ready to explode""), which more closely aligns with the sudden and explosive buildup described in the implicit meaning. The imagery in Response B is more vivid and coherent, effectively conveying the intended concept with greater precision and imagination. [RESULT] B"
she led the team through the storm.,"she was a steady hand on the wheel, navigating the team through the crisis.",B,"Feedback: Both metaphors convey the implicit meaning of ""guidance through difficulty,"" but they differ in their imagery and specificity. Response A uses the metaphor of ""leading through the storm,"" which is vivid and aligns well with the idea of navigating challenges. However, it is somewhat generic and lacks the detailed imagery that could make it more engaging. Response B, on the other hand, employs the metaphor of ""a steady hand on the wheel,"" which is more specific and creates a clearer, more coherent image of calm and controlled guidance through a crisis. The addition of ""navigating the team through the crisis"" further enhances the alignment with the implicit meaning and provides a more detailed and imaginative representation. While both responses are effective, Response B excels in vividness, coherence, and specificity, making it a clearer and more accurate representation of the original idea. [RESULT] B"
the answer is a buried treasure in a challenging maze.,the solution was buried under the complexity of the problem.,A,"Feedback: Both metaphors capture the essence of the implicit meaning, conveying the idea that the answer is concealed beneath challenging circumstances. Response A uses the imagery of a ""buried treasure in a challenging maze,"" which is vivid and imaginative, effectively emphasizing the difficulty in finding the answer. Response B, on the other hand, states that ""the solution was buried under the complexity of the problem,"" which is more direct and aligns closely with the implicit meaning but lacks the imaginative flair of Response A. While both are coherent and convey the intended concept, Response A stands out for its more creative and engaging imagery. [RESULT] A"
immune system deploys its guardians to wage war on viral infections.,it fights off viruses like a mighty fortress defends its walls.,A,"Feedback: Both metaphors aim to convey the immune system's defense mechanism against viruses, but they differ in their approach and effectiveness. Response A uses the imagery of ""guardians waging war,"" which aligns closely with the implicit meaning of an army fighting invaders, offering a vivid and coherent picture. Response B, while also capturing the defensive aspect, uses the analogy of a ""mighty fortress defending its walls,"" which is slightly less direct in relating to the army-invader concept. The fortress metaphor is more static and less dynamic compared to the active warfare imagery in Response A. Response A's metaphor is more imaginative and aligns more closely with the intended meaning, making it a clearer and more accurate representation. [RESULT] A"
"the candlelight flickered, casting a mesmerizing pattern in the space.",a flame of creativity dancing in the darkness.,B,"Feedback: Both responses attempt to capture the essence of light's movement, but neither fully aligns with the implicit meaning of light moving smoothly and fluidly like water. Response A describes candlelight flickering and casting patterns, which emphasizes the visual effect of light rather than its fluid motion. Response B introduces a ""flame of creativity"" dancing in darkness, which adds a dynamic element but still lacks the fluid, water-like quality intended. Response B is slightly more imaginative and closer to the concept of movement, but neither metaphor fully captures the smooth, fluid nature of light as described. [RESULT] B"
balancing on a tightrope of emotions,he is a master juggler of emotional chaos.,A,"Feedback: Both metaphors attempt to convey the idea of precarious control over emotions, but they differ in their approach and effectiveness. Response A, ""balancing on a tightrope of emotions,"" directly captures the precariousness and constant effort required, aligning closely with the implicit meaning. The imagery of a tightrope evokes a sense of danger and the need for balance, which is vivid and coherent. Response B, ""he is a master juggler of emotional chaos,"" introduces the idea of skill and control but shifts the focus to managing chaos rather than maintaining balance. While it implies effort and skill, the imagery of juggling multiple elements might dilute the sense of precariousness, making it slightly less aligned with the implicit meaning. Response A is more direct and vivid in conveying the intended concept. [RESULT] A"
he's the boss of his empire.,captain of his castle.,A,"Feedback: Both metaphors aim to convey the idea of absolute control and dominance, but they differ in their imagery and alignment with the implicit meaning. Response A, ""he's the boss of his empire,"" directly links the concept of leadership (""boss"") with a vast, powerful entity (""empire""), which closely aligns with the idea of controlling a large business enterprise. The imagery is vivid and coherent, effectively capturing the intended dominance. Response B, ""captain of his castle,"" while conveying leadership (""captain"") and ownership (""castle""), leans more toward a personal or defensive domain rather than a business context. The imagery is somewhat vivid but less aligned with the specific idea of a business enterprise. Response A better captures the implicit meaning with clearer and more relevant imagery. [RESULT] A"
opportunities bloom after the storm.,she opened doors to a world of new opportunities.,A,"Feedback: Both metaphors aim to convey the idea of new beginnings after hardship, but they differ in their approach and effectiveness. Response A uses the imagery of blooming flowers after a storm, which directly aligns with the implicit meaning of hope and new possibilities arising after financial hardship. The metaphor is vivid and coherent, capturing the essence of renewal and growth. Response B, on the other hand, uses the imagery of opening doors to new opportunities, which is more literal and less imaginative. While it conveys the idea of accessing new possibilities, it lacks the depth and vividness of Response A's natural imagery. Response A more closely aligns with the implicit meaning and provides a clearer, more imaginative representation of the concept. [RESULT] A"
time is a thief.,time ticks away like a clock's steady heartbeat.,B,"Feedback: Both metaphors attempt to capture the concept of time's relentless passage, but they differ in their approach and effectiveness. Response A, ""time is a thief,"" directly implies loss, aligning well with the implicit meaning of decay and loss. However, it lacks vivid imagery and is somewhat generic, earning a score of 3. Response B, ""time ticks away like a clock's steady heartbeat,"" introduces a more imaginative and coherent image, emphasizing the gradual and inevitable nature of time's passage. While it doesn't explicitly mention decay or loss, the steady, relentless ticking effectively conveys the implicit meaning, earning a score of 4. Response B is more vivid and imaginative, making it the better choice. [RESULT] B"
surpassed competitors like a rocket.,they outpaced the competition with their well-orchestrated plan.,B,"Feedback: Both metaphors aim to convey the idea of easily dominating opponents, but they differ in their approach and effectiveness. Response A uses the imagery of a rocket to suggest rapid and overwhelming success, which aligns well with the implicit meaning of easily defeating competitors. However, the metaphor is somewhat generic and lacks the depth of a more detailed or imaginative scenario. Response B, on the other hand, introduces the concept of a ""well-orchestrated plan,"" which adds a layer of strategy and precision to the idea of outpacing the competition. This metaphor is more vivid and coherent, as it not only conveys dominance but also implies a methodical approach, enhancing the overall imagery. While both responses capture the implicit meaning, Response B does so with greater clarity and imagination, making it the more effective metaphor. [RESULT] B"
they swapped the baton of leadership.,"the city is a living, breathing organism.",A,"Feedback: Response A, ""they swapped the baton of leadership,"" directly and vividly captures the implicit meaning of a transfer of power or control between individuals, using a clear and widely recognized metaphor from relay races. The imagery is coherent and effectively conveys the concept of a smooth, intentional handover. In contrast, Response B, ""the city is a living, breathing organism,"" while imaginative and vivid, does not align with the implicit meaning of power transfer; it instead suggests a self-sustaining, dynamic entity, which is unrelated to the transfer of control. Response A is more accurate and directly relevant to the intended concept. [RESULT] A"
the hedge fund's fine print reveals hidden fees.,it's a snake eating its own tail.,B,"Feedback: Response A directly addresses the concept of hidden fees, which aligns with the implicit meaning of hidden flaws causing financial loss, but it lacks imaginative imagery and is somewhat literal. Response B, on the other hand, uses a vivid and imaginative metaphor of a snake eating its own tail, which conveys the idea of self-destructive behavior and cyclical loss, closely aligning with the implicit meaning of appearing wealthy but losing money through hidden flaws. While both responses capture the core idea, Response B does so with more creativity and coherence, making it a clearer and more imaginative representation. [RESULT] B"
love is a seesaw.,a quiet moment before a thunderous crash.,A,"Feedback: Response A (""love is a seesaw"") partially captures the idea of balance but lacks the vividness and depth of opposing forces, as a seesaw implies a simple back-and-forth motion rather than a harmonious equilibrium. Response B (""a quiet moment before a thunderous crash"") fails to convey balance or harmony, instead suggesting tension and impending disruption, which misaligns with the implicit meaning. Neither metaphor fully meets the criteria, but Response A is closer to the intended concept of balance, albeit weakly. [RESULT] A"
"his anger was a volcano, about to erupt.",a volcano of rage.,A,"Feedback: Both metaphors aim to convey the destructive and intense nature of rage, but they differ in their approach and effectiveness. Response A, ""his anger was a volcano, about to erupt,"" provides a more detailed and vivid imagery by explicitly comparing anger to a volcano on the brink of eruption, which closely aligns with the implicit meaning of devastation and intensity. It also maintains a clear and coherent structure. Response B, ""a volcano of rage,"" is more concise but less vivid and slightly less aligned with the implicit meaning, as it lacks the same level of detail and immediacy. While both metaphors use the volcano imagery, Response A better captures the impending and overwhelming nature of the rage, making it a clearer and more accurate representation. [RESULT] A"
adapting to a new phase,they're navigating through rough seas.,B,"Feedback: Response B, ""they're navigating through rough seas,"" more effectively captures the implicit meaning of the company facing difficult challenges and uncertainty. It uses vivid and coherent imagery of rough seas, which directly aligns with the concept of navigating through hardship and unpredictability. In contrast, Response A, ""adapting to a new phase,"" while related to change, lacks the vividness and specificity needed to convey the intensity and uncertainty of the situation. Response B’s metaphor is more imaginative and closely aligns with the intended meaning, making it a clearer and more accurate representation. [RESULT] B"
sunshine on the horizon,clouds are gathering on the horizon.,A,"Feedback: Response A (""sunshine on the horizon"") aligns more closely with the implicit meaning of a positive financial outlook and prosperity, as sunshine is commonly associated with brightness, warmth, and optimism, which resonate with financial success. The imagery is vivid and coherent, effectively conveying the intended concept. In contrast, Response B (""clouds are gathering on the horizon"") suggests impending trouble or uncertainty, which contradicts the positive financial outlook. While both responses use horizon imagery, Response B’s metaphor is mismatched with the implicit meaning, making it less effective. [RESULT] A"
each drink was a drop in a bucket of oblivion.,he was losing control with each drink.,A,"Feedback: Response A uses the metaphor of ""each drink was a drop in a bucket of oblivion,"" which vividly captures the idea of accumulating intoxication leading to mental heaviness and impairment. The imagery of a bucket filling with oblivion effectively conveys the gradual and overwhelming nature of intoxication. In contrast, Response B states ""he was losing control with each drink,"" which directly describes the effect of drinking but lacks the imaginative and vivid imagery of Response A. While both responses convey the implicit meaning, Response A does so with greater creativity and coherence, aligning more closely with the intended concept. [RESULT] A"
"poison was veiled in the discussion, waiting to hurt.",hidden arrows of hurt.,A,"Feedback: Both metaphors attempt to convey the implicit meaning of dangerous and explosive speech, but they differ in their approach and effectiveness. Response A, ""poison was veiled in the discussion, waiting to hurt,"" uses a more elaborate and descriptive imagery, likening harmful speech to poison, which is subtle yet deadly, and emphasizes its hidden nature. This aligns closely with the implicit meaning, capturing both the danger and the unexpected harm. The imagery is vivid and coherent, though it might be slightly less direct. Response B, ""hidden arrows of hurt,"" is more concise and direct, comparing harmful speech to hidden arrows, which conveys the idea of unexpected harm. However, it lacks the depth and subtlety of Response A, and the imagery, while clear, is less imaginative. Response A better captures the complexity and subtlety of the implicit meaning with more vivid and coherent imagery. [RESULT] A"
in a pickle,he's on the edge of a cliff.,B,"Feedback: Response A, ""in a pickle,"" loosely reflects the implicit meaning of engaging in risky or dangerous behavior, as it primarily conveys being in a difficult or awkward situation rather than emphasizing risk or danger. The imagery is coherent but generic and does not vividly capture the intended concept. Response B, ""he's on the edge of a cliff,"" aligns closely with the implicit meaning by directly evoking a sense of immediate risk and danger. The imagery is vivid, coherent, and effectively conveys the intended concept. While both responses use common metaphors, Response B is more imaginative and accurate in representing the original idea. [RESULT] B"
their relationship is like a well-coordinated dance.,a well-oiled machine with all parts moving in harmony.,A,"Feedback: Both metaphors aim to convey the idea of harmony and coordination, but they differ in their imagery and specificity. Response A uses the metaphor of a ""well-coordinated dance,"" which effectively captures the fluid, dynamic, and graceful nature of harmonious interaction. It aligns closely with the implicit meaning by emphasizing the synchronized movement and mutual responsiveness. Response B, on the other hand, likens the relationship to a ""well-oiled machine with all parts moving in harmony,"" which emphasizes efficiency, precision, and mechanical perfection. While it conveys coordination, it lacks the emotional and artistic nuance of a dance, making it slightly less vivid and imaginative in comparison. Both metaphors are coherent and relevant, but Response A better captures the implicit meaning with more evocative and relatable imagery. [RESULT] A"
the artwork is complete.,"a masterpiece, complete and ready for the world to see.",B,"Feedback: Both responses aim to convey the implicit meaning of the artwork being complete, but they differ in their approach and effectiveness. Response A directly states ""the artwork is complete,"" which is straightforward and aligns closely with the implicit meaning but lacks imaginative or vivid imagery, earning it a score of 3. Response B, on the other hand, enhances the idea by describing the artwork as ""a masterpiece, complete and ready for the world to see,"" adding a layer of grandeur and finality that makes the imagery more vivid and coherent. It not only aligns with the implicit meaning but also elevates it with a more imaginative and engaging description, earning it a score of 4. [RESULT] B"
the darkness was a velvet shroud.,darkness was a smooth blanket that wrapped everything.,B,"Feedback: Both metaphors effectively convey the enveloping aspect of the implicit meaning, but they differ in their portrayal of luxury. Response A uses ""velvet shroud,"" which strongly emphasizes luxury through the association with velvet, a material often linked to opulence. However, ""shroud"" carries a slightly negative or heavy connotation, which might detract from the purely luxurious tone. Response B uses ""smooth blanket,"" which maintains the enveloping imagery and adds a sense of comfort and gentleness, aligning well with the luxurious aspect. While ""blanket"" is more common and less imaginative than ""velvet shroud,"" it avoids the potential negative undertones of ""shroud."" Response A is more vivid and imaginative but slightly misaligned in tone, whereas Response B is more coherent and accurately captures both aspects of the implicit meaning. [RESULT] B"
her natural understanding amplified her musical abilities.,her natural understanding was her musical instrument's best friend.,B,"Feedback: Both responses attempt to convey the implicit meaning, but they differ in their approach and effectiveness. Response A directly links natural understanding to amplified musical abilities, which aligns with the idea of natural gifts shining through music, though it lacks vivid imagery and is somewhat straightforward. Response B, on the other hand, introduces a more imaginative and coherent metaphor by personifying natural understanding as the ""best friend"" of the musical instrument, which vividly and creatively captures the symbiotic relationship between her gifts and her music. While both responses reflect the implicit meaning, Response B does so with more imaginative and coherent imagery. [RESULT] B"
cut off poisonous thoughts.,they are a cancer in the body of society.,B,"Feedback: Both metaphors attempt to convey the harmful nature of certain thoughts, but they differ in their approach and alignment with the implicit meaning. Response A, ""cut off poisonous thoughts,"" uses a direct action metaphor, implying the need to remove harmful thoughts, but it lacks the imagery of infection and spread present in the implicit meaning. Response B, ""they are a cancer in the body of society,"" more closely aligns with the implicit meaning by comparing harmful thoughts to a disease that can infect and spread, using vivid and coherent imagery that captures the intended concept. While both responses are somewhat effective, Response B is more imaginative and accurately reflects the implicit meaning. [RESULT] B"
beyond reproach,they were the shining stars in the social firmament.,B,"Feedback: Response A, ""beyond reproach,"" directly conveys the idea of being flawless and unassailable, aligning well with the implicit meaning of a pure and valuable character. However, it lacks vivid imagery and imaginative representation, making it more literal than metaphorical. Response B, ""they were the shining stars in the social firmament,"" uses vivid and coherent imagery to depict individuals as exceptional and highly valued in society, closely capturing the implicit meaning of purity, value, and flawlessness. While both responses align with the implicit meaning, Response B excels in imaginative and vivid representation, making it a clearer and more engaging metaphor. [RESULT] B"
she made the most of her morning routine.,she turned her morning into a well-organized and productive machine.,B,"Feedback: Response B more effectively captures the implicit meaning by treating time as a resource that can be optimized, akin to a ""well-organized and productive machine,"" which aligns closely with the concept of time as a valuable currency. The imagery in Response B is more vivid and imaginative, conveying the idea of maximizing efficiency and productivity. In contrast, Response A, while positive, lacks the metaphorical depth and does not explicitly link the morning routine to the concept of time as a resource. Response B's use of ""machine"" provides a clearer and more coherent representation of the intended idea. [RESULT] B"
he gazed at the endless horizon.,he gazed at the endless canvas of life.,B,"Feedback: Both responses aim to convey the implicit meaning of an intense, far-reaching gaze or observation. Response A uses the phrase ""endless horizon,"" which captures the idea of vastness and distance, aligning well with the intended meaning. However, it lacks the imaginative and vivid imagery that could enhance the metaphor. Response B, on the other hand, employs ""endless canvas of life,"" which not only conveys the vastness but also adds a layer of creativity and depth by associating the gaze with the complexity and richness of life. This makes Response B more vivid and imaginative, closely aligning with the implicit meaning while also enriching the imagery. Response A is more straightforward but less engaging. [RESULT] B"
her anger was a storm.,a storm of anger swept through the room.,B,"Feedback: Both metaphors aim to convey the destructive and uncontrollable nature of anger, but they differ in their approach and effectiveness. Response A, ""her anger was a storm,"" directly compares anger to a storm, which aligns well with the implicit meaning of destructiveness and uncontrollability. However, it lacks the vividness and immediacy of Response B. Response B, ""a storm of anger swept through the room,"" not only compares anger to a storm but also adds a dynamic element by describing the storm sweeping through the room, which enhances the imagery and better captures the uncontrollable and destructive impact of anger. While both responses align with the implicit meaning, Response B is more vivid and coherent in its imagery, making it a clearer and more imaginative representation. [RESULT] B"
every action has a direct consequence.,every action is a step on the path to its own outcome.,B,"Feedback: Both responses aim to convey the implicit meaning of direct consequences tied to actions, but they differ in their approach and effectiveness. Response A directly states ""every action has a direct consequence,"" which is straightforward and aligns closely with the implicit meaning, but it lacks imaginative or vivid imagery, making it more literal than metaphorical. Response B, ""every action is a step on the path to its own outcome,"" introduces a more imaginative and coherent metaphor by likening actions to steps on a path, which vividly conveys the idea of progression toward a consequence. While both responses capture the intended meaning, Response B does so with greater creativity and clarity, enhancing the concept through its imagery. [RESULT] B"
he weighed his words carefully.,a shield of words,B,"Feedback: Response A (""he weighed his words carefully"") aligns moderately with the implicit meaning, suggesting careful consideration in speech, but it lacks the defensive connotation of protecting oneself from verbal attacks. The imagery is coherent but not vivid or imaginative enough to capture the defensive aspect. Response B (""a shield of words"") directly conveys the defensive use of words as protection, aligning closely with the implicit meaning. Its imagery is vivid and imaginative, effectively representing the concept of using words as a barrier. While both responses are coherent, Response B better captures the intended meaning with more imaginative and precise imagery. [RESULT] B"
the economy was left with a lasting damage.,the economy was a patient in critical condition.,B,"Feedback: Both responses attempt to convey the severity of economic decline, but they differ in their approach and effectiveness. Response A states ""lasting damage,"" which aligns with the implicit meaning of severe decline but lacks vivid imagery and fails to capture the ongoing, critical nature of the situation. It is more literal and less imaginative. Response B, on the other hand, uses the metaphor of ""a patient in critical condition,"" which vividly conveys the severity, urgency, and ongoing nature of the economic decline. It aligns closely with the implicit meaning by suggesting a dire state without visible recovery. While both responses reflect the intended concept, Response B does so with more vivid and coherent imagery. [RESULT] B"
opportunities are seeds waiting to grow. nurturing is the water that helps them sprout. favorable conditions are the sun and rain that make them thrive. growth is the blossoming that leads to success. success is the harvest that comes from nurturing and favorable conditions.,success is a seed that needs watered and nurtured to grow.,A,"Feedback: Response A provides a detailed and vivid metaphorical journey, breaking down the process of achieving success into distinct stages (seeds, nurturing, favorable conditions, growth, and harvest), which closely aligns with the implicit meaning by emphasizing the necessity of nurturing and the right environment. The imagery is coherent and imaginative, effectively conveying the intended concept. Response B, while concise, simplifies the metaphor to a single seed, which aligns with the implicit meaning but lacks the depth and vividness of Response A. It does not capture the stages or the comprehensive environment needed for success as clearly. Response A’s extended metaphor is more imaginative and coherent, making it a clearer and more accurate representation of the original idea. [RESULT] A"
self-criticism is a harsh taskmaster that suppresses and isolates emotions.,she is a puzzle piece that doesn't fit anywhere.,A,"Feedback: Response A directly addresses self-criticism as a ""harsh taskmaster"" that ""suppresses and isolates emotions,"" which closely aligns with the implicit meaning of self-imposed emotional isolation and self-judgment. The imagery is vivid and coherent, effectively conveying the concept of internal oppression. Response B, while imaginative, uses the metaphor of a ""puzzle piece that doesn't fit anywhere,"" which primarily captures isolation but lacks the element of self-judgment. It is less aligned with the implicit meaning and does not fully convey the intended concept. Response A is clearer, more accurate, and more imaginative in representing the original idea. [RESULT] A"
"the view through a window, the range of a spotlight.",the universe is a frame that holds all our visions.,B,"Feedback: Both metaphors attempt to convey the idea of vision limiting perception, but they differ significantly in their approach and effectiveness. Response A uses ""the view through a window"" and ""the range of a spotlight"" to suggest limited perspectives, which aligns well with the implicit meaning. However, the imagery is somewhat fragmented and lacks a cohesive, vivid representation. Response B, on the other hand, employs ""the universe is a frame that holds all our visions,"" which is more imaginative and coherent. It effectively conveys the idea that our visions are confined within a larger framework, closely aligning with the implicit meaning. While both responses capture the concept, Response B does so with greater clarity, originality, and vividness. [RESULT] B"
my relationship is my everything.,"my relationship is my safe harbor, my guiding light.",B,"Feedback: Response B (""my relationship is my safe harbor, my guiding light"") better captures the implicit meaning of someone precious who is protected with extreme care. It uses vivid and coherent imagery, likening the relationship to a safe haven and a guiding force, which aligns closely with the idea of protection and care. Response A (""my relationship is my everything"") is more generic and lacks the specific imagery that conveys protection and care, making it less aligned with the implicit meaning. Response B is more imaginative and effectively conveys the intended concept. [RESULT] B"
their affection was a rock.,her love was a beacon in the darkest of times.,B,"Feedback: Response A (""their affection was a rock"") captures the idea of enduring strength but lacks the vividness and emotional depth of the implicit meaning. A rock implies stability but does not convey passion or intensity, making it a less imaginative and accurate representation. Response B (""her love was a beacon in the darkest of times"") aligns closely with the implicit meaning by emphasizing both the enduring and passionate aspects of love. The imagery of a beacon conveys guidance, hope, and intensity, effectively capturing the intended concept. While both metaphors reflect endurance, Response B is more vivid, coherent, and aligned with the emotional tone of the implicit meaning. [RESULT] B"
external circumstances are like a bullet train.,life is a train that speeds up with each new step.,B,"Feedback: Both metaphors attempt to convey the rapid and unstoppable nature of time, but they differ in their focus and imagery. Response A compares external circumstances to a bullet train, emphasizing speed and inevitability, which aligns with the implicit meaning. However, it lacks the personal and progressive element of time's passage. Response B, on the other hand, uses the metaphor of life as a train that speeds up with each new step, directly linking the progression of life to the acceleration of time, making it more vivid and coherent in capturing the implicit meaning. While both are imaginative, Response B more effectively conveys the intended concept by integrating the idea of time's acceleration with the journey of life. [RESULT] B"
his true personality was at odds with his adopted beliefs.,he was a scale of justice.,A,"Feedback: Response A captures the implicit meaning more effectively by illustrating the internal conflict between one's true personality and adopted beliefs, which aligns with the idea of borrowed beliefs being uncomfortable and unsuitable. The imagery is coherent and conveys the tension clearly. Response B, while imaginative, does not directly relate to the implicit meaning; the scale of justice implies balance and fairness, which does not reflect the discomfort or unsuitability of borrowed beliefs. Response A uses more relevant and vivid imagery to convey the intended concept. [RESULT] A"
squares are the epitome of balance.,a square is a balanced work of art.,B,"Feedback: Both responses attempt to convey the idea of balance, but they differ in their approach and effectiveness in capturing the implicit meaning of mathematical precision and orderliness. Response A states that ""squares are the epitome of balance,"" which directly links squares to the concept of balance but lacks the vivid imagery and specificity needed to evoke mathematical precision. Response B, ""a square is a balanced work of art,"" introduces the idea of a square as a creation, adding a layer of imagery that suggests deliberate design and order, which aligns more closely with the implicit meaning. While neither response fully captures the mathematical precision and orderliness, Response B is more imaginative and coherent in its attempt to convey the intended concept. [RESULT] B"
seamless structure in design.,it's a fluid sculpture.,B,"Feedback: Response A (""seamless structure in design"") captures the idea of continuity and smoothness but lacks vivid imagery and does not explicitly convey fluidity or movement, aligning only partially with the implicit meaning. Response B (""it's a fluid sculpture"") directly evokes fluidity and movement through the imagery of a sculpture, which is both vivid and coherent, closely aligning with the implicit meaning of smooth, continuous movement in architectural design. While both responses touch on aspects of the implicit meaning, Response B is more imaginative and accurately represents the intended concept. [RESULT] B"
two horses neck and neck,two rival ideas stood face-to-face in perfect balance.,B,"Feedback: Both metaphors aim to convey the idea of two competing entities being equally matched, but they differ in their approach and effectiveness. Response A, ""two horses neck and neck,"" uses a common racing metaphor that implies close competition but lacks the intellectual or theoretical nuance of academic theories. It is vivid and coherent but does not fully capture the specific context of academic pursuit. Response B, ""two rival ideas stood face-to-face in perfect balance,"" directly addresses the intellectual nature of competing theories and emphasizes their equal standing with the imagery of ""face-to-face"" and ""perfect balance."" This metaphor is more imaginative and aligns closely with the implicit meaning, effectively conveying the intended concept. While both responses are coherent, Response B better captures the essence of the academic competition described. [RESULT] B"
he's a romantic shark.,he's a magnet for female attention.,A,"Feedback: Response A (""he's a romantic shark"") partially captures the implicit meaning of someone who is solitary and independent but constantly seeking connection. The metaphor of a shark conveys independence and a predatory nature, which aligns with the idea of seeking connection, but the ""romantic"" aspect adds a layer of ambiguity. It suggests a softer, more emotional side, which is not directly related to the implicit meaning. The imagery is somewhat vivid but lacks coherence in fully representing the dual nature of the concept. Response B (""he's a magnet for female attention"") more directly aligns with the idea of constantly seeking connection, as a magnet inherently attracts, but it fails to convey the solitary and independent aspects of the implicit meaning. It also narrows the focus to ""female attention,"" which is not specified in the implicit meaning. Both responses have limitations, but Response A is slightly more imaginative and closer to the intended concept, despite its flaws. [RESULT] A"
states are like puzzle pieces forming a nation.,states are the pieces of a nation's puzzle.,A,"Feedback: Both Response A and Response B effectively convey the implicit meaning of unity within diversity, emphasizing that each state is a distinct part of a larger whole. However, Response A (""states are like puzzle pieces forming a nation"") provides a slightly more vivid and coherent imagery by explicitly stating the action of ""forming a nation,"" which enhances the metaphor's clarity and alignment with the intended concept. Response B (""states are the pieces of a nation's puzzle"") is equally clear but lacks the dynamic element of ""forming,"" making it slightly less imaginative. Both responses align closely with the implicit meaning, but Response A edges out with its more active and engaging phrasing. [RESULT] A"
researchers are weaving a tapestry of knowledge.,"the researchers built a tower of knowledge, one block at a time.",B,"Feedback: Both metaphors attempt to convey the idea of researchers constructing complex theories, but they differ in their imagery and alignment with the implicit meaning. Response A, ""researchers are weaving a tapestry of knowledge,"" uses the imagery of weaving, which suggests a gradual, intricate process of creating something beautiful and complex. However, it does not directly align with the architectural analogy of the implicit meaning. Response B, ""the researchers built a tower of knowledge, one block at a time,"" more closely mirrors the architectural concept, emphasizing the step-by-step construction of a towering structure, which aligns well with the idea of building complex theories. While both metaphors are coherent, Response B is more vivid and directly reflects the intended architectural analogy. [RESULT] B"
a ship without a compass.,a ship without a rudder and a broken clock.,A,"Feedback: Both metaphors aim to convey the lack of direction and control in a project. Response A, ""a ship without a compass,"" effectively captures the idea of lacking direction, as a compass is essential for navigation. However, it does not explicitly address the lack of control. Response B, ""a ship without a rudder and a broken clock,"" introduces two elements: the rudder, which symbolizes control, and the broken clock, which implies a loss of timing or coordination. While Response B addresses both aspects of the implicit meaning, the inclusion of the broken clock adds an unnecessary layer of complexity and slightly dilutes the clarity of the metaphor. Response A is more straightforward and aligns closely with the primary aspect of lacking direction, though it falls short in addressing control. Response B is more comprehensive but less focused. Based on the criteria, Response A is slightly more effective in conveying the core idea with simplicity and clarity. [RESULT] A"
a seed in the ground.,a seedling grows into a mighty oak tree.,B,"Feedback: Both metaphors attempt to capture the idea of something small and fragile developing into something significant, but they differ in their alignment with the implicit meaning and the vividness of their imagery. Response A (""a seed in the ground"") captures the initial fragility and uncertainty of new ideas but lacks the development aspect present in the implicit meaning, which compares new ideas to a baby's first steps, implying growth and progression. Response B (""a seedling grows into a mighty oak tree"") more closely aligns with the implicit meaning by illustrating both the fragile beginning (seedling) and the eventual strength and maturity (mighty oak tree), mirroring the progression from a baby's first steps to confident walking. While both metaphors use natural imagery, Response B is more vivid and coherent in conveying the full scope of the intended concept. [RESULT] B"
"weighing the options, a smorgasbord of choices, no strings attached.",life is a fluid dance where change is the constant rhythm.,A,"Feedback: Response A uses a ""smorgasbord of choices"" which captures the abundance of options in life, aligning with the implicit meaning of browsing through store windows. However, the phrase ""no strings attached"" introduces a concept of freedom that isn't present in the implicit meaning, creating a slight mismatch. The imagery is somewhat vivid but lacks the depth and coherence needed to fully convey the idea of potential and decision-making. Response B, on the other hand, uses ""life is a fluid dance"" which is imaginative and conveys the dynamic nature of life choices, but it focuses more on the constant rhythm of change rather than the act of browsing and deciding. It doesn't directly address the concept of potential or the need for decisions, making it less aligned with the implicit meaning. Both responses have their strengths but fall short in fully capturing the intended concept. Response A is closer to the implicit meaning due to its focus on choices, despite the additional element of freedom. [RESULT] A"
stars trace paths in the night sky.,stars were a canvas of twinkling brushstrokes.,B,"Feedback: Both metaphors attempt to capture the implicit meaning of stars creating patterns and connections in the night sky, but they differ in their approach and effectiveness. Response A, ""stars trace paths in the night sky,"" directly conveys the idea of stars forming patterns, aligning closely with the implicit meaning. However, the imagery is somewhat straightforward and lacks the vividness or imaginative flair that could enhance its impact. Response B, ""stars were a canvas of twinkling brushstrokes,"" introduces a more creative and vivid image by comparing the night sky to a canvas and stars to brushstrokes, which effectively captures the idea of patterns and connections in a more artistic and imaginative way. While both responses align with the implicit meaning, Response B excels in vividness and originality, making it a clearer and more imaginative representation. [RESULT] B"
step-by-step problem-solving,she's a puzzle with many pieces to be solved.,B,"Feedback: Response A (""step-by-step problem-solving"") directly aligns with the implicit meaning of methodically solving a complex problem step by step, but it lacks imaginative or vivid imagery, making it more of a literal description than a metaphor. Response B (""she's a puzzle with many pieces to be solved"") introduces a more imaginative and vivid metaphor, effectively conveying the complexity and methodical nature of problem-solving, though it shifts the focus slightly from the process to the subject being solved. Both responses capture the implicit meaning, but Response B does so with more creativity and coherence. [RESULT] B"
mistakes are the seeds for success.,her failures were the foundation of her success.,B,"Feedback: Both metaphors effectively convey the implicit meaning that growth and success emerge from past failures and mistakes. However, Response B (""her failures were the foundation of her success"") uses more vivid and specific imagery by comparing failures to a foundation, which directly supports and sustains success, aligning closely with the intended concept. Response A (""mistakes are the seeds for success"") also captures the idea but uses a more common and less concrete metaphor, as seeds imply potential growth but lack the structural support implied in the implicit meaning. Response B's imagery is more coherent and imaginative in representing the transformative role of failures. [RESULT] B"
organize and categorize like a well-kept library.,she organized the data into a beautiful mosaic.,A,"Feedback: Both metaphors aim to convey the idea of careful organization and systematic arrangement, but they differ in their approach and vividness. Response A, ""organize and categorize like a well-kept library,"" aligns closely with the implicit meaning by emphasizing systematic arrangement and order, much like a library’s categorization. However, the imagery is somewhat generic and lacks imaginative depth. Response B, ""she organized the data into a beautiful mosaic,"" introduces a more creative and vivid image, suggesting a harmonious and artistic arrangement of data. While it captures the idea of careful organization, it slightly deviates from the systematic and research-oriented tone of the implicit meaning by focusing more on aesthetic appeal. Response A is more aligned with the intended concept, though less imaginative, while Response B is more vivid but slightly less precise in tone. [RESULT] A"
state's democratic system is a broken clock.,its democracy is a puzzle with many missing pieces.,B,"Feedback: Both metaphors attempt to convey the idea of a flawed democracy, but they differ in their approach and effectiveness. Response A, ""state's democratic system is a broken clock,"" captures the idea of dysfunction but implies a complete failure rather than incompleteness, which slightly misaligns with the implicit meaning. The imagery is vivid but not as precise. Response B, ""its democracy is a puzzle with many missing pieces,"" more accurately reflects the implicit meaning of incompleteness and flaw, using a coherent and imaginative analogy that directly relates to the concept of missing elements. While both are clear, Response B aligns more closely with the intended meaning and uses more fitting imagery. [RESULT] B"
love is a nurtured vine.,love is a garden that needs regular watering and care.,A,"Feedback: Both metaphors effectively convey the implicit meaning that love requires nurturing and attention to flourish. Response A, ""love is a nurtured vine,"" uses a more focused and specific image, emphasizing the direct result of care on the growth of love, which aligns closely with the implicit meaning. Response B, ""love is a garden that needs regular watering and care,"" expands the imagery to include a broader ecosystem, which, while vivid and coherent, introduces additional elements (e.g., the garden itself) that slightly dilute the direct focus on nurturing. Response A’s imagery is more concise and directly tied to the concept of nurturing, making it a clearer and more accurate representation. [RESULT] A"
she guards her memories like a treasure.,she treasures her memories like a precious collection.,A,"Feedback: Both responses effectively convey the implicit meaning that memories are valuable and delicate treasures to be protected. However, they differ in their approach and imagery. Response A emphasizes the protective aspect by using the verb ""guards,"" which aligns closely with the idea of safeguarding treasures, creating a vivid image of active protection. Response B, while also capturing the value of memories by using ""treasures,"" focuses more on the act of cherishing them as a ""precious collection,"" which is coherent but slightly less vivid in conveying the protective element. Response A’s imagery is more imaginative and directly aligns with the implicit meaning, making it a clearer and more accurate representation. [RESULT] A"
she chases every pretty face.,she is a magnet that draws iron filings universally.,B,"Feedback: Response A (""she chases every pretty face"") directly aligns with the implicit meaning of being easily distracted by attractive or trendy things, using clear and straightforward imagery. However, it lacks imaginative depth and relies on a common, literal interpretation. Response B (""she is a magnet that draws iron filings universally"") introduces a more vivid and creative metaphor, effectively conveying the idea of universal attraction to trendy things. While it slightly stretches the implicit meaning by implying a passive, almost involuntary attraction, it offers a more engaging and coherent imagery. Response B is more imaginative and aligns closely with the intended concept, though it could be more precise in tone. [RESULT] B"
incremental progress solves complex problems.,she unraveled the puzzle one thread at a time.,B,"Feedback: Response B (""she unraveled the puzzle one thread at a time"") better captures the implicit meaning of requiring patience and methodical handling to resolve life's problems. It uses vivid and coherent imagery of unraveling a puzzle thread by thread, which directly aligns with the idea of tackling complex issues step by step. In contrast, Response A (""incremental progress solves complex problems"") is more literal and lacks the imaginative and vivid imagery that Response B provides. While both responses convey the concept of gradual progress, Response B does so in a more engaging and metaphorically rich way, making it a clearer and more accurate representation of the intended idea. [RESULT] B"
her thoughts and suggestions fit the situation like a glove.,she is a key that fits the lock perfectly.,A,"Feedback: Both metaphors aim to convey the idea of precision and customization, but they differ in their approach and alignment with the implicit meaning. Response A, ""her thoughts and suggestions fit the situation like a glove,"" directly relates to the concept of fitted clothing, emphasizing how well the ideas match the context. The imagery is clear and coherent, though it leans more on the idea of fitting rather than customization. Response B, ""she is a key that fits the lock perfectly,"" introduces a different analogy, focusing on the precision of a key and lock. While it conveys precision, it diverges from the fitted clothing metaphor and thus does not align as closely with the implicit meaning. Response A better captures the intended concept of ideas being customized and precise like fitted clothing, making it the more accurate and imaginative representation. [RESULT] A"
laughter is contagious.,laughter is a warm hug.,A,"Feedback: Both metaphors attempt to convey the idea of joy spreading, but they differ in their approach and effectiveness. Response A, ""laughter is contagious,"" directly aligns with the implicit meaning by emphasizing the spreading nature of joy, akin to a contagious substance. It is straightforward and clearly captures the intended concept, though it lacks imaginative depth. Response B, ""laughter is a warm hug,"" introduces a different imagery that focuses on the comforting and inclusive aspect of joy, which is somewhat related but does not directly convey the spreading or contagious nature. While it is vivid and evokes a positive emotional response, it diverges from the implicit meaning by not emphasizing the spreading aspect. Response A more closely aligns with the implicit meaning, though it is less imaginative compared to Response B. [RESULT] A"
she set her goals like a diamond in a ring.,she was a conductor of her life's symphony.,B,"Feedback: Response A captures the idea of precision and value through the imagery of a diamond in a ring, which conveys something precious and carefully placed. However, it lacks the dynamic aspect of ""movements"" and ""care"" in the implicit meaning, focusing more on static placement than ongoing action. Response B, on the other hand, uses the metaphor of a conductor to vividly portray precise, deliberate, and valuable movements, aligning closely with the implicit meaning's emphasis on care and dynamic control. While both metaphors convey value, Response B is more coherent and imaginative in representing the intended concept of precise and precious movements. [RESULT] B"
ideas need supportive soil to grow.,ideas are plants that need soil to grow.,A,"Feedback: Both Response A and Response B effectively convey the implicit meaning that growth requires proper care and support, but they differ in their approach and vividness. Response A (""ideas need supportive soil to grow"") directly emphasizes the necessity of support for growth, aligning closely with the implicit meaning and using clear, coherent imagery. Response B (""ideas are plants that need soil to grow"") introduces a more explicit analogy by equating ideas with plants, which adds a layer of vividness and imagination but slightly complicates the directness of the message. While both metaphors are strong, Response A is more straightforward and aligns more closely with the implicit meaning without unnecessary elaboration. [RESULT] A"
buttoned-up and wooden,he was a statue in a suit.,B,"Feedback: Both metaphors attempt to convey the idea of hidden or suppressed emotions, but they differ in their approach and effectiveness. Response A, ""buttoned-up and wooden,"" partially captures the implicit meaning by suggesting emotional restraint (""buttoned-up"") and stiffness (""wooden""), though it lacks vividness and coherence in directly linking to suppressed emotions. Response B, ""he was a statue in a suit,"" is more imaginative and vivid, effectively conveying the idea of emotional suppression through the imagery of a rigid, unexpressive statue encased in formal attire. While both responses align with the implicit meaning, Response B does so more clearly and creatively, using a more coherent and striking metaphor. [RESULT] B"
she's in a precarious position.,she's in a minefield.,B,"Feedback: Both metaphors convey the idea of being in a dangerous or vulnerable position, aligning with the implicit meaning. However, Response B (""she's in a minefield"") uses more vivid and imaginative imagery, creating a stronger sense of immediate danger and unpredictability compared to Response A (""she's in a precarious position""), which is more generic and less evocative. While both are coherent, Response B better captures the intensity and risk implied in the implicit meaning. [RESULT] B"
interconnected issues like interlocking gears,the problem is a complex puzzle with many pieces.,A,"Feedback: Both metaphors aim to convey the complexity and interconnectedness of issues, but they differ in their approach and effectiveness. Response A, ""interconnected issues like interlocking gears,"" directly emphasizes the interdependence of issues through the mechanical imagery of gears, which aligns closely with the implicit meaning of needing to address issues simultaneously. The imagery is vivid and coherent, clearly illustrating how each issue affects the others. Response B, ""the problem is a complex puzzle with many pieces,"" captures the complexity but focuses more on the multitude of elements rather than their interdependence. While it is a common and understandable metaphor, it is less specific about the simultaneous addressing of issues, making it slightly less aligned with the implicit meaning. Response A is more precise and imaginative in conveying the intended concept. [RESULT] A"
feeling like a used-up sponge.,he is a spent battery that needs to recharge.,B,"Feedback: Both metaphors effectively convey the implicit meaning of a person being tired and needing rest, but they differ in their imagery and coherence. Response A, ""feeling like a used-up sponge,"" vividly captures the idea of being drained and depleted, as a sponge loses its absorbency when overused. Response B, ""he is a spent battery that needs to recharge,"" also aligns well with the meaning but uses a more modern and relatable analogy, emphasizing the need for replenishment. While both are clear, Response B’s imagery of a battery needing to recharge is slightly more direct and coherent in conveying the concept of exhaustion and the necessity for rest. [RESULT] B"
the darkness enveloped everything beneath it.,the darkness was a solid shroud.,B,"Feedback: Both metaphors aim to convey the overwhelming and impenetrable nature of darkness, but they differ in their approach and effectiveness. Response A, ""the darkness enveloped everything beneath it,"" captures the completeness of the darkness but lacks the solidity and impenetrability implied in the implicit meaning. The imagery is somewhat vivid but does not fully convey the solid, shroud-like quality of the darkness. Response B, ""the darkness was a solid shroud,"" directly aligns with the implicit meaning by emphasizing both the solidity and the enveloping nature of the darkness. The imagery is more vivid and coherent, effectively conveying the intended concept. While both responses are imaginative, Response B more closely aligns with the implicit meaning and uses more precise and evocative imagery. [RESULT] B"
the visual field is a buffer between the temporary storage and the hard drive of our memories.,our visual field is a canvas awaiting the brushstrokes of experience.,B,"Feedback: Both metaphors attempt to capture the idea of vision as a collector and preserver of memories, but they differ significantly in their approach and effectiveness. Response A uses a technical analogy, comparing the visual field to a buffer between temporary storage and a hard drive, which aligns with the implicit meaning of vision as a container for memories. However, the imagery is less vivid and more abstract, relying on computer terminology that may not resonate as strongly with all audiences. Response B, on the other hand, employs a more artistic and imaginative analogy, likening the visual field to a canvas awaiting brushstrokes of experience. This metaphor is highly vivid and coherent, effectively conveying the idea that vision actively collects and preserves memories in a creative and dynamic way. While both responses capture the implicit meaning, Response B does so with greater clarity, imagination, and emotional resonance. [RESULT] B"
she cross-examined her beliefs.,she was a detective with her own beliefs.,A,"Feedback: Both metaphors attempt to convey the idea of methodically examining and organizing thoughts, but they differ in their approach and effectiveness. Response A, ""she cross-examined her beliefs,"" directly aligns with the implicit meaning by using the verb ""cross-examined,"" which implies a thorough and methodical process of questioning, closely mirroring the concept of examining and organizing thoughts. The imagery is clear and coherent, focusing on the action of scrutiny. Response B, ""she was a detective with her own beliefs,"" introduces a character (detective) to symbolize the process, which is less direct and more abstract. While it suggests a methodical approach through the detective analogy, it dilutes the focus on the act of examining thoughts by emphasizing the role rather than the action. Response A is more vivid and directly captures the implicit meaning, whereas Response B is slightly less precise and relies on a broader metaphor. [RESULT] A"
in unity and harmony like a well-coordinated and supportive team.,they were a symphony of teamwork and perfect harmony.,B,"Feedback: Both responses aim to convey the implicit meaning of smooth collaboration and synchronization, but they differ in their approach and effectiveness. Response A uses a straightforward analogy of a ""well-coordinated and supportive team,"" which directly aligns with the concept of unity and harmony but lacks vivid imagery and originality. Response B, on the other hand, employs the metaphor of a ""symphony of teamwork and perfect harmony,"" which is more imaginative and creates a richer, more coherent image of seamless collaboration. While both responses capture the intended meaning, Response B does so with greater creativity and vividness, making it a clearer and more engaging representation. [RESULT] B"
social media networks bridge gaps.,a social media network is like a highway system.,B,"Feedback: Both metaphors aim to convey the idea of connectivity and information flow, but they differ in their approach and effectiveness. Response A, ""social media networks bridge gaps,"" captures the concept of connecting disparate parts of society, which aligns with the implicit meaning of information flowing rapidly and connecting all parts. However, it lacks the vividness and specificity of a neural pathway analogy. Response B, ""a social media network is like a highway system,"" introduces a more structured and dynamic imagery, resembling the rapid and organized flow of information, similar to neural pathways. While both metaphors are coherent, Response B provides a more imaginative and precise representation of the implicit meaning by emphasizing the systematic and continuous nature of information flow. [RESULT] B"
sun sank like a star.,the sun's descent was a gentle slope into darkness.,B,"Feedback: Both metaphors attempt to capture the implicit meaning of a gradual transition from light to darkness, but they differ in their approach and effectiveness. Response A, ""sun sank like a star,"" uses a simile to compare the sun's descent to a star, which is somewhat vivid but lacks the clarity of a gradual process. It implies a sinking motion but does not explicitly convey the transformation into darkness. Response B, ""the sun's descent was a gentle slope into darkness,"" directly and vividly portrays the gradual disappearance of light and its transformation into darkness, using the imagery of a gentle slope to emphasize the smooth transition. Response B aligns more closely with the implicit meaning, offering a clearer and more coherent representation of the concept. [RESULT] B"
new creations are unveiled when completed.,art is a flower that blooms in the world.,B,"Feedback: Both responses attempt to convey the idea of revealing something new, but they differ significantly in their approach and effectiveness. Response A, ""new creations are unveiled when completed,"" directly addresses the concept of revealing something new but lacks imaginative and vivid imagery, making it a straightforward statement rather than a compelling metaphor. It aligns with the implicit meaning but does not enhance it with creative or evocative language. Response B, ""art is a flower that blooms in the world,"" uses a more imaginative and vivid metaphor, comparing the emergence of art to the blooming of a flower, which naturally conveys the idea of something new and beautiful coming into existence. This metaphor not only aligns closely with the implicit meaning but also adds a layer of richness and coherence through its imagery. While both responses capture the intended concept, Response B does so with greater creativity and vividness, making it a clearer and more imaginative representation. [RESULT] B"
keep an eye on responsibilities.,responsibilities are like a garden that needs constant tending.,B,"Feedback: Response B (""responsibilities are like a garden that needs constant tending"") better captures the implicit meaning of obsessive-compulsive behavior towards possessions. It uses vivid and coherent imagery of a garden requiring constant care, which aligns with the idea of meticulous attention and maintenance. In contrast, Response A (""keep an eye on responsibilities"") is more literal and lacks imaginative or vivid imagery, failing to convey the obsessive-compulsive aspect. While both responses touch on the idea of monitoring responsibilities, Response B does so in a more creative and meaningful way, making it a clearer and more accurate representation of the intended concept. [RESULT] B"
humor is the key to unlocking happiness.,humor was a healing balm for the soul.,B,"Feedback: Both metaphors aim to convey the healing power of humor, but they differ in their approach and effectiveness. Response A, ""humor is the key to unlocking happiness,"" uses a functional metaphor that suggests humor as a tool for achieving happiness, which aligns with the implicit meaning but lacks the emotional depth and vivid imagery needed to convey the healing aspect of comedy. It is more literal and less imaginative. Response B, ""humor was a healing balm for the soul,"" employs a more vivid and emotionally resonant metaphor, directly linking humor to healing and using the imagery of a balm to suggest soothing and restoration, which closely aligns with the implicit meaning of comedy healing mental distress. While both responses capture the core idea, Response B does so with greater clarity, emotional depth, and imaginative imagery. [RESULT] B"
experience is the rain that fertilizes the soil of knowledge to grow new ideas.,she grew knowledge into a garden of innovative ideas.,B,"Feedback: Both metaphors aim to convey the implicit meaning of growth and development of ideas through time and care, but they differ in their approach and effectiveness. Response A uses a more abstract and naturalistic imagery, likening experience to rain that nourishes the soil of knowledge, which then grows new ideas. This metaphor aligns well with the implicit meaning, emphasizing the gradual and nurturing process of idea development. The imagery is coherent and vivid, though it may be slightly less direct in conveying the human agency involved in cultivating ideas. Response B, on the other hand, takes a more direct and active approach, depicting the act of growing knowledge into a garden of innovative ideas. This metaphor is highly vivid and imaginative, clearly showing the intentional effort and care required for idea development. While both metaphors are strong, Response B more effectively captures the active and intentional aspect of the implicit meaning, making it a clearer and more accurate representation. [RESULT] B"
the ripple effect,life is a river that flows forward with time.,B,"Feedback: Both metaphors attempt to capture the concept of time's linear progression and its connection to actions and consequences. Response A, ""the ripple effect,"" conveys the idea that actions have far-reaching consequences, much like ripples spreading outward from a point of origin. However, it lacks the explicit linearity and forward movement inherent in the implicit meaning. Response B, ""life is a river that flows forward with time,"" more directly aligns with the linear progression of time, using the vivid imagery of a river to represent the continuous, unidirectional flow of time. While both metaphors are coherent, Response B more closely captures the implicit meaning by explicitly linking the forward movement of time with the river's flow, making it a clearer and more accurate representation. [RESULT] B"
take advantage of optimal conditions.,a seedling needs fertile soil to grow.,B,"Feedback: Both responses aim to convey the implicit meaning that opportunities need proper resources or support to succeed. Response A, ""take advantage of optimal conditions,"" aligns with the idea but lacks vivid imagery and is more of a direct statement than a metaphor, scoring it a 3. Response B, ""a seedling needs fertile soil to grow,"" uses a clear and vivid metaphor that directly parallels the implicit meaning, with the seedling representing opportunities and fertile soil symbolizing necessary resources, earning it a 5. The imagery in Response B is more coherent and imaginative, effectively capturing the intended concept. [RESULT] B"
responsibility is a heavy burden that requires the right amount of time and attention.,juggling responsibilities with care and attention,B,"Feedback: Response A uses the metaphor of a ""heavy burden"" to convey the weight and demand of responsibility, which aligns with the implicit meaning of material possessions being needy and demanding. However, it focuses more on the effort required rather than the constant, active management implied in the implicit meaning. Response B, with the metaphor of ""juggling responsibilities,"" captures the ongoing, dynamic nature of managing demands, which more closely aligns with the idea of material possessions constantly requiring attention. While both metaphors are coherent, Response B is more vivid and imaginative in depicting the active, continuous effort needed, thus better reflecting the implicit meaning. [RESULT] B"
they stood for what was right.,they drew a clear line between right and wrong.,B,"Feedback: Response A (""they stood for what was right"") loosely reflects the implicit meaning of clear moral boundaries but lacks vivid imagery and fails to explicitly convey the idea of a distinct separation between right and wrong. Response B (""they drew a clear line between right and wrong"") directly aligns with the implicit meaning by emphasizing a clear, unambiguous distinction, using more vivid and coherent imagery. While both responses touch on morality, Response B more accurately and imaginatively captures the concept of clear moral boundaries. [RESULT] B"
solve the puzzle of the problem.,the solution was a hidden key to the puzzle.,B,"Feedback: Both responses attempt to convey the idea of finding a solution, but they differ in their approach and effectiveness. Response A, ""solve the puzzle of the problem,"" directly addresses the act of finding a solution but lacks vivid imagery and does not explicitly highlight the clarity or specificity of the target. It aligns with the implicit meaning but in a straightforward, less imaginative way. Response B, ""the solution was a hidden key to the puzzle,"" introduces a more vivid and coherent image by comparing the solution to a hidden key, which emphasizes the clarity and specificity of the target. It aligns closely with the implicit meaning and adds a layer of imaginative detail, making the concept more engaging and memorable. While both responses are adequate, Response B excels in vividness and coherence, better capturing the essence of the implicit meaning. [RESULT] B"
career progresses like a moving train.,his career is a journey of steady progress.,B,"Feedback: Both metaphors aim to convey the idea of career progression, but they differ in their alignment with the implicit meaning of ""growth and success through proper care and attention."" Response A, ""career progresses like a moving train,"" captures the idea of steady movement but lacks the nuance of care and attention, as a train moves regardless of external input. Response B, ""his career is a journey of steady progress,"" better aligns with the implicit meaning by implying a deliberate and cared-for process, akin to a journey that requires attention and effort. While both metaphors are coherent, Response B is more vivid and accurate in representing the intended concept of growth through care. [RESULT] B"
"like oil and water, they couldn't see eye to eye.",they were two ships that could not navigate the same ocean.,B,"Feedback: Both metaphors aim to convey the idea of intense conflict, but they differ in their approach and effectiveness. Response A, ""like oil and water, they couldn't see eye to eye,"" uses a common metaphor that highlights incompatibility but lacks the element of harmful communication, focusing more on irreconcilable differences. Response B, ""they were two ships that could not navigate the same ocean,"" introduces a more dynamic and vivid imagery of ships struggling in the same space, which subtly implies conflict and potential harm through the inability to coexist harmoniously. While both metaphors are coherent, Response B more closely aligns with the implicit meaning of intense conflict expressed through harmful communication due to its imagery of active struggle in a shared environment. [RESULT] B"
a sharp mind cracking the code,a beacon of understanding illuminates the path forward.,B,"Feedback: Both metaphors aim to capture the essence of guiding intelligence, but they differ in their approach and effectiveness. Response A, ""a sharp mind cracking the code,"" emphasizes the active, problem-solving aspect of intelligence, which aligns with the idea of guiding others through complex situations. However, it focuses more on individual achievement rather than the illumination or sharing of knowledge. The imagery is vivid and coherent but slightly misses the communal aspect of the implicit meaning. Response B, ""a beacon of understanding illuminates the path forward,"" directly conveys the idea of intelligence as a guiding light that benefits others, aligning closely with the implicit meaning. The imagery is vivid, coherent, and imaginative, effectively capturing both the guiding and illuminating aspects of intelligence. While both responses are strong, Response B more accurately and imaginatively represents the intended concept. [RESULT] B"
,his heart was a heavy anchor.,B,"Feedback: Response B effectively captures the implicit meaning of psychological pain and trauma by using the metaphor ""his heart was a heavy anchor,"" which conveys a sense of burden and weight, aligning well with the emotional gravity of the intended concept. The imagery is vivid and coherent, as the heaviness of an anchor metaphorically mirrors the oppressive nature of trauma. Response A, being ""nan,"" does not provide any meaningful content to evaluate, making it impossible to assess its alignment with the implicit meaning or its imaginative qualities. Therefore, Response B clearly outperforms Response A in all criteria. [RESULT] B"
cultivate your inspiration in a concentration greenhouse.,"her mind was a garden, carefully tended for creativity to bloom.",B,"Feedback: Both metaphors effectively convey the implicit meaning that creativity requires a nurturing and protected environment. However, Response B (""her mind was a garden, carefully tended for creativity to bloom"") aligns more closely with the implicit meaning by directly linking the nurturing environment (garden) to the flourishing of creativity (bloom). The imagery in Response B is also more vivid and coherent, as it clearly portrays the mind as a garden where creativity grows, which is a widely recognized and relatable metaphor. In contrast, Response A (""cultivate your inspiration in a concentration greenhouse"") uses a less common and slightly less vivid image, with ""concentration greenhouse"" being a more abstract and less intuitive concept compared to a garden. While both metaphors are imaginative, Response B excels in clarity, relatability, and direct alignment with the implicit meaning. [RESULT] B"
love is a slow-growing tree.,a mosaic of love.,B,"Feedback: Response A, ""love is a slow-growing tree,"" captures the transformative aspect of love through the imagery of growth, but it lacks the element of mystery and does not fully convey the multifaceted nature of the implicit meaning. The metaphor is coherent and vivid but only partially aligns with the intended concept. Response B, ""a mosaic of love,"" better reflects the multifaceted and mysterious nature of love, as a mosaic consists of many pieces forming a complex whole, which aligns more closely with the transformative and enigmatic qualities of the implicit meaning. However, it does not explicitly convey the transformative process. Response B is more imaginative and aligns better with the implicit meaning, though neither fully captures both aspects of mystery and transformation. [RESULT] B"
"different parts of myself, like a jury, evaluate and judge my emotional responses.",my mind is a council of wise judges.,A,"Feedback: Both metaphors aim to capture the internal decision-making process about feelings, but they differ in their approach and vividness. Response A, ""different parts of myself, like a jury, evaluate and judge my emotional responses,"" directly aligns with the implicit meaning by explicitly mentioning the evaluation and judgment of emotions, mirroring the concept of a jury's deliberative process. The imagery is coherent and effectively conveys the idea of multiple internal perspectives assessing feelings. Response B, ""my mind is a council of wise judges,"" also aligns with the implicit meaning but focuses more on the wisdom and authority of the judges rather than the process of evaluation. While it is imaginative and coherent, it is slightly less vivid in depicting the active process of judging emotions compared to Response A. Both responses score a 4, but Response A edges out as it more directly and vividly captures the intended concept of internal evaluation. [RESULT] A"
"moonlight danced on the water's surface, creating mesmerizing patterns.",she was a painting in the night sky.,A,"Feedback: Response A captures the implicit meaning more effectively by describing moonlight dancing on water, which directly evokes the fluid, wave-like movement of light. The imagery is vivid and coherent, aligning closely with the concept of light moving like water waves. In contrast, Response B, while imaginative, focuses on a static image of a person as a painting in the night sky, which does not convey the dynamic, wave-like movement of light. Response A’s metaphor is clearer and more accurate in representing the intended concept. [RESULT] A"
education is a ladder to success.,education is a seed sown for a brighter community.,B,"Feedback: Both metaphors aim to convey the implicit meaning that education leads to positive community outcomes, but they do so with differing levels of vividness and coherence. Response A, ""education is a ladder to success,"" aligns well with the idea of progression and achievement but focuses more on individual success rather than community outcomes, making it less aligned with the implicit meaning. The imagery is clear but somewhat generic and does not strongly evoke a communal impact. Response B, ""education is a seed sown for a brighter community,"" directly ties education to community growth, using a vivid and coherent metaphor that emphasizes long-term, collective benefits. The imagery of a seed growing into something greater is highly imaginative and closely aligns with the implicit meaning. [RESULT] B"
laughter revealed the heart of their relationship.,laughter was a mirror to their hearts.,B,"Feedback: Both metaphors aim to capture the essence of friendship being strengthened through shared joy, but they differ in their approach and effectiveness. Response A, ""laughter revealed the heart of their relationship,"" directly links laughter to the core of the relationship, suggesting a deep and revealing connection. However, it lacks the vivid imagery and reflective quality that would make it highly imaginative. Response B, ""laughter was a mirror to their hearts,"" uses the metaphor of a mirror to convey reflection and clarity, which aligns more closely with the idea of purification and strengthening. The imagery in Response B is more vivid and coherent, as it creates a clear mental picture of laughter acting as a reflective surface that reveals the true nature of their friendship. While both responses capture the implicit meaning, Response B does so with greater clarity and imaginative depth. [RESULT] B"
our items chronicle our building legacy.,her possessions are a timeline of her life's journey.,B,"Feedback: Both responses attempt to convey the idea that material items reflect one's life journey, but they differ in their approach and effectiveness. Response A uses the phrase ""chronicle our building legacy,"" which implies a sense of creation and progress but lacks the vivid imagery of tracks in sand. It focuses more on the act of building rather than the marking of a path. Response B, on the other hand, directly compares possessions to a ""timeline of her life's journey,"" which more closely aligns with the implicit meaning of material items marking a path. The imagery in Response B is clearer and more coherent, as it directly evokes the idea of a timeline, akin to tracks in sand. While both responses capture the general concept, Response B does so with greater precision and vividness, adhering more closely to the implicit meaning. [RESULT] B"
he finished his masterpiece.,he has sculpted a work of art in his mind.,B,"Feedback: Both responses aim to convey the implicit meaning of achievement completion, but they differ in their approach and effectiveness. Response A, ""he finished his masterpiece,"" directly implies completion but lacks imaginative depth, using a straightforward and somewhat generic metaphor. Response B, ""he has sculpted a work of art in his mind,"" introduces a more vivid and creative imagery by emphasizing the mental process and artistry involved in achieving the goal. While both align with the implicit meaning, Response B stands out for its coherence and imaginative representation, capturing the concept more vividly and accurately. [RESULT] B"
"time is a sculptor, carving away at the stone of life.",time is a catalyst for change.,A,"Feedback: Both metaphors attempt to capture the implicit meaning of time's transformative nature, but they differ in their approach and effectiveness. Response A, ""time is a sculptor, carving away at the stone of life,"" uses vivid and coherent imagery, emphasizing the gradual and inevitable process of transformation through the act of sculpting. This aligns closely with the implicit meaning, as it conveys the idea of time shaping and altering life over time. Response B, ""time is a catalyst for change,"" while accurate in implying transformation, lacks the same level of vividness and specificity. It captures the concept of change but does not convey the gradual, inevitable nature as effectively as Response A. Therefore, Response A is more imaginative and aligns better with the implicit meaning. [RESULT] A"
she thirsted for knowledge like a desert traveler.,"a sponge for knowledge, she soaked up new ideas eagerly.",B,"Feedback: Both metaphors aim to convey an eager and passionate desire to learn, but they differ in their approach and vividness. Response A uses the imagery of a ""desert traveler"" to depict a deep, urgent need for knowledge, which aligns well with the implicit meaning of a strong, continuous desire to learn. However, the metaphor is somewhat generic and lacks the specificity of the eagerness and passion. Response B, on the other hand, employs the imagery of a ""sponge"" soaking up knowledge, which more directly captures the idea of eagerly and actively absorbing new ideas. The sponge metaphor is more vivid and coherent in conveying the continuous and enthusiastic nature of learning. While both metaphors reflect the implicit meaning, Response B does so with greater clarity, specificity, and imaginative imagery. [RESULT] B"
progress is a trail of breadcrumbs.,steps in progress create the foundation of a solid structure.,A,"Feedback: Both metaphors attempt to capture the idea of personal growth leaving lasting marks, but they differ in their approach and effectiveness. Response A, ""progress is a trail of breadcrumbs,"" uses a vivid and imaginative image that suggests a path of small, incremental steps that can be traced back, aligning well with the implicit meaning of lasting marks on one's journey. However, it may imply a sense of fragility or temporary nature, which slightly deviates from the intended concept of lasting impact. Response B, ""steps in progress create the foundation of a solid structure,"" directly emphasizes the lasting and foundational nature of personal growth, but its imagery is less vivid and more literal, lacking the imaginative flair of Response A. While both have merits, Response A's metaphor is more imaginative and closely aligns with the implicit meaning, despite a minor deviation in tone. [RESULT] A"
writing is like gardening.,she painted vivid characters on the canvas of her stories.,B,"Feedback: Response A, ""writing is like gardening,"" loosely reflects the implicit meaning of creating and bringing fictional characters to life, as it focuses more on the nurturing and growth aspect of writing rather than the specific act of character creation. The imagery is coherent but generic and does not vividly capture the essence of crafting characters. Response B, ""she painted vivid characters on the canvas of her stories,"" aligns closely with the implicit meaning by directly addressing the creation of characters and using vivid, imaginative imagery that effectively conveys the intended concept. The metaphor in Response B is more precise, vivid, and aligned with the implicit meaning compared to Response A. [RESULT] B"
seeds of ideas cannot sprout,their ideas were stuck in a rut.,A,"Feedback: Both metaphors attempt to convey the stagnation of ideas, but they differ in their approach and effectiveness. Response A, ""seeds of ideas cannot sprout,"" uses a natural, biological metaphor that directly relates to the concept of growth and development, aligning well with the implicit meaning. The imagery is vivid and coherent, as it clearly depicts ideas failing to progress. Response B, ""their ideas were stuck in a rut,"" employs a more colloquial metaphor that suggests repetition and lack of progress, but it is less imaginative and slightly more generic compared to Response A. While both metaphors capture the essence of the implicit meaning, Response A does so with more clarity and originality in its imagery. [RESULT] A"
achievement kindled his desire to conquer greater obstacles.,his success was a stepping stone to more difficult challenges.,B,"Feedback: Both responses aim to convey the implicit meaning that achievement fuels the desire for greater accomplishments. Response A uses the metaphor of ""achievement kindled his desire,"" which effectively captures the idea of achievement igniting a passion for further success, though the imagery of ""kindling"" is somewhat generic. Response B, on the other hand, employs the metaphor of ""success was a stepping stone,"" which is more vivid and coherent, clearly illustrating how one achievement leads to the pursuit of more challenging goals. While both responses align with the implicit meaning, Response B stands out for its clearer and more imaginative imagery. [RESULT] B"
obligations weigh me down.,her obligations were a chain that bound her.,B,"Feedback: Both metaphors convey the idea of obligations being burdensome, but Response B more closely aligns with the implicit meaning of material possessions being restrictive by using the imagery of a ""chain that bound her,"" which vividly captures the sense of restriction and confinement. Response A, while conveying weight and burden, does not explicitly evoke the idea of restriction as strongly. The imagery in Response B is more imaginative and coherent with the intended concept, making it a clearer and more accurate representation. [RESULT] B"
rage like a ticking time bomb.,his rage was a ticking time bomb.,B,"Feedback: Both responses effectively convey the implicit meaning of increasing anger about to explode, but they differ in their structure and vividness. Response A uses a simile (""like a ticking time bomb""), which directly compares rage to a time bomb, making the imagery clear and coherent. Response B, on the other hand, uses a direct metaphor (""his rage was a ticking time bomb""), which is more concise and integrates the comparison seamlessly into the sentence. While both are strong, Response B's direct metaphor is slightly more vivid and coherent, as it avoids the explicit comparison marker (""like""), allowing the imagery to blend more naturally with the subject. Response A is still highly effective but loses a minor point for the slightly less integrated imagery. [RESULT] B"
his sexual tension was a powder keg.,his sexual tension was a ticking time bomb.,B,"Feedback: Both metaphors effectively convey the implicit meaning of a dangerous level of pressure or stress reaching critical limits, but they differ in their imagery and specificity. Response A, ""his sexual tension was a powder keg,"" uses a static image of potential explosion, which aligns well with the idea of pent-up tension. However, it lacks the dynamic element of time, which is crucial to the concept of reaching a critical limit. Response B, ""his sexual tension was a ticking time bomb,"" incorporates both the danger and the inevitability of an impending release, making it more vivid and coherent in capturing the urgency and time-sensitive nature of the situation. While both are strong, Response B more accurately and imaginatively represents the original idea by including the temporal aspect. [RESULT] B"
success is a self-made climb.,she built her own ladder to success.,A,"Feedback: Both metaphors effectively convey the implicit meaning that success requires personal struggle and determination. However, they differ in their imagery and coherence. Response A, ""success is a self-made climb,"" uses a vivid and universally understood image of climbing, which inherently implies effort and perseverance. It aligns closely with the implicit meaning and evokes a clear mental picture of the struggle involved. Response B, ""she built her own ladder to success,"" also captures the idea of personal effort but introduces an additional step (building the ladder) that, while imaginative, slightly dilutes the directness of the struggle. The imagery in Response B is coherent but less immediate and vivid compared to the straightforward climb in Response A. Therefore, Response A is more aligned with the implicit meaning and uses more vivid and coherent imagery. [RESULT] A"
anger is a fire that repeatedly burns.,"a kaleidoscope of perspectives, reflecting the world's diverse view.",A,"Feedback: Response A uses the metaphor of ""anger is a fire that repeatedly burns,"" which captures the repetitive and destructive nature of negative emotions, aligning somewhat with the implicit meaning of suppressing them. However, it focuses more on the intensity and recurrence of anger rather than the act of suppression. The imagery is vivid and coherent but lacks the nuance of the intended concept. Response B, ""a kaleidoscope of perspectives, reflecting the world's diverse view,"" diverges significantly from the implicit meaning, as it emphasizes diversity and multiplicity rather than emotional suppression. Neither metaphor fully captures the idea of repeatedly suppressing negative emotions, but Response A is closer in conveying the repetitive and unpleasant aspect, albeit not the suppression itself. [RESULT] A"
unwavering as a mountain.,they were rocks that stood firm in the storm.,B,"Feedback: Both metaphors aim to convey the idea of unwavering moral principles and strong integrity, but they differ in their approach and effectiveness. Response A, ""unwavering as a mountain,"" directly links the concept of steadfastness to a mountain, a symbol often associated with immovability and strength. However, it lacks the dynamic imagery and context that could enhance its vividness. Response B, ""they were rocks that stood firm in the storm,"" introduces a more vivid and active scenario by incorporating the element of a storm, which adds a layer of challenge and resilience. This imagery not only aligns closely with the implicit meaning but also provides a more engaging and coherent representation of the concept. While both metaphors are clear, Response B excels in its use of vivid and contextual imagery, making it a more imaginative and effective representation of unwavering moral principles and strong integrity. [RESULT] B"
forms like feathers in the wind,the shapes fall into place like a puzzle.,A,"Feedback: Response A, ""forms like feathers in the wind,"" captures the gentle, floating movement without direction or purpose more vividly and accurately than Response B. The imagery of feathers in the wind aligns closely with the implicit meaning, evoking a sense of lightness and aimlessness. Response B, ""the shapes fall into place like a puzzle,"" while coherent, conveys a sense of order and purpose, which contradicts the implicit meaning of lack of direction. Response A’s metaphor is more imaginative and aligns better with the intended tone and concept. [RESULT] A"
she's a detective solving the question.,she's a detective on the case.,B,"Feedback: Both metaphors attempt to liken the act of dealing with a persistent question to the role of a detective, but they differ in how closely they align with the implicit meaning and the vividness of their imagery. Response A, ""she's a detective solving the question,"" directly addresses the act of resolving a question, which somewhat captures the idea of persistence but lacks the nuance of the question being ""nagging"" or constantly present. Response B, ""she's a detective on the case,"" better conveys the ongoing, persistent nature of the question, as being ""on the case"" implies continuous engagement and pursuit, aligning more closely with the implicit meaning. While neither metaphor is highly imaginative, Response B uses more coherent and vivid imagery that effectively conveys the intended concept of a persistent, nagging question. [RESULT] B"
she polishes her facade to preserve her shine.,a well-maintained vessel that never shows its age.,A,"Feedback: Both metaphors capture the essence of self-preservation, but they differ in their approach and vividness. Response A, ""she polishes her facade to preserve her shine,"" directly emphasizes the active, meticulous effort involved in maintaining appearance, aligning closely with the implicit meaning of delicate and meticulous self-preservation. The imagery of polishing and preserving shine is vivid and coherent, effectively conveying the intended concept. Response B, ""a well-maintained vessel that never shows its age,"" while imaginative, focuses more on the result (timelessness) rather than the process (meticulous effort), making it slightly less aligned with the implicit meaning. The vessel metaphor is coherent but less vivid in depicting the delicate, ongoing effort. Response A better captures the implicit meaning with more precise and vivid imagery. [RESULT] A"
a well-prepared plan is a winning strategy.,she prepared the field for victory before the game.,B,"Feedback: Both responses aim to convey the implicit meaning that proper preparation leads to success, but they differ in their approach and effectiveness. Response A directly equates a well-prepared plan to a winning strategy, which is straightforward and aligns well with the implicit meaning, though it lacks vivid imagery and originality, earning it a score of 4. Response B, on the other hand, uses the metaphor of preparing a field for victory, which introduces a more imaginative and vivid image, clearly linking preparation to success in a coherent and engaging way, thus scoring a 5. The key difference lies in the imagery and creativity, with Response B being more evocative and closely aligned with the implicit meaning. [RESULT] B"
their love ignited and raged.,they were like fireflies in the darkness.,A,"Feedback: Response A captures the intensity and passion of the implicit meaning more directly, using ""ignited and raged"" to vividly convey rapid growth and fiery emotion, aligning closely with the intended concept. Response B, while imaginative, focuses on the contrast of light in darkness, which is less aligned with the rapid growth and intensity aspects of the implicit meaning. Both responses use vivid imagery, but Response A more accurately reflects the intended meaning. [RESULT] A"
they optimized their relationship to perform optimally.,the couple had to oil their relationship engine to run smoother.,B,"Feedback: Both metaphors attempt to convey the idea of improving a relationship, but they differ in their alignment with the implicit meaning of a ""broken"" relationship needing fixing. Response A focuses on ""optimizing"" the relationship to perform optimally, which implies a more functional improvement rather than addressing a fundamental issue. While it is coherent and clear, it lacks the imagery of repair or restoration needed for a broken relationship. Response B, on the other hand, uses the vivid imagery of ""oiling a relationship engine,"" which directly suggests maintenance and repair, aligning more closely with the implicit meaning of fixing something that is broken. The metaphor in Response B is more imaginative and effectively conveys the intended concept of addressing a dysfunctional relationship. [RESULT] B"
team leader shared decision-making authority.,she was the conductor of a symphony of ideas.,B,"Feedback: Response B, ""she was the conductor of a symphony of ideas,"" is more imaginative and vivid compared to Response A, which directly states ""team leader shared decision-making authority."" Response B effectively conveys the implicit meaning of sharing authority and control by using the metaphor of a conductor orchestrating a symphony, which implies collaboration and guidance without micromanagement. The imagery is coherent and aligns closely with the intended concept, making it a clearer and more accurate representation. Response A, while accurate, lacks the imaginative and vivid quality of Response B, as it simply states the idea without enhancing it through metaphorical language. [RESULT] B"
"darkness fell, concealing the terrain.",the darkness fell like a heavy blanket.,B,"Feedback: Both responses capture the implicit meaning of night falling and covering the land, but Response B (""the darkness fell like a heavy blanket"") uses more vivid and imaginative imagery by comparing darkness to a heavy blanket, which effectively conveys the sense of complete coverage and weight. Response A (""darkness fell, concealing the terrain"") is more straightforward and lacks the creative comparison, making it less engaging. Response B aligns more closely with the criteria for vividness and coherence, earning a higher score. [RESULT] B"
she needed time to sharpen her mental focus after sleep.,she needed to thaw her mental ice before she could function.,B,"Feedback: Both metaphors attempt to convey the idea of mental preparation after sleep, but they differ in their approach to the implicit meaning of mental flexibility and gradual awakening. Response A uses the concept of ""sharpening mental focus,"" which aligns with the idea of preparation but lacks the gradual, flexible aspect of awakening. The imagery is clear but somewhat static and doesn't fully capture the dynamic process of mental flexibility. Response B, on the other hand, uses the metaphor of ""thawing mental ice,"" which more vividly and imaginatively conveys the gradual process of awakening and the transition from a rigid to a flexible mental state. The imagery of ice thawing is more dynamic and aligns closely with the implicit meaning, making it a clearer and more accurate representation. [RESULT] B"
time is a tireless guardian.,time is a master clockmaker of life's every moment.,B,"Feedback: Both metaphors attempt to capture the relentless nature of time, but they differ in their approach and effectiveness. Response A, ""time is a tireless guardian,"" conveys the idea of time as a constant, unyielding force, which aligns with the implicit meaning of time pursuing and catching up with everyone. However, the imagery of a ""guardian"" is somewhat passive and lacks the active, shaping role that time plays in life. Response B, ""time is a master clockmaker of life's every moment,"" more vividly and accurately represents the implicit meaning by emphasizing time's active role in crafting and controlling every moment, which closely mirrors the relentless pursuit implied in the reference. The imagery in Response B is also more imaginative and coherent, as it directly ties time to the creation and progression of life's moments. While both responses are decent, Response B better captures the intended concept with more vivid and precise imagery. [RESULT] B"
she savored the taste of victory.,she found a sweet spot of success.,A,"Feedback: Both metaphors aim to convey the pleasurable and satisfying nature of achievement, but they differ in their approach and effectiveness. Response A, ""she savored the taste of victory,"" uses a gustatory metaphor that directly links achievement to a sensory experience, creating a vivid and immediate sense of satisfaction. The imagery of savoring implies a deep, prolonged enjoyment, which closely aligns with the implicit meaning. Response B, ""she found a sweet spot of success,"" also employs a sensory metaphor, but it focuses on the idea of finding a perfect or ideal point rather than the act of experiencing pleasure. While ""sweet spot"" suggests a positive outcome, it is less direct in conveying the depth of satisfaction compared to the act of savoring. Response A's imagery is more coherent and vivid in capturing the intended concept of pleasurable achievement. [RESULT] A"
within sight from a hill.,our view is a window through which we look.,B,"Feedback: Both metaphors attempt to convey the idea of limited or restricted vision/perspective, but they differ significantly in their approach and effectiveness. Response A, ""within sight from a hill,"" suggests a physical vantage point that implies a broader view, which somewhat contradicts the implicit meaning of restricted vision. The imagery is clear but does not align closely with the intended concept of limitation. Response B, ""our view is a window through which we look,"" more directly captures the idea of a restricted perspective, as a window inherently limits what can be seen. The imagery is vivid and coherent, effectively conveying the intended concept. While both responses have some relevance, Response B aligns more closely with the implicit meaning and uses more appropriate imagery. [RESULT] B"
learning from the past to create a better future,building a house with the stones of their successes.,B,"Feedback: Both metaphors aim to convey the idea of leveraging past experiences for future success, but they differ in their approach and imagery. Response A, ""learning from the past to create a better future,"" directly addresses the concept of using historical knowledge to improve future outcomes, aligning well with the implicit meaning. However, it lacks vivid or imaginative imagery, making it more literal and less engaging. Response B, ""building a house with the stones of their successes,"" introduces a more creative and tangible image, suggesting that past achievements are the foundation for future progress. This metaphor is more vivid and aligns closely with the implicit meaning by emphasizing the use of predecessors' successes as a structured path to success. While both responses capture the core idea, Response B does so with more imaginative and coherent imagery. [RESULT] B"
their intelligence is as small as a mouse in a lion's den.,they were lost in a sea of insurmountable complexity.,B,"Feedback: Both metaphors attempt to convey the implicit meaning of limited intellectual capacity in a large context, but they differ in their approach and effectiveness. Response A uses a direct comparison of size (""small as a mouse"") to imply intellectual limitation, but the imagery of a ""lion's den"" introduces an element of danger that is not present in the implicit meaning, making it less focused. Response B, on the other hand, employs the imagery of being ""lost in a sea of insurmountable complexity,"" which more accurately captures the idea of being overwhelmed by a large, complex context, directly aligning with the implicit meaning. While both metaphors are coherent, Response B is more vivid and imaginative in its representation of the intended concept, avoiding unnecessary elements that distract from the core idea. [RESULT] B"
"as beautiful as a playful, unpredictable, beautiful rainbow.","love was a playful, unpredictable dance between two souls.",B,"Feedback: Both metaphors attempt to capture the essence of the implicit meaning, but they differ significantly in their approach and effectiveness. Response A, ""as beautiful as a playful, unpredictable, beautiful rainbow,"" focuses on the beauty and unpredictability of the subject but fails to convey the gracefulness and fleeting nature of love explicitly. The imagery of a rainbow is vivid and imaginative, but it does not directly relate to the concept of love or its transient quality. On the other hand, Response B, ""love was a playful, unpredictable dance between two souls,"" directly addresses the implicit meaning by comparing love to a dance, which inherently implies gracefulness and movement, thus capturing the fleeting aspect. The metaphor is coherent, vivid, and closely aligns with the intended concept, making it a clearer and more accurate representation. [RESULT] B"
their emotional lives were intertwined like vines.,two hearts beating as one.,A,"Feedback: Both metaphors aim to convey the implicit meaning of a close, interdependent relationship, but they differ in their approach and effectiveness. Response A, ""their emotional lives were intertwined like vines,"" uses a vivid and organic image of vines to suggest a natural, growing, and deeply connected relationship. This metaphor aligns well with the implicit meaning, emphasizing the interdependence and the gradual, almost inevitable way in which their lives become entwined. The imagery is coherent and imaginative, earning a score of 4. Response B, ""two hearts beating as one,"" is a more conventional metaphor that directly symbolizes unity and emotional synchronization. While it clearly conveys the idea of closeness, it lacks the originality and depth of Response A, relying on a common and somewhat generic image. This metaphor aligns with the implicit meaning but is less vivid and imaginative, earning a score of 3. [RESULT] A"
she painted her canvas with vibrant hues.,she conducted her creativity onto the canvas.,A,"Feedback: Both responses attempt to capture the implicit meaning of creation and transformation through artistic expression, but they differ in their approach and effectiveness. Response A uses the imagery of ""painting with vibrant hues,"" which directly aligns with the act of creation and transformation, as painting inherently involves adding color and life to a blank canvas. The vividness of ""vibrant hues"" enhances the imagery, making it more engaging and closely tied to the artistic process. Response B, on the other hand, uses the metaphor of ""conducting creativity onto the canvas,"" which introduces a more abstract and less direct connection to the act of creation. While ""conducting"" implies guidance and orchestration, it lacks the immediate visual impact and clarity of painting with colors. The imagery in Response B is less vivid and more metaphorically distant from the implicit meaning compared to Response A. Therefore, Response A better captures the implicit meaning with clearer, more vivid, and more coherent imagery. [RESULT] A"
a puzzle piece fitting into a larger picture,pieces of a puzzle fit together to form a complete picture.,B,"Feedback: Both metaphors aim to convey the idea of sudden mental clarity and comprehension, but they differ in their approach and effectiveness. Response A, ""a puzzle piece fitting into a larger picture,"" focuses on the individual piece and its role in the whole, which somewhat captures the moment of clarity but lacks the dynamic process of achieving it. Response B, ""pieces of a puzzle fit together to form a complete picture,"" emphasizes the action and process of fitting together, which more vividly represents the sudden comprehension as a result of multiple elements aligning. While both are coherent, Response B provides a more dynamic and complete imagery of the process leading to clarity, aligning more closely with the implicit meaning. [RESULT] B"
our visual field is in a frame.,a room of our vision.,B,"Feedback: Both metaphors attempt to convey the idea that our vision is a contained space where the world is processed, but they differ in their approach and effectiveness. Response A, ""our visual field is in a frame,"" uses the concept of a frame to suggest a boundary or limit to our vision, which partially aligns with the implicit meaning of containment. However, it lacks vividness and does not fully capture the idea of processing or understanding the world within that space. Response B, ""a room of our vision,"" more effectively conveys the idea of a contained space (a room) where vision is processed, aligning more closely with the implicit meaning. The imagery of a room is more vivid and coherent, suggesting a space where information is organized and understood. While neither metaphor is highly imaginative, Response B better captures the intended concept. [RESULT] B"
theories were benchmarked against the highest academic standards.,her theories were put under a microscope.,B,"Feedback: Both responses attempt to convey the implicit meaning of theories competing in an academic context, but they differ in their approach and effectiveness. Response A uses the phrase ""benchmarked against the highest academic standards,"" which aligns with the idea of competition but lacks vivid imagery and does not directly evoke the concept of theories vying against each other. It feels more procedural than imaginative. Response B, ""her theories were put under a microscope,"" employs a more vivid and direct metaphor, suggesting intense scrutiny and comparison, which better captures the competitive and evaluative nature of academic discourse. While both responses reflect the implicit meaning to some extent, Response B does so with clearer and more imaginative imagery. [RESULT] B"
"the theory's influence is like a spider's web, connecting different academic fields and areas of study.",a web of influence in the academic world.,A,"Feedback: Response A more closely aligns with the implicit meaning by explicitly comparing the theory's influence to a spider's web, which effectively conveys the idea of a central point (the theory) extending and connecting to various fields, much like a spider's web radiates outward. The imagery is vivid and coherent, clearly illustrating the concept of division and extension. Response B, while concise, lacks the same level of detail and vividness, merely stating ""a web of influence"" without the same depth or clarity in conveying the central theory's role in dividing and extending into different fields. Response A is more imaginative and accurate in representing the original idea. [RESULT] A"
iron man juggling.,he's a jack-of-all-trades with a master's touch.,B,"Feedback: Response A, ""iron man juggling,"" captures the energetic aspect of the implicit meaning but falls short in conveying the capability of handling multiple responsibilities with precision. The imagery is somewhat vivid but lacks coherence in representing the multifaceted skill set implied. Response B, ""he's a jack-of-all-trades with a master's touch,"" aligns more closely with the implicit meaning by explicitly mentioning versatility and expertise, offering a clearer and more coherent representation of the intended concept. While both responses have imaginative elements, Response B is more accurate and vivid in conveying the full scope of the implicit meaning. [RESULT] B"
,the supporting evidence is the anchor of the argument.,B,"Feedback: Response B effectively captures the implicit meaning by comparing supporting evidence to an anchor, which symbolizes stability and centrality, aligning well with the idea of evidence circulating around a central point. The imagery is coherent and conveys the intended concept clearly, though it lacks a high degree of originality. Response A, being ""nan,"" does not provide any meaningful content or imagery, failing to reflect the implicit meaning in any way. Therefore, Response B is superior in both alignment with the implicit meaning and clarity of imagery. [RESULT] B"
they conquered the challenges of their relationship together.,a puzzle coming together to form a complete picture.,B,"Feedback: Both responses aim to convey the implicit meaning of overcoming challenges in a relationship, but they differ in their approach and effectiveness. Response A directly states the action of conquering challenges together, which aligns closely with the implicit meaning but lacks imaginative imagery, earning a score of 3. Response B, on the other hand, uses the metaphor of a puzzle coming together to form a complete picture, which is more vivid and imaginative. It effectively conveys the idea of overcoming obstacles to achieve a harmonious outcome, aligning well with the implicit meaning and earning a score of 4. While both responses capture the intended concept, Response B does so with more creativity and clarity. [RESULT] B"
her possessions were her legacy to the future.,each possession is a chapter in the story of our lives.,B,"Feedback: Both metaphors aim to capture the idea that material belongings represent different periods of our life journey. Response A emphasizes the idea of possessions as a ""legacy to the future,"" which aligns with the implicit meaning but focuses more on the future impact rather than the journey itself. Response B, on the other hand, uses the imagery of ""each possession as a chapter in the story of our lives,"" which more vividly and coherently captures the concept of belongings representing distinct periods of life. While both are imaginative, Response B’s imagery is more dynamic and directly tied to the life journey narrative. Response A is slightly less vivid and more abstract in comparison. [RESULT] B"
,romance is a thief of wisdom and good judgment.,B,"Feedback: Response B effectively captures the implicit meaning by portraying romance as a ""thief"" that steals wisdom and good judgment, which aligns with the idea that passion and emotion triumph over rational thought. The imagery is vivid and coherent, using the metaphor of theft to convey the overpowering nature of emotion. Response A, being ""nan,"" does not provide any meaningful content to evaluate and thus fails to convey the implicit meaning or any imagery. Therefore, Response B is the clear and imaginative representation of the original idea. [RESULT] B"
the audience's desire for amusement was like a drug addiction.,the audience's desire for amusement was a growing fire.,A,"Feedback: Both metaphors aim to convey the intense, desperate desire for entertainment, but they differ in their imagery and alignment with the implicit meaning. Response A compares the audience's desire to a drug addiction, which effectively captures the intensity and desperation, as addiction implies a compulsive and uncontrollable need. However, the imagery is somewhat generic and lacks the vividness of a more original metaphor. Response B likens the desire to a growing fire, which conveys intensity and escalation but doesn't fully capture the desperation or compulsive nature as strongly as addiction does. While both metaphors align with the implicit meaning, Response A is more precise in depicting the desperate aspect of the desire. [RESULT] A"
flash of inferno,two sparks of electricity met in the air.,B,"Feedback: Both metaphors attempt to capture the concept of sudden intense passion or attraction, but they differ in their approach and effectiveness. Response A, ""flash of inferno,"" uses the imagery of a sudden, intense fire to convey passion, which aligns well with the implicit meaning due to its vivid and powerful nature. However, it leans more towards destructiveness, which might not fully capture the positive aspect of attraction. Response B, ""two sparks of electricity met in the air,"" focuses on the instantaneous and energetic connection between two entities, which more accurately reflects the mutual and dynamic nature of sudden attraction. While both metaphors are imaginative, Response B is more coherent and aligned with the intended concept of mutual and intense passion without implying negativity. [RESULT] B"
"his anger was a blazing inferno, burning him from the inside out.",his anger was a heavy chain around his heart.,B,"Feedback: Both metaphors attempt to convey the implicit meaning of uncontrollable anger that feels restrictive and painful, but they do so with different imagery and emphasis. Response A uses the imagery of a ""blazing inferno"" to highlight the destructive and consuming nature of anger, which aligns well with the ""painful"" aspect of the implicit meaning. However, it focuses more on the internal combustion rather than the restrictive element. Response B, on the other hand, uses a ""heavy chain around his heart"" to emphasize the restrictive and burdensome nature of anger, directly capturing both the ""restrictive"" and ""painful"" aspects of the implicit meaning. While both are vivid, Response B more closely aligns with the full scope of the implicit meaning by explicitly addressing both restriction and pain. Response A is slightly less aligned due to its focus on internal destruction rather than external restriction. [RESULT] B"
,white blood cells are like bodyguards for the bloodstream.,B,"Feedback: Response B effectively captures the implicit meaning of protection and defense by comparing white blood cells to bodyguards, creating a vivid and coherent image that aligns closely with the intended concept. Response A, being ""nan,"" fails to provide any meaningful comparison or imagery, thus not reflecting the intended meaning at all. The difference is stark, with Response B being highly imaginative and accurate, while Response A is entirely absent. [RESULT] B"
hypothesis is a compass for studies.,the compass of their hypothesis guides the ship of further studies.,B,"Feedback: Both responses aim to convey the idea of a hypothesis providing direction, but they differ in their approach and effectiveness. Response A directly states that a hypothesis is a compass, which is straightforward but lacks the vividness and depth needed to fully capture the implicit meaning of ""illumination"" and ""guidance."" Response B, on the other hand, expands the metaphor by introducing the imagery of a ship guided by the compass of a hypothesis, which adds a layer of vividness and coherence. It more effectively conveys the concept of direction and the idea of leading others through the journey of further studies. While both responses align with the implicit meaning, Response B does so with greater imaginative detail and clarity. [RESULT] B"
their friendship is grounded in mutual understanding and shared values.,they were two sides of the same coin.,B,"Feedback: Response A directly states the concept of mutual understanding and shared values, which aligns with the implicit meaning of deep connection but lacks imaginative and vivid imagery. Response B, ""they were two sides of the same coin,"" uses a metaphor that inherently conveys unity, inseparability, and perfect harmony, closely aligning with the implicit meaning and providing a clear, coherent, and imaginative representation. While both responses capture the idea of connection, Response B does so more effectively through its vivid and metaphorical imagery. [RESULT] B"
she worked tirelessly to overcome her challenges.,she ran herself into a better situation.,B,"Feedback: Both responses attempt to convey the implicit meaning of effort and determination in overcoming challenges, but they differ in their approach and effectiveness. Response A directly states the effort (""worked tirelessly"") but lacks imaginative or vivid imagery, making it more literal than metaphorical. Response B uses the metaphor of ""running herself into a better situation,"" which introduces a more dynamic and vivid image, suggesting sustained effort and progress toward improvement. However, it slightly deviates from the implicit meaning by emphasizing the outcome (""better situation"") rather than the process of effort and determination. Response B is more imaginative and coherent in its imagery but less precise in aligning with the implicit meaning compared to Response A. [RESULT] B"
a heated battle that could lead to nuclear destruction.,a new idea was a missing puzzle piece.,A,"Feedback: Response A uses a metaphor of a ""heated battle"" that escalates to nuclear destruction, which captures the intensity and escalation implied in the implicit meaning. However, it introduces an extreme and catastrophic outcome that goes beyond the scope of a heated argument, making it less aligned with the intended concept. Response B, on the other hand, uses a metaphor of a ""missing puzzle piece"" to represent a new idea, which does not convey the intensity or escalation of an argument at all. Both metaphors fail to fully align with the implicit meaning, but Response A is closer in terms of capturing the escalating tension, albeit with exaggerated imagery. Response B is entirely unrelated to the concept of a heated argument. [RESULT] A"
"a patchwork quilt of diversified investments, a treasure chest of secure and stable long-term returns.",her portfolio is a solid foundation for her future.,A,"Feedback: Response A uses vivid and imaginative imagery, comparing a portfolio to a ""patchwork quilt of diversified investments"" and a ""treasure chest of secure and stable long-term returns,"" which closely aligns with the implicit meaning of security and protection of financial assets. The metaphor effectively conveys the idea of a well-structured and valuable financial plan. Response B, while clear and concise, is less imaginative and vivid, simply stating that the portfolio is a ""solid foundation for her future."" Although it captures the essence of security, it lacks the depth and creativity of Response A. Response A scores a 5 for its highly imaginative and vivid imagery that closely aligns with the implicit meaning, whereas Response B scores a 4 for its clear but less imaginative representation. [RESULT] A"
time moves forward relentlessly.,life is a river that never stops flowing.,B,"Feedback: Both metaphors attempt to convey the unstoppable nature of time, but they differ in their approach and effectiveness. Response A directly states that ""time moves forward relentlessly,"" which aligns with the implicit meaning but lacks vivid imagery and creativity, earning it a score of 3. Response B, ""life is a river that never stops flowing,"" uses a more imaginative and coherent metaphor, comparing the continuous flow of life to a river, which closely mirrors the idea of time as an unstoppable force. This metaphor is more vivid and aligns well with the implicit meaning, earning it a score of 4. [RESULT] B"
climbing to greatness,they sculpted themselves into their envisioned better versions.,B,"Feedback: Both metaphors aim to capture the implicit meaning of personal growth and self-improvement through effort. Response A, ""climbing to greatness,"" uses a vertical journey to symbolize progress, which aligns with the idea of effort leading to achievement. However, it is somewhat generic and lacks vivid imagery, earning a score of 3. Response B, ""they sculpted themselves into their envisioned better versions,"" employs a more imaginative and coherent metaphor, vividly portraying deliberate, transformative effort akin to sculpting. This aligns closely with the implicit meaning and conveys a clearer, more accurate representation, earning a score of 5. [RESULT] B"
timeless wisdom,a steady course,B,"Feedback: Both metaphors aim to convey the timeless and enduring quality of certain concepts, but they do so with varying degrees of clarity and vividness. Response A, ""timeless wisdom,"" directly aligns with the implicit meaning by emphasizing the enduring nature of wisdom, which is a clear and coherent representation of the concept. However, it lacks imaginative imagery, relying on a straightforward and somewhat generic phrase. Response B, ""a steady course,"" conveys endurance through the idea of consistency and reliability, which is a more imaginative and vivid metaphor. It suggests a continuous and unchanging path, closely aligning with the timeless quality intended. While both responses capture the implicit meaning, Response B does so with more creativity and vivid imagery, making it a clearer and more imaginative representation. [RESULT] B"
a raging inferno that left nothing positive behind.,the city was a jungle full of danger and opportunity.,A,"Feedback: Response A, ""a raging inferno that left nothing positive behind,"" aligns closely with the implicit meaning of destructive and intense anger that consumes everything. The imagery of a raging inferno is vivid and effectively conveys the intensity and all-consuming nature of anger, earning a score of 5. Response B, ""the city was a jungle full of danger and opportunity,"" while imaginative, does not capture the destructive and intense anger as directly. It introduces elements of opportunity, which are not present in the implicit meaning, making it less aligned and more generic in comparison, earning a score of 3. The key difference lies in how Response A precisely mirrors the destructive and consuming aspect of anger, whereas Response B diverges by incorporating unrelated themes. [RESULT] A"
obligations are a constant battle.,my obligations are a weight that i carry everywhere.,B,"Feedback: Both metaphors attempt to convey the burden of obligations, but they differ in their alignment with the implicit meaning of material belongings requiring constant maintenance. Response A, ""obligations are a constant battle,"" uses the imagery of battle to depict the ongoing struggle with obligations, which is vivid and coherent but does not directly capture the idea of constant maintenance or neediness associated with material belongings. Response B, ""my obligations are a weight that I carry everywhere,"" more closely aligns with the implicit meaning by portraying obligations as a persistent burden that requires continuous attention, akin to the maintenance of material belongings. While both metaphors are imaginative, Response B is more accurate in reflecting the intended concept of neediness and constant care. [RESULT] B"
hope is a beacon in the storm.,hope is a light that shines through the darkness.,A,"Feedback: Both metaphors effectively convey the implicit meaning of optimism persisting through difficult times, but they differ in their imagery and specificity. Response A, ""hope is a beacon in the storm,"" uses the imagery of a beacon, which is a strong and specific symbol of guidance and safety in turbulent conditions, aligning closely with the idea of hope as a reliable source of comfort in adversity. The storm metaphor vividly captures the intensity and chaos of difficult times. Response B, ""hope is a light that shines through the darkness,"" also conveys the idea of hope as a source of illumination in dark times, but the imagery of light through darkness is more general and less specific compared to the beacon in a storm. While both are coherent and imaginative, Response A’s use of a beacon in a storm provides a more vivid and precise representation of the implicit meaning. [RESULT] A"
obligations demand constant attention and resources.,her obligations were a heavy weight to carry daily.,B,"Feedback: Both responses attempt to convey the burden of obligations, but they differ in their approach and effectiveness. Response A directly states that obligations demand constant attention and resources, which aligns with the implicit meaning of material possessions requiring money and resources to maintain. However, it lacks vivid imagery and feels more like a literal statement than a metaphor. Response B, on the other hand, uses the metaphor of a ""heavy weight to carry daily,"" which is more imaginative and vivid. It effectively conveys the constant and burdensome nature of obligations, mirroring the implicit meaning of the ongoing demands of material possessions. While both responses capture the core idea, Response B does so with more creativity and clarity, making the metaphor more engaging and relatable. [RESULT] B"
ideas are like seeds that need to be planted and nurtured.,a seed that needs watering to grow.,A,"Feedback: Both responses attempt to convey the implicit meaning that ideas require effort to develop, but they differ in scope and vividness. Response A uses a broader metaphor, comparing ideas to seeds that need planting and nurturing, which aligns well with the implicit meaning by emphasizing both the initial effort (planting) and ongoing care (nurturing). This imagery is coherent and vivid, capturing the full process of idea development. Response B, however, focuses narrowly on a single aspect—watering a seed—which, while relevant, lacks the comprehensive imagery of Response A. It aligns with the implicit meaning but is less imaginative and fails to convey the full concept of discovering and developing ideas. Response A is clearer, more accurate, and more imaginative in representing the original idea. [RESULT] A"
causes and effects like gears in a clock.,"life is a chain of cause and effect, linked together.",A,"Feedback: Both metaphors aim to convey the interconnected and sequential nature of events, but they differ in their approach and effectiveness. Response A uses the imagery of ""gears in a clock"" to represent causes and effects, which is vivid and coherent, emphasizing the mechanical precision and interdependence of events. This aligns closely with the implicit meaning, capturing both the interconnectedness and the sequential nature of events. Response B, on the other hand, uses the metaphor of ""life is a chain of cause and effect, linked together,"" which is more straightforward and less imaginative. While it accurately conveys the idea of interconnectedness, it lacks the vividness and specificity of Response A. The chain metaphor is somewhat generic and does not evoke as strong an image of sequential precision. Therefore, Response A is more imaginative, vivid, and closely aligned with the implicit meaning. [RESULT] A"
certain ideas are like a rocket.,a storm that broke through established boundaries.,B,"Feedback: Both metaphors attempt to convey the uncontrollable nature of ideas, but they differ in their approach and effectiveness. Response A compares ideas to a rocket, which implies speed and direction but lacks the element of uncontrollability and boundary-breaking. It is a vivid image but does not fully capture the implicit meaning. Response B, on the other hand, uses the metaphor of a storm breaking through established boundaries, which directly aligns with the idea of being uncontrollable and hard to contain. The imagery of a storm is more coherent and vivid in conveying the intended concept, as storms are inherently unpredictable and forceful. While both responses have some merit, Response B more closely aligns with the implicit meaning and uses more imaginative and accurate imagery. [RESULT] B"
she healed her emotional wounds.,she was a puzzle piece in the human jigsaw.,B,"Feedback: Response A, ""she healed her emotional wounds,"" focuses on personal recovery and does not directly convey the idea of creating connection or reconciliation between two people. The imagery is somewhat vivid but lacks the interpersonal element required by the implicit meaning. Response B, ""she was a puzzle piece in the human jigsaw,"" better captures the concept of connection and fitting together, aligning more closely with the implicit meaning. While both responses use coherent imagery, Response B is more imaginative and directly relates to the idea of reconciliation. [RESULT] B"
achieved the pinnacle of success and happiness.,she was on cloud nine.,B,"Feedback: Both responses aim to convey the implicit meaning of extreme happiness reaching its highest point, but they differ in their approach and effectiveness. Response A, ""achieved the pinnacle of success and happiness,"" directly references a peak or highest point, aligning well with the implicit meaning. However, it lacks vivid imagery and feels more literal and less imaginative. Response B, ""she was on cloud nine,"" uses a well-known idiom that vividly and coherently conveys extreme happiness, capturing the idea of being at the highest point in a more imaginative and relatable way. While both responses reflect the intended meaning, Response B does so with more vivid and culturally resonant imagery. [RESULT] B"
"like two magnets, their attraction grew stronger over time.",the train was a force that reshaped the earth.,A,"Feedback: Response A uses the metaphor of ""two magnets"" to illustrate growing attraction, which directly aligns with the implicit meaning of romantic or sexual tension between two people. The imagery is vivid and coherent, effectively capturing the concept of increasing mutual pull over time. In contrast, Response B compares a train to a force reshaping the earth, which is imaginative but does not clearly relate to the implicit meaning of interpersonal tension. While Response B has strong imagery, it fails to convey the intended concept accurately. Response A is more aligned with the implicit meaning and uses more relevant and coherent imagery. [RESULT] A"
happiness is a young person's freedom.,she felt like a carefree child.,B,"Feedback: Both responses aim to capture the implicit meaning of feeling pure, innocent joy and happiness, but they do so with varying degrees of success. Response A, ""happiness is a young person's freedom,"" aligns with the idea of joy and happiness but focuses more on the concept of freedom rather than innocence or purity. The imagery is coherent but somewhat generic and less vivid in conveying the specific emotional state. Response B, ""she felt like a carefree child,"" directly evokes the imagery of innocence and pure joy, closely aligning with the implicit meaning. It is more vivid and imaginative, effectively capturing the intended concept. While both responses reflect the idea of happiness, Response B does so with greater clarity, accuracy, and imaginative representation. [RESULT] B"
time is a river flowing downstream.,time is a river.,A,"Feedback: Both metaphors aim to capture the implicit meaning of time's relentless and inevitable forward movement. Response A, ""time is a river flowing downstream,"" more vividly and coherently conveys this idea by explicitly emphasizing the directionality and continuous flow, aligning closely with the implicit meaning. Response B, ""time is a river,"" while capturing the essence of flow, lacks the specificity of direction, making it slightly less vivid and precise in conveying the relentless forward movement. Response A’s imagery is more imaginative and accurate in representing the intended concept. [RESULT] A"
delve into and weigh options to uncover hidden gems.,she dove into the unknown and found her treasure.,B,"Feedback: Both metaphors attempt to convey the idea of discovering valuable opportunities in life, but they differ in their approach and effectiveness. Response A uses the phrase ""delve into and weigh options to uncover hidden gems,"" which aligns with the implicit meaning by emphasizing the process of exploration and evaluation. However, the imagery is somewhat generic and lacks the vividness needed to fully capture the surprise and excitement of life's discoveries. Response B, ""she dove into the unknown and found her treasure,"" is more imaginative and vivid, creating a clear and engaging image of taking a leap into uncertainty and emerging with something valuable. It closely aligns with the implicit meaning by highlighting the element of surprise and the rewarding nature of exploration. While both responses reflect the intended concept, Response B does so with greater clarity, coherence, and imaginative appeal. [RESULT] B"
change is a rhythm of growth.,"change is a river of life, constantly flowing and evolving.",B,"Feedback: Both metaphors attempt to capture the idea of continuous transformation, but they differ in their imagery and depth. Response A, ""change is a rhythm of growth,"" aligns with the implicit meaning by suggesting a cyclical pattern, akin to a rhythm, which reflects life's constant cycles. However, it lacks vividness and specificity, making it less imaginative. Response B, ""change is a river of life, constantly flowing and evolving,"" more vividly and coherently conveys the idea of unending transformation, as a river’s continuous flow and evolution directly mirror the implicit meaning. While both metaphors are coherent, Response B’s imagery is more dynamic and closely aligned with the intended concept. [RESULT] B"
"his jealousy isolated him, hindering clear thinking.",a shroud that suffocates his thoughts.,B,"Feedback: Both responses aim to convey the implicit meaning of a suffocating and isolating emotion, but they differ in their approach and effectiveness. Response A directly mentions ""jealousy"" and ""isolating,"" which aligns with the isolating aspect of the implicit meaning, but it lacks the vivid imagery and suffocating element. It is more literal and less imaginative, earning a score of 3. Response B, on the other hand, uses the metaphor of a ""shroud that suffocates his thoughts,"" which vividly captures both the suffocating and isolating aspects of the emotion. The imagery is more coherent and imaginative, closely aligning with the implicit meaning, earning a score of 5. [RESULT] B"
seeds in fertile soil,a seed planted in fertile soil can grow into a tree.,B,"Feedback: Both metaphors use the imagery of seeds and fertile soil, effectively capturing the idea of untapped potential. However, Response B explicitly states that the seed can grow into a tree, which more directly aligns with the implicit meaning of releasing untapped value in real estate properties. Response A, while vivid, is more abstract and does not explicitly convey the transformation or realization of value. Response B’s imagery is slightly more coherent and vivid in illustrating the process of growth and value realization. [RESULT] B"
unwavering in moral standards.,a compass for his heart and soul.,B,"Feedback: Response A, ""unwavering in moral standards,"" directly addresses the concept of commitment to beliefs but lacks imaginative or vivid imagery, making it more of a literal statement than a metaphor. It aligns with the implicit meaning but fails to capture the intended depth or creativity. Response B, ""a compass for his heart and soul,"" uses a vivid and coherent metaphor that effectively conveys the idea of steadfast guidance and commitment, aligning closely with the implicit meaning of being stubbornly committed to one's beliefs. It is more imaginative and accurately represents the original idea. [RESULT] B"
time shapes the world.,time is a sculptor of landscapes.,B,"Feedback: Both responses aim to convey the implicit meaning of time's gradual yet inevitable transformative power. Response A, ""time shapes the world,"" captures the concept of change but lacks the vivid imagery and specificity needed to fully align with the implicit meaning. It is more general and less imaginative. Response B, ""time is a sculptor of landscapes,"" uses a more vivid and coherent metaphor by comparing time to a sculptor, which effectively conveys the gradual and deliberate process of shaping something, aligning closely with the idea of inevitable change. The imagery in Response B is more engaging and accurately reflects the implicit meaning. [RESULT] B"
stars unite to create ornate geometric designs.,many points combine to form a larger whole.,A,"Feedback: Response A (""stars unite to create ornate geometric designs"") captures the implicit meaning more vividly by emphasizing the intricate and patterned nature of stars in space, aligning well with the idea of complex mathematical patterns. It uses imaginative and coherent imagery, though it slightly deviates from the mathematical focus by emphasizing ""ornate designs."" Response B (""many points combine to form a larger whole"") is more generic and less imaginative, focusing on the concept of unity rather than the complexity or mathematical aspect of stars. While it loosely reflects the idea of patterns, it lacks the specificity and vividness needed to convey the implicit meaning effectively. Response A better aligns with the criteria for clarity, accuracy, and imagination. [RESULT] A"
time catches up with all.,life is a slow-moving train that eventually derails.,A,"Feedback: Response A (""time catches up with all"") captures the idea of time's inevitability but lacks the vivid imagery and predatory connotation of the implicit meaning. It aligns with the concept of time affecting everyone but does not convey the sense of time as an unstoppable force. Response B (""life is a slow-moving train that eventually derails"") introduces a more vivid and imaginative image, but it focuses on the derailment of life rather than the relentless pursuit implied by the predator metaphor. While it conveys a sense of inevitability, it diverges from the predatory tone and lacks coherence with the implicit meaning. Both responses have limitations, but Response A more directly aligns with the idea of time catching up, albeit without the depth of imagery. [RESULT] A"
obligations that never rest.,my responsibilities are a mountain i can't climb.,B,"Feedback: Both metaphors attempt to convey the burden of obligations, but they differ in their alignment with the implicit meaning and the vividness of their imagery. Response A, ""obligations that never rest,"" captures the constant demands but lacks the imagery of material things controlling one's life. It is more abstract and less vivid compared to the implicit meaning. Response B, ""my responsibilities are a mountain I can't climb,"" introduces a tangible and overwhelming image (a mountain) that aligns more closely with the idea of material things being a burden and control. The mountain metaphor effectively conveys the sense of insurmountable demands, making it more vivid and coherent with the implicit meaning. While both responses reflect the concept of burden, Response B is more imaginative and accurate in representing the original idea. [RESULT] B"
they polished their masterpiece.,they brought their idea to life.,B,"Feedback: Both metaphors aim to convey the implicit meaning of an idea reaching full development and maturity. Response A, ""they polished their masterpiece,"" uses the imagery of polishing, which suggests refinement and completion, aligning well with the idea of maturity. However, it focuses more on the final touches rather than the entire process of development. Response B, ""they brought their idea to life,"" emphasizes the transformation from concept to realization, capturing the full journey of development and maturity more vividly and imaginatively. While both are coherent, Response B more closely aligns with the implicit meaning by highlighting the entire process of bringing an idea to its complete form. [RESULT] B"
"moonlight cast a luminous, straight-line reflection on the calm waters.",life is a canvas of dreams and possibilities.,A,"Feedback: Response A captures the implicit meaning more effectively by depicting a serene, luminous scene that transforms ordinary calm waters into something precious through the vivid imagery of moonlight reflection. It aligns closely with the natural beauty and luminescence theme, offering a clear and coherent visual representation. In contrast, Response B, while imaginative, diverges from the implicit meaning by focusing on abstract concepts like dreams and possibilities, which do not directly relate to natural beauty or luminescence transforming an ordinary scene. Response A’s imagery is more vivid and directly tied to the intended concept, whereas Response B’s metaphor is generic and less aligned. [RESULT] A"
writing is like nurturing a garden.,writing is a garden where ideas grow and flourish.,B,"Feedback: Both responses capture the implicit meaning of writing as a nurturing process where thoughts grow and develop, but they differ in their approach and vividness. Response A uses a simile (""like nurturing a garden""), which directly compares writing to the act of nurturing, emphasizing the process and effort involved. Response B, on the other hand, personifies writing as a garden itself, where ideas grow and flourish, creating a more vivid and integrated imagery. While both are coherent, Response B’s metaphor is more imaginative and aligns closely with the implicit meaning by directly linking writing to the growth and flourishing of ideas in a garden setting. Response A is slightly less vivid and relies on a more straightforward comparison. [RESULT] B"
each state is a brick in the wall of american history.,each state is a chapter in america's diverse storybook.,B,"Feedback: Both metaphors aim to convey the idea that each state contributes uniquely to America's history. Response A uses the imagery of a ""brick in the wall,"" which effectively symbolizes the structural and foundational role of each state in building the nation. However, the metaphor is somewhat static and lacks the dynamic element of ongoing contribution. Response B, on the other hand, uses the imagery of a ""chapter in a storybook,"" which vividly captures the idea of distinct, sequential contributions that together form a narrative. This metaphor is more dynamic and aligns closely with the implicit meaning of distinct, evolving contributions. While both are coherent, Response B is more imaginative and accurately reflects the intended concept of ongoing, unique additions to America's history. [RESULT] B"
"people are like sponges, absorbing the traits of those they interact with.","she became a chameleon, adopting colors of those she met.",B,"Feedback: Both metaphors aim to convey the idea that personal characteristics are temporary and shared, but they differ in their approach and effectiveness. Response A uses the sponge metaphor, which effectively captures the absorption of traits but lacks the nuance of temporary adaptation. Response B, with the chameleon metaphor, more vividly and accurately represents the idea of adopting and changing characteristics based on interactions, aligning closely with the implicit meaning. The chameleon imagery is more imaginative and coherent in conveying the temporary and adaptive nature of personal traits. [RESULT] B"
the edge of our sight,our vision's edges are the borders of our sight.,A,"Feedback: Both responses aim to convey the implicit meaning of vision having boundaries and limitations, but they differ in their approach and effectiveness. Response A, ""the edge of our sight,"" is concise and directly implies a boundary, capturing the essence of the implicit meaning with simplicity and clarity. The imagery is vivid and coherent, suggesting a clear limit to what can be seen. Response B, ""our vision's edges are the borders of our sight,"" is more explicit in describing the boundaries but becomes somewhat redundant and less imaginative. While it aligns with the implicit meaning, it lacks the elegance and immediacy of Response A. Therefore, Response A is the clearer, more accurate, and more imaginative representation. [RESULT] A"
she cracked under the pressure of her overloaded work.,he was drowning in his own anxiety.,A,"Feedback: Both metaphors aim to convey the implicit meaning of a mental breakdown from stress or pressure, but they differ in their approach and vividness. Response A uses the imagery of ""cracking under pressure,"" which directly links the concept of pressure to a breaking point, aligning closely with the implicit meaning. The metaphor is coherent and effectively conveys the idea of succumbing to stress. Response B, on the other hand, uses the imagery of ""drowning in anxiety,"" which is vivid and imaginative, capturing the overwhelming nature of mental distress. However, it focuses more on anxiety rather than external pressure, making it slightly less aligned with the implicit meaning compared to Response A. While both are strong, Response A more directly and accurately represents the original idea. [RESULT] A"
money spins in a cycle.,money is a flowing river of commerce.,B,"Feedback: Both metaphors attempt to convey the continuous movement of money, but they differ in their imagery and alignment with the implicit meaning. Response A, ""money spins in a cycle,"" captures the idea of continuous movement but lacks the vividness and specificity of economic systems. The imagery of spinning suggests repetition but does not clearly evoke the rapid, flowing nature of money through commerce. Response B, ""money is a flowing river of commerce,"" aligns more closely with the implicit meaning by using the vivid and coherent imagery of a river, which naturally conveys rapid, continuous movement and is directly tied to economic systems. While both metaphors reflect the idea of movement, Response B is more imaginative and accurate in representing the intended concept. [RESULT] B"
alcohol weighed him down.,"he was a ship in a storm, heavy with liquor.",B,"Feedback: Response B is more imaginative and vivid, effectively capturing the implicit meaning by comparing the state of being drunk to a ship in a storm, which conveys both the heaviness and the overwhelming nature of the burden. It aligns closely with the intended concept and uses coherent imagery. Response A, while conveying the heaviness, lacks the depth and vividness of Response B, making it a less imaginative and less accurate representation of the implicit meaning. [RESULT] B"
rushing against the clock on a tight schedule.,her train to success is leaving the station.,A,"Feedback: Both metaphors attempt to convey the idea of time moving too fast and out of control, but they differ in their approach and effectiveness. Response A, ""rushing against the clock on a tight schedule,"" directly addresses the concept of time pressure and urgency, which aligns well with the implicit meaning. However, the imagery is somewhat generic and lacks the imaginative depth needed to fully capture the sense of time being uncontrollable. Response B, ""her train to success is leaving the station,"" introduces a more vivid and imaginative image, but it shifts the focus slightly from time itself to the opportunity for success slipping away. While this metaphor is more creative, it doesn't as directly or clearly convey the idea of time moving too fast and out of control. Response A is more straightforward and aligned with the implicit meaning, though less imaginative, while Response B is more imaginative but less precise in capturing the intended concept. [RESULT] A"
light traveled through the dark space.,a guiding light through the darkness.,B,"Feedback: Both metaphors attempt to convey the idea of light overcoming darkness, but they differ in their vividness and coherence. Response A, ""light traveled through the dark space,"" captures the movement of light but lacks the imagery of creating a visible path or direction, which is central to the implicit meaning. It is more literal and less imaginative. Response B, ""a guiding light through the darkness,"" directly implies that the light serves as a path or direction, aligning more closely with the implicit meaning. It also uses more vivid and coherent imagery, effectively conveying the intended concept. While both responses reflect the idea of light in darkness, Response B is more imaginative and accurate in representing the original idea. [RESULT] B"
"time is like a river, flowing continuously.",time is a runaway train.,B,"Feedback: Both metaphors attempt to convey the fleeting nature of time, but they differ in their alignment with the implicit meaning and the vividness of their imagery. Response A, ""time is like a river, flowing continuously,"" captures the continuous and unstoppable nature of time, which aligns with the idea of time slipping away. However, it lacks the urgency and the sense of loss implied in the comparison with money as a valuable resource. Response B, ""time is a runaway train,"" more effectively conveys the urgency and the uncontrollable aspect of time slipping away, which better aligns with the implicit meaning of time and money being valuable resources that can easily be lost. The imagery of a runaway train is more vivid and creates a stronger sense of immediacy and inevitability compared to the gentle flow of a river. While both metaphors are coherent, Response B is more imaginative and closely aligns with the intended concept. [RESULT] B"
he is a lion on the hunt at the nightclub.,he was a shark in a sea of lonely hearts.,B,"Feedback: Both metaphors effectively convey the implicit meaning of predatory and aggressive behavior, but they differ in their imagery and setting. Response A uses a lion in a nightclub, which captures the idea of hunting in a social, vibrant environment, aligning well with the intended concept. The imagery is vivid and coherent, though the nightclub setting might be seen as less original. Response B, on the other hand, employs a shark in a sea of lonely hearts, which is highly imaginative and provides a clear, evocative picture of predation in a metaphorical sea of vulnerability. The shark metaphor is more original and aligns closely with the tone and meaning of the implicit reference. While both are strong, Response B stands out for its creativity and precision in conveying the intended concept. [RESULT] B"
passion fuels the fire of creativity.,she was a spark that ignited her ideas.,B,"Feedback: Both metaphors aim to convey the implicit meaning that passion drives creativity, but they differ in their approach and effectiveness. Response A, ""passion fuels the fire of creativity,"" directly links passion to creativity using the imagery of fire, which is a common and vivid metaphor for energy and intensity. However, it is somewhat generic and lacks a unique or imaginative twist. Response B, ""she was a spark that ignited her ideas,"" personifies the individual as the source of passion and creativity, creating a more dynamic and engaging image. It aligns closely with the implicit meaning by emphasizing the active role of passion in sparking ideas, making it more vivid and coherent. While both responses are clear, Response B stands out for its imaginative and personalized imagery. [RESULT] B"
"as the world turns, the cracks widen.","life is a canvas of contrasts, each brushstroke revealing differences.",A,"Feedback: Both metaphors attempt to capture the implicit meaning of growing distance and separation in a relationship, but they do so with varying degrees of clarity and vividness. Response A, ""as the world turns, the cracks widen,"" uses the imagery of cracks widening over time to symbolize the gradual separation, which aligns well with the implicit meaning. However, the metaphor is somewhat abstract and lacks the vividness needed to fully convey the emotional depth of the concept. Response B, ""life is a canvas of contrasts, each brushstroke revealing differences,"" introduces a more imaginative and detailed imagery of a canvas and brushstrokes to represent the contrasts and growing differences in a relationship. While it captures the idea of separation, it focuses more on the contrasts rather than the emotional distance, making it slightly less aligned with the implicit meaning compared to Response A. Overall, Response A is more direct and coherent in conveying the intended concept, though it could benefit from more vivid imagery. [RESULT] A"
"each day has a set number of hours, like a candle with a limited amount of wax.",time is a finite thread that can't be rewound.,B,"Feedback: Both metaphors effectively convey the implicit meaning that time is finite and limited, but they differ in their approach and vividness. Response A uses the analogy of a candle with a limited amount of wax to represent the set number of hours in a day, which is a clear and relatable image. However, it focuses on the daily aspect of time rather than the broader concept of time itself. Response B, on the other hand, directly addresses time as a finite thread that cannot be rewound, providing a more abstract yet universally applicable imagery. While both are coherent, Response B’s metaphor is more imaginative and aligns more closely with the broader concept of time, making it a clearer and more accurate representation of the implicit meaning. [RESULT] B"
she clings to her beliefs like a life preserver.,a rock in her convictions,A,"Feedback: Both metaphors aim to convey the idea of protectively guarding personal beliefs, but they differ in their imagery and alignment with the implicit meaning. Response A, ""she clings to her beliefs like a life preserver,"" effectively captures the protective and essential nature of her beliefs, using a vivid and relatable image of a life preserver, which is crucial for survival. This metaphor aligns closely with the implicit meaning, emphasizing the value and necessity of her beliefs. Response B, ""a rock in her convictions,"" conveys stability and firmness but lacks the protective and essential connotation present in the implicit meaning. While a rock symbolizes strength, it does not inherently imply the act of guarding or valuing something as a life preserver does. Therefore, Response A is more imaginative, vivid, and aligned with the implicit meaning. [RESULT] A"
his anger was a time bomb waiting to explode.,his anger was a ticking time bomb ready to explode.,B,"Feedback: Both metaphors effectively convey the implicit meaning of an uncontrolled emotional outburst, but they differ in the vividness and specificity of their imagery. Response A (""his anger was a time bomb waiting to explode"") captures the idea of a delayed but inevitable explosion, aligning well with the concept of pent-up anger. However, Response B (""his anger was a ticking time bomb ready to explode"") adds the element of ""ticking,"" which enhances the sense of immediacy and urgency, making the metaphor more vivid and coherent. The ""ticking"" detail in Response B better emphasizes the uncontrollable and imminent nature of the outburst, closely aligning with the implicit meaning. While both are strong, Response B is more imaginative and precise in its imagery. [RESULT] B"
bounce back and recharge.,"she is a phoenix, rising from the ashes of exhaustion.",B,"Feedback: Response B, ""she is a phoenix, rising from the ashes of exhaustion,"" is a highly imaginative and vivid metaphor that closely aligns with the implicit meaning of resilience and recovery from exhaustion. The imagery of a phoenix rising from ashes directly symbolizes rebirth and renewal, effectively capturing the concept of overcoming exhaustion. In contrast, Response A, ""bounce back and recharge,"" while conveying resilience, lacks the depth and vividness of Response B. It uses more generic language and does not evoke as strong or imaginative an image. Therefore, Response B better meets the criteria of clarity, accuracy, and imaginative representation. [RESULT] B"
immune system as a shield,the immune system is the body's shield against disease.,B,"Feedback: Both responses aim to convey the implicit meaning of protection and active defense, but they differ in their approach and effectiveness. Response A, ""immune system as a shield,"" captures the essence of protection but lacks the explicit connection to the body's defense mechanism, making it slightly less vivid and direct. Response B, ""the immune system is the body's shield against disease,"" explicitly links the immune system to its protective role against disease, providing a clearer and more coherent imagery that aligns closely with the implicit meaning. While both metaphors are imaginative, Response B excels in clarity and precision, effectively conveying the intended concept. [RESULT] B"
her harsh comments pierced through his emotional barriers.,"her words were a sharp, piercing knife to his heart.",B,"Feedback: Both metaphors effectively convey the implicit meaning that words can be hurtful and emotionally wounding, but they differ in their imagery and specificity. Response A uses the phrase ""pierced through his emotional barriers,"" which clearly aligns with the idea of emotional wounding and provides a vivid image of penetration. However, it focuses on the barriers being broken, which slightly shifts the emphasis from the direct emotional impact. Response B, on the other hand, uses ""a sharp, piercing knife to his heart,"" which is highly vivid and directly targets the emotional core, making the imagery more immediate and intense. While both are strong, Response B’s imagery is more coherent and directly aligned with the implicit meaning, as it explicitly connects the words to the heart, the seat of emotion. [RESULT] B"
darkness like a black hole,darkness was a wall that stood between us and our destination.,B,"Feedback: Both metaphors attempt to convey the implicit meaning of impenetrable and oppressive darkness, but they differ in their approach and effectiveness. Response A, ""darkness like a black hole,"" captures the idea of an overwhelming and inescapable force, aligning well with the concept of impenetrability. However, it lacks the specific imagery of a barrier blocking a path, which is central to the implicit meaning. Response B, ""darkness was a wall that stood between us and our destination,"" directly addresses the idea of darkness as an obstacle, providing a vivid and coherent image of a physical barrier. While both metaphors are imaginative, Response B more accurately and clearly conveys the intended concept of darkness blocking one's path. [RESULT] B"
"mental capabilities improve with consistent practice and challenge, like a key being sharpened.",her mind grew stronger with every mental workout.,B,"Feedback: Both responses aim to convey the implicit meaning of mental capabilities improving through practice, but they differ in their approach and effectiveness. Response A uses the metaphor of a ""key being sharpened"" to represent mental improvement, which is somewhat imaginative but lacks clarity in directly linking the sharpening process to mental growth. The imagery is coherent but not particularly vivid or closely aligned with the concept of practice and training. Response B, on the other hand, directly links mental growth to ""mental workouts,"" creating a clear and vivid analogy that aligns closely with the implicit meaning. It effectively conveys the intended concept without unnecessary complexity. While both responses capture the core idea, Response B does so with greater clarity, vividness, and coherence. [RESULT] B"
their relationship is built on a rock solid foundation.,"her roots run deep, and they're a strong foundation.",B,"Feedback: Both metaphors aim to convey a strong, enduring connection, but they differ in their approach and effectiveness. Response A uses the imagery of a ""rock solid foundation,"" which directly aligns with the idea of strength and stability, capturing the implicit meaning well. However, it lacks the historical depth implied in the reference. Response B, on the other hand, introduces the concept of ""roots,"" which adds a layer of historical depth and organic growth, enhancing the vividness and coherence of the imagery. While both metaphors are clear and coherent, Response B more fully captures the implicit meaning by incorporating both strength and historical depth. [RESULT] B"
"darkness spread completely across the environment, like a blanket.","darkness covered the world like a thick, black blanket.",B,"Feedback: Both responses effectively convey the implicit meaning of complete darkness enveloping everything, but they differ in the vividness and specificity of their imagery. Response A uses the phrase ""darkness spread completely across the environment, like a blanket,"" which captures the idea of darkness covering everything but lacks the intensity and depth of Response B. Response B, with ""darkness covered the world like a thick, black blanket,"" enhances the imagery by adding ""thick"" and ""black,"" making the metaphor more vivid and closely aligned with the implicit meaning. The additional descriptors in Response B provide a clearer and more imaginative representation of the original idea. [RESULT] B"
she's a catch.,he is a time-traveler to his future.,A,"Feedback: Response A (""she's a catch"") aligns loosely with the implicit meaning of someone who attracts and collects multiple romantic interests, but it uses a common and somewhat generic metaphor that lacks vivid or imaginative imagery. It conveys the idea of desirability but does not explicitly capture the concept of ""collecting"" multiple interests. Response B (""he is a time-traveler to his future"") is more imaginative and vivid but diverges significantly from the implicit meaning, as it suggests a focus on personal growth or foresight rather than romantic attraction or collection. Neither metaphor fully meets the criteria, but Response A is closer in meaning despite its lack of originality. [RESULT] A"
overloaded with responsibilities,he was drowning in his responsibilities.,B,"Feedback: Both metaphors aim to convey the implicit meaning of being overwhelmed by too many responsibilities. Response A, ""overloaded with responsibilities,"" directly states the concept but lacks imaginative or vivid imagery, making it more literal and less engaging. Response B, ""he was drowning in his responsibilities,"" uses a more vivid and imaginative metaphor by comparing the overwhelming nature of responsibilities to drowning, which effectively captures the feeling of being submerged and unable to cope. While both responses align with the implicit meaning, Response B excels in creating a clearer, more accurate, and more imaginative representation through its use of vivid and coherent imagery. [RESULT] B"
their armor is their vulnerability's shield.,the armor they wear is a shield for their heart.,B,"Feedback: Both responses attempt to convey the idea of using outward appearance to shield one's true self, but they differ in their focus and clarity. Response A, ""their armor is their vulnerability's shield,"" directly links vulnerability to the armor, creating a paradoxical image that is somewhat vivid but may be confusing due to its abstract nature. It aligns with the implicit meaning but lacks coherence in its imagery. Response B, ""the armor they wear is a shield for their heart,"" clearly connects the armor to protecting the heart, which is a more universally understood symbol of one's true self. This metaphor is more coherent and vivid, effectively conveying the intended concept with a clearer and more relatable image. [RESULT] B"
the theory sparked a flurry of new research.,the theory was a seed that grew many branches.,B,"Feedback: Both metaphors aim to convey the idea that the theory generated multiple new ideas, but they differ in their imagery and alignment with the implicit meaning. Response A, ""the theory sparked a flurry of new research,"" uses the imagery of a spark causing a flurry, which is vivid and suggests rapid, widespread activity. However, it focuses more on the action of sparking research rather than the creation or origination of ideas, slightly missing the core of the implicit meaning. Response B, ""the theory was a seed that grew many branches,"" employs a more organic and developmental metaphor, where the seed (theory) directly leads to the growth of branches (new ideas), closely aligning with the implicit meaning of origination and creation. The imagery in Response B is coherent and imaginative, effectively conveying the intended concept. While both responses are strong, Response B more accurately and vividly captures the implicit meaning. [RESULT] B"
he boldly charted a new course.,he steered his life into a new course.,B,"Feedback: Both responses aim to convey the implicit meaning of a confident transition to a new life stage, but they differ in their approach and vividness. Response A, ""he boldly charted a new course,"" uses the verb ""charted,"" which implies a deliberate and confident action, aligning well with the implicit meaning. However, the imagery is somewhat generic and lacks the dynamic sense of movement. Response B, ""he steered his life into a new course,"" employs the verb ""steered,"" which not only conveys confidence but also adds a sense of active control and direction, making the imagery more vivid and coherent. While both responses capture the intended concept, Response B does so with greater clarity and imagination by incorporating a more dynamic and engaging metaphor. [RESULT] B"
time running out like a ticking time bomb.,she ran out of time and missed her chance.,A,"Feedback: Response A uses the metaphor of ""time running out like a ticking time bomb,"" which creates vivid and urgent imagery that aligns well with the implicit meaning of wasting time leading to emotional loss and emptiness. The ticking time bomb evokes a sense of inevitability and high stakes, effectively conveying the emotional weight of missed opportunities. Response B, on the other hand, states ""she ran out of time and missed her chance,"" which is more literal and lacks the imaginative and vivid imagery of Response A. While it captures the idea of missed opportunities, it does not evoke the same emotional depth or urgency. Response A is more imaginative, vivid, and closely aligned with the implicit meaning. [RESULT] A"
he kept his emotions in a tight box.,he was a ship without a compass.,A,"Feedback: Response A (""he kept his emotions in a tight box"") directly aligns with the implicit meaning of being extremely protective of showing emotions, as it vividly conveys the idea of tightly controlling and containing emotions. The imagery is clear and coherent, effectively capturing the intended concept. Response B (""he was a ship without a compass""), while imaginative, does not closely align with the implicit meaning, as it suggests aimlessness or lack of direction rather than emotional restraint. The imagery in Response B is vivid but fails to convey the specific idea of protecting emotions. Therefore, Response A is a clearer and more accurate representation of the original idea. [RESULT] A"
"hesitation like a foot on the brake, minimal commitment like a feather in the wind.",he approached opportunities like a hesitant bird.,A,"Feedback: Both metaphors aim to capture the implicit meaning of hesitation and minimal commitment, but they differ in their approach and effectiveness. Response A uses two distinct images—""hesitation like a foot on the brake"" and ""minimal commitment like a feather in the wind""—which together create a vivid and coherent portrayal of the intended concept. The imagery is clear and relatable, effectively conveying both aspects of the implicit meaning. Response B, on the other hand, uses a single image—""a hesitant bird""—which, while imaginative, focuses solely on hesitation and does not explicitly address the aspect of minimal commitment. Although the bird metaphor is vivid and aligns with the hesitation part of the implicit meaning, it falls short in fully capturing the dual nature of the concept. Response A is more comprehensive and aligns closely with the implicit meaning, making it the better choice. [RESULT] A"
"a five-sided star, with each point a part of the whole, creates a balanced and complex form.",a symphony of five equal parts in perfect harmony.,A,"Feedback: Both metaphors attempt to convey a sense of unity and complexity, but neither directly addresses the implicit meaning of geometric shapes containing hidden knowledge and secrets. Response A focuses on the structure of a five-sided star, emphasizing balance and complexity, which is somewhat abstract but does not explicitly link to hidden knowledge. Response B uses the metaphor of a symphony, which conveys harmony and equal parts but lacks a direct connection to geometric shapes or their hidden secrets. Response A is slightly more aligned with the concept of complexity, which could be interpreted as a form of hidden knowledge, but it still falls short. Response B, while vivid and coherent, is more about harmony than hidden secrets. Neither fully captures the implicit meaning, but Response A has a marginally closer connection to the idea of complexity within a geometric form. [RESULT] A"
events like a freight train on a predetermined course.,life is a train that moves steadily and unrelentingly.,A,"Feedback: Both metaphors capture the idea of an unstoppable force, but they differ in their focus and imagery. Response A emphasizes ""events"" as the unstoppable force, using the vivid imagery of a ""freight train on a predetermined course,"" which aligns closely with the implicit meaning of events moving forward without control. The specificity of ""freight train"" and ""predetermined course"" enhances the vividness and coherence, effectively conveying the intended concept. Response B, while also using a train metaphor, focuses on ""life"" as the unstoppable force, which is broader and less aligned with the implicit meaning of specific events. The imagery in Response B is coherent but less vivid and specific compared to Response A. Therefore, Response A better captures the implicit meaning with more precise and imaginative imagery. [RESULT] A"
a compass for a clear path.,a lighthouse guided her through dark times.,B,"Feedback: Both metaphors aim to convey the idea of guidance and clarity in a confusing situation, but they differ in their imagery and depth. Response A, ""a compass for a clear path,"" directly links the tool (compass) to the outcome (clear path), which is straightforward and aligns with the implicit meaning. However, it lacks vividness and emotional resonance, as it doesn't evoke the struggle or darkness of the situation. Response B, ""a lighthouse guided her through dark times,"" introduces a more dynamic and emotionally charged image. The lighthouse symbolizes steady guidance, and ""dark times"" vividly captures the confusion and difficulty, aligning closely with the implicit meaning while adding depth and imagination. Response B’s imagery is more coherent and evocative, effectively conveying both the concept and the emotional context. [RESULT] B"
she backed up her argument with multiple points.,she built a solid foundation for her argument.,B,"Feedback: Neither Response A nor Response B effectively captures the implicit meaning of ""words used as weapons in an aggressive debate."" Response A, ""she backed up her argument with multiple points,"" focuses on the quantity and support of the argument, which does not align with the aggressive, weapon-like imagery intended. Response B, ""she built a solid foundation for her argument,"" emphasizes stability and structure, which is also unrelated to the combative tone of the implicit meaning. Both metaphors fail to convey the intended concept of words as weapons. Response B is slightly more coherent and vivid in its imagery compared to Response A, but neither meets the criteria for a clear, accurate, or imaginative representation of the original idea. [RESULT] B"
he was on a treasure hunt for a feast for the mind in a new world of ideas.,she was a queen of her kingdom.,A,"Feedback: Response A effectively captures the implicit meaning of intellectual hunger and the desperate need for mental stimulation by using the vivid imagery of a ""treasure hunt for a feast for the mind in a new world of ideas."" This metaphor aligns closely with the intended concept, emphasizing both the pursuit and the richness of intellectual fulfillment. The imagery is coherent and imaginative, clearly conveying the idea of seeking and savoring mental nourishment. In contrast, Response B, ""she was a queen of her kingdom,"" does not align with the implicit meaning. While it suggests authority or control, it lacks the elements of intellectual pursuit or mental stimulation, making it irrelevant to the intended concept. Response A is the clearer, more accurate, and more imaginative representation. [RESULT] A"
his control and influence grew exponentially.,he had a firm grip on the situation.,B,"Feedback: Both responses aim to convey the implicit meaning of increasing power and influence, but they differ in their approach and effectiveness. Response A uses the phrase ""grew exponentially,"" which accurately reflects the idea of rapid and significant growth in control and influence, aligning well with the implicit meaning. However, the imagery is somewhat abstract and lacks vividness, earning it a score of 4. Response B, on the other hand, employs the metaphor of ""a firm grip on the situation,"" which is more concrete and visually engaging. It effectively conveys control and influence in a tangible way, closely aligning with the implicit meaning and offering clearer imagery, thus scoring a 5. [RESULT] B"
"she's a chameleon, adapting to every situation.","she was a chameleon, changing her look to fit in.",A,"Feedback: Both responses use the chameleon metaphor, effectively capturing the idea of adaptability and changeability, which aligns with the implicit meaning of an artificial and easily changeable external appearance. However, Response A (""she's a chameleon, adapting to every situation"") more vividly and coherently conveys the broader concept of adaptability beyond just physical appearance, while still implying the artificial nature of her changes. Response B (""she was a chameleon, changing her look to fit in"") is more specific to physical appearance but lacks the broader, imaginative scope of Response A. Response A better balances vivid imagery, coherence, and alignment with the implicit meaning. [RESULT] A"
effects follow their causes like a ball.,the chain of cause and effect is a straight line.,B,"Feedback: Both metaphors aim to convey the idea of inevitability and sequence in cause and effect, but they differ in their approach and effectiveness. Response A, ""effects follow their causes like a ball,"" uses the imagery of a ball to suggest a natural, almost gravitational pull from cause to effect, which aligns with the implicit meaning of inevitability. However, the metaphor is somewhat generic and lacks the precision needed to fully capture the predetermined sequence aspect. Response B, ""the chain of cause and effect is a straight line,"" more directly conveys the idea of a predetermined sequence, emphasizing linearity and order. While it is less imaginative than Response A, it more accurately reflects the implicit meaning by clearly depicting a structured, unalterable progression. Response B’s imagery is also more coherent and vivid in its simplicity, making it a clearer representation of the intended concept. [RESULT] B"
a clean moral slate,her moral compass was a shining beacon.,A,"Feedback: Both metaphors aim to convey the idea of a pure and untainted moral character, but they differ in their approach and effectiveness. Response A, ""a clean moral slate,"" directly evokes the concept of a fresh start, free from past mistakes, which aligns well with the implicit meaning. However, the imagery is somewhat generic and lacks vividness, earning it a score of 4. Response B, ""her moral compass was a shining beacon,"" introduces a more imaginative and vivid image, suggesting guidance and clarity in moral decisions. While it captures the purity aspect, it slightly deviates from the ""untainted"" focus by emphasizing direction rather than a blank state. This earns it a score of 4 as well. The key difference lies in how they represent purity: Response A focuses on absence of stains, while Response B highlights radiant guidance. Given the task's emphasis on aligning closely with the implicit meaning, Response A is slightly more accurate in conveying ""pure and untainted"" directly. [RESULT] A"
time carries causal influences like a river.,she is a seed that blooms into a better situation with her efforts and determination.,A,"Feedback: Response A effectively captures the implicit meaning by comparing time's linear progression to a river, which inherently flows in one direction, mirroring the concept of cause and consequence. The imagery is coherent and vivid, aligning closely with the intended idea. Response B, while imaginative, diverges from the implicit meaning as it focuses on personal growth and transformation rather than the linear flow of time. It introduces a different concept (effort and determination leading to improvement) that does not align with the cause-and-effect relationship implied by the reference. Therefore, Response A is a clearer and more accurate representation of the original idea. [RESULT] A"
properties shape the flow and direction of economic activity.,properties shape the river of economic activity.,B,"Feedback: Both responses aim to convey the implicit meaning of property ownership creating resistance in economic flow, but they differ in their imagery and coherence. Response A uses the phrase ""shape the flow and direction,"" which is more literal and less imaginative, failing to capture the resistance aspect effectively. Response B, on the other hand, employs the metaphor of a ""river,"" which inherently implies movement and potential obstacles, aligning more closely with the idea of resistance in economic activity. The river imagery is more vivid and coherent, as it naturally suggests how properties can act as barriers or channels in the economic flow. While both responses reflect the implicit meaning to some extent, Response B does so with greater clarity and imaginative appeal. [RESULT] B"
his emotional stability is on thin ice.,his emotional stability is a house of cards.,B,"Feedback: Both metaphors effectively convey the implicit meaning of emotional instability and uncertainty, but they differ in their imagery and coherence. Response A, ""his emotional stability is on thin ice,"" uses a vivid and commonly understood image of precariousness, directly linking the idea of instability to a situation where one wrong move could lead to a collapse. Response B, ""his emotional stability is a house of cards,"" also conveys fragility but adds a layer of complexity with the imagery of a carefully constructed yet easily destructible structure, which might resonate more deeply with the idea of uncertainty and the potential for sudden collapse. While both are strong, Response B's imagery is slightly more imaginative and coherent in capturing the multifaceted nature of emotional instability. [RESULT] B"
each state is a rung on the ladder of progress.,a nation is a mosaic of its stages.,A,"Feedback: Both metaphors attempt to convey the idea of progress as a journey with distinct stages, but they differ in their approach and effectiveness. Response A, ""each state is a rung on the ladder of progress,"" uses a ladder as a metaphor, which clearly implies a step-by-step progression, aligning well with the implicit meaning. The imagery is coherent and vivid, as it directly evokes the concept of ascending through stages. Response B, ""a nation is a mosaic of its stages,"" while imaginative, focuses more on the composition of a nation rather than the progression of stages. The mosaic metaphor emphasizes diversity and unity but does not as clearly convey the idea of a continuous journey with distinct milestones. Response A more closely aligns with the implicit meaning and uses more vivid and coherent imagery to represent the intended concept. [RESULT] A"
she examined the flower petals up close.,a flower of beauty bloomed in her mind.,A,"Feedback: Response A (""she examined the flower petals up close"") directly conveys the act of careful and close observation, aligning well with the implicit meaning of gentle and tender care. However, it lacks imaginative imagery and does not evoke the emotional depth of affection. Response B (""a flower of beauty bloomed in her mind"") is more imaginative and captures the emotional aspect of affection, but it diverges from the explicit action of observation, focusing instead on an internal metaphor. Response A better aligns with the implicit meaning in terms of the action described, though it lacks the emotional vividness of Response B. [RESULT] A"
"straight as an arrow, clear as glass.",they ran a business with integrity and open books.,B,"Feedback: Response A uses physical attributes (""straight as an arrow, clear as glass"") to imply transparency and honesty, but it lacks the business context and specificity needed to align closely with the implicit meaning. The imagery is vivid and coherent but fails to capture the operational aspect of business integrity. Response B, on the other hand, directly references business operations (""ran a business with integrity and open books""), which aligns more closely with the implicit meaning of transparent and honest business practices. The metaphor in Response B is more specific and contextually relevant, though its imagery is less imaginative compared to Response A. Overall, Response B better captures the intended concept due to its direct relevance to business operations, while Response A, though vivid, is less precise in conveying the implicit meaning. [RESULT] B"
"like a sponge, they eagerly learned and absorbed every new concept.",they soaked up knowledge like sponges.,A,"Feedback: Both metaphors effectively convey the idea of eager and rapid learning, aligning well with the implicit meaning. However, Response A (""like a sponge, they eagerly learned and absorbed every new concept"") explicitly emphasizes the eagerness and active engagement in learning, which closely matches the enthusiasm aspect of the implicit meaning. Response B (""they soaked up knowledge like sponges"") is more concise and vivid in its imagery but lacks the explicit mention of eagerness, relying solely on the sponge metaphor to imply enthusiasm. While both are strong, Response A more directly captures the full scope of the implicit meaning, including the emotional tone of eagerness. [RESULT] A"
he flipped his anger to tranquility.,he went from a raging storm to a calm sea.,B,"Feedback: Both metaphors effectively convey the sudden emotional transformation from anger to calmness, aligning closely with the implicit meaning. However, Response B (""he went from a raging storm to a calm sea"") uses more vivid and coherent imagery, creating a stronger visual and emotional contrast compared to Response A (""he flipped his anger to tranquility""), which is more literal and less imaginative. While both are clear, Response B’s use of natural elements (storm and sea) enhances the metaphor’s impact and originality. [RESULT] B"
obligations are like a puppet master.,her life was a puppet on strings of responsibility.,B,"Feedback: Both responses attempt to convey control and dominance, but they differ in their focus and imagery. Response A uses ""obligations"" as the controlling force, which is a more abstract concept and doesn't directly tie to material things, thus missing the core of the implicit meaning. Response B, however, directly links ""responsibility"" (a close parallel to material obligations) to a puppet on strings, vividly illustrating the idea of being controlled by external forces. While neither explicitly mentions ""material things,"" Response B's imagery of a puppet on strings is more coherent and imaginative in depicting the concept of domination by external forces. [RESULT] B"
fostered a strong emotional connection,they were two sides of the same heart.,B,"Feedback: Response B, ""they were two sides of the same heart,"" more effectively captures the implicit meaning of two people experiencing identical feelings or emotional states. It uses vivid and coherent imagery by directly linking the two individuals as inseparable parts of a single heart, symbolizing unity and shared emotion. In contrast, Response A, ""fostered a strong emotional connection,"" while positive, is more literal and does not employ metaphorical language to convey the idea of identical feelings. It lacks the imaginative and symbolic depth of Response B. Therefore, Response B aligns more closely with the intended concept and is a clearer, more accurate representation. [RESULT] B"
lift emotional capacity and sensitivity.,he needed to become a sponge and mirror.,B,"Feedback: Response A (""lift emotional capacity and sensitivity"") directly addresses the concept of improving emotional capacity but lacks vivid imagery and metaphorical depth, making it more literal than imaginative. Response B (""he needed to become a sponge and mirror"") introduces a more creative metaphor, where ""sponge"" suggests absorbing new emotional experiences and ""mirror"" implies reflecting and understanding them, which aligns closely with the implicit meaning of updating emotional capacity. While both responses capture the core idea, Response B excels in vividness and coherence, offering a dual-layered metaphor that enhances the concept's clarity and imaginative appeal. [RESULT] B"
the original theory is the mother of many derivative theories.,the original theory has grown a family of ideas.,B,"Feedback: Both Response A and Response B effectively capture the implicit meaning of one main idea giving birth to multiple related ideas, but they differ in their imagery and coherence. Response A uses the metaphor of a ""mother"" to convey the original theory's role in generating derivative theories, which is vivid and aligns closely with the concept of giving birth. However, the term ""mother"" might be seen as slightly less imaginative compared to the organic growth implied in Response B. Response B, with its metaphor of the original theory ""growing a family of ideas,"" offers a more dynamic and natural imagery, suggesting a process of development and expansion. While both responses are coherent, Response B's imagery is more imaginative and aligns slightly better with the implicit meaning by emphasizing the organic growth and interconnectedness of ideas. [RESULT] B"
her thirst for knowledge was an endless ocean.,she was a sponge for knowledge.,A,"Feedback: Both metaphors aim to convey the implicit meaning of an endless desire to learn and acquire knowledge. Response A, ""her thirst for knowledge was an endless ocean,"" uses vivid and imaginative imagery, effectively capturing the boundless nature of the desire to learn. The metaphor aligns closely with the implicit meaning, as the vastness of the ocean mirrors the endless pursuit of knowledge. Response B, ""she was a sponge for knowledge,"" also aligns with the implicit meaning but uses a more common and less vivid metaphor. While it conveys absorption and retention of knowledge, it lacks the depth and expansiveness of Response A. The imagery in Response B is coherent but less imaginative and original compared to the ocean metaphor. Therefore, Response A better captures the implicit meaning with more vivid and imaginative imagery. [RESULT] A"
bridging the storm,mixing different ingredients to settle a dispute and rekindle a fire.,B,"Feedback: Response A, ""bridging the storm,"" captures the idea of overcoming a turbulent situation, which aligns with the concept of resolving conflicts. However, it lacks the explicit imagery of repairing relationships, focusing more on the act of enduring rather than reconciling. Response B, ""mixing different ingredients to settle a dispute and rekindle a fire,"" more vividly conveys the idea of compromise by emphasizing the blending of elements to achieve harmony and reignite a connection. While both metaphors touch on conflict resolution, Response B is more imaginative and coherent in depicting the repair of relationships through compromise. [RESULT] B"
he delegated his leadership authority to him.,she handed him the keys to her kingdom.,B,"Feedback: Both responses attempt to convey the transfer of leadership responsibility as a physical act, aligning with the implicit meaning. However, Response B (""she handed him the keys to her kingdom"") uses more vivid and imaginative imagery, creating a clear and coherent picture of authority being passed as a tangible object. The metaphor of ""keys to the kingdom"" is culturally resonant and effectively symbolizes complete control and trust. In contrast, Response A (""he delegated his leadership authority to him"") is more literal and lacks the creative imagery that makes a metaphor impactful. While both responses capture the core idea, Response B does so with greater clarity, originality, and emotional resonance. [RESULT] B"
existence faded into the background.,her life was a vibrant painting of self-expression.,A,"Feedback: Response A (""existence faded into the background"") captures the implicit meaning of gradual disappearance with a clear and direct metaphor, but it lacks vivid imagery and creativity. It aligns well with the intended concept but feels somewhat generic. Response B (""her life was a vibrant painting of self-expression"") introduces vivid and imaginative imagery but diverges from the implicit meaning of diminishing presence, instead emphasizing vibrancy and self-expression. While Response B is more creative, it fails to convey the intended concept accurately. Response A, though less imaginative, better aligns with the implicit meaning. [RESULT] A"
stuck in a rut,they were stuck in a cycle of love and hate.,B,"Feedback: Both responses attempt to convey the idea of a repetitive pattern, but they differ in their specificity and vividness. Response A, ""stuck in a rut,"" captures the general sense of being trapped in a repetitive situation but lacks the explicit cyclical imagery and emotional depth present in the implicit meaning. It is a common phrase that conveys stagnation but does not fully align with the nuanced concept of a cycle of love and hate. Response B, ""they were stuck in a cycle of love and hate,"" directly mirrors the implicit meaning by explicitly mentioning a cycle and incorporating emotional elements, making it more vivid and coherent. While both responses reflect the idea of repetition, Response B more accurately and imaginatively represents the intended concept. [RESULT] B"
he studied the painting like a detective.,he grasped the painting with his eyes.,A,"Feedback: Both metaphors attempt to convey intense observation, but they differ in their approach and effectiveness. Response A, ""he studied the painting like a detective,"" aligns closely with the implicit meaning by emphasizing thoroughness and attention to detail, akin to a detective's meticulous investigation. The imagery is vivid and coherent, clearly evoking the idea of deep scrutiny. Response B, ""he grasped the painting with his eyes,"" while imaginative, focuses more on the act of capturing or absorbing the painting rather than the detailed analysis implied in the implicit meaning. It is less precise in conveying the thoroughness and intensity of observation. Response A better captures the intended concept with clearer and more accurate imagery. [RESULT] A"
"people became like a magnet, being pulled towards misleading information and becoming resistant to logical reasoning.","they were like a ship stuck in the mud, unable to change course.",B,"Feedback: Both metaphors attempt to convey the idea of resistance to logic and reason, but they differ in their approach and effectiveness. Response A uses the imagery of a magnet, which captures the idea of being irresistibly drawn towards something, aligning well with the concept of being pulled towards misleading information. However, it slightly misses the mark on the resistance to logical reasoning, as the magnet metaphor primarily emphasizes attraction rather than resistance. Response B, on the other hand, uses the imagery of a ship stuck in the mud, which vividly conveys the inability to change course or think differently, directly reflecting the resistance to logic and reason. While both metaphors are coherent, Response B’s imagery is more vivid and closely aligns with the implicit meaning, effectively capturing the intended concept. [RESULT] B"
seized opportunities for growth.,they were on a mission to reinvent themselves.,B,"Feedback: Response A (""seized opportunities for growth"") directly addresses growth but lacks the imagery and emotional tone of a joyful journey, making it more literal and less imaginative. Response B (""they were on a mission to reinvent themselves"") introduces a sense of purpose and transformation, aligning better with the implicit meaning of a joyful journey toward change. However, it still falls short in conveying the joy and vividness of the journey. Both responses are somewhat generic, but Response B captures the concept of change more effectively, though neither fully meets the imaginative and vivid criteria. [RESULT] B"
management's authority over operations expanded like a wildfire.,she was the conductor of the orchestra.,B,"Feedback: Response A uses the metaphor of a wildfire to depict the expansion of management's authority, which captures the idea of rapid and uncontrollable growth, aligning well with the concept of gradual acquisition of power. However, the imagery of a wildfire implies sudden and destructive spread, which slightly deviates from the gradual nature of the implicit meaning. Response B, on the other hand, uses the metaphor of a conductor leading an orchestra, which conveys a sense of controlled, gradual, and authoritative leadership, closely aligning with the implicit meaning of gradual acquisition of power and dominance. While both metaphors are coherent, Response B provides a more accurate and imaginative representation of the intended concept by emphasizing controlled progression rather than sudden expansion. [RESULT] B"
he held his anger in.,he held a fire in a contained vessel.,B,"Feedback: Both metaphors attempt to convey the idea of suppressed anger, but they differ in their imagery and alignment with the implicit meaning. Response A, ""he held his anger in,"" directly addresses the concept of suppression but lacks vividness and imaginative depth, earning a score of 3. Response B, ""he held a fire in a contained vessel,"" introduces a more vivid and imaginative image of containment and potential eruption, closely aligning with the implicit meaning of suppressed anger ready to erupt, earning a score of 5. The comparison highlights that Response B not only captures the intended meaning more accurately but also enhances it with richer, more evocative imagery. [RESULT] B"
our lives are a unique snowflake.,life is a tapestry of moments stitched by our experiences and actions.,B,"Feedback: Response A, ""our lives are a unique snowflake,"" captures the idea of individuality but fails to convey the ongoing creative process or the shaping through experiences, aligning poorly with the implicit meaning. It lacks the dynamic and cumulative imagery needed. Response B, ""life is a tapestry of moments stitched by our experiences and actions,"" effectively conveys the idea of life as an ongoing creative process shaped by experiences, using vivid and coherent imagery that aligns closely with the implicit meaning. While both responses use metaphors, Response B is more imaginative and accurate in representing the original idea. [RESULT] B"
deep pockets grew seeds for future investments.,a treasure trove of savings for a sea of opportunities.,B,"Feedback: Both metaphors attempt to convey the idea of financial resources leading to opportunities, but they differ in their approach and effectiveness. Response A uses the imagery of ""deep pockets growing seeds for future investments,"" which aligns with the implicit meaning by suggesting that financial resources (deep pockets) nurture future growth (seeds). However, the metaphor is somewhat literal and lacks the vividness and imaginative quality that could make it more compelling. Response B, on the other hand, employs the imagery of ""a treasure trove of savings for a sea of opportunities,"" which is more vivid and imaginative. The ""treasure trove"" clearly represents abundant financial resources, and the ""sea of opportunities"" effectively conveys the idea of vast possibilities. Response B better captures the implicit meaning with more coherent and evocative imagery. [RESULT] B"
each person has a specific role in the team.,a team is a well-oiled machine with moving parts.,B,"Feedback: Response A directly states that each person has a specific role in the team, which emphasizes individual responsibility but lacks imaginative or vivid imagery. It aligns with the implicit meaning of personal accountability but does so in a literal, uninspired manner. Response B, on the other hand, uses the metaphor of a ""well-oiled machine with moving parts"" to convey the idea that each team member contributes uniquely to the team's function, implicitly highlighting individual burden and accountability through the imagery of interdependent parts. While both responses touch on the implicit meaning, Response B does so more vividly and imaginatively, aligning better with the criteria for a clear, accurate, and imaginative metaphor. [RESULT] B"
a diamond in the rough of my milestone,he is the anchor of my life's journey.,B,"Feedback: Response A, ""a diamond in the rough of my milestone,"" partially captures the implicit meaning by suggesting something valuable (diamond) within a significant context (milestone), but it lacks clarity and vividness in conveying the idea of being cherished above all others. The phrase ""in the rough"" introduces ambiguity, and the connection to the implicit meaning is not immediately apparent. Response B, ""he is the anchor of my life's journey,"" more effectively conveys the implicit meaning by using a vivid and coherent image of an anchor, symbolizing stability, reliability, and central importance, which aligns closely with the idea of being highly valued and cherished. While both metaphors attempt to express value, Response B does so with greater clarity and imaginative precision. [RESULT] B"
she was a lioness on the hunt.,she stalks her prey with the focus of a tiger.,B,"Feedback: Both metaphors effectively convey the predatory aspect of the implicit meaning, but they differ in their approach and vividness. Response A, ""she was a lioness on the hunt,"" captures the predatory nature and implies a proactive, aggressive stance, aligning well with the calculating behavior in dating. However, it is somewhat generic and lacks specificity in the imagery. Response B, ""she stalks her prey with the focus of a tiger,"" is more vivid and detailed, emphasizing both the predatory and calculating aspects through the action of stalking and the focus of a tiger. It provides a clearer and more imaginative representation of the intended concept. While both responses align with the implicit meaning, Response B excels in vividness and coherence, making it the better choice. [RESULT] B"
medical specialists are the maestro of health.,she ran herself into a better situation.,A,"Feedback: Response A, ""medical specialists are the maestro of health,"" aligns more closely with the implicit meaning of medical specialists as authoritative leaders making critical decisions. The metaphor effectively conveys the idea of leadership and expertise, as a maestro is a respected conductor who directs an orchestra with precision and authority. The imagery is coherent and vivid, drawing a clear parallel between the role of a maestro and the decision-making power of medical specialists. In contrast, Response B, ""she ran herself into a better situation,"" does not relate to the implicit meaning at all, as it focuses on personal improvement rather than leadership or authority in a medical context. The imagery in Response B is unrelated and lacks coherence with the intended concept. Therefore, Response A is a clearer, more accurate, and more imaginative representation of the original idea. [RESULT] A"
new ideas are a compass.,navigated through the fog with clarity.,B,"Feedback: Response A (""new ideas are a compass"") directly aligns with the implicit meaning by emphasizing the guidance aspect of ideas, but it lacks the vivid imagery of illumination through uncertainty. Response B (""navigated through the fog with clarity"") captures the concept of illumination and guidance through uncertainty more vividly and imaginatively, though it does not explicitly mention ""ideas"" as the source of clarity. Both responses convey guidance, but Response B better embodies the implicit meaning by incorporating the imagery of fog and clarity, which resonates more closely with the idea of illuminating uncertainty. [RESULT] B"
she sealed the deal.,she anchored her commitments to the ground of her heart.,B,"Feedback: Response A (""she sealed the deal"") aligns loosely with the implicit meaning of strict commitment to responsibilities, but it is a common phrase that lacks vivid or imaginative imagery. It conveys a sense of finality and agreement but does not deeply capture the emotional or personal depth of commitment. Response B (""she anchored her commitments to the ground of her heart"") is more imaginative and vivid, using the imagery of an anchor to symbolize a strong, unyielding connection to responsibilities. It effectively conveys the idea of strict commitment by emphasizing both the strength and emotional grounding of the commitment. While both responses reflect the implicit meaning, Response B does so with greater clarity, creativity, and emotional resonance. [RESULT] B"
she had a keen observer's eye for the details of the landscape.,"she was a canvas, painting the world with her eyes.",B,"Feedback: Response A captures the idea of keen observation but lacks the gentle, loving tone and imaginative imagery of the implicit meaning. It focuses on the act of observing details without conveying the emotional depth or creative representation. Response B, on the other hand, uses the metaphor of a canvas painting the world with her eyes, which introduces a more vivid and imaginative element. It suggests a gentle, loving interaction with the scenery, aligning more closely with the implicit meaning. However, the imagery in Response B is somewhat mixed, as the idea of ""painting with eyes"" could be interpreted in multiple ways, slightly diluting its coherence. Overall, Response B is more imaginative and aligns better with the intended tone, despite minor clarity issues. [RESULT] B"
manager unleashed team's potential.,the manager gave his team the keys to the kingdom.,B,"Feedback: Both metaphors aim to convey the transfer of authority and responsibility, but they differ in their approach and effectiveness. Response A, ""manager unleashed team's potential,"" captures the idea of empowerment but focuses more on the outcome (unleashing potential) rather than the act of transferring authority. It is somewhat vivid but lacks the direct imagery of authority transfer. Response B, ""the manager gave his team the keys to the kingdom,"" uses a more direct and vivid metaphor, clearly symbolizing the transfer of control and responsibility through the act of giving keys, which aligns closely with the implicit meaning. While both are coherent, Response B is more imaginative and accurately represents the intended concept. [RESULT] B"
he navigated his behavior with care.,he was a conductor of his own life's symphony.,A,"Feedback: Response A (""he navigated his behavior with care"") captures the idea of restricted and controlled movement but does so in a literal and somewhat generic manner, lacking vivid imagery or imaginative depth. It aligns with the implicit meaning but fails to elevate it through creative language. Response B (""he was a conductor of his own life's symphony"") introduces a more vivid and imaginative metaphor, portraying control and direction in a dynamic and coherent way. However, it emphasizes active orchestration rather than the restricted movement implied in the meaning, making it less aligned with the specific nuance of ""restricted and controlled movement."" Both responses have their strengths, but Response A more directly reflects the implicit meaning, albeit less creatively. [RESULT] A"
weighing the options,a fork in the road of life.,B,"Feedback: Both metaphors attempt to convey the idea of making choices, but they differ in their approach and effectiveness. Response A, ""weighing the options,"" directly relates to the act of evaluating choices, which aligns with the implicit meaning of choices being like items available for selection. However, it lacks vivid imagery and is somewhat generic. Response B, ""a fork in the road of life,"" introduces a more imaginative and vivid scenario, clearly depicting a moment of decision-making with distinct paths, which closely mirrors the concept of selecting from available options. While both metaphors capture the essence of the implicit meaning, Response B does so with more creativity and clarity, making it a more compelling representation. [RESULT] B"
"with a compass, he pursued self-improvement opportunities.",he was a dog with a bone of knowledge.,B,"Feedback: Response A uses a compass as a metaphor for self-improvement, which conveys direction and purpose but lacks the urgency and intensity implied in the implicit meaning of ""rapid and determined self-improvement."" The imagery is coherent but not particularly vivid or imaginative. Response B, on the other hand, uses the metaphor of ""a dog with a bone of knowledge,"" which captures the determination and persistence more vividly. However, it emphasizes tenacity rather than rapidity, partially aligning with the implicit meaning. Both metaphors have their strengths, but Response B’s imagery is more engaging and closer to the intended concept, though it still falls slightly short in fully capturing the ""rapid"" aspect. [RESULT] B"
revolutionized and fixed functionality,she turned the engine into a more efficient machine.,B,"Feedback: Response A (""revolutionized and fixed functionality"") loosely reflects the implicit meaning of improvement through replacement or upgrade, but it lacks vivid imagery and coherence, making it a generic and less imaginative representation. Response B (""she turned the engine into a more efficient machine"") more effectively captures the implicit meaning by using a clear and vivid analogy of transforming a core component into a more efficient version, aligning closely with the concept of improvement through upgrade. While both responses touch on improvement, Response B provides a more coherent and imaginative metaphor. [RESULT] B"
like a rock on a cliff in a storm,a boulder that weighed her down with its unpredictability.,A,"Feedback: Both metaphors attempt to convey instability and lack of control, but they differ in their approach and effectiveness. Response A, ""like a rock on a cliff in a storm,"" vividly portrays vulnerability and precariousness, aligning closely with the implicit meaning. The imagery of a rock on a cliff during a storm evokes a sense of danger and unpredictability, capturing the essence of being unstable and out of control. Response B, ""a boulder that weighed her down with its unpredictability,"" while conveying the burden of unpredictability, focuses more on the weight and less on the dynamic instability. The metaphor of a boulder is less vivid and more static compared to the dynamic imagery of a storm. Response A’s imagery is more coherent and imaginative, directly reflecting the intended concept. [RESULT] A"
lighthouse light guides straight paths over water.,a path of hope guiding sailors through the darkness.,B,"Feedback: Both responses aim to capture the implicit meaning of light as guidance and salvation in darkness, but they differ in their approach and effectiveness. Response A focuses on the mechanical aspect of a lighthouse guiding paths, which aligns with the idea of guidance but lacks the emotional depth and vivid imagery of salvation in darkness. Response B, on the other hand, introduces the concept of ""hope"" and ""sailors,"" creating a more vivid and emotionally resonant image that directly ties to the idea of salvation in darkness. While both metaphors are coherent, Response B is more imaginative and aligns more closely with the implicit meaning by incorporating elements of hope and the struggle against darkness. [RESULT] B"
the economy is on the mend.,the economy is a ship that's slowly rising from the depths.,B,"Feedback: Response B is the more effective metaphor as it vividly captures the implicit meaning of economic recovery and upward progress from a difficult situation. The imagery of a ""ship rising from the depths"" is highly imaginative and coherent, clearly conveying the idea of emerging from a challenging period. In contrast, Response A, ""the economy is on the mend,"" is straightforward and factual but lacks the vividness and imaginative quality of Response B. It aligns with the meaning but does not evoke the same level of imagery or emotional resonance. Therefore, Response B better meets the criteria of being clearer, more accurate, and more imaginative. [RESULT] B"
he had multiple balls to juggle.,he was drowning in a sea of responsibilities.,B,"Feedback: Both metaphors aim to convey the implicit meaning of an overwhelming amount of responsibilities, but they differ in their approach and effectiveness. Response A, ""he had multiple balls to juggle,"" uses a common metaphor that suggests multitasking and balancing tasks, which aligns with the idea of handling many responsibilities. However, it lacks the vividness and emotional depth to fully capture the overwhelming nature of the situation, earning it a score of 3. Response B, ""he was drowning in a sea of responsibilities,"" employs a more imaginative and vivid image, effectively conveying the feeling of being overwhelmed and unable to cope, which closely aligns with the implicit meaning. The imagery is coherent and evocative, earning it a score of 5. [RESULT] B"
his sense of obligation drove him to fulfill his commitments.,he was bound by duty to fulfill his promises.,B,"Feedback: Both responses capture the essence of the implicit meaning, but they differ in their approach and vividness. Response A uses the phrase ""sense of obligation"" which somewhat conveys the idea of being pulled back to one's commitments, but it lacks the forcefulness and imagery of an irresistible pull. Response B, on the other hand, employs the metaphor of being ""bound by duty,"" which more directly evokes the image of an unyielding, almost physical constraint, aligning more closely with the implicit meaning of an irresistible force. The imagery in Response B is more vivid and coherent, effectively conveying the intended concept of being compelled to fulfill promises. While both are adequate, Response B excels in capturing the force and inevitability implied in the original idea. [RESULT] B"
"his thinking was sharp as a knife, cutting-edge, and polished as a diamond.",his mind became a finely-tuned machine.,B,"Feedback: Response A uses vivid imagery of sharpness and polish to convey intellectual prowess, aligning well with the implicit meaning of advanced understanding, though it leans more on physical attributes rather than intellectual depth. Response B, however, directly equates the mind to a finely-tuned machine, which more clearly and coherently captures the concept of advanced intellectual understanding through precision and efficiency. While both responses are imaginative, Response B more accurately and directly reflects the intended meaning with clearer and more focused imagery. [RESULT] B"
a ruler's markings,life is a ruler with marks of progress.,B,"Feedback: Response A (""a ruler's markings"") captures the idea of progressive steps but lacks the explicit connection to the concept of progress toward a goal, making it less vivid and direct. Response B (""life is a ruler with marks of progress"") more clearly aligns with the implicit meaning by explicitly linking the ruler's marks to the idea of progressive steps leading to a goal, offering a more coherent and imaginative representation. While both responses use the imagery of a ruler, Response B effectively conveys the intended concept with greater clarity and specificity. [RESULT] B"
she stood at the crossroads of belief systems.,she stood at the crossroads of faith and doubt.,B,"Feedback: Both responses effectively convey the implicit meaning of being at a difficult decision point between ideological choices, but they differ in specificity and vividness. Response A uses ""crossroads of belief systems,"" which is broad and aligns well with the idea of multiple ideological options but lacks the emotional tension inherent in the implicit meaning. Response B, ""crossroads of faith and doubt,"" introduces a more vivid and emotionally charged contrast, capturing the internal struggle and difficulty of decision-making more accurately. While both are coherent, Response B’s imagery is more imaginative and closely aligned with the intended concept by emphasizing the conflict between opposing forces. [RESULT] B"
he processed the new information.,he was a sponge for new ideas and knowledge.,B,"Feedback: Response B (""he was a sponge for new ideas and knowledge"") better captures the implicit meaning by using a vivid and coherent metaphor that aligns closely with the idea of absorbing and processing information, akin to a sponge soaking up water. It effectively conveys the concept of actively taking in knowledge, which is more imaginative and accurate than Response A (""he processed the new information""), which is literal and lacks the metaphorical depth and imagery needed to reflect the implicit meaning of time and effort in understanding, similar to digesting food. [RESULT] B"
she flipped her perspective.,she turned a new page in her life.,A,"Feedback: Both metaphors attempt to convey a change in perspective, but they differ in their approach and effectiveness. Response A, ""she flipped her perspective,"" directly addresses a shift in thinking, which aligns closely with the implicit meaning of a sudden transformation of thinking. The imagery is clear and coherent, though somewhat literal and less imaginative. Response B, ""she turned a new page in her life,"" uses a more common metaphor that implies a fresh start or change, but it is less specific to a transformation in thinking and more general in scope. While both responses are coherent, Response A more accurately captures the intended concept of a sudden shift in mindset. [RESULT] A"
a wellspring of ideas.,the wellspring of ideas never runs dry.,B,"Feedback: Both responses use the metaphor of a ""wellspring"" to convey the idea of an abundant and continuous source of ideas, which aligns well with the implicit meaning. However, Response B enhances the imagery by explicitly stating that the wellspring ""never runs dry,"" directly emphasizing the inexhaustible nature of the ideas, which is a key aspect of the implicit meaning. Response A, while vivid and coherent, does not explicitly convey the continuous and unending aspect as effectively as Response B. Therefore, Response B is more imaginative and closely aligned with the intended concept. [RESULT] B"
economics is like a crystal ball.,she navigates the economy with precision and foresight.,A,"Feedback: Response A (""economics is like a crystal ball"") loosely reflects the implicit meaning of economics being unpredictable and constantly changing, as a crystal ball is often associated with attempts to predict the future, but it does not capture the dynamic and ever-changing nature of economics as clearly as the implicit meaning suggests. The imagery is somewhat generic and does not fully convey the complexity of economic patterns. Response B (""she navigates the economy with precision and foresight"") does not align with the implicit meaning at all, as it implies control and predictability rather than the unpredictability and constant change emphasized in the implicit meaning. Between the two, Response A is closer to the intended meaning but still falls short in vividness and coherence. [RESULT] A"
their relationship hit a roadblock.,they hit a brick wall.,B,"Feedback: Both metaphors convey the idea of progress being halted, but they differ in their imagery and specificity. Response A uses ""roadblock,"" which is a common metaphor for obstacles but lacks the vividness and finality of Response B's ""brick wall."" The brick wall imagery is more concrete and evokes a stronger sense of sudden and insurmountable hindrance, aligning more closely with the implicit meaning of a sudden stop. While both are coherent, Response B's imagery is more vivid and accurately captures the abrupt nature of the halt. [RESULT] B"
mighty force breaks barriers.,she pressed her way through life.,A,"Feedback: Response A (""mighty force breaks barriers"") directly captures the essence of unstoppable power and momentum by using strong, vivid imagery of a force overcoming obstacles, which aligns closely with the implicit meaning. It is clear, coherent, and imaginative. Response B (""she pressed her way through life"") conveys persistence and determination but lacks the vivid imagery and direct alignment with unstoppable power, focusing more on personal effort rather than an overwhelming force. While both responses reflect aspects of momentum, Response A is more accurate and imaginative in representing the intended concept. [RESULT] A"
communication is a blooming garden.,her mind was a garden that grew with knowledge.,B,"Feedback: Both metaphors attempt to convey growth and development, but Response B more closely aligns with the implicit meaning by explicitly linking the garden's growth to knowledge, mirroring the idea of language producing beautiful meanings. Response A, while vivid, is more general and does not specify the connection to knowledge or the production of meanings. Response B's imagery is more coherent and directly ties the garden's growth to the intended concept, making it a clearer and more accurate representation. [RESULT] B"
a recipe without ingredients,a ship without an anchor is a lost voyage.,A,"Feedback: Both metaphors attempt to convey the idea of something lacking essential components, but they differ in their approach and effectiveness. Response A, ""a recipe without ingredients,"" directly relates to the implicit meaning by emphasizing the absence of necessary elements, which mirrors the concept of information lacking context or grounding. The imagery is clear and coherent, making it easy to understand the intended message. Response B, ""a ship without an anchor is a lost voyage,"" while imaginative, introduces a more complex scenario that, although metaphorically rich, slightly deviates from the directness of the implicit meaning. It conveys the idea of being lost or ungrounded but with a broader, more abstract imagery that might not align as closely with the specific concept of information lacking context. Response A is more straightforward and aligns more closely with the implicit meaning, using vivid and coherent imagery that directly reflects the intended concept. [RESULT] A"
the weight of duty demands focus and commitment.,she managed her responsibilities with a firm grip.,B,"Feedback: Response A emphasizes the burden and necessity of duty, focusing on the need for focus and commitment, but it does not capture the implicit meaning of duties being valuable and requiring protection like precious treasures. The imagery is coherent but lacks the imaginative connection to the concept of safeguarding valuable items. Response B, on the other hand, uses the metaphor of a ""firm grip"" to convey control and protection, which aligns more closely with the idea of safeguarding precious treasures. While neither fully captures the implicit meaning, Response B is more imaginative and closer to the intended concept. [RESULT] B"
community fortified against extremist propaganda,it had a shell of resistance around it.,A,"Feedback: Both metaphors aim to convey the idea of a community's defense against harmful ideologies, but they differ in their approach and effectiveness. Response A, ""community fortified against extremist propaganda,"" directly aligns with the implicit meaning by emphasizing the active and structured nature of the community's defenses, akin to fortifications. It clearly captures the concept of building natural defenses and uses coherent imagery. Response B, ""it had a shell of resistance around it,"" while imaginative, is less precise in conveying the idea of ""natural defenses"" and leans more toward a passive or inherent protection, which slightly deviates from the active construction implied in the implicit meaning. Additionally, the imagery in Response B is less vivid and specific compared to the structured and purposeful imagery in Response A. Therefore, Response A better meets the criteria of clarity, accuracy, and vividness in representing the original idea. [RESULT] A"
their relationship guides and maintains positive interactions among all involved parties.,their relationship is like a thread that weaves people together in harmony.,B,"Feedback: Response B is more imaginative and vivid, using the imagery of a ""thread that weaves people together in harmony"" to convey the idea of synchronization and balance. It aligns closely with the implicit meaning by emphasizing unity and interconnectedness, which are key aspects of perfect synchronization. Response A, while accurate in describing the function of the relationship, lacks the imaginative and vivid imagery of Response B. It focuses more on the outcome (positive interactions) rather than the essence of synchronization and balance. Therefore, Response B better captures the implicit meaning with clearer and more evocative imagery. [RESULT] B"
the media's spin caused a public backlash.,the media's reporting was a plague on public trust.,B,"Feedback: Both metaphors attempt to convey the negative impact of the media's actions on the public, but they differ in their approach and effectiveness. Response A uses the phrase ""spin"" to describe the media's actions, which implies a deliberate attempt to manipulate the narrative, leading to a ""public backlash."" While this captures the idea of negative consequences, it lacks the vivid imagery and emotional depth of the implicit meaning. Response B, on the other hand, employs the metaphor of a ""plague"" to describe the media's reporting, which more closely aligns with the implicit meaning of making the nation feel ""sick and disgusted."" The imagery of a plague evokes a sense of widespread contamination and suffering, effectively conveying the intended concept. In terms of coherence and vividness, Response B surpasses Response A, as it more accurately reflects the emotional tone and severity of the implicit meaning. [RESULT] B"
the progress is like a production line.,"the train of life keeps moving forward, no matter what.",B,"Feedback: Both metaphors attempt to convey the idea of continuous and unstoppable movement, but they differ in their approach and effectiveness. Response A, ""the progress is like a production line,"" captures the mechanical aspect of the implicit meaning but focuses on progress rather than life itself, which is a slight deviation. The imagery is coherent but less vivid and imaginative compared to Response B. Response B, ""the train of life keeps moving forward, no matter what,"" directly aligns with the implicit meaning by explicitly mentioning ""life"" and using the vivid imagery of a train, which inherently conveys continuous and unstoppable motion. It is more imaginative and closely aligns with the intended concept. [RESULT] B"
climbed the mountain of clarity.,he opened his mind to new perspectives.,A,"Feedback: Both metaphors aim to convey the idea of achieving better understanding or clarity of thought, but they differ in their approach and effectiveness. Response A, ""climbed the mountain of clarity,"" uses a vivid and coherent image of a challenging journey to reach a state of clarity, which aligns well with the implicit meaning. The metaphor suggests effort and achievement, making it imaginative and engaging. Response B, ""he opened his mind to new perspectives,"" directly addresses the concept of gaining understanding but lacks the vivid imagery and depth of Response A. It is more literal and less imaginative, focusing on the act of opening rather than the journey or struggle. While both responses capture the implicit meaning, Response A does so with more creativity and a stronger visual representation. [RESULT] A"
progress is a river flowing.,life is a journey.,B,"Feedback: Both metaphors fail to capture the implicit meaning of ""Time is a challenging upward struggle."" Response A, ""progress is a river flowing,"" implies a smooth, continuous movement, which contradicts the idea of a struggle. Response B, ""life is a journey,"" is a common metaphor that suggests progression but lacks the specific imagery of an upward challenge. Neither metaphor aligns closely with the intended concept, but Response B is slightly more generic and less contradictory. [RESULT] B"
writing is a compass and a skeleton.,writing is the map to navigate the labyrinth of thoughts.,B,"Feedback: Both metaphors aim to convey the idea that writing provides direction and structure to scattered thoughts. Response A, ""writing is a compass and a skeleton,"" partially captures the implicit meaning by suggesting guidance (compass) and structure (skeleton), but it lacks coherence as the two elements are not seamlessly integrated, leading to a somewhat disjointed imagery. Response B, ""writing is the map to navigate the labyrinth of thoughts,"" more effectively aligns with the implicit meaning by using a single, vivid, and coherent image of a map guiding through a complex labyrinth, which directly mirrors the concept of organizing and directing thoughts. While both responses reflect the intended meaning, Response B does so with greater clarity, coherence, and imaginative imagery. [RESULT] B"
sort out the mess to build a framework.,she organized her thoughts into a cohesive framework.,B,"Feedback: Both responses aim to convey the implicit meaning of structuring disorganized information, but they differ in their approach and effectiveness. Response A uses the phrase ""sort out the mess to build a framework,"" which captures the idea of organizing chaos but lacks the vividness and directness of Response B. Response B, ""she organized her thoughts into a cohesive framework,"" more precisely aligns with the implicit meaning by explicitly mentioning the organization of thoughts and the creation of a framework, making it clearer and more coherent. While both responses are adequate, Response B is more direct and effectively conveys the intended concept with better imagery and alignment. [RESULT] B"
the train keeps moving forward.,life moves forward like an unstoppable freight train.,B,"Feedback: Both responses aim to convey the idea of time and events being continuous and unstoppable, but they differ in their effectiveness. Response A, ""the train keeps moving forward,"" captures the continuity aspect but lacks the vividness and forcefulness needed to emphasize the unstoppable nature of time and events. It is a straightforward statement that aligns with the implicit meaning but does not enhance it with imaginative imagery. Response B, ""life moves forward like an unstoppable freight train,"" excels in both vividness and coherence, using the powerful image of a freight train to emphasize the unstoppable and relentless nature of life's progression. It closely aligns with the implicit meaning, providing a clearer and more imaginative representation. [RESULT] B"
climbed the corporate ladder,she charted a course and sailed through her career.,B,"Feedback: Both metaphors aim to convey the idea of progressing in a career, but they differ in their approach and vividness. Response A, ""climbed the corporate ladder,"" is a common metaphor that directly aligns with the concept of career advancement, but it lacks originality and vivid imagery, earning a score of 3. Response B, ""she charted a course and sailed through her career,"" introduces a more imaginative and dynamic image, suggesting deliberate planning and smooth progression, which closely aligns with the implicit meaning of making progress towards a new professional direction. The imagery in Response B is more vivid and coherent, earning a score of 4. While both responses capture the intended meaning, Response B does so with greater creativity and clarity. [RESULT] B"
a clear mirror reveals a smorgasbord of opportunities.,"as clarity rises, a new landscape unfolds.",B,"Feedback: Both metaphors aim to capture the idea of clarity emerging from confusion, but they differ in their approach and effectiveness. Response A uses the imagery of a ""clear mirror"" and a ""smorgasbord of opportunities,"" which somewhat aligns with the implicit meaning by suggesting that clarity reveals a variety of choices. However, the metaphor feels somewhat disjointed, as the connection between a mirror and opportunities is not inherently vivid or coherent. Response B, on the other hand, employs the imagery of ""clarity rising"" and a ""new landscape unfolding,"" which more directly and vividly conveys the idea of emerging clarity leading to a fresh perspective on life choices. The imagery in Response B is more coherent and imaginative, effectively capturing the intended concept. While both responses reflect the implicit meaning to some extent, Response B does so with greater clarity and vividness. [RESULT] B"
time is running out,he was racing against the clock to finish.,B,"Feedback: Both responses attempt to convey the urgency of time, but neither fully captures the implicit meaning that time is precious like money in a bank account. Response A, ""time is running out,"" is a common phrase that conveys urgency but lacks the imaginative and vivid imagery needed to equate time with a valuable, finite resource. Response B, ""he was racing against the clock to finish,"" introduces a more dynamic image of urgency but still fails to connect time with the concept of preciousness or a bank account. Neither metaphor aligns closely with the implicit meaning, though Response B provides a slightly more vivid and coherent image of urgency. [RESULT] B"
dance like a ballerina,a harmonious dance of lines and shapes.,B,"Feedback: Response A, ""dance like a ballerina,"" directly associates the movement with a specific, well-known figure renowned for grace and fluidity, making it vivid and closely aligned with the implicit meaning. However, it relies on a common and somewhat literal comparison, which limits its originality. Response B, ""a harmonious dance of lines and shapes,"" uses abstract imagery to convey grace and flow, emphasizing the interplay of elements in a more imaginative and unique way. While it captures the essence of graceful movement, it is less direct in its connection to the implicit meaning compared to Response A. Both responses are coherent, but Response B stands out for its creativity and abstract representation. [RESULT] B"
"the news was a gut punch, leaving her in tears.",the news was a bombshell that shattered her world.,B,"Feedback: Both metaphors effectively convey the sudden and devastating psychological impact, aligning closely with the implicit meaning. Response A uses ""gut punch,"" which vividly captures the immediate physical and emotional shock, resonating with the intended concept. Response B employs ""bombshell"" and ""shattered her world,"" which also conveys sudden destruction but with a broader, more dramatic imagery that emphasizes the long-term impact. While both are strong, Response B’s imagery is slightly more vivid and imaginative, enhancing the sense of overwhelming devastation. [RESULT] B"
time is a ticking clock.,time is a shadow that lengthens our lives.,A,"Feedback: Both metaphors attempt to capture the concept of time's relentless progression, but they differ in their approach and effectiveness. Response A, ""time is a ticking clock,"" directly conveys the idea of time moving forward with urgency, aligning well with the implicit meaning of time pursuing and catching up to us. The imagery is clear and coherent, though somewhat generic. Response B, ""time is a shadow that lengthens our lives,"" introduces a more imaginative and poetic image, suggesting that time extends and envelops our existence, which subtly reflects the idea of pursuit. However, the connection to the implicit meaning is less direct and requires more interpretation. Response A is more straightforward and aligns closely with the intended concept, while Response B offers a more creative but slightly less precise representation. [RESULT] A"
she's chasing the approval high.,she was a moth to the flame of social validation.,B,"Feedback: Both metaphors aim to capture the implicit meaning of addiction to social media validation, but they differ in their approach and effectiveness. Response A, ""she's chasing the approval high,"" directly links the pursuit of validation to a ""high,"" which is a clear and vivid metaphor for addiction, though it lacks the depth of imagery found in Response B. Response B, ""she was a moth to the flame of social validation,"" employs a more elaborate and traditional metaphor, comparing the irresistible and dangerous allure of validation to a moth's attraction to flame. This imagery is highly vivid and coherent, effectively conveying the compulsive and potentially harmful nature of the addiction. While both responses align with the implicit meaning, Response B excels in its imaginative and detailed imagery, making it a clearer and more accurate representation of the concept. [RESULT] B"
time races like a bullet.,time is a relentless tide that pulls us toward the future.,B,"Feedback: Both metaphors attempt to convey the rapid and dramatic passage of time, but they differ in their imagery and alignment with the implicit meaning. Response A, ""time races like a bullet,"" captures the speed of time but lacks the depth and relentless nature implied in the reference. The imagery of a bullet is vivid but somewhat generic and doesn't fully convey the dramatic, unstoppable aspect of time. Response B, ""time is a relentless tide that pulls us toward the future,"" aligns more closely with the implicit meaning by emphasizing both the rapid and unstoppable nature of time. The imagery of a tide is more vivid and coherent, effectively conveying the idea that time is not just fast but also inescapable and powerful. Response B is more imaginative and aligns better with the intended concept. [RESULT] B"
chef crafted a gourmet masterpiece.,she cooked life's recipe with a pinch of love.,A,"Feedback: Both responses attempt to convey the idea of transformation, but they differ in their alignment with the implicit meaning and the vividness of their imagery. Response A, ""chef crafted a gourmet masterpiece,"" directly highlights the chef's skill in creating something exceptional from basic ingredients, closely aligning with the implicit meaning. However, it lacks imaginative depth and relies on a straightforward, albeit accurate, description. Response B, ""she cooked life's recipe with a pinch of love,"" introduces a more imaginative and emotional element by comparing life to a recipe and adding love as a transformative ingredient. While it captures the idea of transformation, it diverges from the specific culinary context of the implicit meaning and introduces a broader, less focused concept. Response A is more coherent and accurate in representing the chef's role in transforming ingredients, whereas Response B is more imaginative but less precise. [RESULT] A"
"the theories debated fiercely, with one theory ultimately prevailing.","theories competed like athletes in a race, with the strongest emerging victorious.",B,"Feedback: Both responses capture the implicit meaning of academic competition and dominance, but they differ in their imagery and vividness. Response A uses a more abstract and confrontational imagery of ""debating fiercely"" and ""prevailing,"" which aligns with the idea of competition but lacks the dynamic and energetic tone of athletic competition. Response B, on the other hand, employs a more vivid and coherent imagery of theories competing ""like athletes in a race,"" which directly parallels the concept of academic dominance through physical strength and victory. While both metaphors are coherent, Response B's use of athletic competition provides a clearer and more imaginative representation of the original idea, making it more aligned with the implicit meaning and more engaging. [RESULT] B"
the timeline is a stormy river.,life's timeline is a rollercoaster of twists and turns.,B,"Feedback: Both metaphors aim to convey the idea of unpredictability and constant change, but they differ in their approach and effectiveness. Response A, ""the timeline is a stormy river,"" captures the unpredictability through the imagery of a turbulent river, which aligns well with the implicit meaning. However, it lacks the dynamic and continuous motion that emphasizes constant change. Response B, ""life's timeline is a rollercoaster of twists and turns,"" more vividly and coherently conveys both unpredictability and constant change through the imagery of a rollercoaster, which inherently involves rapid and unexpected shifts. While both metaphors are imaginative, Response B is more aligned with the implicit meaning and uses more vivid and fitting imagery. [RESULT] B"
relationship hit a wall.,her heart was a stone wall.,B,"Feedback: Both metaphors attempt to convey the idea of a relationship with no future, but they differ in their approach and effectiveness. Response A, ""relationship hit a wall,"" directly implies an obstacle, aligning well with the implicit meaning of no way forward. However, it lacks vivid imagery and is somewhat generic. Response B, ""her heart was a stone wall,"" introduces a more imaginative and vivid image, emphasizing emotional impenetrability, which closely aligns with the implicit meaning. While both metaphors are coherent, Response B excels in creativity and depth, making it a clearer and more accurate representation of the original idea. [RESULT] B"
shattered and twisted memories.,her memories were a jigsaw puzzle with missing pieces.,B,"Feedback: Both metaphors aim to convey the implicit meaning of broken and scattered thoughts causing mental distress, but they differ in their approach and effectiveness. Response A, ""shattered and twisted memories,"" uses strong, vivid imagery that directly aligns with the idea of brokenness and distortion, capturing the distressing nature of the thoughts. However, it lacks the specificity of scattering or incompleteness. Response B, ""her memories were a jigsaw puzzle with missing pieces,"" introduces a clear and relatable image of incompleteness and the effort required to piece together fragmented thoughts, which closely aligns with the implicit meaning. While both metaphors are imaginative, Response B more accurately and coherently conveys the concept of scattered and incomplete thoughts leading to mental distress. [RESULT] B"
the government conducts society's functions.,the conductor orchestrates society's symphony of needs and actions.,B,"Feedback: Response B is the more imaginative and vivid metaphor, effectively capturing the implicit meaning by comparing the government's role to a conductor orchestrating a symphony, which aligns closely with the idea of controlling and directing society's functions like a brain controls a body. The imagery of a symphony conveys a complex, harmonious system of needs and actions, mirroring the intricate functions of society. In contrast, Response A, while accurate, lacks the creative and detailed imagery of Response B, presenting a more straightforward and less engaging comparison. Response B's metaphor is clearer, more accurate, and more imaginative in representing the original idea. [RESULT] B"
their image is as expertly managed as a high-end boutique.,she was a finely polished piece of art.,B,"Feedback: Both responses attempt to convey the idea of a superficial and artificially polished appearance, but they differ in their approach and effectiveness. Response A uses the metaphor of a ""high-end boutique"" to describe the management of an image, which aligns with the idea of artificial polish but focuses more on the process of management rather than the end result. The imagery is coherent but less vivid in conveying the superficial nature directly. Response B, on the other hand, directly compares the subject to a ""finely polished piece of art,"" which more vividly and directly captures the implicit meaning of a superficial and artificially polished appearance. The imagery in Response B is more imaginative and aligns closely with the intended concept, making it a clearer and more accurate representation. [RESULT] B"
philosophy is a bottomless well.,a sea of endless questions to navigate.,B,"Feedback: Both metaphors attempt to convey the vastness and mystery of philosophy, but they differ in their imagery and alignment with the implicit meaning. Response A, ""philosophy is a bottomless well,"" captures the idea of depth and undiscovered knowledge but lacks the dynamic and expansive nature implied in the reference. It is somewhat vivid but does not fully evoke the sense of exploration or endlessness. Response B, ""a sea of endless questions to navigate,"" more effectively aligns with the implicit meaning by emphasizing both the vastness and the active engagement required in philosophy. The imagery of a sea is more dynamic and vivid, conveying the idea of endless exploration and mystery. While both metaphors are imaginative, Response B better captures the intended concept with clearer and more coherent imagery. [RESULT] B"
fever is a natural weapon.,the body's temperature is a warrior's shield against invaders.,B,"Feedback: Both metaphors attempt to convey the defensive role of fever, but they differ significantly in their approach and effectiveness. Response A, ""fever is a natural weapon,"" captures the idea that fever is a tool used by the body, but it lacks the nuance of its defensive nature, treating fever more as an offensive mechanism rather than a protective one. Response B, ""the body's temperature is a warrior's shield against invaders,"" more accurately and vividly portrays fever as a protective barrier, aligning closely with the implicit meaning. The imagery in Response B is more coherent and imaginative, using the metaphor of a shield to clearly convey the defensive aspect of fever. While both responses reflect the general idea, Response B does so with greater clarity, vividness, and alignment with the intended concept. [RESULT] B"
love is a harmonious blend of two distinct forces.,love is a symphony of two unique melodies in harmony.,B,"Feedback: Both responses effectively convey the implicit meaning of two separate entities becoming harmoniously united, but they differ in their imagery and vividness. Response A uses the phrase ""harmonious blend,"" which is clear and aligns well with the implicit meaning, but it lacks the depth and richness of Response B's ""symphony of two unique melodies in harmony."" Response B's metaphor is more imaginative and vivid, as it evokes the image of distinct musical elements coming together in a complex, beautiful composition, which closely mirrors the concept of harmonious unity. While both responses are coherent and accurate, Response B's imagery is more engaging and original, making it a clearer and more imaginative representation of the original idea. [RESULT] B"
"sowing seeds, reaping a harvest",her life is a river constantly flowing and changing.,A,"Feedback: Both metaphors aim to convey the idea that present actions have future effects, but they differ in their approach and effectiveness. Response A, ""sowing seeds, reaping a harvest,"" directly links a specific action (sowing seeds) to its future consequence (harvest), creating a clear and vivid image that aligns closely with the implicit meaning. The metaphor is straightforward and uses well-known agricultural imagery, making it easy to understand and relate to the concept. Response B, ""her life is a river constantly flowing and changing,"" while imaginative and vivid, focuses more on the continuous nature of life and change rather than the direct cause-and-effect relationship implied in the implicit meaning. It captures the idea of ongoing transformation but lacks the explicit connection between present actions and future outcomes. Response A is more coherent and accurate in representing the intended concept, whereas Response B, though creative, is less precise. [RESULT] A"
as steady as a mountain.,a calm sea is his emotional state.,A,"Feedback: Both metaphors aim to convey emotional stability, but they differ in their approach and effectiveness. Response A, ""as steady as a mountain,"" directly emphasizes unyielding stability, aligning closely with the implicit meaning of perfect emotional balance. The imagery of a mountain is vivid and universally recognized as a symbol of steadfastness, earning it a high score for clarity and coherence. Response B, ""a calm sea is his emotional state,"" also conveys tranquility but focuses more on the absence of turmoil rather than the active, unshakable balance implied in the implicit meaning. While the calm sea is a coherent image, it is slightly less precise in capturing the concept of perfect emotional balance, as it suggests passivity rather than active stability. Response A is more imaginative and directly aligned with the intended meaning, making it the better choice. [RESULT] A"
untapped golden opportunity,a hidden treasure trove of potential success.,B,"Feedback: Both metaphors effectively convey the implicit meaning that new opportunities lead to valuable discoveries, but they differ in their imagery and coherence. Response A, ""untapped golden opportunity,"" uses concise and direct language, emphasizing the value and potential of the opportunity with the word ""golden."" However, it lacks the depth and vividness of Response B. Response B, ""a hidden treasure trove of potential success,"" employs richer imagery by invoking the idea of a treasure trove, which not only highlights the value but also the element of discovery and abundance. The phrase ""hidden"" further aligns with the implicit meaning of uncovering something valuable. While both are strong, Response B is more imaginative and coherent in capturing the full essence of the implicit meaning. [RESULT] B"
he can channel and stabilize intense emotions like a dam controlling a river.,he is a calm sea in a storm.,A,"Feedback: Both metaphors aim to convey the idea of controlled and grounded emotions, but they differ in their approach and effectiveness. Response A uses the imagery of a dam controlling a river, which vividly represents the active management and stabilization of intense emotions, aligning closely with the implicit meaning. The metaphor is coherent and imaginative, clearly illustrating the concept of emotional control. Response B, on the other hand, compares the individual to a calm sea in a storm, which conveys tranquility amidst chaos. While it suggests emotional stability, it lacks the active element of controlling emotions, making it less precise in capturing the implicit meaning. Response A is more vivid and directly aligned with the intended concept, whereas Response B is somewhat generic and less imaginative in comparison. [RESULT] A"
like clockwork bees in a hive,a well-oiled machine of productivity.,A,"Feedback: Both metaphors aim to convey the idea of a highly organized and efficient system, but they differ in their approach to capturing the implicit meaning of a team's dynamic and alive activity. Response A, ""like clockwork bees in a hive,"" uses a natural, organic analogy that emphasizes the collective, bustling nature of the team, aligning well with the implicit meaning. The imagery of bees in a hive is vivid and evokes a sense of constant, purposeful movement. Response B, ""a well-oiled machine of productivity,"" focuses on mechanical efficiency and precision, which, while coherent and clear, leans more towards a static, engineered system rather than the organic, dynamic activity implied. Although both metaphors are imaginative and coherent, Response A more closely captures the ""alive with activity"" aspect of the implicit meaning due to its organic and natural imagery. [RESULT] A"
"their love was a wildfire, consuming all other aspects of their lives.",their love was a storm that engulfed all else.,A,"Feedback: Both metaphors effectively convey the overwhelming and intense nature of love overshadowing everything else, aligning closely with the implicit meaning. Response A uses ""wildfire"" to emphasize the consuming and uncontrollable aspect of love, creating vivid imagery of rapid, destructive spread. Response B employs ""storm"" to highlight the engulfing and all-encompassing force, offering a dynamic and powerful image. While both are imaginative and coherent, Response A’s ""wildfire"" metaphor more precisely captures the idea of love consuming everything in its path, making it slightly more vivid and aligned with the intended concept. [RESULT] A"
"his resolve was a rock, progress was his constant companion.",his strong resolve was a shield against setbacks.,B,"Feedback: Both metaphors aim to convey the idea of unwavering persistence against challenges, but they differ in their approach and effectiveness. Response A compares resolve to a rock and pairs it with progress as a constant companion, which somewhat captures persistence but lacks a direct connection to overcoming challenges. The imagery is coherent but not highly vivid or imaginative. Response B, on the other hand, directly links strong resolve to a shield against setbacks, which more clearly and vividly aligns with the implicit meaning of unwavering persistence against challenges. The imagery in Response B is more focused and effective in conveying the intended concept. [RESULT] B"
tread carefully through unclear waters.,she navigated the fog of uncertainty with care.,B,"Feedback: Both metaphors effectively convey the implicit meaning of dealing with uncertainty or risk. Response A, ""tread carefully through unclear waters,"" uses the imagery of navigating murky waters, which aligns well with the idea of uncertainty and the need for caution. However, the phrase ""unclear waters"" is somewhat generic and lacks the vividness that could make it more impactful. Response B, ""she navigated the fog of uncertainty with care,"" introduces a more specific and imaginative image—fog—which enhances the sense of ambiguity and the careful approach needed. The use of ""fog"" is more original and creates a clearer, more coherent picture of the situation. While both responses are strong, Response B excels in vividness and originality, making it a more imaginative and accurate representation of the implicit meaning. [RESULT] B"
alcohol is a balance-breaker.,"tags. remember, it must be 10 words or fewer, and should consist only of the metaphor itself.

<metaphor>
[your metaphor here, 10 words maximum]",A,"Feedback: Response A (""alcohol is a balance-breaker"") directly aligns with the implicit meaning by emphasizing alcohol's destructive effect on coordination and stability, using clear and coherent imagery. Response B is incomplete and fails to provide a metaphor, making it impossible to evaluate its alignment with the implicit meaning or its vividness. Response A effectively conveys the intended concept with simplicity and accuracy, while Response B lacks any meaningful content. [RESULT] A"
each team member is a color in a rainbow.,each member is a note in a symphony of collaboration.,B,"Feedback: Both metaphors aim to convey the idea of harmony and collaboration, but they differ in their approach and effectiveness. Response A, ""each team member is a color in a rainbow,"" captures the diversity of team members but falls short in emphasizing the collaborative aspect, as a rainbow’s colors exist independently without active interaction. The imagery is vivid but less aligned with the implicit meaning of perfect collaboration. Response B, ""each member is a note in a symphony of collaboration,"" directly evokes the concept of harmony through the metaphor of musical notes working together to create a cohesive piece. It is more coherent and imaginative in conveying the intended meaning, as it highlights both individual contribution and collective synergy. [RESULT] B"
they faced a communication barrier.,two ships passing in the night.,B,"Feedback: Response A directly states the concept of a ""communication barrier,"" which aligns with the implicit meaning but lacks imaginative or vivid imagery, making it more of a literal description than a metaphor. Response B, ""two ships passing in the night,"" uses a well-known metaphor that vividly conveys the idea of two entities failing to connect despite being in proximity, closely aligning with the implicit meaning and offering a coherent and imaginative representation. While both responses capture the core idea, Response B excels in creativity and clarity. [RESULT] B"
experience is the bridge to understanding.,time is a sculptor of wisdom.,B,"Feedback: Both metaphors aim to capture the idea that patience leads to knowledge and understanding, but they do so with varying degrees of alignment and imagery. Response A, ""experience is the bridge to understanding,"" directly links experience (implying time and patience) to understanding, creating a clear and coherent image of a journey toward knowledge. However, it lacks the depth and vividness of Response B, ""time is a sculptor of wisdom,"" which not only conveys the passage of time as a patient process but also adds a layer of artistry and transformation, making the metaphor more imaginative and engaging. While both responses align with the implicit meaning, Response B excels in vividness and originality, better capturing the essence of patience shaping wisdom over time. [RESULT] B"
,a relationship is a dance of two partners moving in harmony.,B,"Feedback: Response B effectively captures the implicit meaning of unity and connection by using the metaphor of a dance, where two partners move in harmony, symbolizing synchronization and mutual understanding. The imagery is vivid and coherent, clearly conveying the intended concept of a balanced and cooperative relationship. Response A, being ""nan,"" does not provide any meaningful content or imagery, failing to address the implicit meaning or the criteria for evaluation. Therefore, Response B is the only viable option and aligns well with the reference meaning, earning a score of 4 due to its clear and imaginative representation, though it could be slightly more original. [RESULT] B"
external circumstances are a river in motion.,the world is moving forward with unstoppable momentum.,A,"Feedback: Both metaphors aim to convey the idea of rapid and unstoppable progression, but they differ in their approach and effectiveness. Response A, ""external circumstances are a river in motion,"" uses the imagery of a flowing river to represent change, which is vivid and aligns well with the implicit meaning. The river metaphor inherently suggests continuous movement and unpredictability, capturing the essence of unstoppable progression. Response B, ""the world is moving forward with unstoppable momentum,"" directly states the concept but lacks the imaginative depth and vividness of Response A. While it clearly conveys the idea, it does so in a more literal and less engaging manner. Response A’s imagery is more coherent and imaginative, making it a clearer and more accurate representation of the original idea. [RESULT] A"
shared laughter is a precious pearl.,laughter is the glue that binds friendships together gently.,B,"Feedback: Response A, ""shared laughter is a precious pearl,"" captures the value and rarity of joyful moments in friendship but lacks the dynamic and binding nature of the implicit meaning. It conveys the idea that laughter is valuable but does not emphasize its role in creating explosive moments of joy or strengthening bonds. Response B, ""laughter is the glue that binds friendships together gently,"" more effectively aligns with the implicit meaning by highlighting laughter's role in connecting friends and fostering happiness, though it lacks the ""explosive"" aspect. Response B is more coherent and closer to the intended concept, while Response A is more imaginative but less accurate. [RESULT] B"
"love is the foundation, passed down through experience.",their love is a solid rock built from shared life experiences.,B,"Feedback: Both metaphors attempt to convey the idea of love being passed down and shared, but they differ in their imagery and alignment with the implicit meaning. Response A uses ""foundation"" and ""experience"" to suggest a base that is inherited, which aligns with the concept of passing down but lacks the vividness and specificity of a family heirloom. Response B, on the other hand, employs ""solid rock"" and ""shared life experiences,"" creating a more tangible and enduring image that closely mirrors the idea of a precious, shared heirloom. While both responses capture the core idea, Response B is more vivid and coherent in its imagery, effectively conveying the intended concept with greater clarity and imagination. [RESULT] B"
she systematized her life like a conductor.,a well-organized desk with a prioritized to-do list.,A,"Feedback: Response A uses a metaphor of a conductor to convey the idea of systematizing life, which aligns well with the implicit meaning of organizing responsibilities meticulously. The imagery is vivid and coherent, as a conductor orchestrates multiple elements in harmony, mirroring the meticulous organization of responsibilities. Response B, however, describes a well-organized desk with a prioritized to-do list, which directly represents organization but lacks the imaginative depth and metaphorical richness of Response A. While both responses capture the implicit meaning, Response A does so with more creativity and a clearer, more imaginative representation. Response B is more literal and less metaphorically engaging. [RESULT] A"
cornucopia of creativity,a smorgasbord of ideas to choose from.,B,"Feedback: Both metaphors effectively convey the implicit meaning of an abundant variety of ideas and knowledge available for consumption. However, they differ in their imagery and specificity. Response A, ""cornucopia of creativity,"" uses a symbol of abundance (cornucopia) paired with ""creativity,"" which aligns well with the concept of ideas and knowledge. The imagery is vivid and directly tied to the idea of plenty. Response B, ""a smorgasbord of ideas to choose from,"" employs the metaphor of a smorgasbord, which also signifies abundance and variety, but adds the element of choice, enhancing the imagery by suggesting accessibility and selection. While both are strong, Response B’s inclusion of ""to choose from"" adds a layer of interaction and engagement that slightly elevates its vividness and coherence with the implicit meaning. [RESULT] B"
"like a frog slowly boiling in water, the company gradually integrated and adapted to the new business purchase.",the company became a well-fitting puzzle piece in the business.,B,"Feedback: Both metaphors aim to convey the idea of a company integrating into a new business purchase, but they differ significantly in their approach and effectiveness. Response A uses the metaphor of a ""frog slowly boiling in water,"" which is vivid and imaginative, capturing the gradual and almost imperceptible nature of the integration process. However, the imagery of a frog boiling might carry negative connotations (e.g., danger or harm), which could misalign with the neutral or positive tone of the implicit meaning. Response B, on the other hand, likens the company to a ""well-fitting puzzle piece,"" which is coherent and directly aligns with the idea of seamless integration. While less imaginative than Response A, it avoids any potential negative undertones and clearly conveys the intended concept. Response A scores a 4 for its vividness and originality but loses points for potential tonal misalignment, while Response B scores a 5 for its clarity, coherence, and precise alignment with the implicit meaning. [RESULT] B"
love is a rollercoaster.,she ran herself into a better situation.,A,"Feedback: Response A, ""love is a rollercoaster,"" effectively captures the implicit meaning of love being unpredictable and full of surprises, as rollercoasters are inherently associated with sudden twists, turns, and emotional highs and lows. The imagery is vivid and coherent, aligning closely with the intended concept. In contrast, Response B, ""she ran herself into a better situation,"" does not directly convey the unpredictability and surprises of love; instead, it suggests a deliberate action leading to improvement, which diverges from the implicit meaning. While both responses use familiar imagery, Response A is more imaginative and accurate in representing the original idea. [RESULT] A"
"at the fork in the road, branches of opportunity spread out.",every decision is a crossroads to new possibilities.,B,"Feedback: Both metaphors effectively convey the implicit meaning that life choices lead to different opportunities and possibilities. Response A uses the imagery of a ""fork in the road"" with ""branches of opportunity,"" which is a vivid and coherent representation of the concept, though it leans on a common metaphorical framework. Response B, with ""every decision is a crossroads to new possibilities,"" also aligns closely with the implicit meaning and introduces a slightly more dynamic and universal imagery by emphasizing the frequency and impact of decisions. While both are strong, Response B edges out with its more imaginative and versatile depiction of the idea, making it a clearer and more accurate representation. [RESULT] B"
a past chapter in our lives.,our struggles are the shadows of our past.,B,"Feedback: Response A (""a past chapter in our lives"") aligns loosely with the implicit meaning of dealing with difficult memories and experiences, but it uses generic imagery and lacks vividness or depth. It conveys the idea of moving on from the past but does not explicitly capture the struggle or difficulty associated with it. Response B (""our struggles are the shadows of our past"") is more imaginative and vivid, effectively linking struggles to the lingering presence of past experiences, which aligns closely with the implicit meaning. It also creates a coherent and evocative image of the past's enduring impact. While both responses touch on the past, Response B better captures the intended concept with clearer and more imaginative imagery. [RESULT] B"
she is a rock in the storm.,she was a lioness in the jungle.,A,"Feedback: Both metaphors aim to convey emotional stability and resilience, but they differ in their imagery and alignment with the implicit meaning. Response A, ""she is a rock in the storm,"" effectively captures the idea of unyielding strength and stability amidst chaos, aligning closely with the intended concept. The imagery of a rock is vivid and universally recognized as a symbol of steadfastness. Response B, ""she was a lioness in the jungle,"" while imaginative, focuses more on strength and dominance rather than emotional stability. The lioness metaphor emphasizes power and control, which is less directly related to the implicit meaning of resilience in difficult times. Although both metaphors are coherent, Response A is more precise and vivid in conveying the intended emotional stability. [RESULT] A"
"driven by ambition, seized every opportunity.",a hungry man devours every chance that comes his way.,B,"Feedback: Both responses aim to convey the implicit meaning of eagerly seizing opportunities with intense hunger for success. Response A uses the phrase ""driven by ambition, seized every opportunity,"" which aligns with the idea of pursuing chances but lacks the vivid imagery of hunger and consumption present in the implicit meaning. It is more literal and less imaginative. Response B, ""a hungry man devours every chance that comes his way,"" directly incorporates the imagery of hunger and consumption, making it more vivid and closely aligned with the implicit meaning. It effectively conveys the intensity and eagerness in a more imaginative and coherent manner. [RESULT] B"
she balances her emotional state on a daily rhythm.,she is a calm sea in a storm.,B,"Feedback: Response A suggests a daily routine and emotional balance, which somewhat aligns with the idea of being grounded, but it lacks vivid imagery and doesn’t fully capture the practical, real-world thinking aspect. Response B, however, uses the vivid imagery of a calm sea in a storm, effectively conveying resilience and stability amidst chaos, which closely aligns with the implicit meaning of being practical and grounded. While both responses touch on stability, Response B is more imaginative and coherent in representing the intended concept. [RESULT] B"
"the person's movements became more and more disjointed, like a broken clock.",a wild animal in a cage.,B,"Feedback: Response A captures the idea of loss of control through the imagery of a ""broken clock,"" which conveys disjointedness and malfunction, aligning moderately with the implicit meaning of alcohol destroying self-control. However, it lacks the vividness and emotional depth needed to fully represent the loss of dignity. Response B, ""a wild animal in a cage,"" more vividly portrays the struggle against constraints and the loss of freedom, indirectly reflecting the destruction of self-control and dignity. While neither metaphor perfectly aligns with the implicit meaning, Response B offers more imaginative and emotionally resonant imagery. [RESULT] B"
the evidence and information fit together like a glove and pointed to the same conclusion.,a puzzle piece fit perfectly into place.,B,"Feedback: Both metaphors aim to convey the idea of evidence aligning perfectly, but they differ in their imagery and coherence. Response A uses the metaphor of a glove fitting perfectly, which effectively conveys the idea of a snug, precise fit, aligning well with the implicit meaning of evidence fitting together in an orderly manner. However, the imagery is somewhat common and lacks the vividness that could make it more imaginative. Response B, on the other hand, uses the metaphor of a puzzle piece fitting perfectly into place, which is highly vivid and coherent. It not only captures the idea of alignment but also adds a sense of completion and precision, making it a more imaginative and accurate representation of the implicit meaning. While both responses are effective, Response B stands out for its clarity, vividness, and closer alignment with the intended concept. [RESULT] B"
humorous remarks are a ray of hope.,her jokes were the sunshine of their lives.,B,"Feedback: Neither Response A nor Response B effectively captures the implicit meaning of ""Hurtful words cause lasting emotional damage."" Both metaphors focus on the positive impact of humor or jokes, which contradicts the intended concept of harm. Response A (""humorous remarks are a ray of hope"") and Response B (""her jokes were the sunshine of their lives"") both use positive, uplifting imagery (ray of hope, sunshine) that does not align with the negative, damaging nature of the implicit meaning. While Response B’s imagery is slightly more vivid and coherent in its positive portrayal, neither metaphor addresses the intended concept. Response A is more generic, while Response B is more imaginative in its positive depiction, but both fail to convey the intended meaning. [RESULT] B"
she was caught in a storm of emotions.,she was a stormy sea of emotions.,B,"Feedback: Both metaphors aim to convey the overwhelming rush of emotions, but they differ in their approach and effectiveness. Response A (""she was caught in a storm of emotions"") uses an external force (the storm) to describe the emotional state, which aligns well with the implicit meaning of an overwhelming and intense experience. However, it lacks the vividness and coherence of Response B (""she was a stormy sea of emotions""), which directly personifies the individual as the stormy sea, creating a more immersive and imaginative representation of the emotional turmoil. Response B more closely aligns with the implicit meaning by emphasizing the internal, all-encompassing nature of the emotions, making it a clearer and more accurate metaphor. [RESULT] B"
objects serve as evidence of ownership.,her belongings were her passport to a secure future.,B,"Feedback: Response A directly states that objects serve as evidence of ownership, which fails to capture the implicit meaning of material belongings weighing people down and keeping them fixed in place. It lacks imaginative and vivid imagery, merely stating a functional relationship without conveying the intended concept. Response B, on the other hand, uses the metaphor of belongings being a ""passport to a secure future,"" which introduces a sense of mobility and security but does not align with the implicit meaning of being weighed down or fixed in place. However, it is more imaginative and coherent than Response A. Both responses fall short of fully capturing the implicit meaning, but Response B is slightly more creative and closer to the intended concept. [RESULT] B"
