predicted_metaphor_A,predicted_metaphor_B,command-a-03-2025_score,command-a-03-2025_generation
Her sobriety crumbled under the heavy load of cocktails.,her mind was a cocktail of confusion.,A,"Feedback: Both metaphors attempt to convey the loss of self-control due to excessive drinking, but they differ in their approach and effectiveness. Response A uses the imagery of sobriety crumbling under the weight of cocktails, which directly links the act of drinking to the loss of control, aligning closely with the implicit meaning. The metaphor is vivid and coherent, effectively portraying the gradual breakdown of self-control. Response B, on the other hand, describes the mind as a cocktail of confusion, which is less direct in conveying the loss of control due to drinking. While it captures a state of confusion, it does not explicitly tie this confusion to the act of drinking or the loss of self-control. Response A is more imaginative and aligns more closely with the implicit meaning, earning a score of 4, while Response B earns a score of 3. [RESULT] A"
"Like a path's gradient, the scale rises steadily upward.",she climbed a mountain.,A,"Feedback: Both metaphors aim to convey the idea of gradual, consistent increase or progress. Response A uses the imagery of a ""path's gradient"" rising steadily upward, which effectively captures the incremental nature of progress, aligning closely with the implicit meaning. The metaphor is coherent and provides a clear visual representation of steady advancement. Response B, ""she climbed a mountain,"" also suggests progress but implies a more challenging and potentially abrupt journey, which is less aligned with the idea of a gradual, consistent increase. While both metaphors are imaginative, Response A is more precise in conveying the intended concept due to its focus on steady, incremental change. [RESULT] A"
Ovals are cradles of curved harmony.,life is a symphony of curved lines and oval shapes.,B,"Feedback: Both responses attempt to capture the essence of ovals as symbols of balance and flow, but they differ in their approach and effectiveness. Response A, ""Ovals are cradles of curved harmony,"" directly associates ovals with harmony and uses the vivid imagery of a cradle, which conveys protection and gentle support, aligning well with the implicit meaning of balance and gentle flow. However, it focuses more on the static aspect of ovals rather than their dynamic nature. Response B, ""Life is a symphony of curved lines and oval shapes,"" introduces a broader concept by comparing life to a symphony, which inherently implies movement, balance, and harmony. This metaphor is more dynamic and imaginative, capturing both the balance and the flow aspects of ovals more comprehensively. While Response A is more direct and specific to ovals, Response B is more imaginative and effectively conveys the intended concept in a broader, more vivid context. [RESULT] B"
His heart was spun from the finest glass.,"he was a delicate flower, easily bruised by life.",A,"Feedback: Both metaphors aim to convey fragility and delicacy, but they differ in their approach and effectiveness. Response A, ""His heart was spun from the finest glass,"" uses a material known for its fragility and transparency, creating a vivid image that directly aligns with the implicit meaning. The imagery is coherent and imaginative, emphasizing vulnerability and delicacy. Response B, ""he was a delicate flower, easily bruised by life,"" also conveys fragility but relies on a more common metaphor of a flower, which, while clear, lacks the originality and depth of Response A. Both metaphors capture the intended concept, but Response A does so with more vivid and unique imagery, closely aligning with the implicit meaning. [RESULT] A"
The light poured through the window like a gentle stream.,knowledge unfolded slowly.,A,"Feedback: Response A uses a vivid and coherent metaphor of light ""pouring like a gentle stream,"" which closely aligns with the implicit meaning of light flowing smoothly and gracefully into a space. The imagery is clear and imaginative, effectively conveying the intended concept. In contrast, Response B, ""knowledge unfolded slowly,"" does not capture the implicit meaning related to light or its graceful flow, and the imagery is unrelated and generic. Response A clearly outperforms Response B in aligning with the implicit meaning, vividness, and coherence. [RESULT] A"
Their vision has reached its home.,they built it and it worked.,A,"Feedback: Both responses aim to convey the achievement of a goal or dream, but they differ in their approach and effectiveness. Response A, ""Their vision has reached its home,"" uses a metaphor that suggests a sense of fulfillment and completion, aligning well with the implicit meaning. The imagery of a vision finding its home is vivid and coherent, though it may be somewhat abstract and less direct. Response B, ""they built it and it worked,"" is more literal and straightforward, focusing on the process of building and the success of the outcome. While it captures the idea of achievement, it lacks the imaginative and metaphorical depth of Response A. Response A better aligns with the implicit meaning by using a more vivid and imaginative metaphor, whereas Response B is more direct but less creative. [RESULT] A"
Each idea is a seed that needs fertile soil to grow.,a seed that needs the right conditions to grow into a fruitful idea.,A,"Feedback: Both responses effectively convey the implicit meaning that ideas require nurturing and the right environment to develop, but they differ in their focus and imagery. Response A emphasizes the idea as a seed and the need for fertile soil, directly aligning with the concept of nurturing and environment. It is vivid and coherent, clearly portraying the idea's growth process. Response B, while also using the seed metaphor, shifts the focus to the seed itself needing the right conditions, which slightly dilutes the emphasis on the environment and nurturing aspect. The imagery in Response B is less vivid and more generic compared to Response A. Therefore, Response A better captures the implicit meaning with more clarity and imaginative representation. [RESULT] A"
Their arms encircle vast resources.,a ship with a full cargo hold.,B,"Feedback: Both metaphors aim to convey the idea of controlling or possessing large amounts of wealth or resources, but they differ in their approach and effectiveness. Response A, ""Their arms encircle vast resources,"" directly uses the imagery of arms to symbolize control and possession, which aligns well with the implicit meaning. However, the metaphor is somewhat literal and lacks the vividness and imaginative quality that could make it more impactful. Response B, ""a ship with a full cargo hold,"" uses a more abstract and imaginative image, comparing wealth or resources to a ship's cargo. This metaphor is more vivid and coherent, as it evokes a clear picture of abundance and capacity, closely aligning with the intended concept. While both responses capture the implicit meaning, Response B does so with greater creativity and clarity. [RESULT] B"
The new theory is a direct descendant of classical mechanics.,the new theory is the next stage of classical mechanics.,B,"Feedback: Both responses aim to convey the implicit meaning that the new theory evolved from and is closely related to classical mechanics. Response A uses the metaphor of a ""direct descendant,"" which implies a clear lineage and close relationship, aligning well with the implicit meaning. However, the imagery is somewhat static and lacks vividness, earning it a score of 4. Response B, on the other hand, uses the metaphor of the ""next stage,"" which conveys evolution and progression, closely aligning with the implicit meaning. This metaphor is more dynamic and vivid, effectively capturing the idea of development from classical mechanics, earning it a score of 5. While both responses are coherent and relevant, Response B is more imaginative and accurately represents the intended concept. [RESULT] B"
Time is a precious mineral being mined away.,time slips away like grains of sand.,A,"Feedback: Both metaphors effectively convey the implicit meaning that time is valuable and finite, gradually depleting. Response A, ""Time is a precious mineral being mined away,"" uses a more unique and vivid image of mining a precious resource, emphasizing the active depletion and the irreplaceable nature of time. Response B, ""time slips away like grains of sand,"" employs a more common but still clear imagery of sand slipping through fingers, which is widely understood but less original. While both are coherent and align with the implicit meaning, Response A stands out for its originality and stronger visual impact, making it a more imaginative representation. [RESULT] A"
The supervisor shifted responsibility to the team leads.,she handed over the reins to her trusted lieutenants.,B,"Feedback: Both responses convey the transfer of responsibility, but Response B uses more vivid and imaginative imagery by comparing the act to ""handing over the reins to trusted lieutenants,"" which evokes a clear picture of leadership delegation and trust. Response A, while accurate, is more literal and lacks the creative flair of Response B. The metaphor in Response B aligns closely with the implicit meaning, enhancing the concept with a coherent and engaging image. [RESULT] B"
We're just gathering supplies for the long expedition ahead.,she's building a foundation for a long-term journey.,A,"Feedback: Both responses capture the implicit meaning of preparing for a challenging future endeavor, but they differ in their imagery and coherence. Response A uses the metaphor of ""gathering supplies for the long expedition ahead,"" which effectively conveys preparation and the idea of a lengthy, challenging journey. The imagery is vivid and aligns well with the implicit meaning, though it is somewhat generic. Response B, on the other hand, uses the metaphor of ""building a foundation for a long-term journey,"" which emphasizes a more structured and foundational aspect of preparation. This imagery is also coherent and aligns closely with the implicit meaning, but it is slightly more abstract and less vivid compared to the expedition metaphor. Response A’s imagery is more immediate and engaging, making it a clearer and more imaginative representation of the original idea. [RESULT] A"
They guided the economy toward recovery.,they were the spark that ignited economic growth.,A,"Feedback: Both responses attempt to convey the idea of influencing the economy, but they differ in their approach to the implicit meaning of treating the economy as a physical entity. Response A uses the metaphor of ""guiding the economy toward recovery,"" which aligns with the idea of steering or directing a physical entity, but it lacks vivid imagery and originality. Response B, on the other hand, employs the metaphor of ""being the spark that ignited economic growth,"" which introduces a more dynamic and vivid image, but it shifts the focus from steering to igniting, partially deviating from the implicit meaning of direct control. Response A more closely adheres to the implicit meaning, while Response B offers more imaginative and engaging imagery, albeit with a slight misalignment. [RESULT] A"
The load of inebriation dragged him down with each step.,he was a stumbling drunkard on his feet.,A,"Feedback: Both metaphors aim to convey the difficulty and burden of movement when drunk, but they differ in their approach and effectiveness. Response A uses the imagery of a ""load of inebriation"" dragging the person down, which vividly captures the sense of burden and struggle, aligning closely with the implicit meaning. The metaphor is imaginative and coherent, effectively conveying the intended concept. Response B, while also addressing the difficulty of movement, uses a more straightforward and less imaginative description of a ""stumbling drunkard,"" which, although accurate, lacks the depth and vividness of Response A. Response A's imagery is more original and aligns more closely with the implicit meaning, making it the clearer and more imaginative representation. [RESULT] A"
Her time portfolio was diversified across multiple activities.,she juggled her life.,A,"Feedback: Response A uses the concept of a ""diversified portfolio"" which directly aligns with the implicit meaning of treating time management like a financial investment strategy, as diversification is a key principle in investment. The imagery is coherent and effectively conveys the idea of balancing multiple activities to optimize time, mirroring the strategic approach of financial diversification. Response B, while capturing the idea of managing multiple aspects of life, uses the metaphor of ""juggling,"" which is more generic and does not specifically evoke the strategic, investment-like approach implied in the implicit meaning. The imagery in Response B is vivid but less precise in aligning with the financial investment analogy. Therefore, Response A is more accurate and imaginative in representing the original idea. [RESULT] A"
Her fury radiated like a desert sun.,her anger was a thunderstorm in the room.,B,"Feedback: Both metaphors aim to capture the intensity of anger, but they differ in their approach to conveying the implicit meaning of ""intense anger spreading outward with scorching intensity."" Response A, ""Her fury radiated like a desert sun,"" effectively captures the radiating and scorching aspects of anger through the imagery of a desert sun, which aligns well with the implicit meaning. However, it lacks the dynamic and outward-spreading element of anger. Response B, ""her anger was a thunderstorm in the room,"" vividly portrays anger as a powerful, disruptive force that fills the space, aligning more closely with the outward-spreading aspect. While it doesn’t explicitly convey the ""scorching"" intensity, the imagery of a thunderstorm is more dynamic and immersive. Response A is more precise in tone but less vivid in action, whereas Response B is more imaginative and captures the spreading nature better. [RESULT] B"
The bridge across troubled waters led to their transformation.,a roadmap through life's challenges.,A,"Feedback: Both metaphors aim to convey the idea of overcoming difficulties leading to positive change, but they differ in their imagery and coherence. Response A uses the vivid image of a ""bridge across troubled waters,"" which effectively symbolizes the journey through challenges and the eventual transformation. This metaphor aligns closely with the implicit meaning, offering a clear and imaginative representation. Response B, on the other hand, uses ""a roadmap through life's challenges,"" which is more generic and less vivid. While it captures the concept of navigating difficulties, it lacks the transformative imagery present in Response A. Response A is more coherent and imaginative in conveying the intended concept. [RESULT] A"
The checkout counter of commitment awaits our final choices.,navigated through the maze of choices.,A,"Feedback: Response A more closely aligns with the implicit meaning by directly comparing the act of making final decisions in relationships to the process of checking out at a store, which involves finalizing purchases. The imagery of a ""checkout counter of commitment"" is vivid and coherent, effectively conveying the idea of a decisive, transactional moment. In contrast, Response B, ""navigated through the maze of choices,"" while imaginative, focuses more on the journey of decision-making rather than the final, transactional aspect emphasized in the implicit meaning. It lacks the specific imagery of a store or purchase, making it less aligned with the intended concept. [RESULT] A"
Their support was a balm that soothed her anxiety.,a calm sea after a storm was her calm mind.,A,"Feedback: Both metaphors aim to convey emotional comfort and healing, but they differ in their approach and effectiveness. Response A uses the imagery of a ""balm"" to soothe anxiety, which directly aligns with the implicit meaning of emotional healing and comfort. The metaphor is vivid and coherent, clearly depicting the relief provided by support. Response B, on the other hand, compares a calm mind to a ""calm sea after a storm,"" which is imaginative and captures the idea of tranquility after turmoil. However, it is less direct in conveying the act of receiving support and its healing effect. While both metaphors are strong, Response A more closely aligns with the implicit meaning by explicitly linking support to emotional soothing, making it a clearer and more accurate representation. [RESULT] A"
Their research and development was an arms race for innovation.,they sprinted to the finish line of innovation.,A,"Feedback: Both metaphors aim to convey the implicit meaning of intense competition and rapid advancement, but they differ in their approach and effectiveness. Response A uses the imagery of an ""arms race,"" which strongly emphasizes competition and the high-stakes nature of the endeavor, aligning closely with the implicit meaning. The metaphor is vivid and coherent, capturing the urgency and strategic intensity of the situation. Response B, on the other hand, uses the imagery of a ""sprint to the finish line,"" which conveys rapid advancement but focuses more on speed and completion rather than the competitive aspect. While it is clear and coherent, it lacks the depth and intensity of the arms race metaphor in reflecting the competitive dimension. Response A better captures the dual aspects of intense competition and rapid advancement, making it a more accurate and imaginative representation of the implicit meaning. [RESULT] A"
Here is the anchor of being.,"life is a fleeting moment, a breath in time.",A,"Feedback: Response A, ""Here is the anchor of being,"" effectively captures the implicit meaning of stability and grounding in existence by using the metaphor of an anchor, which is commonly associated with steadiness and security. The imagery is clear and coherent, directly aligning with the concept of being firmly rooted. In contrast, Response B, ""life is a fleeting moment, a breath in time,"" emphasizes the transient nature of life, which diverges from the intended meaning of stability and grounding. While Response B is vivid and imaginative, it fails to convey the core idea of permanence and steadiness. Therefore, Response A is a clearer and more accurate representation of the implicit meaning. [RESULT] A"
The burden of beer weighed down his eyelids.,the alcohol was a heavy blanket on his brain.,B,"Feedback: Both metaphors effectively convey the implicit meaning of extreme drowsiness caused by alcohol consumption, but they differ in their imagery and coherence. Response A, ""The burden of beer weighed down his eyelids,"" directly links the heaviness to the eyelids, which is a vivid and specific image related to drowsiness. However, it focuses on the physical effect on the eyes rather than the broader mental state. Response B, ""the alcohol was a heavy blanket on his brain,"" uses a more imaginative and coherent metaphor by comparing alcohol to a heavy blanket, which envelops the brain, clearly capturing the mental fog and drowsiness. The imagery in Response B is more comprehensive and aligns closely with the intended concept. [RESULT] B"
Our possessions are the keys to property doors.,personal belongings are treasure chests for growth.,B,"Feedback: Both metaphors attempt to link material possessions with access to opportunities, but they differ in their approach and effectiveness. Response A uses the imagery of ""keys to property doors,"" which directly suggests access but lacks depth in conveying the broader concept of social status and growth. It is straightforward but somewhat literal and less imaginative. Response B, on the other hand, employs ""treasure chests for growth,"" which is more vivid and imaginative, capturing the idea that personal belongings foster development and opportunities. While both metaphors align with the implicit meaning, Response B does so more creatively and coherently, making it a clearer and more accurate representation. [RESULT] B"
She ran herself into a better situation.,she sculpted her life into a masterpiece.,B,"Feedback: Both metaphors attempt to convey the idea of progress through effort, but they differ in their approach and effectiveness. Response A, ""She ran herself into a better situation,"" uses the imagery of running to suggest effort and movement towards improvement. However, it lacks the depth and vividness needed to fully capture the implicit meaning, as running into a situation doesn't explicitly highlight the determination and shaping of one's life. Response B, ""She sculpted her life into a masterpiece,"" employs the metaphor of sculpting, which vividly conveys the idea of deliberate, effortful shaping and transformation, aligning closely with the implicit meaning of progress through effort and determination. The imagery of sculpting is more coherent and imaginative, as it implies a process of careful creation and refinement. While both responses reflect the idea of improvement, Response B does so with greater clarity, vividness, and alignment with the intended concept. [RESULT] B"
Her missing pieces became poisoned arrows.,her life was a puzzle with missing pieces.,A,"Feedback: Response A (""Her missing pieces became poisoned arrows"") aligns more closely with the implicit meaning, as it directly conveys the idea that personal traumas or deficiencies have become harmful weapons. The imagery of ""poisoned arrows"" is vivid and imaginative, effectively capturing the destructive nature of these traumas. In contrast, Response B (""her life was a puzzle with missing pieces"") focuses on the incompleteness or deficiencies but fails to convey the harmful impact on others, which is central to the implicit meaning. While Response B uses coherent imagery, it lacks the depth and specificity needed to reflect the intended concept fully. [RESULT] A"
Their dominion rocketed skyward.,she was a rock on solid ground.,A,"Feedback: Response A (""Their dominion rocketed skyward"") aligns more closely with the implicit meaning of a rapid rise to power and success, as it vividly conveys the idea of a swift and dramatic ascent using the imagery of a rocket soaring upward. This metaphor is highly imaginative and coherent, effectively capturing the intended concept. In contrast, Response B (""she was a rock on solid ground"") focuses on stability and steadfastness rather than rapid rise, making it less relevant to the implicit meaning. While Response B uses clear imagery, it does not convey the dynamic and swift progression implied in the reference. Therefore, Response A is the clearer, more accurate, and more imaginative representation. [RESULT] A"
Her eyes embraced the entire scene.,she was a captain of her own ship.,A,"Feedback: Response A (""Her eyes embraced the entire scene"") aligns more closely with the implicit meaning of taking in everything visually with care and attention, as it vividly conveys the act of absorbing a scene with warmth and attentiveness, using the metaphor of an embrace to emphasize the depth of observation. Response B (""she was a captain of her own ship"") diverges significantly from the implicit meaning, focusing instead on autonomy and control, which does not relate to visual absorption or attention. While Response B is imaginative, it fails to capture the intended concept. Response A’s imagery is coherent and directly reflects the implicit meaning, making it the better choice. [RESULT] A"
Each crossroad is a gateway to new adventures.,life's crossroads are stepping stones to new adventures.,B,"Feedback: Both metaphors aim to convey the idea that life choices lead to opportunities, but they differ in their imagery and alignment with the implicit meaning. Response A uses ""gateway"" to suggest a passage to new adventures, which is vivid and aligns well with the concept of opportunities. However, it lacks the dynamic progression implied in the implicit meaning. Response B employs ""stepping stones,"" which not only conveys the idea of progression but also emphasizes the incremental nature of moving toward new adventures, making it more coherent and closely aligned with the implicit meaning. While both are imaginative, Response B's imagery is more vivid and accurately captures the intended concept. [RESULT] B"
The street lamps' glow pooled beneath each post.,the street lamps painted the ground with circles of light.,B,"Feedback: Both metaphors aim to capture the implicit meaning of light spreading and collecting like liquid on the ground. Response A uses the phrase ""pooled beneath each post,"" which effectively conveys the idea of light accumulating like a liquid, aligning closely with the implicit meaning. However, the imagery is somewhat static and lacks the dynamic sense of spreading. Response B, on the other hand, uses ""painted the ground with circles of light,"" which vividly and coherently portrays the light spreading in a more active and imaginative way, enhancing the liquid-like quality through the action of painting. While both responses align with the implicit meaning, Response B excels in vividness and coherence, making it a clearer and more imaginative representation. [RESULT] B"
Good habits are deposits in the bank of success.,building a house.,A,"Feedback: Response A, ""Good habits are deposits in the bank of success,"" aligns closely with the implicit meaning by emphasizing the accumulation of good habits over time, much like deposits building up in a bank account. The imagery is vivid and coherent, effectively conveying the concept of gradual progress toward success. In contrast, Response B, ""building a house,"" while suggesting a process of construction, lacks the specific idea of accumulation over time and is less directly tied to the implicit meaning. It is a more generic metaphor that doesn't capture the essence of gradual habit-building as clearly. Therefore, Response A is the better metaphor. [RESULT] A"
Their laughter catalyzed a chain reaction of joy.,her laughter was a contagious spark of joy.,B,"Feedback: Both metaphors aim to capture the rapid spread of happiness, but they differ in their approach and effectiveness. Response A uses the phrase ""chain reaction,"" which aligns well with the idea of happiness spreading sequentially, but it lacks the vividness and immediacy of contagion. Response B, on the other hand, employs ""contagious spark,"" which more directly and vividly conveys the rapid, infectious nature of joy spreading from person to person. While both metaphors are coherent and relevant, Response B’s imagery is more imaginative and closely aligned with the implicit meaning of happiness spreading rapidly. [RESULT] B"
Being paints itself on the canvas of space.,she is a building in the world of existence.,A,"Feedback: Both metaphors attempt to capture the essence of existence manifesting in the universe, but they differ significantly in their approach and effectiveness. Response A, ""Being paints itself on the canvas of space,"" uses the imagery of painting on a canvas to suggest a creative, dynamic process of existence unfolding in the universe. This metaphor is vivid and aligns well with the implicit meaning, as it conveys the idea of existence actively manifesting in a vast, open space. The imagery is coherent and imaginative, earning a score of 4. Response B, ""she is a building in the world of existence,"" compares existence to a static, constructed entity, which is less dynamic and more confined. While it loosely reflects the idea of existence within the universe, the imagery of a building is less vivid and original, and it doesn't capture the active, unfolding nature of existence as effectively. This metaphor earns a score of 3. [RESULT] A"
"She's like a battery in power-saving mode, conserving her energy for important moments.",she is a miser with her energy.,A,"Feedback: Both metaphors aim to convey the idea of carefully managing limited energy resources, but they differ in their approach and effectiveness. Response A uses the imagery of a ""battery in power-saving mode,"" which is vivid and aligns closely with the implicit meaning by emphasizing conservation for important moments. This metaphor is imaginative and coherent, clearly illustrating the concept of strategic energy management. Response B, on the other hand, describes the person as ""a miser with her energy,"" which is less vivid and more literal. While it captures the idea of frugality, it lacks the nuanced imagery and specificity of Response A, making it a less imaginative and less accurate representation of the intended concept. [RESULT] A"
The design journeyed into existence.,she was a puzzle slowly falling into place.,B,"Feedback: Both metaphors attempt to convey the idea of gradual transformation, but they differ in their approach and effectiveness. Response A, ""The design journeyed into existence,"" captures the concept of movement and progression, aligning with the implicit meaning of creation as a journey. However, it lacks vivid imagery and feels somewhat abstract, making it less engaging. Response B, ""she was a puzzle slowly falling into place,"" offers a more concrete and imaginative analogy, clearly depicting the gradual process of transformation through the metaphor of puzzle pieces coming together. While both responses reflect the implicit meaning, Response B does so with more clarity, coherence, and vividness. [RESULT] B"
Their shared qualities are traded like valuable commodities.,people exchange personalities like trading cards in a social game.,B,"Feedback: Both responses aim to convey the implicit meaning of personal traits being treated as precious items that can be exchanged. Response A uses the metaphor of ""shared qualities being traded like valuable commodities,"" which aligns well with the implicit meaning but lacks vivid imagery and originality, earning a score of 4. Response B, with the metaphor of ""people exchanging personalities like trading cards in a social game,"" is more imaginative and vivid, capturing the concept of exchange in a relatable and engaging way, thus aligning closely with the implicit meaning and earning a score of 5. The key difference lies in the specificity and relatability of the imagery, with Response B providing a clearer and more engaging representation. [RESULT] B"
She elevated her position of power.,she became the master of her own destiny.,B,"Feedback: Both responses aim to convey the implicit meaning of rising to a higher status or authority level, but they differ in their approach and effectiveness. Response A, ""She elevated her position of power,"" directly addresses the concept of ascending to a higher authority level, using the verb ""elevated"" to imply upward movement. However, it lacks imaginative or vivid imagery, relying on a straightforward and somewhat generic phrasing. Response B, ""she became the master of her own destiny,"" introduces a more creative and vivid image by invoking the idea of self-determination and control, which indirectly aligns with the implicit meaning. While it doesn’t explicitly mention ""rising"" or ""authority,"" it captures the essence of achieving a higher status through personal agency. Response B is more imaginative and coherent in its imagery, effectively conveying the intended concept with greater depth and originality. [RESULT] B"
The mind's operating system needs occasional rebooting through sleep.,the brain is a computer that needs to reboot.,A,"Feedback: Both responses capture the implicit meaning that the mind needs rest to function properly, akin to a computer needing a reboot. However, Response A is more imaginative and vivid by using the phrase ""mind's operating system"" and specifying ""occasional rebooting through sleep,"" which aligns closely with the implicit meaning and provides a clearer, more detailed imagery. Response B, while accurate, is less imaginative and uses more generic language, simply stating ""the brain is a computer that needs to reboot."" Response A effectively conveys the intended concept with richer and more coherent imagery. [RESULT] A"
Each researcher adds their pieces to the collective knowledge puzzle.,building blocks of knowledge stack to form a towering edifice.,A,"Feedback: Both metaphors attempt to convey the collaborative nature of scientific knowledge, but they differ in their imagery and alignment with the implicit meaning. Response A uses the metaphor of a ""collective knowledge puzzle,"" which directly aligns with the implicit meaning of assembling a puzzle and emphasizes the collaborative effort of researchers. The imagery is clear and vivid, effectively capturing the idea that each researcher contributes a unique piece to the whole. Response B, on the other hand, uses the metaphor of ""building blocks of knowledge"" forming a ""towering edifice,"" which conveys the idea of cumulative progress but lacks the specific imagery of collaboration found in the implicit meaning. While both metaphors are coherent, Response A more closely aligns with the implicit meaning and provides a more vivid and imaginative representation of the collaborative aspect of scientific knowledge. [RESULT] A"
Her hopes subsided into the depths of despair.,her hopes were broken beyond repair.,A,"Feedback: Both metaphors aim to convey the transition from optimism to deep sadness, but they differ in their approach and effectiveness. Response A uses the imagery of hopes ""subsiding into the depths of despair,"" which creates a vivid and coherent picture of a gradual decline, aligning closely with the implicit meaning. The metaphor effectively captures the idea of sinking into a state of hopelessness, making it highly imaginative and resonant. Response B, on the other hand, describes hopes as ""broken beyond repair,"" which conveys a sense of finality and irreparable damage. While it reflects the decline, it lacks the gradual, immersive quality of Response A and feels more abrupt and less aligned with the implicit meaning of a transition. Response A’s imagery is more vivid and coherent, better capturing the intended concept. [RESULT] A"
The temperature between them reached fever pitch.,their sexual attraction was a raging wildfire.,A,"Feedback: Both metaphors aim to convey extreme tension or conflict, but they differ in their approach and effectiveness. Response A uses ""fever pitch"" to describe the temperature between two people, which is a common phrase that conveys intensity but lacks originality and vividness. It aligns with the implicit meaning but does not deeply engage the imagination. Response B, on the other hand, employs ""raging wildfire"" to describe sexual attraction, which is highly vivid and imaginative. However, it introduces an element of sexual tension that is not present in the implicit meaning, creating a slight misalignment. While both responses capture the intensity, Response B's imagery is more striking but less accurate in context. Response A, though less imaginative, stays closer to the intended meaning of extreme tension or conflict without introducing extraneous elements. [RESULT] A"
The poison of his words seeped into her resolve.,her determination was a flame that burned brighter with each challenge.,A,"Feedback: Response A effectively captures the implicit meaning by using the metaphor of ""poison seeping into her resolve,"" which vividly conveys the gradual and destructive impact of harmful words. The imagery is coherent and aligns closely with the intended concept of determination being eroded. In contrast, Response B, while imaginative, focuses on determination growing stronger with challenges, which contradicts the implicit meaning of harmful words destroying resolve. Response B’s imagery of a flame burning brighter does not align with the destructive tone of the reference. Therefore, Response A is a clearer and more accurate representation. [RESULT] A"
The financial crisis created a tsunami of debt.,the economy was a sinking ship in a stormy sea.,A,"Feedback: Both metaphors effectively convey the overwhelming and destructive nature of financial problems, aligning well with the implicit meaning. Response A uses the imagery of a ""tsunami of debt,"" which is vivid and directly links the financial crisis to a powerful, uncontrollable force, capturing the suddenness and magnitude of the issue. Response B, with ""a sinking ship in a stormy sea,"" also conveys a sense of impending doom and struggle, but it emphasizes the ongoing struggle and vulnerability rather than the immediate impact. While both are strong, Response A’s imagery is more direct and aligns more closely with the overwhelming force aspect of the implicit meaning, making it slightly more effective. [RESULT] A"
Light cascaded down the crystal chandelier.,the chandelier's crystals danced with light's gentle caress.,A,"Feedback: Both responses attempt to capture the fluidity of light, but they differ in their approach and effectiveness. Response A uses the verb ""cascaded,"" which directly aligns with the implicit meaning of light flowing like water in a waterfall, creating a vivid and coherent image. Response B, while imaginative, uses ""danced"" and ""gentle caress,"" which evoke movement and softness but do not as clearly convey the cascading, waterfall-like flow of light. Response A’s imagery is more precise and directly tied to the implicit meaning, making it a clearer and more accurate representation. [RESULT] A"
Our deadlines are spinning like a top.,a jumbled puzzle of time and tasks.,B,"Feedback: Both metaphors attempt to convey the chaotic and out of control nature of deadlines, but they differ in their approach and effectiveness. Response A, ""Our deadlines are spinning like a top,"" uses a vivid image of a spinning top to suggest rapid, uncontrolled movement, which aligns well with the implicit meaning. However, the metaphor is somewhat literal and lacks depth in conveying the complexity of chaos. Response B, ""a jumbled puzzle of time and tasks,"" employs a more abstract and layered image, capturing the disorganized and overwhelming nature of deadlines more comprehensively. It effectively conveys the idea of multiple elements being out of place and difficult to manage, which closely aligns with the chaotic and out of control implicit meaning. While both responses are imaginative, Response B provides a richer and more nuanced representation of the concept. [RESULT] B"
She's the inherited heirloom I'll cherish forever.,"our relationship is a treasured, priceless work of art.",A,"Feedback: Both metaphors aim to convey the implicit meaning of a precious and irreplaceable person, but they differ in their approach and effectiveness. Response A, ""She's the inherited heirloom I'll cherish forever,"" directly emphasizes the personal and enduring value of the individual, aligning closely with the implicit meaning. The imagery of an heirloom evokes a sense of legacy and emotional attachment, making it vivid and coherent. Response B, ""our relationship is a treasured, priceless work of art,"" shifts the focus from the person to the relationship, which slightly dilutes the direct connection to the implicit meaning. While the metaphor of a work of art is imaginative and conveys value, it is less precise in capturing the essence of the individual as irreplaceable. Response A more directly and vividly captures the intended concept, making it the stronger choice. [RESULT] A"
The composer offered melodies to the silence.,he wrote the symphony of silence.,B,"Feedback: Both metaphors aim to capture the implicit meaning of creation emerging from nothingness, but they differ in their approach and effectiveness. Response A, ""The composer offered melodies to the silence,"" uses a more direct and active imagery, emphasizing the act of offering melodies, which aligns well with the idea of creation. However, it may be slightly less vivid in conveying the emergence from nothingness, as it focuses more on the act of giving rather than the transformation from silence to sound. Response B, ""He wrote the symphony of silence,"" is more imaginative and vivid, as it directly transforms silence into a symphony, a complex and structured creation, which closely aligns with the implicit meaning. It effectively conveys the concept of something intricate and beautiful emerging from nothingness. While both responses are coherent, Response B stands out for its more creative and precise imagery. [RESULT] B"
Their passion boiled over in an instant.,their sexual tension was a ticking time bomb.,B,"Feedback: Both metaphors attempt to capture the sudden and uncontrollable nature of the emotional outburst, but they differ in their imagery and alignment with the implicit meaning. Response A uses the imagery of boiling passion, which conveys intensity and suddenness but lacks the element of unpredictability and potential danger present in the implicit meaning. Response B, on the other hand, employs the metaphor of a ticking time bomb, which vividly captures both the suddenness and the uncontrollable, explosive nature of the emotional outburst, aligning more closely with the implicit meaning. While both are imaginative, Response B's imagery is more coherent and accurately reflects the intended concept. [RESULT] B"
Her inner orchestra conducts her diverse talents.,she is a symphony of talents.,A,"Feedback: Both metaphors aim to convey the harmonious coordination of multiple skills and abilities, but they differ in their approach and effectiveness. Response A, ""Her inner orchestra conducts her diverse talents,"" introduces the idea of an orchestra, which inherently implies coordination and harmony, aligning closely with the implicit meaning. The imagery is vivid and coherent, as it clearly depicts a structured and directed process. Response B, ""she is a symphony of talents,"" also captures the idea of harmony but does so in a more abstract and less structured manner. While a symphony implies a harmonious whole, it lacks the explicit coordination and direction present in Response A. Both metaphors are imaginative, but Response A more effectively conveys the intended concept of harmonious coordination through its specific and directed imagery. [RESULT] A"
Their proposal is weighing heavily on my mental scales.,she's a puzzle i'm carefully piecing together.,A,"Feedback: Both metaphors attempt to convey the mental burden of decision-making, but they differ in their approach and effectiveness. Response A uses the imagery of ""mental scales"" to represent the weighing of options, which directly aligns with the implicit meaning of a difficult decision-making process causing mental burden. The metaphor is coherent and vivid, effectively capturing the struggle of balancing choices. Response B, on the other hand, uses the imagery of ""piecing together a puzzle,"" which implies a process of understanding or solving something complex. While it conveys effort and careful consideration, it does not as directly or vividly represent the mental burden of decision-making. Response A is more aligned with the implicit meaning and uses more vivid and specific imagery to convey the intended concept. [RESULT] A"
Fresh capital irrigated the startup ecosystem.,investment was a seed for growing multiple startups.,A,"Feedback: Both metaphors aim to convey the idea of money nurturing business growth, but they differ in their approach and effectiveness. Response A uses the imagery of irrigation, which aligns well with the concept of money flowing into and sustaining the startup ecosystem, creating a vivid and coherent picture. Response B, on the other hand, employs the metaphor of a seed, which captures the idea of investment leading to growth but is less vivid and more generic in comparison. While both responses reflect the implicit meaning, Response A does so with more imaginative and precise imagery, closely aligning with the intended concept. [RESULT] A"
She's surrounded by poisonous words.,she's a traveler in a jungle of hurtful conversations.,B,"Feedback: Both metaphors aim to convey the implicit meaning of harmful and toxic verbal abuse, but they differ in their approach and effectiveness. Response A, ""She's surrounded by poisonous words,"" directly links the toxicity to the words themselves, creating a clear and concise image. However, it lacks the depth and vividness that could enhance the metaphor's impact. Response B, ""She's a traveler in a jungle of hurtful conversations,"" introduces a more elaborate and imaginative scenario, where the environment itself (the jungle) symbolizes the pervasive and overwhelming nature of the abuse. This metaphor not only aligns closely with the implicit meaning but also provides a richer, more coherent imagery that enhances the understanding of the concept. While both responses capture the intended meaning, Response B excels in vividness and imaginative representation. [RESULT] B"
His words were a nauseating pill of disgust.,his words were a toxic poison to the soul.,B,"Feedback: Both metaphors effectively convey the implicit meaning of words being unpleasant and sickening to hear, but they differ in their imagery and tone. Response A uses the metaphor of a ""nauseating pill of disgust,"" which directly links the physical sensation of nausea to the emotional reaction of disgust, creating a vivid and immediate image. Response B, on the other hand, describes the words as ""toxic poison to the soul,"" which emphasizes the deep, lasting harm caused by the words, adding a layer of emotional and spiritual damage. While both are strong, Response B’s imagery of ""toxic poison"" is more imaginative and aligns closely with the implicit meaning by highlighting the profound negative impact, making it a clearer and more accurate representation. [RESULT] B"
The finish line beckons all competitors forward.,the goal is a magnet for their best efforts.,B,"Feedback: Both metaphors aim to convey the idea that a goal motivates and attracts people, but they differ in their imagery and alignment with the implicit meaning. Response A, ""The finish line beckons all competitors forward,"" uses the imagery of a finish line, which is a clear and vivid representation of a goal. However, the verb ""beckons"" suggests a gentle invitation rather than a strong magnetic pull, making it slightly less aligned with the implicit meaning of attraction and motivation. Response B, ""the goal is a magnet for their best efforts,"" directly employs the metaphor of a magnet, which is highly imaginative and vividly captures the idea of a goal attracting and pulling people toward it. This metaphor more closely aligns with the implicit meaning by emphasizing the irresistible force of the goal. While both responses are coherent, Response B is more accurate and imaginative in representing the original idea. [RESULT] B"
Her mind was running on low battery.,she was a drained battery that needed to recharge.,B,"Feedback: Both Response A and Response B effectively convey the implicit meaning of mental exhaustion and lack of energy, but they differ in their approach and vividness. Response A uses the metaphor ""Her mind was running on low battery,"" which directly links mental fatigue to the concept of a low battery, a common and relatable analogy. It is clear and coherent, though somewhat generic. Response B, ""she was a drained battery that needed to recharge,"" takes a more personified approach by equating the individual to the battery, adding a layer of vividness and specificity. While both metaphors align well with the implicit meaning, Response B stands out for its more imaginative and direct imagery, making it a clearer and more engaging representation. [RESULT] B"
Time is the silent revolutionist.,a river of change quietly and dramatically shapes everything.,B,"Feedback: Both metaphors aim to capture the idea that time brings about significant changes without noticeable noise. Response A, ""Time is the silent revolutionist,"" directly aligns with the implicit meaning by emphasizing the silent yet transformative nature of time, using the term ""silent"" explicitly. However, it lacks vivid imagery and relies on a straightforward analogy. Response B, ""a river of change quietly and dramatically shapes everything,"" introduces a more imaginative and vivid image of a river, which naturally evokes the concepts of continuous flow and gradual shaping, aligning well with the idea of profound yet quiet change. While both responses convey the intended meaning, Response B excels in imagery and coherence, making it a more imaginative and accurate representation. [RESULT] B"
Literature is a fertile valley where ideas grow abundantly.,a rich tapestry of diverse perspectives and meanings.,A,"Feedback: Both metaphors aim to capture the nurturing and productive nature of literature, but they differ in their approach and effectiveness. Response A uses the imagery of a ""fertile valley"" to convey abundance and growth, which aligns closely with the implicit meaning of literature nurturing and producing creative thoughts. The metaphor is vivid and coherent, effectively evoking the idea of a rich environment where ideas flourish. Response B, on the other hand, describes literature as a ""rich tapestry,"" emphasizing diversity and complexity rather than growth. While it captures the richness of literature, it does not directly convey the nurturing and productive aspect as clearly as Response A. Response A is more imaginative and aligns more closely with the implicit meaning in both imagery and concept. [RESULT] A"
Each new possession is another key to maintain in life's growing keychain.,life is a juggling act that demands constant attention.,A,"Feedback: Response A uses the imagery of a ""growing keychain"" to represent the accumulation of possessions, which aligns well with the implicit meaning of material possessions as burdens. The metaphor effectively conveys the idea that each new possession adds complexity and weight, much like a keychain becoming heavier and more cumbersome. Response B, on the other hand, compares life to a ""juggling act,"" which emphasizes the need for constant attention but does not directly address the accumulation or burden of possessions. While both metaphors are coherent, Response A more closely captures the implicit meaning by directly linking possessions to a growing, burdensome collection. Response B is more general and less specific to the concept of material burdens. [RESULT] A"
Laughter was their first aid kit in times of crisis.,she was a shield against life's storms.,A,"Feedback: Both metaphors aim to convey the idea of emotional support during challenging times, but they differ in their approach and effectiveness. Response A, ""Laughter was their first aid kit in times of crisis,"" directly links laughter to a tool for healing, which aligns closely with the implicit meaning. The imagery of a first aid kit is vivid and coherent, effectively conveying the concept of immediate and practical emotional relief. Response B, ""She was a shield against life's storms,"" while imaginative, focuses more on protection rather than healing, which is a slight deviation from the implicit meaning. The imagery of a shield is strong but less directly related to emotional healing compared to the first aid kit metaphor. Therefore, Response A better captures the intended concept with clearer and more accurate imagery. [RESULT] A"
The project has touched down.,a masterpiece of creativity and hard work.,A,"Feedback: Response A, ""The project has touched down,"" directly aligns with the implicit meaning of ""successfully completed or landed safely"" by using the metaphor of a landing, which is vivid and coherent. It effectively conveys the idea of a safe and successful conclusion. Response B, ""a masterpiece of creativity and hard work,"" while positive, does not capture the specific idea of completion or landing safely; instead, it emphasizes the quality and effort behind the project. Response A is more accurate and imaginative in representing the original idea. [RESULT] A"
She embraces power with both arms.,she held her ground firmly and unyielding.,A,"Feedback: Both metaphors aim to convey the implicit meaning of eagerly and completely accepting or seizing control and authority. Response A, ""She embraces power with both arms,"" directly aligns with the idea of completely accepting power, using the imagery of a full embrace to suggest eagerness and totality. The metaphor is vivid and coherent, clearly capturing the intended concept. Response B, ""she held her ground firmly and unyielding,"" while conveying strength and determination, focuses more on maintaining a position rather than actively seizing or embracing power. It lacks the imagery of eagerness and totality present in Response A. Therefore, Response A more closely aligns with the implicit meaning and uses more vivid and appropriate imagery. [RESULT] A"
"She's running on backup power, pushing through despite exhaustion.",she's running on fumes.,B,"Feedback: Both metaphors aim to convey the idea of operating with minimal energy and exhausted resources. Response A, ""She's running on backup power, pushing through despite exhaustion,"" effectively captures the concept of using reserve energy to continue functioning, aligning well with the implicit meaning. However, the imagery is somewhat less vivid and imaginative compared to Response B. Response B, ""she's running on fumes,"" is a more commonly used metaphor that directly and vividly conveys the idea of operating with almost no energy left, closely aligning with the implicit meaning and offering a clear, coherent image. While both responses are strong, Response B is more imaginative and vivid in its imagery, making it a clearer and more accurate representation of the original idea. [RESULT] B"
Her career took a sharp turn after the promotion.,her career took a sharp turn for the better.,A,"Feedback: Both responses capture the idea of a sudden change in career direction, but they differ in their specificity and tone. Response A mentions a ""sharp turn"" which aligns well with the implicit meaning of a dramatic change, but it lacks clarity on whether the change is positive or negative. Response B specifies that the turn is ""for the better,"" adding a positive connotation that is not present in the implicit meaning, which is neutral regarding the outcome. While both use vivid imagery, Response A is more neutral and thus closer to the original idea, whereas Response B introduces an unintended positive spin. [RESULT] A"
She nurtured love like a greenhouse cultivates warmth.,she was the garden of her children's happiness.,A,"Feedback: Response A directly aligns with the implicit meaning by emphasizing the nurturing and protective aspect of love, akin to how a greenhouse cultivates warmth, which requires careful attention. The imagery is vivid and coherent, effectively conveying the concept of sustained care. Response B, while imaginative, focuses on the result (happiness) rather than the process of nurturing, making it less aligned with the implicit meaning. It also shifts the metaphor from the act of nurturing to the outcome, which is less precise. Response A is clearer and more accurate in representing the original idea. [RESULT] A"
That insight is an oasis in a desert of confusion.,a beacon in a storm of confusion.,A,"Feedback: Both metaphors aim to convey the idea of a moment of clarity in overwhelming uncertainty, but they differ in their imagery and alignment with the implicit meaning. Response A, ""That insight is an oasis in a desert of confusion,"" effectively uses the oasis as a symbol of relief and clarity in a barren, confusing environment, closely aligning with the implicit meaning. The imagery is vivid and coherent, evoking a strong sense of contrast between the insight and the surrounding confusion. Response B, ""a beacon in a storm of confusion,"" also captures the idea of clarity amidst chaos but shifts the imagery to a storm, which is less directly tied to the concept of a barren, unyielding environment like a desert. While both metaphors are imaginative and coherent, Response A’s use of an oasis in a desert more precisely mirrors the implicit meaning of a moment of clarity in overwhelming uncertainty, as it emphasizes the stark contrast and life-giving nature of the insight in a desolate context. [RESULT] A"
Mathematics is a mountainous region with multiple peaks to conquer.,a ladder to climb in the world of mathematics.,A,"Feedback: Both metaphors aim to convey the challenge of mastering mathematics, but they differ in their imagery and alignment with the implicit meaning. Response A, ""Mathematics is a mountainous region with multiple peaks to conquer,"" vividly portrays the difficulty and variety of mathematical concepts, aligning closely with the idea of multiple challenges. The imagery of mountains and peaks is coherent and imaginative, effectively capturing the essence of the implicit meaning. Response B, ""a ladder to climb in the world of mathematics,"" while conveying the idea of progression and challenge, lacks the vividness and complexity of Response A. It focuses more on a linear progression rather than the multifaceted nature of mathematical challenges, making it less aligned with the implicit meaning. [RESULT] A"
He maintains a steady grip on his emotions.,he is the captain of his own ship.,B,"Feedback: Both metaphors aim to convey the implicit meaning of control and restraint over feelings, but they differ in their approach and effectiveness. Response A, ""He maintains a steady grip on his emotions,"" directly addresses the concept of control through the imagery of a physical grip, which is coherent and clear but somewhat literal and less imaginative. Response B, ""He is the captain of his own ship,"" uses a more vivid and imaginative analogy, suggesting not only control but also leadership and autonomy over one's emotional state, which aligns closely with the implicit meaning and adds a layer of depth. While both responses are coherent, Response B stands out for its creativity and the richness of its imagery, making it a more compelling and accurate representation of the intended concept. [RESULT] B"
They're standing on the edge of a cliff.,they're in the jaws of a deadly trap.,A,"Feedback: Both metaphors convey a sense of danger and risk, aligning with the implicit meaning. However, Response A (""standing on the edge of a cliff"") uses a more vivid and universally recognized image of peril, clearly depicting the precariousness and immediate risk of failure. Response B (""in the jaws of a deadly trap"") also conveys danger but is slightly less direct and may imply a more confined or inescapable situation, which is not as universally relatable as the cliff edge. Response A’s imagery is more coherent and imaginative in representing the intended concept. [RESULT] A"
Love is a long-distance trek with shared footsteps.,a healthy relationship is a garden that grows with time.,A,"Feedback: Both metaphors attempt to capture the essence of a shared journey requiring effort and commitment, but they differ in their focus and imagery. Response A emphasizes the shared experience and the ongoing effort (""long-distance trek with shared footsteps""), directly aligning with the implicit meaning of a journey that demands continuous commitment. The imagery is vivid and coherent, effectively conveying the idea of a shared path. Response B, while imaginative, shifts the focus to growth over time (""garden that grows with time""), which is more about nurturing and development rather than the immediate shared effort. Although it captures the aspect of commitment, it is less precise in reflecting the journey aspect of the implicit meaning. Response A is more aligned with the implicit meaning and uses more direct and vivid imagery. [RESULT] A"
The image becomes clearer as more pieces of evidence fall into place.,a jigsaw puzzle with more pieces.,A,"Feedback: Both responses aim to convey the implicit meaning of understanding improving as more information is gathered, but they differ in their approach and effectiveness. Response A uses a more dynamic and process-oriented metaphor, likening the improvement of understanding to an image becoming clearer as evidence accumulates, which aligns closely with the implicit meaning and provides a vivid, coherent imagery. Response B, on the other hand, focuses on the accumulation of pieces in a jigsaw puzzle, which is a common metaphor for gathering information but lacks the clarity and directness of Response A in conveying the improvement of understanding. Response A is more imaginative and directly aligns with the implicit meaning, making it the better choice. [RESULT] A"
Their hands are full of opportunities.,they have a treasure chest of opportunities.,B,"Feedback: Both metaphors aim to convey the implicit meaning of having many available chances or possibilities for success. Response A, ""Their hands are full of opportunities,"" uses a straightforward and relatable image of hands being full, which aligns well with the idea of having numerous opportunities. However, the imagery is somewhat generic and lacks the imaginative depth that could make it more vivid. Response B, ""they have a treasure chest of opportunities,"" introduces a more imaginative and vivid image of a treasure chest, which not only aligns closely with the implicit meaning but also adds a layer of richness and excitement to the concept. The treasure chest metaphor is more coherent and evocative, effectively conveying the abundance and value of the opportunities. While both responses capture the intended meaning, Response B does so with greater creativity and clarity. [RESULT] B"
Fellow travelers on this road of change become our mirrors and guides.,"they are our mirrors, reflecting our journey and growth.",A,"Feedback: Both responses capture the implicit meaning of people on a shared journey helping us understand ourselves and guiding us forward. However, they differ in their approach and vividness. Response A introduces the concept of ""fellow travelers on this road of change,"" which adds a layer of context and imagery, making the metaphor more vivid and imaginative. It also explicitly mentions both roles of these people as ""mirrors and guides,"" aligning closely with the implicit meaning. Response B, while concise and clear, focuses solely on the ""mirrors"" aspect, reflecting the journey and growth, but omits the guiding role. Although it is coherent and aligns well with part of the implicit meaning, it lacks the completeness and vividness of Response A. [RESULT] A"
Their fingers are intertwined with success.,they have built a tower of success.,A,"Feedback: Both metaphors attempt to convey the idea of achieving and maintaining success, but they differ in their approach and effectiveness. Response A, ""Their fingers are intertwined with success,"" uses a tactile and personal imagery that aligns well with the implicit meaning of firmly grasping achievement. The intertwining of fingers suggests a close, secure hold, which is vivid and coherent. Response B, ""they have built a tower of success,"" while imaginative, focuses more on the construction and accumulation of success rather than the act of holding onto it. The tower metaphor implies a stable and towering achievement but lacks the direct connection to the idea of firmly grasping and maintaining success. Response A more closely captures the implicit meaning with its vivid and direct imagery. [RESULT] A"
He jogged through the transformation process.,he chiseled himself into a better person.,A,"Feedback: Response A (""He jogged through the transformation process"") captures the idea of moving quickly but casually through change, aligning with the implicit meaning of lacking full commitment or effort. However, the imagery of jogging is somewhat generic and lacks vividness, failing to fully convey the depth of the intended concept. Response B (""he chiseled himself into a better person"") presents a more vivid and imaginative image, suggesting deliberate and effortful transformation, which contrasts with the implicit meaning of casual, uncommitted change. While Response B is more vivid, it misaligns with the intended tone of casualness. Response A, despite its generic imagery, more accurately reflects the implicit meaning. [RESULT] A"
Their shared beliefs were a well-worn comfort blanket.,their shared beliefs were a warm blanket.,A,"Feedback: Both responses capture the implicit meaning of familiar beliefs providing emotional security and comfort, but they differ in the vividness and specificity of their imagery. Response A, ""a well-worn comfort blanket,"" adds the detail of being ""well-worn,"" which enhances the sense of familiarity and long-term use, aligning more closely with the idea of shared, enduring beliefs. This additional imagery makes it more vivid and imaginative compared to Response B, ""a warm blanket,"" which, while accurate, lacks the same depth and specificity. Response A effectively conveys both the comfort and the longevity of the beliefs, making it a clearer and more accurate representation of the implicit meaning. [RESULT] A"
She's a lighthouse standing steady in emotional tempests.,she's the anchor that keeps everyone grounded and steady.,A,"Feedback: Both metaphors aim to convey stability and guidance during emotional challenges, but they differ in their imagery and alignment with the implicit meaning. Response A uses the image of a lighthouse, which effectively symbolizes guidance and steadfastness in turbulent times, aligning closely with the implicit meaning. The imagery is vivid and coherent, evoking a clear picture of resilience. Response B, while also conveying stability through the anchor metaphor, focuses more on keeping others grounded rather than guiding them through emotional tempests. This makes it slightly less aligned with the implicit meaning, as it emphasizes support over guidance. Response A’s imagery is more imaginative and directly captures the dual aspects of stability and guidance. [RESULT] A"
The truth came into focus like an adjusting lens.,a fog lifting,B,"Feedback: Both metaphors aim to convey the implicit meaning of gradual clarity and understanding, but they differ in their approach and effectiveness. Response A, ""The truth came into focus like an adjusting lens,"" uses a precise and mechanical imagery that aligns well with the idea of gradual clarity, as an adjusting lens implies a deliberate and controlled process of sharpening focus. This metaphor is coherent and effectively conveys the intended concept, earning a score of 4. Response B, ""a fog lifting,"" captures the essence of gradual clarity through the natural and relatable imagery of fog dissipating, which is vivid and aligns closely with the implicit meaning. However, it lacks the specificity and control implied in the adjusting lens metaphor. Response B earns a score of 5 for its highly imaginative and vivid representation. The key difference lies in the level of detail and control: Response A emphasizes a deliberate process, while Response B focuses on a natural, passive transition. [RESULT] B"
Their chemistry was an arsenal waiting to be deployed.,her desire for him was a flame waiting to be fanned.,B,"Feedback: Both metaphors attempt to convey the implicit meaning of explosive potential, but they differ in their approach and effectiveness. Response A uses the imagery of an ""arsenal waiting to be deployed,"" which aligns with the idea of explosive potential but leans more toward conflict rather than romance, capturing only part of the dual meaning. The imagery is vivid and coherent but slightly misses the romantic aspect. Response B, with ""a flame waiting to be fanned,"" more accurately captures the dual potential for both romance and conflict, as a flame can symbolize passion and intensity that can either grow into love or escalate into conflict. The imagery is vivid and directly aligns with the implicit meaning, making it a clearer and more imaginative representation. [RESULT] B"
Time is an avalanche cascading down the mountain of existence.,time is a runaway train.,A,"Feedback: Both metaphors effectively convey the unstoppable nature of time, but they differ in their imagery and depth. Response A (""Time is an avalanche cascading down the mountain of existence"") uses vivid and multi-layered imagery, capturing both the unstoppable force and the destructive impact of time, aligning closely with the implicit meaning. The avalanche metaphor also adds a sense of inevitability and overwhelming power, enhancing the coherence and imagination. Response B (""Time is a runaway train"") is more straightforward and aligns well with the unstoppable aspect but lacks the same level of vividness and destructiveness. While it is clear and coherent, it feels more generic and less imaginative compared to Response A. [RESULT] A"
"Time is an unwavering shadow, following our every move.",life's journey is a river with ever-changing currents.,A,"Feedback: Both metaphors attempt to capture the concept of time's constancy, but they differ in their approach and effectiveness. Response A, ""Time is an unwavering shadow,"" directly aligns with the implicit meaning by emphasizing the constant and inescapable nature of time, using vivid imagery of a shadow that follows every move. This metaphor is clear, coherent, and imaginative, closely reflecting the intended concept. Response B, ""life's journey is a river with ever-changing currents,"" focuses more on the dynamic and unpredictable aspects of life rather than the constancy of time. While it is vivid and imaginative, it diverges from the implicit meaning by emphasizing change rather than constancy. Therefore, Response A better captures the intended concept with clearer and more accurate imagery. [RESULT] A"
They're trapped in quicksand of toxic relationships.,they're stuck in a toxic relationship quicksand.,A,"Feedback: Both Response A and Response B use the metaphor of quicksand to convey the difficulty of escaping toxic relationships, aligning closely with the implicit meaning. However, Response A (""They're trapped in quicksand of toxic relationships"") places the emphasis on the quicksand as the medium of entrapment, which is more vivid and directly ties the imagery to the consuming nature of the relationships. Response B (""they're stuck in a toxic relationship quicksand"") merges the relationship and quicksand, which slightly dilutes the imagery and makes the metaphor less coherent. Response A’s structure is more imaginative and effectively captures the slow, inescapable consumption implied in the implicit meaning. [RESULT] A"
Some beliefs are like fast fashion - cheaply made and quickly discarded.,a leaf on the wind of change.,A,"Feedback: Response A directly addresses the implicit meaning by comparing beliefs to fast fashion, emphasizing their cheap production and quick disposal, which aligns closely with the idea of superficiality and disposability. The imagery is vivid and coherent, effectively conveying the intended concept. Response B, while poetic, uses the metaphor of a leaf on the wind of change, which primarily conveys fragility and unpredictability rather than superficiality or disposability. Although it captures a sense of transience, it does not directly align with the implicit meaning as closely as Response A. [RESULT] A"
The vodka razed his rational thoughts to the ground.,alcohol was a poison that jammed his jigsaw puzzle mind.,A,"Feedback: Both metaphors aim to convey the destructive effect of alcohol on clear thinking, but they differ in their approach and vividness. Response A uses the imagery of ""razing rational thoughts to the ground,"" which is vivid and directly aligns with the idea of destruction, effectively capturing the implicit meaning. Response B, while imaginative, introduces the concept of a ""jigsaw puzzle mind"" being ""jammed"" by poison, which adds an extra layer of complexity and might slightly obscure the direct connection to the destruction of clear thinking. However, it still maintains a strong alignment with the implicit meaning and offers a unique perspective. Response A is more straightforward and vivid in its depiction of destruction, making it a clearer representation of the intended concept. [RESULT] A"
Time is an eternal chameleon.,life is a moving kaleidoscope.,A,"Feedback: Response A (""Time is an eternal chameleon"") directly aligns with the implicit meaning by emphasizing time's constant change and adaptability, mirroring a chameleon's color-changing ability. It is vivid and coherent, effectively conveying the intended concept. Response B (""Life is a moving kaleidoscope"") captures the idea of constant change but shifts the focus from time to life, introducing a different subject. While imaginative, it does not align as closely with the implicit meaning as Response A, which specifically addresses time's adaptive nature. [RESULT] A"
Her heart was a thermal spring of endless affection.,she was a boundless sea of love and care.,B,"Feedback: Both metaphors aim to convey the implicit meaning of warmth and continuous flow of love, but they differ in their approach and vividness. Response A uses the imagery of a ""thermal spring,"" which effectively captures the warmth aspect due to its association with heat and natural renewal, aligning well with the continuous flow of affection. However, the imagery is somewhat static and lacks the expansive, all-encompassing nature of the implicit meaning. Response B, on the other hand, uses the metaphor of a ""boundless sea,"" which strongly emphasizes the continuous and limitless nature of love and care, aligning closely with the implicit meaning. While it lacks the specific warmth imagery of a thermal spring, the boundless sea conveys a more dynamic and overwhelming sense of love. Response B is more imaginative and coherent in representing the intended concept. [RESULT] B"
The state's economy is a square peg in a round hole.,a broken compass.,A,"Feedback: Both metaphors attempt to convey the idea of incompatibility, but they differ in their approach and effectiveness. Response A, ""The state's economy is a square peg in a round hole,"" directly and clearly illustrates the concept of a mismatch, using a well-known idiom that vividly conveys the idea of something not fitting into its intended place. This metaphor aligns closely with the implicit meaning and provides a coherent, easily understandable image. Response B, ""a broken compass,"" suggests dysfunction or misguidance but does not directly capture the idea of fundamental incompatibility. While it implies a problem, it lacks the clarity and directness of Response A in representing the specific concept of a mismatch. Response A is more vivid, coherent, and accurate in conveying the intended meaning. [RESULT] A"
Her mind was running a marathon of thoughts.,she was in a deep well of thought.,B,"Feedback: Both metaphors aim to capture the implicit meaning of an overwhelming and continuous stream of thoughts, but they differ in their approach and effectiveness. Response A, ""Her mind was running a marathon of thoughts,"" uses the imagery of a marathon to convey endurance and continuous effort, which aligns well with the idea of a never-ending stream of thoughts. However, the metaphor is somewhat generic and lacks the depth to fully capture the overwhelming nature of the thoughts. Response B, ""She was in a deep well of thought,"" employs the imagery of a deep well, which suggests being engulfed or trapped, more vividly conveying the overwhelming aspect of the thoughts. While both metaphors are coherent, Response B provides a more imaginative and vivid representation of the implicit meaning by emphasizing the engulfing and inescapable nature of the thoughts. [RESULT] B"
His eyes danced across the pages of the book.,he devoured the book in one swift bite.,A,"Feedback: Response A (""His eyes danced across the pages of the book"") captures the implicit meaning of quick, fluid eye movement while reading with vivid and coherent imagery. The metaphor of ""dancing"" effectively conveys the graceful, continuous motion of the eyes, aligning closely with the intended concept. In contrast, Response B (""he devoured the book in one swift bite"") focuses on the speed of reading but uses imagery related to consumption rather than eye movement, which is less aligned with the implicit meaning. While both responses are imaginative, Response A is more accurate and directly reflects the intended idea. [RESULT] A"
She polished her moral compass daily.,a compass for her soul.,A,"Feedback: Both responses attempt to convey the idea of maintaining ethical standards, but they differ in their approach and effectiveness. Response A, ""She polished her moral compass daily,"" directly aligns with the implicit meaning by emphasizing the active, daily effort of self-reflection and improvement, creating a vivid and coherent image of ongoing moral maintenance. Response B, ""a compass for her soul,"" while imaginative, lacks the explicit action of maintenance and is more abstract, making it less clear in conveying the constant effort implied in the implicit meaning. Response A’s imagery is more vivid and directly tied to the concept of regular self-reflection, whereas Response B’s imagery, though poetic, is less specific and actionable. [RESULT] A"
The heat of their argument left scorch marks on their friendship.,their argument was a wound that cut their friendship.,A,"Feedback: Both metaphors effectively convey the implicit meaning that heated arguments can permanently damage relationships, but they differ in their imagery and vividness. Response A uses the imagery of ""scorch marks,"" which vividly portrays the lasting and damaging effects of an argument, aligning closely with the idea of permanent damage. Response B, on the other hand, compares the argument to a ""wound,"" which also conveys damage but is slightly less vivid and more generic in its imagery compared to the specific and evocative ""scorch marks."" While both metaphors are coherent and capture the intended concept, Response A stands out for its more imaginative and precise imagery. [RESULT] A"
Lightning signed its jagged line across the sky.,a path of light cut through the darkness.,A,"Feedback: Both responses attempt to capture the implicit meaning of lightning being personified as an author, but they differ in their approach and effectiveness. Response A, ""Lightning signed its jagged line across the sky,"" directly uses the verb ""signed,"" which aligns closely with the idea of an author writing a signature. The imagery of a ""jagged line"" vividly represents the erratic and sharp nature of lightning, enhancing the metaphor's coherence and originality. Response B, ""a path of light cut through the darkness,"" while visually striking, does not explicitly convey the act of signing or authorship. It focuses more on the illumination aspect of lightning rather than the personification as an author. Therefore, Response A better captures the implicit meaning with more vivid and coherent imagery. [RESULT] A"
Love is two rivers merging into one mighty stream.,two rivers merge into a powerful ocean.,A,"Feedback: Both responses capture the implicit meaning of two separate entities becoming unified and stronger together, but they differ in the vividness and coherence of their imagery. Response A uses the metaphor of ""two rivers merging into one mighty stream,"" which effectively conveys the idea of unity and increased strength, with the imagery of a ""mighty stream"" suggesting a powerful and cohesive outcome. Response B, on the other hand, states ""two rivers merge into a powerful ocean,"" which also aligns with the implicit meaning but introduces a shift from a stream to an ocean, potentially diluting the coherence of the imagery. While both metaphors are imaginative, Response A maintains a more focused and coherent visual representation of the concept, making it a clearer and more accurate portrayal. [RESULT] A"
Their beliefs are scattered like distant islands in vast seas.,they were a jumbled mess of thoughts and ideas.,A,"Feedback: Response A uses the metaphor of ""distant islands in vast seas"" to convey isolation and disconnection, which aligns closely with the implicit meaning of isolated and disconnected beliefs. The imagery is vivid and coherent, effectively capturing the idea of separation and lack of connection. Response B, on the other hand, describes beliefs as a ""jumbled mess of thoughts and ideas,"" which primarily emphasizes disorder rather than isolation or disconnection. While it conveys a lack of coherence, it does not accurately capture the specific idea of isolation. Response A is more imaginative and aligns better with the implicit meaning, providing a clearer and more accurate representation. [RESULT] A"
The chill of fear numbed his ability to respond.,fear was a heavy chain on his mind.,A,"Feedback: Both metaphors aim to convey the paralyzing effect of fear, but they differ in their imagery and alignment with the implicit meaning. Response A uses the metaphor of ""chill of fear numbing his ability to respond,"" which effectively captures the immobilizing effect of fear through the vivid and sensory image of numbness. This aligns closely with the implicit meaning of fear preventing action. Response B, on the other hand, describes fear as a ""heavy chain on his mind,"" which conveys restriction but lacks the immediacy and physicality of paralysis. While both metaphors are coherent, Response A’s imagery is more vivid and directly tied to the concept of paralysis, making it a clearer and more imaginative representation of the intended idea. [RESULT] A"
"The winds of change scatter some seeds on fertile soil, while others land on barren rock.","life is a game of musical chairs, where some win and others lose.",A,"Feedback: Both metaphors aim to convey the idea that opportunities for success are not equally distributed, but they differ in their approach and effectiveness. Response A uses a natural, organic imagery of seeds being scattered by the winds of change, landing on either fertile soil or barren rock, which vividly illustrates the uneven distribution of opportunities. The metaphor is coherent and aligns closely with the implicit meaning, emphasizing the role of external factors in determining success. Response B, on the other hand, uses a game of musical chairs as a metaphor, which captures the competitive aspect of life but focuses more on the outcome (winning or losing) rather than the distribution of opportunities. While it conveys the idea of unequal outcomes, it is less precise in reflecting the implicit meaning of unequal opportunity distribution. Response A’s imagery is more vivid and directly tied to the concept, making it a clearer and more imaginative representation. [RESULT] A"
The orchestra of self plays different tunes simultaneously.,she was a puzzle with many pieces all fitting together.,A,"Feedback: Both metaphors attempt to capture the implicit meaning of multiple aspects of personality coexisting within one person, but they differ in their approach and effectiveness. Response A, ""The orchestra of self plays different tunes simultaneously,"" uses the imagery of an orchestra to represent the various facets of personality, suggesting harmony and diversity. This metaphor aligns well with the implicit meaning, as it conveys the idea of different elements working together, much like an orchestra. The imagery is vivid and coherent, earning a score of 4. Response B, ""she was a puzzle with many pieces all fitting together,"" also reflects the implicit meaning but with a focus on the interconnectedness and completeness of personality aspects, akin to puzzle pieces forming a whole. However, the puzzle metaphor is slightly less imaginative and vivid compared to the orchestra, as it leans more towards a static, completed image rather than the dynamic interplay suggested by the implicit meaning. This earns a score of 3. [RESULT] A"
Ideas are seeds that need careful cultivation to bloom into creation.,a seedling growing into a tree.,A,"Feedback: Both responses aim to convey the implicit meaning that ideas require nurturing and time to develop, but they differ in their approach and effectiveness. Response A explicitly mentions ""ideas"" as ""seeds"" and emphasizes the need for ""careful cultivation,"" which directly aligns with the implicit meaning and provides a vivid, coherent image of the process. Response B, while related, is less specific; it describes a ""seedling growing into a tree,"" which captures the concept of growth but lacks the direct connection to ""ideas"" and the explicit mention of nurturing. Response A is more imaginative and accurate in representing the original idea, as it clearly ties the metaphor to the concept of ideas and their development. [RESULT] A"
"This problem is a whirlpool, pulling in resources and energy.","a problem that's a bottomless pit of time, money, and effort",A,"Feedback: Both metaphors effectively convey the consuming and destructive nature of the problem, but they differ in their imagery and specificity. Response A uses the metaphor of a ""whirlpool,"" which vividly captures the idea of being pulled in and consumed, aligning well with the implicit meaning. The imagery is coherent and evokes a sense of inescapable force. Response B, on the other hand, describes the problem as a ""bottomless pit,"" which also conveys the idea of endless consumption but is slightly less vivid and more literal in its imagery. While both metaphors align closely with the implicit meaning, Response A’s imagery is more imaginative and evocative, making it a clearer and more accurate representation of the intended concept. [RESULT] A"
Revolutionary ideas are earthquakes shaking old foundations.,groundbreaking ideas as a storm that disrupts calm waters.,A,"Feedback: Both metaphors aim to capture the concept of disruptive change, but they differ in their imagery and alignment with the implicit meaning. Response A, ""Revolutionary ideas are earthquakes shaking old foundations,"" directly links the destruction of established systems to the powerful and sudden nature of earthquakes, effectively conveying the idea of disruptive change. The imagery is vivid and coherent, aligning closely with the implicit meaning. Response B, ""groundbreaking ideas as a storm that disrupts calm waters,"" also captures disruption but focuses more on the disturbance of a previously calm state rather than the destruction of established systems. While the storm metaphor is imaginative and vivid, it slightly deviates from the specific aspect of destruction emphasized in the implicit meaning. Response A more accurately and vividly represents the intended concept. [RESULT] A"
His happiness rocketed through the atmosphere.,his joy was a storm that grew stronger and more powerful.,B,"Feedback: Both metaphors aim to capture the implicit meaning of a sudden and explosive increase in joy, but they differ in their approach and effectiveness. Response A uses the imagery of a rocket breaking through the atmosphere, which conveys a rapid and powerful ascent, aligning well with the idea of an explosive increase. However, the metaphor is somewhat literal and lacks the depth of emotional intensity that the implicit meaning suggests. Response B, on the other hand, compares joy to a storm that grows stronger and more powerful, which not only captures the explosive nature but also adds a layer of emotional intensity and dynamism. The storm metaphor is more vivid and imaginative, as it evokes a sense of overwhelming force and growth, closely mirroring the sudden and intense increase in joy. While both responses are coherent, Response B excels in imagery and emotional resonance, making it a clearer and more accurate representation of the implicit meaning. [RESULT] B"
Their argument escalated into verbal nuclear warfare.,they were on the brink of a toxic explosion.,A,"Feedback: Both metaphors aim to convey the intensity and destructiveness of the argument, but they differ in their imagery and alignment with the implicit meaning. Response A uses ""verbal nuclear warfare,"" which is highly vivid and imaginative, effectively capturing the extreme destructiveness and intensity of the argument. It aligns closely with the implicit meaning by emphasizing the catastrophic nature of the conflict. Response B, on the other hand, uses ""toxic explosion,"" which is also vivid but slightly less imaginative and specific. While it conveys intensity and destructiveness, it lacks the same level of catastrophic imagery as Response A. Both metaphors are coherent, but Response A better aligns with the implicit meaning due to its more precise and powerful imagery. [RESULT] A"
Night's steel grip held the world motionless.,resilience is a river of continuous flow.,A,"Feedback: Response A effectively captures the implicit meaning of the night being oppressive and constraining through its vivid imagery of ""night's steel grip,"" which conveys a sense of immobility and force. The metaphor aligns closely with the intended tone and concept, earning a score of 5. Response B, while imaginative, diverges from the implicit meaning by focusing on resilience as a continuous flow, which does not relate to the oppressiveness of the night. Its imagery is coherent but fails to address the intended concept, earning a score of 2. [RESULT] A"
The actors in my mind perform different roles.,"she's a chameleon of emotions, changing colors with each situation.",B,"Feedback: Response A uses the metaphor of actors performing roles in the mind, which somewhat captures the idea of multiple personalities or thoughts but lacks vividness and depth. It aligns moderately with the implicit meaning but feels more literal and less imaginative. Response B, on the other hand, employs the metaphor of a chameleon changing colors, which is highly vivid and imaginative. It effectively conveys the idea of shifting emotions or personalities in different situations, closely aligning with the implicit meaning. While both responses capture the concept, Response B does so with greater clarity, creativity, and coherence. [RESULT] B"
The world crystallizes into distinct shapes.,the puzzle pieces of life fit together with sharp edges.,B,"Feedback: Both metaphors aim to convey the idea of reality becoming clear and well-defined, but they differ in their approach and vividness. Response A, ""The world crystallizes into distinct shapes,"" effectively captures the clarity and definition of reality through the imagery of crystallization, which implies a process of becoming clear and structured. However, it lacks the dynamic element of how this clarity comes about. Response B, ""the puzzle pieces of life fit together with sharp edges,"" introduces a more active and engaging imagery by likening life to puzzle pieces fitting together, which not only conveys clarity but also the process of achieving it. The ""sharp edges"" add a layer of precision and distinctness, aligning closely with the implicit meaning. While both metaphors are coherent and imaginative, Response B provides a more vivid and dynamic representation of the concept, making it a clearer and more accurate metaphor. [RESULT] B"
The project's actions were gravitating toward failure.,a sinking ship was the project.,B,"Feedback: Both metaphors aim to convey the idea of an inevitable downward trajectory toward disaster, but they differ in their imagery and clarity. Response A uses the phrase ""gravitating toward failure,"" which effectively captures the concept of an unstoppable movement toward a negative outcome, aligning well with the implicit meaning. However, the imagery is somewhat abstract and less vivid compared to Response B. Response B, ""a sinking ship was the project,"" employs a more concrete and universally recognized metaphor for impending disaster, making it highly vivid and immediately understandable. While both responses align with the implicit meaning, Response B's imagery is more striking and coherent, better capturing the urgency and inevitability of the situation. [RESULT] B"
The footsteps of time leave causal footprints behind.,she planted the seeds of success with her early actions.,B,"Feedback: Both metaphors attempt to convey the idea that past actions have lasting effects, but they differ in their approach and effectiveness. Response A uses the imagery of ""footsteps of time"" leaving ""causal footprints,"" which is a creative and vivid way to describe the impact of past events. However, the phrase ""causal footprints"" might be slightly confusing, as it mixes the concept of causality with the imagery of footprints, potentially diluting the clarity. Response B, on the other hand, uses the metaphor of ""planting seeds of success,"" which is a well-known and clear analogy for how early actions lead to future outcomes. It directly aligns with the implicit meaning and uses coherent, widely understood imagery. While Response A is more imaginative, Response B is clearer and more directly aligned with the intended concept. [RESULT] B"
Their moral obligations accelerated like objects in free fall.,responsibilities were a runaway train,B,"Feedback: Both metaphors attempt to convey the idea of rapidly declining moral standards, but they differ in their approach and effectiveness. Response A uses the imagery of ""objects in free fall"" to depict acceleration, which aligns with the concept of rapid decline but lacks the vividness and urgency needed to fully capture the implicit meaning. The metaphor is coherent but somewhat generic and doesn't evoke a strong emotional or visual response. Response B, on the other hand, employs the imagery of a ""runaway train,"" which is more vivid and immediately conveys a sense of uncontrollable and rapid deterioration. The train metaphor effectively captures the urgency and inevitability of the decline, making it a clearer and more imaginative representation of the original idea. While both responses reflect the intended meaning, Response B does so with greater vividness and coherence. [RESULT] B"
Nature presents new life to the earth each spring.,spring is a womb for new life.,B,"Feedback: Both responses attempt to capture the implicit meaning of nature as a gift-giver of renewal and rebirth, but they differ in their approach and effectiveness. Response A uses a straightforward statement, ""Nature presents new life to the earth each spring,"" which aligns with the idea of renewal but lacks imaginative imagery and fails to deeply engage the concept of nature as a gift-giver. It is more descriptive than metaphorical, scoring a 3 due to its generic nature. Response B, ""spring is a womb for new life,"" employs a more vivid and imaginative metaphor by directly comparing spring to a womb, symbolizing creation and rebirth. This metaphor not only aligns closely with the implicit meaning but also enhances it through powerful and coherent imagery, earning a score of 5. [RESULT] B"
Their ideas are sparks in the night sky.,they were shooting stars in the sky of ideas.,B,"Feedback: Both metaphors aim to capture the essence of fleeting brilliance, but they differ in their approach and effectiveness. Response A, ""Their ideas are sparks in the night sky,"" directly links ideas to sparks, emphasizing their brightness and transient nature, which aligns well with the implicit meaning. The imagery is vivid and coherent, though it lacks the dynamic movement that could further enhance the concept of fleeting inspiration. Response B, ""they were shooting stars in the sky of ideas,"" introduces a more active and dramatic imagery with ""shooting stars,"" which not only conveys brilliance but also the rapid, passing nature of inspiration. The metaphor is highly imaginative and aligns closely with the implicit meaning, offering a more dynamic and engaging representation. While both responses are strong, Response B excels in capturing the intended concept with more vivid and imaginative imagery. [RESULT] B"
Hope is a buoyant force keeping us afloat in troubled waters.,hope is the anchor that holds us steady.,A,"Feedback: Both metaphors aim to convey the idea that hope provides support during difficult times, but they differ in their imagery and alignment with the implicit meaning. Response A uses the metaphor of a ""buoyant force"" to depict hope as something that keeps one afloat in troubled waters, which vividly captures the idea of support and resilience in challenging situations. This aligns closely with the implicit meaning and provides a clear, imaginative representation. Response B, on the other hand, describes hope as an ""anchor,"" which traditionally symbolizes stability but can be misleading in this context, as anchors typically hold something in place rather than lifting or supporting it through turbulent times. While both metaphors are coherent, Response A more accurately and vividly conveys the intended concept of hope as a supportive force. [RESULT] A"
The heat of her fury scorched everyone in the room.,her anger was a storm that shook the room.,A,"Feedback: Both metaphors effectively convey the implicit meaning of intense anger affecting others, but they differ in their imagery and vividness. Response A uses the imagery of ""heat"" and ""scorching,"" which directly evokes a sense of intense, burning anger that impacts everyone in the room. This aligns closely with the implicit meaning and provides a clear, vivid picture. Response B, on the other hand, uses the imagery of a ""storm"" and ""shaking,"" which also conveys intensity and impact but is slightly less direct in depicting the emotional heat of anger. While both are coherent and imaginative, Response A’s imagery is more precise and aligned with the intended concept of intense anger. [RESULT] A"
She's walking through a storm of negativity.,she's enduring a stormy sea of pain and hardship.,B,"Feedback: Both metaphors effectively convey the implicit meaning of struggling against overwhelming negative circumstances, but they differ in their imagery and specificity. Response A uses a ""storm of negativity,"" which is vivid and aligns well with the idea of being overwhelmed, but it lacks the depth of emotional and physical hardship implied in the implicit meaning. Response B, on the other hand, employs a ""stormy sea of pain and hardship,"" which not only captures the overwhelming nature of the struggle but also adds layers of emotional and physical endurance, making it more vivid and coherent. While both are strong, Response B more closely aligns with the implicit meaning by incorporating both the emotional and physical aspects of the struggle, making its imagery richer and more imaginative. [RESULT] B"
Their qualities are curated like a museum collection.,she tended to her mind like a gardener tends a garden.,B,"Feedback: Both metaphors aim to convey the idea of careful selection and precise display, but they differ in their approach and effectiveness. Response A, ""Their qualities are curated like a museum collection,"" aligns well with the implicit meaning of careful selection and precision, as museums are known for curating valuable items with great care. However, the imagery is somewhat static and lacks the dynamic aspect of ongoing maintenance or nurturing. Response B, ""She tended to her mind like a gardener tends a garden,"" introduces a more vivid and active imagery, emphasizing continuous care and growth, which adds depth to the concept of selection and value. While both metaphors capture the essence of the implicit meaning, Response B provides a more imaginative and coherent representation by incorporating the idea of ongoing attention and development. [RESULT] B"
The solution lies in an underground cavern of possibilities.,the answer lies in the depths of the ocean.,A,"Feedback: Both metaphors aim to convey the idea of hidden potential and unexplored opportunities, but they differ in their imagery and alignment with the implicit meaning. Response A uses the concept of an ""underground cavern of possibilities,"" which effectively captures the idea of hidden and untapped resources, aligning well with the implicit meaning. The imagery is vivid and coherent, evoking a sense of discovery and exploration. Response B, on the other hand, uses ""the depths of the ocean"" to represent hidden potential. While the ocean's depths can symbolize unexplored areas, the metaphor is slightly less specific and vivid compared to Response A. The ocean's depths can be vast and mysterious, but they may not as directly evoke the idea of untapped possibilities as an underground cavern does. Both responses align with the implicit meaning, but Response A does so with more precision and imaginative imagery. [RESULT] A"
Her mind is a bustling metropolis of interconnected thoughts.,she is a symphony of thoughts and ideas in harmony.,A,"Feedback: Both metaphors aim to capture the implicit meaning of complex and active mental activity, but they differ in their approach and effectiveness. Response A, ""Her mind is a bustling metropolis of interconnected thoughts,"" uses the imagery of a city to convey complexity and interconnectedness, which aligns well with the idea of a busy, active mind. The metaphor is vivid and coherent, effectively capturing the intended concept. Response B, ""She is a symphony of thoughts and ideas in harmony,"" uses musical imagery to suggest a harmonious and active mental state. While it conveys the idea of active mental activity, the focus on harmony might slightly detract from the complexity aspect, as a symphony implies order and balance rather than the chaotic interconnectedness of a bustling metropolis. Both metaphors are imaginative, but Response A more closely aligns with the implicit meaning by emphasizing the intricate and dynamic nature of mental activity. [RESULT] A"
"We've reached base camp, but the summit still towers above.","she's halfway up the mountain, still climbing.",A,"Feedback: Both metaphors effectively convey the implicit meaning of initial progress with greater challenges ahead, but they differ in their imagery and specificity. Response A uses the vivid imagery of a ""base camp"" and a ""summit,"" which clearly delineates the stages of progress and the looming challenge, aligning closely with the implicit meaning and offering a coherent and imaginative representation. Response B, while also conveying the idea of ongoing effort with ""still climbing,"" lacks the distinct stages and the towering challenge imagery, making it slightly less vivid and specific. Response A’s imagery is more detailed and aligns better with the intended concept, earning it a higher score. [RESULT] A"
The theory flourished in the scientific community.,the theory was a light that shone brightly across the sea of skepticism.,B,"Feedback: Response B is more imaginative and vivid, using the imagery of a ""light shining brightly across the sea of skepticism"" to effectively convey the idea of the theory overcoming doubt and gaining acceptance. This metaphor aligns closely with the implicit meaning of the theory growing and becoming widely accepted, capturing both the struggle against skepticism and the eventual triumph. In contrast, Response A, while accurate, is more literal and lacks the creative imagery that enhances the metaphor's impact. It simply states that the theory flourished, which is a direct but less engaging representation of the implicit meaning. Therefore, Response B better meets the criteria of being clearer, more accurate, and more imaginative. [RESULT] B"
Life breathes color into existence's empty rooms.,"life is a canvas, painted by the colors of our experiences.",B,"Feedback: Both metaphors aim to convey the implicit meaning that life brings vibrancy and meaning to an otherwise empty existence. Response A uses the imagery of ""breathing color into empty rooms,"" which is vivid and aligns well with the idea of filling emptiness with life and vibrancy. However, it is somewhat abstract and may require more interpretation to grasp the full meaning. Response B, on the other hand, uses the metaphor of ""life as a canvas painted by experiences,"" which is more direct and coherent. It clearly conveys the idea that life gains meaning and color through experiences, aligning closely with the implicit meaning. While both are imaginative, Response B is more straightforward and effectively captures the intended concept with clearer imagery. [RESULT] B"
Her mind needed proper nutrition through reading.,she was a puzzle that reading completed.,A,"Feedback: Both metaphors attempt to convey the idea that knowledge nourishes the mind, but they differ in their approach and effectiveness. Response A directly likens reading to providing ""proper nutrition"" for the mind, which closely aligns with the implicit meaning of knowledge as food for the brain. The imagery is clear and coherent, though somewhat straightforward. Response B, on the other hand, uses the metaphor of a puzzle being completed by reading, which is less directly related to the idea of nourishment. While it suggests that reading fulfills or completes something, it does not vividly capture the concept of knowledge as sustenance. Response A is more accurate and imaginative in representing the original idea. [RESULT] A"
Her ideas were a feast for the mind.,her ideas were a treasure trove of mental stimulation.,A,"Feedback: Both metaphors aim to convey the implicit meaning of ""intellectually nourishing and abundant,"" but they differ in their imagery and alignment with the intended concept. Response A, ""Her ideas were a feast for the mind,"" uses the vivid and sensory imagery of a feast, which strongly evokes abundance and nourishment, aligning closely with the implicit meaning. The metaphor is coherent and imaginative, directly connecting the richness of a feast to the intellectual stimulation provided by her ideas. Response B, ""her ideas were a treasure trove of mental stimulation,"" while capturing the idea of abundance through ""treasure trove,"" focuses more on the value and discovery aspect rather than the nourishing element. It is less vivid in conveying the nourishing aspect compared to the feast imagery. Response A better captures the implicit meaning with more vivid and coherent imagery. [RESULT] A"
Properties are thermal conductors of wealth.,money flows like water through economic channels.,B,"Feedback: Both metaphors attempt to convey the concept of wealth transfer and accumulation, but they differ in their approach and effectiveness. Response A uses the analogy of thermal conductors to describe properties, which aligns with the implicit meaning of wealth flowing through properties like heat through conductors. However, the imagery is somewhat abstract and may not be as vivid or intuitive as it could be. Response B, on the other hand, employs the more common and relatable metaphor of water flowing through channels, which directly mirrors the idea of wealth moving through economic systems. While both responses capture the core concept, Response B's imagery is more accessible and coherent, making it a clearer representation of the intended idea. Response A, while accurate, lacks the same level of vividness and relatability. [RESULT] B"
Success injected new energy into the team's morale.,their achievement lit a fire under the team's confidence.,B,"Feedback: Both metaphors aim to convey the implicit meaning of success revitalizing and energizing the team. Response A uses the imagery of ""injected new energy,"" which directly aligns with the concept of revitalization but lacks the vividness and emotional impact of Response B. Response B employs the metaphor of ""lit a fire under,"" which not only conveys energy but also adds a sense of urgency and intensity, making it more vivid and imaginative. While both responses capture the intended meaning, Response B does so with more clarity, coherence, and emotional resonance. [RESULT] B"
Their love wrapped around them like a heated blanket.,their affection was a shield of safety and peace.,A,"Feedback: Both metaphors aim to convey the implicit meaning of ""warm comfort and protection,"" but they do so with differing levels of vividness and coherence. Response A, ""Their love wrapped around them like a heated blanket,"" effectively captures the warmth and comfort aspect through the imagery of a heated blanket, which aligns closely with the intended meaning. However, it slightly lacks in conveying the protective element. Response B, ""their affection was a shield of safety and peace,"" strongly emphasizes protection and safety through the metaphor of a shield, but it is less vivid in conveying the warmth aspect. Response A is more imaginative and coherent in aligning with the warmth part of the implicit meaning, while Response B better captures the protection aspect. Given the criteria, Response A is slightly more aligned with the overall implicit meaning due to its vivid and coherent imagery of warmth, though it falls short on protection. [RESULT] A"
Her emotional equilibrium is a master juggler's performance.,she juggles life's demands with ease and skill.,A,"Feedback: Both responses capture the implicit meaning of skillfully maintaining balance despite multiple emotional challenges, but they differ in their approach and vividness. Response A uses the metaphor of a ""master juggler's performance"" to represent emotional equilibrium, which is imaginative and aligns closely with the implicit meaning by emphasizing the skill and precision required. It also introduces a vivid and coherent image of a juggler, enhancing the metaphor's impact. Response B, while conveying the same idea, is more direct and less imaginative, stating that ""she juggles life's demands with ease and skill."" It lacks the layered imagery of Response A but is still clear and effective. Response A's metaphor is more vivid and creatively aligns with the implicit meaning, making it the stronger choice. [RESULT] A"
She deposited extra hours into her weekend savings.,she is a time bank.,A,"Feedback: Both responses attempt to convey the implicit meaning of treating time as a resource akin to money, but they differ in their approach and effectiveness. Response A, ""She deposited extra hours into her weekend savings,"" directly aligns with the concept of saving and storing time, using the metaphor of a bank deposit to emphasize the idea of accumulating time for future use. The imagery is clear and coherent, closely mirroring the implicit meaning. Response B, ""she is a time bank,"" while imaginative, is more abstract and less specific in conveying the act of saving time. It implies the concept but does not explicitly depict the action of storing or saving time, making it less vivid and less aligned with the implicit meaning compared to Response A. [RESULT] A"
His gaze climbed the towering building.,he scaled the building from ground to sky.,A,"Feedback: Both responses aim to convey the implicit meaning of looking upward gradually from bottom to top, but they differ in their approach and vividness. Response A uses the metaphor of a ""gaze climbing"" to depict the upward movement, which is coherent and aligns well with the implicit meaning, though it is somewhat passive and less dynamic. Response B, on the other hand, employs the verb ""scaled,"" which implies a more active and deliberate action, enhancing the imagery and making it more vivid. However, ""scaled"" typically suggests a physical ascent rather than a visual one, which introduces a slight discrepancy with the implicit meaning. Response A maintains a clearer focus on the visual aspect of looking upward, while Response B adds a layer of action that, while imaginative, slightly deviates from the intended concept. [RESULT] A"
The debate was a crossfire of verbal artillery.,a boxing ring,A,"Feedback: Response A, ""The debate was a crossfire of verbal artillery,"" effectively captures the intense and hostile nature of the exchange by using vivid imagery of a battlefield, aligning closely with the implicit meaning. It conveys both the aggression and the back-and-forth nature of the debate. Response B, ""a boxing ring,"" while suggesting a confrontational setting, lacks the specificity and vividness of verbal conflict, focusing more on physical combat rather than the exchange of arguments. Response A is more imaginative and coherent in representing the intended concept. [RESULT] A"
"Time stalks us through the corridors of life, never losing our trail.",life's journey is a river of time.,A,"Feedback: Both metaphors aim to convey the relentless nature of time, but they differ in their approach and effectiveness. Response A uses the imagery of a stalker in the ""corridors of life,"" which vividly captures the idea of time as an inescapable pursuer, aligning closely with the implicit meaning. The metaphor is imaginative and creates a sense of tension and inevitability. Response B, while coherent, uses a more common and less vivid comparison of life's journey to a river of time. It conveys the passage of time but lacks the intensity and pursuit aspect present in the implicit meaning. Response A is more imaginative, vivid, and aligns better with the intended concept. [RESULT] A"
Words are bridges connecting minds across the void.,progress is a journey that requires effort and determination.,A,"Feedback: Response A directly captures the implicit meaning by using the metaphor of ""words as bridges"" to illustrate how communication connects minds across distances, aligning closely with the intended concept. The imagery is vivid and coherent, effectively conveying the idea of overcoming separation. In contrast, Response B, while imaginative, focuses on the concept of progress as a journey, which does not align with the implicit meaning of communication bridging distances. Response B’s imagery is clear but fails to address the core idea of connecting thoughts across separation. Response A is superior in both alignment and vividness. [RESULT] A"
We're standing at the edge of this problem's precipice.,our decisions are at the crossroads of destiny.,A,"Feedback: Both metaphors attempt to convey the implicit meaning of facing a critical situation, but they differ in their approach and effectiveness. Response A uses the imagery of a ""precipice,"" which vividly captures the danger and the sense of being on the edge of a significant, potentially harmful outcome. This aligns closely with the implicit meaning and provides a clear, coherent image. Response B, on the other hand, uses the metaphor of a ""crossroads of destiny,"" which suggests a moment of decision with significant consequences but lacks the immediate sense of danger and urgency present in the implicit meaning. While both metaphors are imaginative, Response A is more vivid and directly aligned with the intended concept of a dangerous situation requiring careful handling. [RESULT] A"
The action orbited around the central issue.,the problem was the core of an onion.,A,"Feedback: Both metaphors attempt to convey the idea of multiple actions or events revolving around one main problem, but they differ in their approach and effectiveness. Response A uses the imagery of an orbit, which aligns well with the concept of actions revolving around a central issue, creating a coherent and clear picture. However, it lacks the vividness and depth that could make the metaphor more imaginative. Response B, on the other hand, employs the metaphor of an onion, suggesting layers of complexity around a core problem. While this adds a layer of vividness and originality, it slightly deviates from the implicit meaning as it emphasizes the complexity of the problem rather than the actions revolving around it. Response A more directly captures the intended concept, though it could benefit from more imaginative imagery. Response B is more vivid but less aligned with the exact meaning. [RESULT] A"
This problem is a target hidden in the fog.,a mysterious fog,A,"Feedback: Response A (""This problem is a target hidden in the fog"") more effectively captures the implicit meaning by explicitly framing the problem as a target obscured by fog, which vividly conveys the difficulty in understanding or solving it due to unclear circumstances. The imagery is coherent and imaginative, aligning closely with the intended concept. In contrast, Response B (""a mysterious fog"") only partially reflects the implicit meaning by mentioning fog, but it lacks the context of a problem or target, making it less vivid and less aligned with the specific idea of something being hard to understand or solve. [RESULT] A"
The manager juggled all the moving pieces.,a conductor orchestrating multiple symphonies at once.,B,"Feedback: Both metaphors aim to convey the idea of managing multiple tasks simultaneously with skill. Response A uses the imagery of ""juggling all the moving pieces,"" which captures the multitasking aspect but lacks the depth and precision of skill implied in the implicit meaning. The metaphor is straightforward but somewhat generic. Response B, on the other hand, employs the imagery of ""a conductor orchestrating multiple symphonies at once,"" which not only conveys multitasking but also emphasizes the skill, coordination, and harmony required to manage complex tasks effectively. The conductor metaphor is more vivid, imaginative, and closely aligned with the implicit meaning, as it highlights both the complexity and the artistry involved in managing multiple tasks. [RESULT] B"
The project was too big to swallow at once.,she tackled the project one piece at a time.,B,"Feedback: Response A uses the metaphor of ""swallowing"" to convey the overwhelming nature of the project, which aligns with the implicit meaning of the project being difficult to handle in one attempt. However, the imagery is somewhat generic and lacks vividness, as ""swallowing"" doesn't fully capture the complexity or the process of dealing with a large project. Response B, on the other hand, employs the metaphor of ""tackling one piece at a time,"" which not only conveys the difficulty of the project but also suggests a methodical approach to handling it. This metaphor is more vivid and coherent, as it provides a clear image of breaking down a large task into manageable parts. While both responses capture the implicit meaning, Response B does so with greater clarity and imagination. [RESULT] B"
She's overdosing on retail therapy.,her shopping habit was a bottomless pit of consumerism.,A,"Feedback: Both metaphors aim to convey the implicit meaning of excessive and unhealthy shopping behavior. Response A, ""She's overdosing on retail therapy,"" uses the vivid and direct imagery of an overdose, which strongly aligns with the unhealthy aspect of the behavior, earning it a score of 4 due to its clarity and impact. Response B, ""her shopping habit was a bottomless pit of consumerism,"" effectively captures the endless and uncontrollable nature of the behavior with the imagery of a bottomless pit, also scoring a 4 for its coherence and vividness. The key difference lies in the focus: Response A emphasizes the harmful consequences, while Response B highlights the insatiable nature of the habit. Both are strong, but Response A slightly edges out due to its more direct and impactful imagery. [RESULT] A"
Their love glowed like a constant star.,an anchor,A,"Feedback: Response A, ""Their love glowed like a constant star,"" effectively captures the implicit meaning of enduring and bright love that never fades. The metaphor uses vivid imagery of a star, which is naturally associated with brightness and constancy, aligning closely with the intended concept. It is imaginative and coherent, clearly conveying the idea of unyielding love. Response B, ""an anchor,"" however, does not align well with the implicit meaning. While an anchor symbolizes stability, it lacks the brightness and enduring glow implied in the reference, making it less vivid and less accurate in conveying the intended concept. The imagery in Response B is more generic and does not capture the full essence of the implicit meaning. Therefore, Response A is the better metaphor. [RESULT] A"
His ideas are raw diamonds needing careful refinement.,his ideas are rough diamonds in the rough.,A,"Feedback: Both metaphors aim to convey the implicit meaning of ""valuable but unpolished potential,"" but they differ in their execution. Response A, ""His ideas are raw diamonds needing careful refinement,"" aligns closely with the implicit meaning by emphasizing the need for refinement, which directly reflects the ""unpolished"" aspect. The imagery is vivid and coherent, effectively capturing the idea that the potential is valuable but requires work. Response B, ""his ideas are rough diamonds in the rough,"" uses a redundant phrase (""rough diamonds in the rough"") that weakens the clarity and coherence of the metaphor. While it still conveys the idea of unpolished potential, the redundancy dilutes the impact and precision of the imagery. Response A is more imaginative and accurate in representing the original idea. [RESULT] A"
His motor was running hot all night long.,a flame burning bright in the darkness.,B,"Feedback: Both metaphors attempt to convey restlessness, but they differ in their approach and effectiveness. Response A uses the imagery of a ""motor running hot,"" which metaphorically suggests continuous activity or tension, aligning well with the idea of being unable to sleep due to restlessness. However, the imagery is somewhat mechanical and less vivid in evoking the emotional aspect of anxiety. Response B, on the other hand, uses a ""flame burning bright in the darkness,"" which is more imaginative and vivid, capturing both the intensity and the isolating nature of restlessness or anxiety. While both metaphors align with the implicit meaning, Response B does so with more emotional depth and clarity. [RESULT] B"
Her affection radiated like a gentle sunbeam.,her love was a warm blanket that wrapped everyone in comfort.,B,"Feedback: Both metaphors aim to convey the implicit meaning of warm and nurturing love that spreads outward, but they differ in their approach and effectiveness. Response A uses the imagery of a ""gentle sunbeam"" to represent affection, which captures the idea of warmth and outward spreading but lacks the nurturing aspect. The sunbeam is vivid and coherent but leans more toward a gentle, passive warmth rather than an enveloping, nurturing love. Response B, on the other hand, uses a ""warm blanket"" to symbolize love, which more directly aligns with the nurturing aspect of the implicit meaning. The imagery of a blanket wrapping everyone in comfort is both vivid and coherent, effectively conveying the idea of love that is both warm and protective. While both metaphors are imaginative, Response B more closely aligns with the implicit meaning in both tone and concept. [RESULT] B"
Depression is an inertial force resisting all movement forward.,depression was a heavy anchor that held her back.,B,"Feedback: Both metaphors effectively convey the implicit meaning of depression as an invisible weight that prevents progress. Response A uses the concept of ""inertial force,"" which aligns with the idea of resistance to movement, but it lacks the vivid imagery of a physical weight. Response B, on the other hand, employs the image of a ""heavy anchor,"" which is a more concrete and relatable representation of the invisible weight, making it more vivid and coherent. While both responses capture the intended concept, Response B does so with greater clarity and imagination. [RESULT] B"
States are neighborhoods in liberty's city.,communities are the cells of freedom's living organism.,B,"Feedback: Both metaphors aim to convey the coexistence of different states within the broader concept of freedom. Response A uses the imagery of ""neighborhoods in liberty's city,"" which effectively captures the idea of distinct entities (states) existing harmoniously within a larger, unified framework (freedom). The imagery is coherent and vivid, though it leans slightly more on a static, structural analogy. Response B, on the other hand, employs the metaphor of ""cells of freedom's living organism,"" which introduces a dynamic, biological perspective, emphasizing the interdependence and vitality of communities within freedom. While both metaphors align well with the implicit meaning, Response B offers a more imaginative and vivid representation by invoking the organic, living nature of freedom, making it a clearer and more engaging portrayal. [RESULT] B"
His speech stumbled under the weight of whiskey.,"his speech was whiskey-soaked, slurred and barely intelligible.",B,"Feedback: Both responses aim to convey the implicit meaning of drunken, slurred speech, but they differ in their approach and effectiveness. Response A uses the metaphor of speech ""stumbling under the weight of whiskey,"" which captures the idea of impaired speech but is somewhat abstract and less vivid in depicting the slurred nature. Response B, on the other hand, directly describes the speech as ""whiskey-soaked, slurred, and barely intelligible,"" which is more explicit, vivid, and closely aligned with the implicit meaning. While both responses are coherent, Response B excels in clarity and imagery, making it a more accurate and imaginative representation of the original idea. [RESULT] B"
Her emotions maintain a perfect seesaw equilibrium.,her heart is a balanced scale.,B,"Feedback: Both metaphors aim to convey the idea of emotional balance, but they differ in their approach and effectiveness. Response A uses the imagery of a seesaw, which inherently implies a dynamic equilibrium, suggesting that her emotions are constantly shifting but maintaining balance. This aligns well with the implicit meaning of emotions balanced between extremes, though the imagery is somewhat less vivid and less directly tied to the concept of balance. Response B, on the other hand, uses the metaphor of a balanced scale, which is a more direct and universally recognized symbol of equilibrium. This metaphor is more vivid and coherent, clearly conveying the idea of balance between extremes without the need for additional interpretation. While both responses capture the implicit meaning, Response B does so with greater clarity and precision, using imagery that is more universally understood and directly aligned with the concept of balance. [RESULT] B"
The visual field is a basket catching moving objects.,her eyes were the camera of her body.,A,"Feedback: Both metaphors attempt to capture the idea of vision as a collector of visual information, but they differ in their approach and effectiveness. Response A, ""The visual field is a basket catching moving objects,"" aligns closely with the implicit meaning by directly comparing the visual field to a container (basket) that collects objects, mirroring the concept of vision gathering visual information. The imagery is coherent and vivid, effectively conveying the intended idea. Response B, ""Her eyes were the camera of her body,"" while imaginative, focuses more on the eyes as a tool for capturing visual information rather than the broader concept of the visual field as a container. It introduces a different metaphor (camera) that, although related, does not as directly or vividly capture the implicit meaning of vision as a container. Response A is more aligned with the implicit meaning and uses more appropriate imagery. [RESULT] A"
The team's creativity flows like an endless river of resources.,the team is a wellspring of endless innovative ideas.,B,"Feedback: Both metaphors aim to convey the implicit meaning of continuous and abundant creative output, but they differ in their approach and effectiveness. Response A uses the imagery of a ""river of resources,"" which captures the idea of continuous flow but may be less precise in linking the flow directly to creativity. Response B, on the other hand, directly associates the team with a ""wellspring of endless innovative ideas,"" which more clearly and vividly aligns with the concept of abundant creative output. While both metaphors are coherent, Response B is more imaginative and accurate in representing the intended meaning, as it directly ties the team to the source of creativity. [RESULT] B"
Her euphoria ascended like a morning sun.,"she blossomed into a radiant, brilliant flower.",A,"Feedback: Both metaphors aim to capture the implicit meaning of ""rising happiness and radiant joy,"" but they differ in their approach and effectiveness. Response A, ""Her euphoria ascended like a morning sun,"" uses the imagery of the sun rising, which aligns well with the idea of something ascending and becoming more radiant, closely mirroring the implicit meaning. The metaphor is vivid and coherent, effectively conveying the gradual increase in joy. Response B, ""she blossomed into a radiant, brilliant flower,"" also captures the concept of radiance and growth but focuses more on transformation rather than ascent. While it is imaginative and aligns with the joy aspect, it slightly deviates from the ""rising"" element of the implicit meaning. Response A is more precise in capturing both the rising and radiant aspects, making it a clearer and more accurate representation. [RESULT] A"
She inherits qualities like family heirlooms.,she carries the weight of her ancestors in her genes.,A,"Feedback: Both metaphors attempt to convey the idea of inherited traits, but they differ in their approach and effectiveness. Response A uses the imagery of ""family heirlooms,"" which aligns well with the implicit meaning of personal traits being passed down like precious objects. The metaphor is coherent and captures the idea of value and legacy, earning a score of 4. Response B, on the other hand, introduces the concept of ""carrying the weight of ancestors in her genes,"" which adds a layer of burden or responsibility not present in the implicit meaning. While it is imaginative and vivid, it diverges slightly from the intended concept of traits being passed down like precious objects, earning a score of 3. Response A more closely adheres to the implicit meaning and uses clearer, more relevant imagery. [RESULT] A"
"The scholars entered the intellectual arena, ready for a fierce theoretical battle.",she ran herself into a better situation.,A,"Feedback: Response A effectively captures the implicit meaning by comparing academic debate to a ""fierce theoretical battle,"" which aligns closely with the combat analogy. The imagery is vivid and coherent, using terms like ""intellectual arena"" to evoke a sense of competition and conflict. In contrast, Response B, ""she ran herself into a better situation,"" does not relate to the combat or academic debate concept, failing to convey the intended meaning. Response A is highly imaginative and aligns well with the reference in both meaning and tone, while Response B is completely unrelated and lacks coherence with the implicit meaning. [RESULT] A"
The mind's reception desk filters incoming experiences.,our brain is a filter that refines the world.,B,"Feedback: Both metaphors aim to convey the brain's selective processing of information, but they differ in their approach and vividness. Response A uses the imagery of a ""reception desk,"" which introduces a human element and suggests a more active, conscious filtering process, aligning well with the implicit meaning. However, the metaphor is somewhat abstract and less direct in its connection to the brain's function. Response B, on the other hand, directly equates the brain to a ""filter,"" which is a more straightforward and vivid representation of the selective processing concept. While both responses capture the implicit meaning, Response B does so with greater clarity and coherence, using a more direct and imaginative analogy. [RESULT] B"
His addiction to checking social media is a daily dose he can't skip.,his social media habit is an itch he can't scratch.,A,"Feedback: Both metaphors attempt to convey the idea of social media dependency, but they differ in their alignment with the implicit meaning and the vividness of their imagery. Response A, ""His addiction to checking social media is a daily dose he can't skip,"" closely aligns with the implicit meaning by directly referencing a ""daily dose,"" which mirrors the concept of a medical addiction requiring regular doses. The imagery is clear and coherent, effectively conveying the intended concept. Response B, ""his social media habit is an itch he can't scratch,"" while imaginative, does not align as closely with the implicit meaning. It compares social media dependency to an itch, which suggests irritation or discomfort rather than a medical addiction requiring regular doses. The imagery is vivid but does not capture the same nuance as Response A. Therefore, Response A is a clearer, more accurate, and more imaginative representation of the original idea. [RESULT] A"
The river of his potential carries his developing skills.,he was a seed growing into a flower.,A,"Feedback: Both metaphors attempt to capture the concept of personal growth, but they differ in their alignment with the implicit meaning of continuous forward development. Response A, ""The river of his potential carries his developing skills,"" effectively conveys the idea of continuous flow and progression, aligning closely with the implicit meaning. The imagery of a river is vivid and suggests an ongoing, unstoppable process, which matches the tone of continuous growth. In contrast, Response B, ""he was a seed growing into a flower,"" while imaginative, focuses more on transformation from one state to another rather than continuous forward movement. It captures growth but lacks the element of ongoing progression inherent in the implicit meaning. Response A's imagery is more coherent and directly reflects the intended concept, making it the better choice. [RESULT] A"
Every cleared path leads to a garden of possibilities.,each chance is a seed that grows into many opportunities.,A,"Feedback: Both metaphors aim to convey the idea that opportunities emerge when obstacles are removed, but they differ in their approach and vividness. Response A uses the imagery of a ""cleared path"" leading to a ""garden of possibilities,"" which effectively symbolizes the removal of obstacles and the subsequent abundance of opportunities. The garden metaphor is vivid and coherent, creating a clear and imaginative picture. Response B, on the other hand, likens ""each chance"" to a ""seed that grows into many opportunities,"" which also aligns with the implicit meaning but focuses more on the growth aspect rather than the removal of obstacles. While the seed metaphor is imaginative, it is slightly less direct in conveying the idea of obstacle removal compared to Response A. Both metaphors score a 4, but Response A edges out due to its more direct and vivid representation of the implicit meaning. [RESULT] A"
His temper was a pressure cooker about to explode.,his anger was a volcano about to erupt.,B,"Feedback: Both metaphors effectively convey the implicit meaning of building anger reaching a dangerous breaking point, but they differ in their imagery and coherence. Response A, ""His temper was a pressure cooker about to explode,"" uses a domestic, man-made object to represent anger, which is vivid and relatable in everyday contexts. It aligns well with the reference meaning but lacks the natural, unstoppable force implied in the implicit meaning. Response B, ""His anger was a volcano about to erupt,"" employs a natural phenomenon, which inherently conveys a sense of inevitability and destructive power, closely mirroring the implicit meaning. The imagery in Response B is more vivid and coherent with the concept of a dangerous breaking point. While both are strong, Response B better captures the intended concept with its more imaginative and fitting imagery. [RESULT] B"
She scaled the peaks of logical reasoning.,a skilled navigator who can chart a course through complex waters.,B,"Feedback: Both metaphors aim to convey mastery in logical thinking and problem-solving, but they differ in their approach and imagery. Response A uses the metaphor of ""scaling peaks,"" which suggests overcoming challenges and reaching high levels of achievement, aligning well with the implicit meaning. However, the imagery is somewhat generic and lacks the depth of a more nuanced concept. Response B, on the other hand, employs the metaphor of a ""skilled navigator charting a course through complex waters,"" which vividly captures the idea of navigating through intricate problems with precision and expertise. This imagery is more imaginative and coherent, providing a clearer and more engaging representation of the intended concept. While both responses reflect the implicit meaning, Response B does so with greater vividness and originality. [RESULT] B"
Each opportunity is a compass pointing to different destinations.,life is a highway with many exits.,A,"Feedback: Both metaphors aim to convey the idea that opportunities offer various life paths, but they differ in their approach and effectiveness. Response A, ""Each opportunity is a compass pointing to different destinations,"" directly links opportunities to guidance and direction, which aligns well with the implicit meaning. The imagery of a compass is clear and coherent, providing a strong visual representation of choosing paths. Response B, ""Life is a highway with many exits,"" while imaginative, focuses more on the journey of life rather than the opportunities themselves. The metaphor is somewhat generic and less directly tied to the concept of opportunities providing choices. Response A more accurately and vividly captures the intended meaning, making it the better choice. [RESULT] A"
This challenge is a combination safe testing our patience.,she navigated the problem with a map and compass.,A,"Feedback: Both metaphors attempt to convey the implicit meaning of a frustrating, time-consuming challenge, but they differ in their approach and effectiveness. Response A, ""This challenge is a combination safe testing our patience,"" aligns closely with the implicit meaning by emphasizing the need for patience and careful effort, akin to unlocking a combination safe. The imagery is vivid and coherent, directly linking the challenge to a specific, time-consuming task. Response B, ""She navigated the problem with a map and compass,"" while imaginative, focuses more on methodical problem-solving rather than the frustration and time-consuming nature of the challenge. It lacks the direct connection to the implicit meaning of frustration and patience. Response A better captures the intended concept with clearer and more vivid imagery. [RESULT] A"
"Ideas, like children, need guidance but not control.",she was a seed that grew in the right direction.,A,"Feedback: Both metaphors attempt to convey the idea of nurturing freedom rather than strict control, but they differ in their approach and effectiveness. Response A directly compares ideas to children, emphasizing the need for guidance without control, which closely aligns with the implicit meaning. The imagery is clear and coherent, though somewhat conventional. Response B, while imaginative, focuses on the growth of a seed, which metaphorically suggests natural development but does not explicitly address the balance between freedom and control. It is more abstract and less directly tied to the implicit meaning. Response A is more precise and vivid in conveying the intended concept. [RESULT] A"
Time is a relentless shapeshifter.,life is a continuous river of change and evolution.,A,"Feedback: Both metaphors aim to capture the idea of constant change, but they differ in their focus and imagery. Response A, ""Time is a relentless shapeshifter,"" emphasizes the active, transformative nature of time, aligning closely with the implicit meaning by highlighting its unyielding and ever-changing essence. The imagery of a ""shapeshifter"" is vivid and imaginative, effectively conveying the concept of constant transformation. Response B, ""Life is a continuous river of change and evolution,"" while capturing the idea of change, shifts the focus from time to life, which slightly diverges from the implicit meaning. The river metaphor is coherent and vivid but is more generic and less directly tied to the concept of time as the driving force of change. Response A better aligns with the implicit meaning and uses more original imagery. [RESULT] A"
"The chase of time knows no rest, no mercy.",time is a relentless river.,B,"Feedback: Both metaphors aim to capture the relentless and consuming nature of time, but they differ in their approach and effectiveness. Response A, ""The chase of time knows no rest, no mercy,"" emphasizes the active pursuit and lack of compassion, which aligns well with the implicit meaning. However, it uses a more abstract and less vivid image of a ""chase,"" which may not be as immediately evocative. Response B, ""time is a relentless river,"" employs a more concrete and universally recognized image of a river, which naturally conveys the idea of continuous, unstoppable movement and consumption. The river metaphor is more vivid and coherent, directly aligning with the implicit meaning of time's relentless pursuit and consumption. While both responses capture the intended concept, Response B does so with greater clarity and imaginative precision. [RESULT] B"
The theory evolved to adapt to new evidence.,she ran herself into a better situation.,A,"Feedback: Response A (""The theory evolved to adapt to new evidence"") aligns more closely with the implicit meaning of ideas changing and growing like living organisms, as it directly uses the concept of evolution, which is a biological process akin to the growth and adaptation of living organisms. The imagery is coherent and effectively conveys the intended concept of gradual change and adaptation. Response B (""she ran herself into a better situation"") diverges significantly from the implicit meaning, as it focuses on active self-improvement rather than the organic, gradual process of growth and change. While it uses vivid imagery, it fails to capture the core idea of ideas evolving like living organisms. Therefore, Response A is more accurate and imaginative in representing the original idea. [RESULT] A"
Her wit was a bandage for their wounded spirits.,her humor was a balm for the soul.,B,"Feedback: Both metaphors aim to convey the implicit meaning of healing through humor and cleverness, but they differ in their imagery and specificity. Response A uses ""wit"" as a ""bandage,"" which effectively suggests a temporary relief for wounded spirits, aligning well with the healing aspect. However, the imagery of a bandage is somewhat literal and less vivid compared to Response B. Response B employs ""humor"" as a ""balm for the soul,"" which is more imaginative and evokes a deeper, more soothing healing effect. The phrase ""balm for the soul"" is also more universally resonant and coherent in conveying the intended concept. While both responses capture the implicit meaning, Response B does so with more vivid and evocative imagery. [RESULT] B"
Each creation illuminates like a beacon in darkness.,a new creation shines like a beacon in the night.,A,"Feedback: Both Response A and Response B effectively convey the implicit meaning that creative works provide guidance and inspiration in times of uncertainty by using the imagery of a beacon in darkness. However, Response A (""Each creation illuminates like a beacon in darkness"") is slightly more vivid and coherent, as it emphasizes the active role of creations in illuminating, which aligns closely with the idea of providing guidance. Response B (""a new creation shines like a beacon in the night"") is also strong but focuses more on the shining aspect, which is slightly less direct in conveying the guiding and inspiring nature of creative works. Both responses use clear and imaginative imagery, but Response A captures the intended concept more precisely. [RESULT] A"
Joy is an upward force that lifts the spirit skyward.,her happiness filled her heart with sunshine.,A,"Feedback: Both metaphors aim to capture the implicit meaning of joy making people feel elevated and light, but they differ in their approach and effectiveness. Response A uses the imagery of an ""upward force"" lifting the spirit ""skyward,"" which directly aligns with the concept of elevation and lightness, creating a vivid and coherent picture. The metaphor is highly imaginative and accurately conveys the intended meaning. Response B, while also positive, uses the imagery of ""sunshine"" filling the heart, which is more associated with warmth and brightness rather than elevation or lightness. Although it captures a positive emotion, it does not as closely align with the specific implicit meaning. Response A is more precise and imaginative in representing the original idea. [RESULT] A"
Life's challenges are like sorting through mixed storage bins.,she ran herself into a better situation.,A,"Feedback: Response A effectively captures the implicit meaning by comparing life's challenges to sorting through mixed storage bins, which conveys the idea of messiness and the need for careful organization. The imagery is vivid and coherent, aligning well with the intended concept. Response B, however, does not align closely with the implicit meaning; running into a better situation does not reflect the messiness or the organizational effort required to overcome obstacles. While Response B is somewhat imaginative, it fails to convey the core idea of the implicit meaning. Therefore, Response A is a clearer, more accurate, and more imaginative representation. [RESULT] A"
Market pressures are creating a turbulent atmosphere.,the market is a stormy sea.,B,"Feedback: Both metaphors aim to convey the implicit meaning of economic instability and chaos. Response A uses the phrase ""turbulent atmosphere"" to describe market pressures, which aligns with the idea of instability but lacks the vividness and directness of Response B. Response B, ""the market is a stormy sea,"" employs a more concrete and universally recognized image of a stormy sea, which directly evokes chaos and unpredictability, closely mirroring the implicit meaning. While both responses capture the intended concept, Response B does so with more vivid and coherent imagery, making it a clearer and more imaginative representation. [RESULT] B"
Properties are magnetic forces attracting investment.,a strong property portfolio attracts investment like a magnet.,B,"Feedback: Both responses aim to convey the implicit meaning that properties have a powerful pull on money and investors, but they differ in their approach and effectiveness. Response A directly likens properties to magnetic forces, which is a clear and vivid metaphor but slightly abstract in its connection to investment. Response B, on the other hand, uses a more concrete and coherent imagery by stating that a strong property portfolio attracts investment like a magnet, directly aligning with the implicit meaning and providing a clearer, more imaginative representation. While both responses are effective, Response B excels in coherence and vividness, making it a better fit for the intended concept. [RESULT] B"
Environmental pollution is a cancer growing in society's organs.,"[your metaphor here, 10 words maximum]",A,"Feedback: Response A effectively captures the implicit meaning by comparing pollution to cancer, emphasizing its destructive, spreading nature and systemic damage to society. However, the imagery is somewhat generic and lacks originality. Response B is not provided, so a direct comparison cannot be made. Based on the given information, Response A aligns well with the reference meaning but falls short in vividness and originality. [RESULT] A"
Antibiotics are the heavy artillery in our battle against infection.,a potent sword against bacterial foes.,A,"Feedback: Both metaphors aim to convey the implicit meaning of a powerful medical defense against disease, but they differ in their imagery and alignment with the intended concept. Response A, ""Antibiotics are the heavy artillery in our battle against infection,"" effectively uses military imagery to emphasize the strength and strategic importance of antibiotics, closely aligning with the implicit meaning. The metaphor is vivid and coherent, drawing a clear parallel between warfare and medical treatment. Response B, ""a potent sword against bacterial foes,"" also employs a military analogy but focuses on a single weapon, which is less comprehensive than the idea of heavy artillery. While it captures the potency aspect, it lacks the broader strategic implication present in Response A. Therefore, Response A is more imaginative, vivid, and closely aligned with the implicit meaning. [RESULT] A"
They breathed the same emotional air.,they were two hearts beating as one.,B,"Feedback: Both metaphors aim to convey the implicit meaning of two people sharing the same emotional state, but they differ in their approach and vividness. Response A, ""They breathed the same emotional air,"" uses a subtle and abstract imagery of sharing an intangible element (emotional air), which aligns with the idea of shared feelings but lacks the vividness and directness needed to strongly convey the concept. Response B, ""they were two hearts beating as one,"" employs a more concrete and universally recognized symbol of unity (hearts beating together), which directly and vividly captures the essence of emotional synchronization. While both metaphors are coherent, Response B excels in clarity, vividness, and alignment with the implicit meaning, making it the more effective representation. [RESULT] B"
Their compliance grip was beginning to slip.,efforts were hindered by the weight of red tape.,A,"Feedback: Both metaphors attempt to convey the idea of losing control over enforcing rules, but they differ in their approach and effectiveness. Response A uses the imagery of a ""compliance grip slipping,"" which directly relates to the concept of control and enforcement, creating a vivid and coherent picture. It aligns closely with the implicit meaning, earning a score of 4. Response B, on the other hand, introduces the idea of ""red tape"" hindering efforts, which is a common metaphor for bureaucratic obstacles but does not directly address the loss of control over enforcement. While it loosely reflects the meaning, the imagery is more generic and less focused on the specific concept of losing control, earning a score of 3. [RESULT] A"
Our love is a delicate porcelain that must be handled with care.,our relationship is a delicate flower that needs careful watering.,A,"Feedback: Both metaphors effectively convey the fragility of love and the need for careful treatment, aligning well with the implicit meaning. However, Response A uses the imagery of ""delicate porcelain,"" which is vivid and directly evokes the idea of something easily broken if mishandled, closely mirroring the fragility and caution required in love. Response B, while also conveying fragility through the metaphor of a ""delicate flower,"" introduces the additional element of ""watering,"" which, although suggesting care, slightly diverges from the direct imagery of fragility and potential breakage. Response A’s imagery is more precise and coherent with the implicit meaning, making it a clearer and more accurate representation. [RESULT] A"
The knowledge sits firmly in his palm.,he is the book of the information.,A,"Feedback: Both metaphors attempt to convey mastery over information, but they differ in their approach and effectiveness. Response A, ""The knowledge sits firmly in his palm,"" uses a vivid image of holding knowledge, which aligns well with the idea of control and mastery. The imagery is clear and coherent, suggesting a secure and confident grasp of information. Response B, ""He is the book of the information,"" while creative, is less direct and vivid. It implies a source of information rather than control over it, and the metaphor of being a book is less dynamic and imaginative compared to holding knowledge in one's palm. Response A more closely captures the implicit meaning of complete mastery and control, with clearer and more vivid imagery. [RESULT] A"
Each minute is a drop in the bucket of existence.,minutes are the pages of our life's story.,A,"Feedback: Both metaphors attempt to convey the idea that time is small and insignificant in the grand scheme of life, but they differ in their approach and effectiveness. Response A, ""Each minute is a drop in the bucket of existence,"" uses the imagery of a drop in a bucket to suggest the insignificance of individual minutes, which aligns well with the implicit meaning. The metaphor is vivid and coherent, effectively conveying the concept that time is a tiny part of a much larger whole. Response B, ""minutes are the pages of our life's story,"" while imaginative, shifts the focus to the narrative aspect of life rather than the insignificance of time. It implies that minutes are meaningful components of a story, which contradicts the implicit meaning of time being small and insignificant. In terms of alignment with the implicit meaning, vividness, and coherence, Response A outperforms Response B. [RESULT] A"
Properties are resonant frequencies of market dynamics.,a compass aligns with the north star of market trends.,A,"Feedback: Response A uses the concept of ""resonant frequencies"" to capture the rhythmic fluctuation of real estate values in response to market dynamics, which aligns well with the implicit meaning of sound waves. However, the imagery is somewhat abstract and may not be as vivid or accessible as it could be. Response B, on the other hand, employs the metaphor of a compass aligning with the north star to represent market trends, which is clear and coherent but does not directly convey the rhythmic or wave-like nature of the implicit meaning. While both metaphors have their strengths, Response A more closely captures the intended concept of rhythmic fluctuation, though its imagery could be more vivid. Response B is clearer but less aligned with the specific imagery of sound waves. [RESULT] A"
The solution lies in the heart of the tangle.,the solution is like a pearl hidden within the oyster of complexity.,B,"Feedback: Both metaphors aim to convey the idea that the solution is hidden within complexity, but they differ in their imagery and clarity. Response A, ""The solution lies in the heart of the tangle,"" uses the word ""tangle"" to represent complexity, which is somewhat vivid but lacks the depth and elegance of Response B. Response B, ""the solution is like a pearl hidden within the oyster of complexity,"" employs a more imaginative and coherent analogy, comparing the solution to a pearl and complexity to an oyster, which is both vivid and aligns closely with the implicit meaning. While both responses capture the core idea, Response B excels in originality and clarity, making it a more effective metaphor. [RESULT] B"
This mutual fund is a leaky piggy bank draining your savings.,it's a leaky bucket with a hole in it.,A,"Feedback: Both metaphors aim to convey the idea of financial loss through poor investment, but they differ in their imagery and specificity. Response A uses the metaphor of a ""leaky piggy bank,"" which is more vivid and imaginative, evoking a clear image of savings being drained, and it specifically ties the loss to a mutual fund, aligning closely with the implicit meaning. Response B, while capturing the concept of loss with a ""leaky bucket,"" lacks the specificity and vividness of Response A, as it does not directly connect to the context of investment or savings. Response A’s imagery is more coherent and effectively conveys the intended concept, making it a clearer and more accurate representation. [RESULT] A"
Life weaves patterns in existence's tapestry.,our choices are the brushstrokes of life's canvas.,B,"Feedback: Both metaphors aim to capture the idea of life creating interconnected experiences, but they differ in their approach and effectiveness. Response A uses the imagery of a ""tapestry"" to convey the concept of interconnected patterns, which aligns well with the implicit meaning. However, the metaphor is somewhat abstract and lacks the vividness needed to fully engage the reader. Response B, on the other hand, employs the imagery of ""brushstrokes on a canvas,"" which is more dynamic and visually engaging. It effectively conveys the idea that individual choices contribute to a larger, meaningful whole, closely aligning with the implicit meaning. While both metaphors are coherent, Response B stands out for its more vivid and imaginative imagery, making it a clearer and more accurate representation of the original idea. [RESULT] B"
The ghost of inspiration materializes through creation.,she poured her ideas into a masterpiece.,B,"Feedback: Both metaphors aim to capture the implicit meaning of ideas becoming tangible through creation, but they differ in their approach and effectiveness. Response A uses the imagery of a ""ghost materializing,"" which is imaginative and aligns with the concept of something intangible becoming real, though it may be slightly abstract and less direct. Response B employs the more concrete and vivid imagery of ""pouring ideas into a masterpiece,"" which directly conveys the transformation of abstract ideas into a tangible creation. While both responses capture the core idea, Response B does so with clearer and more coherent imagery that closely aligns with the implicit meaning. [RESULT] B"
The morning sun illuminates new pathways each day.,a new day is a blank canvas for endless opportunities.,B,"Feedback: Both metaphors aim to convey the idea that each day brings new opportunities, but they differ in their approach and effectiveness. Response A uses the imagery of the morning sun illuminating new pathways, which is vivid and aligns well with the implicit meaning by suggesting new possibilities. However, it focuses more on the revelation of opportunities rather than their creation or potential. Response B, on the other hand, directly compares a new day to a blank canvas, emphasizing the idea of endless opportunities waiting to be created, which is both imaginative and closely aligned with the implicit meaning. While both are coherent, Response B is more direct and imaginative in conveying the concept of new opportunities. [RESULT] B"
His bliss lifted him above the clouds.,he was walking on sunshine.,A,"Feedback: Both metaphors aim to convey the feeling of extreme happiness and elevation, but they differ in their imagery and alignment with the implicit meaning. Response A, ""His bliss lifted him above the clouds,"" effectively captures the idea of being elevated and weightless, aligning closely with the implicit meaning. The imagery of being above the clouds is vivid and coherent, providing a clear sense of height and detachment from the ground. Response B, ""he was walking on sunshine,"" also conveys happiness but focuses more on the idea of being energized and radiant rather than the weightless elevation. While it is imaginative and aligns partially with the meaning, it lacks the specific imagery of elevation above the ground. Response A is more precise and vivid in representing the intended concept of feeling weightless and elevated due to extreme happiness. [RESULT] A"
The tonic of laughter dissolved their tension.,emotions were a wild rollercoaster of ups and downs.,A,"Feedback: Response A directly aligns with the implicit meaning by portraying laughter as a ""tonic"" that ""dissolves tension,"" effectively capturing the idea of laughter as medicine. The imagery is vivid and coherent, clearly conveying the intended concept. Response B, while imaginative, focuses on the variability of emotions rather than the specific stress-relieving effect of laughter, thus diverging from the implicit meaning. Response A is more accurate and relevant to the intended concept. [RESULT] A"
Life is a worn book whose pages tell infinite stories.,life is a tapestry woven with countless threads of memory.,B,"Feedback: Both metaphors effectively convey the implicit meaning that life is composed of numerous experiences and memories. Response A uses the imagery of a ""worn book"" with ""infinite stories,"" which aligns well with the idea of accumulated experiences over time, though the term ""infinite"" might slightly exaggerate the concept. Response B employs the metaphor of a ""tapestry woven with countless threads of memory,"" which is highly vivid and coherent, capturing the accumulation and interconnectedness of memories in a more precise and imaginative way. While both are strong, Response B’s imagery is more nuanced and directly reflects the implicit meaning with greater clarity and creativity. [RESULT] B"
The stepping stones across the river guided their evolution.,"they climbed a staircase of progress, one step at a time.",B,"Feedback: Both metaphors convey the idea of progress occurring in stages, but they differ in their imagery and alignment with the implicit meaning. Response A uses ""stepping stones across the river"" to symbolize progress, which captures the sequential nature but introduces an element of uncertainty or challenge (crossing a river), slightly deviating from the straightforward, distinct stages implied. Response B’s ""staircase of progress"" directly aligns with the implicit meaning, as a staircase inherently represents clear, sequential steps without additional layers of interpretation. While both are coherent, Response B’s imagery is more vivid and precise in reflecting the intended concept. [RESULT] B"
The city's streets teem with living energy.,the city streets are a pulsating living creature.,B,"Feedback: Both responses aim to capture the implicit meaning of vibrant urban activity and constant movement, but they differ in their approach and effectiveness. Response A uses the phrase ""teem with living energy,"" which conveys a sense of bustling life and movement, aligning well with the implicit meaning. However, it lacks the vivid personification that could make the imagery more striking. Response B, on the other hand, personifies the city streets as a ""pulsating living creature,"" which is highly imaginative and creates a more vivid and coherent image of constant, dynamic activity. While both responses are coherent and reflect the intended meaning, Response B excels in its imaginative and vivid imagery, making it a clearer and more accurate representation of the original idea. [RESULT] B"
His joy soared like a bird taking flight.,he soared to new heights of happiness.,A,"Feedback: Both metaphors aim to convey the feeling of elation and freedom, but they differ in their approach and vividness. Response A uses the imagery of a bird taking flight to represent joy, which aligns well with the implicit meaning of freedom and elation, creating a vivid and coherent picture. Response B, while capturing the idea of reaching new heights of happiness, lacks the specific imagery of flight and freedom present in Response A. Although both responses are effective, Response A is more imaginative and closely aligns with the implicit meaning by directly linking joy to the act of soaring like a bird, which inherently symbolizes freedom. [RESULT] A"
He's walking through a minefield of emotions.,he's walking on a tightrope without a safety net.,A,"Feedback: Both metaphors effectively convey the implicit meaning of navigating dangerous and unpredictable feelings, but they differ in their imagery and vividness. Response A, ""He's walking through a minefield of emotions,"" uses the imagery of a minefield, which strongly aligns with the idea of danger and unpredictability, as each step could trigger an emotional explosion. This metaphor is vivid and coherent, clearly reflecting the intended concept. Response B, ""He's walking on a tightrope without a safety net,"" also captures the danger and precariousness of the situation but emphasizes balance and the lack of support, which is slightly less aligned with the unpredictability aspect of the implicit meaning. While both are strong, Response A’s imagery of a minefield more directly and vividly conveys the dangerous and unpredictable nature of emotions. [RESULT] A"
The project's ideas are sustainable forests of innovation.,the project was a garden that grew and bloomed over time.,B,"Feedback: Both metaphors aim to convey the idea of continuous growth and regeneration of ideas, but they differ in their imagery and alignment with the implicit meaning. Response A uses the metaphor of ""sustainable forests of innovation,"" which captures the concept of long-term sustainability and continuous growth but lacks the vividness and specificity of regeneration and new solutions. Response B, with ""a garden that grew and bloomed over time,"" more directly aligns with the implicit meaning by emphasizing the process of growth, development, and the production of new outcomes (blooming). The garden metaphor is more vivid and coherent in illustrating the lifecycle of ideas, from planting to blooming, which mirrors the regeneration and production of new solutions. While both metaphors are imaginative, Response B more closely aligns with the implicit meaning and provides a clearer, more accurate representation of the intended concept. [RESULT] B"
The starving artist devoured every opportunity.,she was a passionate fire.,A,"Feedback: Response A (""The starving artist devoured every opportunity"") aligns more closely with the implicit meaning of ""desperate eagerness to succeed"" by vividly portraying the artist's hunger for success through the imagery of devouring opportunities, which is both coherent and imaginative. Response B (""she was a passionate fire"") captures intensity but lacks the specific connotation of desperation and eagerness, focusing more on passion than the urgent drive to succeed. While both metaphors use vivid imagery, Response A more accurately and creatively conveys the intended concept. [RESULT] A"
Properties are crystalline structures of value.,"her net worth was a sturdy, intricately woven web of investments.",B,"Feedback: Both metaphors attempt to convey the structured and valuable nature of investments, but they differ in their approach and effectiveness. Response A uses the analogy of ""crystalline structures"" to emphasize clarity and inherent value, which aligns with the implicit meaning of organized and structured investments. However, it lacks the depth and vividness of Response B, which describes a ""sturdy, intricately woven web of investments,"" capturing both the complexity and robustness of the investment portfolio. Response B’s imagery is more dynamic and detailed, better reflecting the multifaceted nature of real estate investments. While Response A is coherent and aligns with the meaning, it falls short in imaginative and vivid representation compared to Response B. [RESULT] B"
Life's belongings are chains that bind us to our commitments.,her decisions were the stepping stones to her future.,A,"Feedback: Response A directly addresses the implicit meaning by comparing life's belongings to chains, effectively conveying the idea that material possessions restrict freedom. The imagery is vivid and coherent, aligning closely with the intended concept. Response B, while imaginative, focuses on decisions as stepping stones, which does not directly relate to the restriction of material possessions. It fails to capture the core idea of being tied down by belongings. Response A is clearer, more accurate, and more aligned with the implicit meaning. [RESULT] A"
These difficulties bounce around like pinballs in a machine.,life is a puzzle with a million moving pieces.,A,"Feedback: Both metaphors attempt to convey the idea of persistent and chaotic problems, but they differ in their approach and effectiveness. Response A, ""These difficulties bounce around like pinballs in a machine,"" captures the chaotic movement of problems well, aligning closely with the implicit meaning. The imagery of pinballs bouncing unpredictably in a machine vividly represents the persistent and unresolved nature of difficulties. Response B, ""Life is a puzzle with a million moving pieces,"" while imaginative, focuses more on the complexity of life rather than the chaotic persistence of problems. It aligns less closely with the implicit meaning, as it emphasizes the intricacy of life's challenges rather than their unresolved and chaotic nature. Response A is more vivid and coherent in conveying the intended concept. [RESULT] A"
Education is the backbone of society.,education is the foundation for a strong social structure.,B,"Feedback: Both metaphors aim to convey the essential role of education in supporting society, but they differ in their imagery and alignment with the implicit meaning. Response A uses ""backbone"" to emphasize strength and centrality, which aligns well with the idea of essential support. However, ""backbone"" is a more biological metaphor and might not fully capture the structural aspect of society. Response B uses ""foundation,"" which directly relates to structure and support, making it a more precise and vivid representation of the implicit meaning. While both are coherent, Response B’s imagery is more aligned with the intended concept of providing structure. [RESULT] B"
Her happiness took flight like a released balloon.,her smile bloomed like a flower in spring.,A,"Feedback: Both metaphors attempt to capture the fleeting nature of joy, but they differ in their approach and effectiveness. Response A, ""Her happiness took flight like a released balloon,"" directly conveys the idea of something uncontrollable and quickly disappearing, aligning well with the implicit meaning. The imagery of a balloon flying away is vivid and imaginative, capturing the transient nature of joy. Response B, ""Her smile bloomed like a flower in spring,"" while visually appealing, focuses more on the emergence and beauty of joy rather than its fleeting nature. The blooming of a flower suggests growth and permanence, which contrasts with the intended concept of fleeting joy. Therefore, Response A more accurately and vividly represents the implicit meaning. [RESULT] A"
These possessions are thorny vines that entangle me.,she's a bird in a gilded cage.,A,"Feedback: Both metaphors attempt to convey the idea of restriction, but they differ in their approach and alignment with the implicit meaning. Response A uses the imagery of ""thorny vines"" to represent material possessions, effectively capturing the burdensome and entangling nature of these items, which aligns closely with the implicit meaning. The vividness of the thorns and the act of entanglement provide a clear and imaginative representation of the concept. Response B, while conveying restriction through the image of a ""gilded cage,"" focuses more on the idea of being trapped in a seemingly beautiful but confining situation, which is more about external circumstances rather than the inherent burden of possessions. Although both metaphors use vivid imagery, Response A more directly and accurately reflects the implicit meaning of material possessions being burdensome and restrictive. [RESULT] A"
The schedule is rolling downhill like a snowball.,the workload is a snowball rolling down a hill.,B,"Feedback: Both metaphors effectively convey the implicit meaning of something growing increasingly out of control and becoming bigger over time, utilizing the vivid imagery of a snowball rolling downhill. However, Response B (""the workload is a snowball rolling down a hill"") more directly aligns with the intended concept by explicitly linking the metaphor to ""workload,"" which is a more specific and relatable term than ""schedule"" in Response A. This makes Response B slightly more coherent and accurate in representing the original idea. [RESULT] B"
Contentment is a stabilizing force maintaining emotional equilibrium.,a calm sea is a balanced ship.,B,"Feedback: Both metaphors aim to convey the idea of peace and balance in emotions, but they differ in their approach and effectiveness. Response A directly links contentment to emotional equilibrium, using ""stabilizing force"" to emphasize balance, which aligns well with the implicit meaning. However, it lacks vivid imagery and feels more abstract. Response B, on the other hand, uses the vivid and coherent imagery of a ""calm sea"" and a ""balanced ship"" to represent emotional peace and stability. While it captures the essence of balance, it slightly deviates from the emotional context by focusing on external elements rather than internal states. Response B is more imaginative and vivid but less precise in aligning with the emotional aspect of the implicit meaning. Response A is more accurate but less imaginative. [RESULT] B"
He carried his drunkenness like a heavy backpack.,a heavy weight on my shoulders.,A,"Feedback: Both metaphors attempt to convey the burden of intoxication, but they differ in their approach and effectiveness. Response A, ""He carried his drunkenness like a heavy backpack,"" uses a specific and vivid image of a backpack, which aligns well with the physical and mental weight implied in the implicit meaning. The metaphor is coherent and imaginative, clearly depicting the burden as something tangible and cumbersome. Response B, ""a heavy weight on my shoulders,"" while capturing the essence of a burden, is more generic and lacks the specificity and vividness of Response A. It conveys the weight but does not provide as clear or imaginative an image of the burden of intoxication. Therefore, Response A better meets the criteria of being vivid, coherent, and closely aligned with the implicit meaning. [RESULT] A"
Their hearts beat within arm's reach.,two souls were bound by an unbreakable rope.,A,"Feedback: Both metaphors aim to convey the implicit meaning of a close emotional connection and physical proximity, but they differ in their approach and effectiveness. Response A, ""Their hearts beat within arm's reach,"" directly links physical proximity with emotional closeness through the imagery of hearts and the measurable distance of an arm's reach, creating a vivid and coherent picture that aligns closely with the intended meaning. Response B, ""two souls were bound by an unbreakable rope,"" emphasizes emotional connection through the metaphor of an unbreakable bond but lacks the physical proximity element, making it less aligned with the full implicit meaning. While both are imaginative, Response A more accurately captures both aspects of the implicit meaning with clearer and more direct imagery. [RESULT] A"
Her happiness was a sunny beach at midday.,happiness is a ray of sunshine.,A,"Feedback: Both metaphors aim to capture the implicit meaning of ""bright, warm, and radiant joy,"" but they differ in their approach and effectiveness. Response A, ""Her happiness was a sunny beach at midday,"" creates a vivid and immersive scene that aligns well with the implicit meaning. The imagery of a sunny beach at midday evokes brightness, warmth, and a sense of radiant joy, making it a strong representation. Response B, ""Happiness is a ray of sunshine,"" directly uses the element of sunshine, which is a clear and straightforward metaphor for brightness and warmth. However, it lacks the depth and vividness of Response A, as it doesn’t expand on the imagery or create a full sensory experience. While both metaphors are coherent and relevant, Response A is more imaginative and detailed, better capturing the multifaceted nature of the implicit meaning. [RESULT] A"
His positive energy creates a charging station for others.,a ray of sunshine in a dark room.,B,"Feedback: Both metaphors aim to convey the implicit meaning of an uplifting and energizing influence, but they differ in their approach and effectiveness. Response A, ""His positive energy creates a charging station for others,"" uses a modern and functional analogy, emphasizing the tangible and continuous nature of the influence, which aligns well with the idea of providing energy. However, it lacks the vividness and emotional resonance that a more natural or sensory image could provide. Response B, ""a ray of sunshine in a dark room,"" employs a classic and universally understood image that immediately evokes warmth, light, and hope, directly capturing the emotional and transformative aspect of the implicit meaning. While both metaphors are coherent and relevant, Response B is more vivid and emotionally resonant, making it a clearer and more imaginative representation of the intended concept. [RESULT] B"
Each new possession adds another weight to my shoulders.,each task adds a weight to my plate.,A,"Feedback: Both metaphors effectively convey the idea of burdens, but they differ in their imagery and alignment with the implicit meaning. Response A uses ""shoulders"" to symbolize the physical and mental strain of possessions, which aligns closely with the implicit meaning of material possessions weighing one down both mentally and physically. The imagery is vivid and coherent, directly linking the weight to the body. Response B, on the other hand, uses ""plate"" to represent the accumulation of tasks, which is a common metaphor for workload but does not directly capture the physical and mental burden of material possessions. While both responses use the concept of weight, Response A is more precise in reflecting the implicit meaning and employs more vivid imagery. [RESULT] A"
The heat of their attraction melted all resistance.,"they became a single flame, burning brighter together.",B,"Feedback: Both metaphors effectively convey the implicit meaning of intense romantic attraction overcoming barriers, but they differ in their imagery and coherence. Response A uses the metaphor of heat melting resistance, which directly aligns with the idea of attraction breaking down barriers, though it is somewhat literal and lacks the depth of emotional unity. Response B, on the other hand, portrays the couple as a single flame burning brighter together, which is more imaginative and vividly captures the concept of unity and intensified passion. While both are coherent, Response B’s imagery is more original and emotionally resonant, better aligning with the implicit meaning. [RESULT] B"
He's a territorial tomcat marking his domain.,he's a dog chasing multiple tails while keeping the pack at bay.,A,"Feedback: Both metaphors aim to convey the implicit meaning of someone being aggressively protective of their territory or possessions. Response A, ""He's a territorial tomcat marking his domain,"" directly aligns with the concept of territoriality and protection, using vivid and coherent imagery of a tomcat marking its territory, which is a clear and accurate representation of the intended meaning. Response B, ""he's a dog chasing multiple tails while keeping the pack at bay,"" introduces a more complex image that partially captures the protective aspect but dilutes the focus by adding the idea of chasing multiple tails, which is less directly related to territorial protection and introduces ambiguity. Response A is more straightforward and effectively conveys the intended concept with clearer and more focused imagery. [RESULT] A"
"She is my most treasured possession, kept safe in the vault of my heart.",he's the rock that anchors my life.,A,"Feedback: Both metaphors effectively convey the implicit meaning of deep love and protection, but they differ in their imagery and coherence. Response A uses the imagery of a ""treasured possession"" kept in the ""vault of the heart,"" which is vivid and aligns closely with the idea of safeguarding something precious. It emphasizes the emotional depth and the act of protection through the metaphor of a secure vault. Response B, on the other hand, uses the imagery of a ""rock"" that ""anchors"" life, which is also vivid and conveys stability and reliability. However, it focuses more on the foundational and stabilizing role of the person rather than the act of safeguarding. While both are imaginative, Response A more directly captures the dual aspects of deep love and active protection, making it a clearer and more accurate representation of the implicit meaning. [RESULT] A"
He stockpiled powerful phrases for the confrontation.,he gathered a treasure trove of persuasive arguments.,B,"Feedback: Both responses attempt to convey the implicit meaning of words as weapons or ammunition, but they differ in their approach and effectiveness. Response A uses the phrase ""powerful phrases"" which aligns with the idea of words as weapons, but the imagery of ""stockpiled"" is somewhat generic and lacks the vividness of a battle scenario. Response B, on the other hand, employs the metaphor of a ""treasure trove,"" which adds a layer of value and richness to the collected arguments, making it more imaginative. However, the term ""persuasive arguments"" slightly deviates from the direct combat imagery implied in the implicit meaning. Response B is more imaginative and vivid, though it slightly misses the mark on the exact tone of words as weapons. Response A is more direct but less creative. Based on the criteria, Response B scores higher for its imaginative and vivid imagery, despite a minor misalignment in tone. [RESULT] B"
She danced her way to a breakthrough.,she was a river flowing toward her dreams.,B,"Feedback: Both metaphors aim to capture the implicit meaning of ""joyful progress towards success,"" but they differ in their approach and effectiveness. Response A, ""She danced her way to a breakthrough,"" uses the imagery of dance to convey joy and movement, which aligns well with the idea of joyful progress. However, it focuses more on the breakthrough itself rather than the continuous journey, slightly missing the ""towards success"" aspect. Response B, ""she was a river flowing toward her dreams,"" employs the metaphor of a river to represent steady, unstoppable progress, which vividly captures both the continuous nature of the journey and the direction towards success. While both metaphors are imaginative, Response B more closely aligns with the implicit meaning by emphasizing the ongoing, joyful movement toward a goal. Response B also uses more coherent and vivid imagery, making it a clearer and more accurate representation. [RESULT] B"
Each moment is an arrow flying straight for our hearts.,time is a river that flows toward us.,A,"Feedback: Both metaphors attempt to convey the inevitability of time, but they differ in their approach to capturing the ""piercing"" aspect of the implicit meaning. Response A uses the imagery of an arrow flying straight for our hearts, which vividly conveys the piercing and direct impact of time, aligning closely with the intended meaning. The arrow's precision and forcefulness effectively emphasize the inescapable nature of time. In contrast, Response B compares time to a river flowing toward us, which captures the inevitability of time's passage but lacks the sharpness and directness needed to convey the ""piercing"" aspect. While the river imagery is coherent and imaginative, it is less aligned with the full implicit meaning compared to the arrow metaphor. Therefore, Response A is more successful in capturing the intended concept with its vivid and precise imagery. [RESULT] A"
Their leadership navigated the team through challenges.,they were the ship that navigated through industry waters.,B,"Feedback: Both responses aim to convey the implicit meaning of guiding with direction and purpose through difficulties, but they differ in their imagery and alignment with the intended concept. Response A uses a straightforward analogy of ""navigating through challenges,"" which aligns well with the implicit meaning but lacks vividness and originality, earning a score of 3. Response B, on the other hand, introduces the imagery of a ""ship navigating through industry waters,"" which is more vivid and coherent, effectively capturing the idea of purposeful guidance through turbulent environments, thus scoring a 4. While both responses reflect the implicit meaning, Response B does so with more imaginative and fitting imagery. [RESULT] B"
He's trapped in a cage of abuse.,he's in a cage he can't escape from.,A,"Feedback: Both metaphors convey the idea of confinement, but Response A explicitly links the cage to ""abuse,"" directly aligning with the implicit meaning of being controlled by abusive relationships or situations. This specificity enhances its vividness and coherence, making it a clearer and more accurate representation. Response B, while capturing the concept of inescapability, lacks the explicit connection to abuse, resulting in less precise imagery. Response A’s direct reference to abuse strengthens its alignment with the intended meaning, making it the more imaginative and effective metaphor. [RESULT] A"
She was famished for affection.,she was a flower that bloomed in the simple things.,A,"Feedback: Response A directly conveys the desperate need for emotional connection through the metaphor of being ""famished for affection,"" effectively using the intensity of hunger to mirror emotional deprivation. It aligns closely with the implicit meaning and employs vivid, coherent imagery. Response B, while imaginative, uses the metaphor of a flower blooming in simple things, which suggests contentment and growth rather than desperation, thus diverging from the intended meaning. Response A is clearer and more accurate in capturing the implicit meaning. [RESULT] A"
They tossed around ideas during the brainstorming session.,the ideas flowed freely in the meeting room.,A,"Feedback: Response A uses the phrase ""tossed around ideas,"" which directly aligns with the implicit meaning of treating ideas as physical objects that can be thrown and caught. The imagery is vivid and coherent, effectively conveying the intended concept. Response B, on the other hand, uses ""ideas flowed freely,"" which does not capture the physical interaction implied in the implicit meaning. While it conveys a sense of ease and movement, it lacks the specific imagery of ideas being handled as tangible objects. Response A is more imaginative and accurate in representing the original idea. [RESULT] A"
The heart of society pumps life into its communities.,a cultural center is a pulsing heart of a community.,B,"Feedback: Both metaphors aim to convey the idea of society functioning as a living organism, but they differ in their focus and imagery. Response A uses the heart as a metaphor for society itself, emphasizing its role in pumping life into communities, which aligns well with the implicit meaning of interconnected parts. However, it is somewhat abstract and less vivid in its imagery. Response B, on the other hand, specifically compares a cultural center to the heart of a community, providing a more concrete and vivid image that directly ties to the concept of interconnectedness. While both responses capture the implicit meaning, Response B does so with more clarity and imaginative detail, making it a more effective metaphor. [RESULT] B"
Night crystallized around us like black ice.,"darkness fell like a heavy blanket, suffocating all in its path.",A,"Feedback: Both metaphors effectively convey the sudden and dangerous nature of darkness, but they differ in their imagery and alignment with the implicit meaning. Response A, ""Night crystallized around us like black ice,"" captures the coldness and stillness vividly through the imagery of crystallization and black ice, which aligns closely with the implicit meaning. It is highly imaginative and coherent, earning a score of 5. Response B, ""darkness fell like a heavy blanket, suffocating all in its path,"" emphasizes the suffocating and overwhelming aspect of darkness, which partially aligns with the implicit meaning but lacks the specific coldness and stillness. The imagery of a heavy blanket is vivid but less precise in conveying the intended concept, earning a score of 4. [RESULT] A"
Light seeped through the forest canopy like morning dew.,sunlight filtering through leaves is like a painter's gentle brush.,B,"Feedback: Both metaphors aim to convey the implicit meaning of gentle and gradual illumination, but they differ in their approach and effectiveness. Response A uses the comparison of light seeping through the forest canopy to morning dew, which captures the gradual aspect but lacks the vividness and direct connection to the source of light. Response B, on the other hand, likens sunlight filtering through leaves to a painter's gentle brush, which not only emphasizes the gentle and gradual nature of the illumination but also provides a more vivid and imaginative imagery that directly relates to the source of light. While both responses align with the implicit meaning, Response B does so with greater clarity, vividness, and coherence, making it a more effective metaphor. [RESULT] B"
This flesh cabinet stores the treasures of my being.,the body is a safe haven for our inner treasures.,A,"Feedback: Both responses aim to convey the implicit meaning that the human body contains one's soul and essence. Response A uses the phrase ""flesh cabinet"" which is more vivid and imaginative, creating a striking image of the body as a container for treasures. However, the term ""cabinet"" might be less intuitive in conveying the protective and nurturing aspect of the body. Response B, on the other hand, uses ""safe haven,"" which directly emphasizes protection and care, aligning well with the nurturing aspect of the body. While both metaphors capture the essence of the implicit meaning, Response A stands out for its originality and vivid imagery, even though it slightly lacks in conveying the protective nuance. Response B is more straightforward and coherent in its imagery but is less imaginative. [RESULT] A"
The final picture might not match what was on the box of expectations.,business success is a marathon with many hurdles.,A,"Feedback: Response A directly addresses the implicit meaning by comparing reality to unmet expectations, using a clear and relatable analogy of a picture not matching the box. It effectively conveys disappointment and misalignment, scoring high on coherence and relevance. Response B, while vivid, focuses on the journey of business success with hurdles, which doesn’t align closely with the implicit meaning of reality disappointing expectations. The marathon metaphor is imaginative but lacks the direct connection to the intended concept. Response A better captures the implicit meaning with clearer and more relevant imagery. [RESULT] A"
The flames of jealousy scorched their relationship.,a toxic cancer to their relationship.,A,"Feedback: Both metaphors aim to convey the destructive nature of jealousy on a relationship, but they differ in their imagery and alignment with the implicit meaning. Response A uses the vivid imagery of ""flames of jealousy scorching their relationship,"" which effectively captures the intense and destructive nature of jealousy, aligning closely with the implicit meaning. The metaphor is imaginative and coherent, earning a score of 5. Response B, on the other hand, describes jealousy as ""a toxic cancer to their relationship,"" which also conveys destruction but lacks the vividness and immediacy of Response A. The cancer metaphor is more abstract and less directly tied to the emotional intensity of jealousy, earning a score of 4. While both metaphors are effective, Response A is the clearer, more accurate, and more imaginative representation of the original idea. [RESULT] A"
The wellspring of knowledge flows through his mind.,a light bulb in his mind was always lit.,A,"Feedback: Response A, ""The wellspring of knowledge flows through his mind,"" aligns closely with the implicit meaning of an abundant and continuous flow of ideas and wisdom. The imagery of a wellspring evokes a sense of endless supply and natural, continuous movement, which effectively captures the concept of ongoing intellectual richness. In contrast, Response B, ""a light bulb in his mind was always lit,"" while suggesting constant illumination or insight, does not convey the same depth or continuity of flow. The light bulb metaphor is more static and focuses on the presence of ideas rather than their abundance and ongoing nature. Response A is more vivid and coherent in representing the intended meaning, making it the better choice. [RESULT] A"
His cryptocurrency wallet is a glass jar showing every crack.,a ship of cryptocurrency investments that exposes its weak spots in treacherous waters.,A,"Feedback: Both metaphors aim to convey the implicit meaning of financial vulnerability and transparency of losses, but they differ in their approach and effectiveness. Response A uses a glass jar with visible cracks to symbolize transparency and fragility, directly aligning with the idea of a cryptocurrency wallet showing its vulnerabilities. The imagery is clear and coherent, though somewhat straightforward. Response B, on the other hand, employs a ship in treacherous waters to represent cryptocurrency investments, emphasizing exposure to risks and weak spots. While this metaphor is more imaginative and vivid, it slightly dilutes the transparency aspect by focusing more on the perilous environment rather than the direct visibility of losses. Response A more closely captures the intended meaning with its direct and clear imagery, whereas Response B is more creative but less precise in conveying transparency. [RESULT] A"
Their hearts beat closer with each passing day.,she ran herself into a better situation.,A,"Feedback: Response A (""Their hearts beat closer with each passing day"") directly captures the implicit meaning of growing love and emotional connection by using the vivid imagery of hearts drawing nearer, which is both coherent and imaginative. It aligns closely with the intended concept, earning a score of 5. Response B (""she ran herself into a better situation"") focuses on self-improvement and change, which is tangential to the implicit meaning and lacks the emotional connection and vivid imagery of Response A, earning a score of 2. The key difference lies in how Response A explicitly conveys emotional growth between two people, while Response B emphasizes individual progress, missing the relational aspect entirely. [RESULT] A"
"Her anger was a gravitational pull, drawing everyone into its orbit.",her anger was a storm that engulfed everyone around her.,A,"Feedback: Both metaphors effectively convey the implicit meaning of a powerful and inescapable influence, but they differ in their imagery and coherence. Response A uses the concept of a ""gravitational pull"" to depict anger, which is imaginative and aligns well with the idea of an inescapable force, as gravity is universal and unavoidable. The imagery is coherent and conveys the intended concept clearly. Response B, on the other hand, likens anger to a ""storm,"" which is also vivid and captures the overwhelming nature of the emotion. However, while storms are powerful, they are not inherently inescapable in the same universal sense as gravity. Both metaphors score highly, but Response A's use of gravity provides a more precise and imaginative representation of the implicit meaning. [RESULT] A"
Love is a scenic route worth taking.,love is a journey of messy beauty.,B,"Feedback: Both metaphors capture the essence of the implicit meaning, emphasizing the rewarding nature of love despite its time-consuming or challenging aspects. Response A uses the imagery of a ""scenic route,"" which conveys the idea of a beautiful and worthwhile journey, aligning well with the implicit meaning. However, it lacks the depth of the ""messy beauty"" in Response B, which adds a layer of complexity and realism to the concept of love, suggesting that the journey is not only beautiful but also involves challenges and imperfections. Response B’s imagery is more vivid and imaginative, as it incorporates the idea of ""messy beauty,"" which resonates more closely with the nuanced and rewarding nature of love described in the implicit meaning. While both responses are coherent and effective, Response B stands out for its richer and more nuanced imagery. [RESULT] B"
Her duties pushed against her like a strong headwind.,her responsibilities were a weight that anchored her in place.,B,"Feedback: Both metaphors effectively convey the implicit meaning of overwhelming resistance and struggle against responsibilities, but they differ in their imagery and coherence. Response A uses the metaphor of a ""strong headwind,"" which vividly captures the idea of constant, forceful opposition, aligning well with the struggle aspect. However, it slightly misses the sense of being anchored or immobilized by responsibilities. Response B, on the other hand, employs the metaphor of a ""weight that anchored her in place,"" which more directly conveys the immobilizing and burdensome nature of responsibilities, closely aligning with the overwhelming resistance. While both are imaginative, Response B’s imagery is more coherent and precise in capturing the full scope of the implicit meaning. [RESULT] B"
Knowledge radiates from her like sunbeams.,she is a treasure trove of wisdom.,A,"Feedback: Both metaphors aim to convey the idea of enlightening and illuminating others with wisdom, but they differ in their approach and effectiveness. Response A, ""Knowledge radiates from her like sunbeams,"" uses a vivid and dynamic image of sunbeams to suggest a continuous, outward flow of knowledge, aligning closely with the implicit meaning of enlightening others. The imagery is coherent and imaginative, effectively capturing the concept of illumination. Response B, ""She is a treasure trove of wisdom,"" while conveying the idea of possessing great wisdom, lacks the active, outward-reaching aspect of enlightening others. It focuses more on the accumulation of wisdom rather than its dissemination, making it less aligned with the implicit meaning. Response A’s imagery is more vivid and directly tied to the concept of illumination, whereas Response B’s imagery is more static and less imaginative in conveying the intended action. [RESULT] A"
His appetite for romance is that of a starved hyena.,a man possessed by a beast of desire.,A,"Feedback: Both metaphors aim to convey a sense of intense, almost feral desire, but they differ in their approach and effectiveness. Response A, ""His appetite for romance is that of a starved hyena,"" uses a specific and vivid image of a hyena, which is known for its aggressive and desperate behavior when hungry. This aligns closely with the implicit meaning of desperate and aggressive desire for love, earning a score of 4 for its clear imagery and alignment with the intended concept. Response B, ""a man possessed by a beast of desire,"" while capturing the intensity of desire, is more abstract and less specific in its imagery. The phrase ""beast of desire"" is a common trope and lacks the originality and vividness of Response A, earning a score of 3. [RESULT] A"
Her emotional stability is a tightrope walker maintaining perfect balance.,she weaves a tapestry of self-care.,A,"Feedback: Response A directly captures the implicit meaning of precariousness and constant effort by comparing emotional stability to a tightrope walker, vividly illustrating the need for balance and the risk of falling. The imagery is clear, coherent, and highly imaginative, aligning closely with the intended concept. Response B, while creative, focuses on the act of weaving a tapestry of self-care, which implies effort but lacks the sense of precariousness and immediate risk present in the implicit meaning. It is more about construction and maintenance rather than the delicate balance required. Response A is superior in conveying the intended meaning with vivid and precise imagery. [RESULT] A"
These possessions are heavy clouds darkening my sky.,my responsibilities loom over me like a dark cloud.,A,"Feedback: Both metaphors effectively convey the implicit meaning of material belongings causing emotional burden, but they differ in their focus and imagery. Response A uses ""possessions"" as the subject, directly linking material items to the emotional weight, and employs ""heavy clouds darkening my sky"" to create a vivid and coherent image of oppression and gloom. Response B, on the other hand, shifts the focus to ""responsibilities,"" which, while related, is not as directly tied to material belongings as in Response A. However, the imagery of ""a dark cloud looming"" is equally vivid and effectively conveys the sense of overwhelming pressure. Response A more closely aligns with the implicit meaning by explicitly connecting possessions to the emotional burden, whereas Response B introduces a slight deviation by focusing on responsibilities. Both are imaginative, but Response A is more precise in capturing the intended concept. [RESULT] A"
His intoxication was a crushing load on his mind.,"his mind was a foggy, drunken haze.",B,"Feedback: Both responses aim to convey the implicit meaning of mental burden and loss of clarity due to alcohol, but they differ in their approach and effectiveness. Response A uses the metaphor of a ""crushing load"" to represent intoxication, which captures the mental burden aspect well but lacks the clarity of the foggy, drunken haze imagery in Response B. Response B directly describes the mind as a ""foggy, drunken haze,"" which vividly and coherently conveys both the loss of clarity and the drunken state, aligning more closely with the implicit meaning. While Response A is imaginative, it is less precise in capturing the full scope of the intended concept compared to Response B. [RESULT] B"
Their love story was written in asylum walls.,a stormy sea of emotions.,A,"Feedback: Both metaphors attempt to convey a sense of turmoil, but they differ significantly in their approach and effectiveness. Response A, ""Their love story was written in asylum walls,"" uses a static and oppressive image that strongly aligns with the implicit meaning of a disturbed and troubled relationship. The asylum walls evoke confinement, madness, and a lack of escape, which vividly captures the troubled nature of the relationship. In contrast, Response B, ""a stormy sea of emotions,"" while dynamic and evocative, is more generic and less specific to the implicit meaning. Stormy seas are a common metaphor for emotional turmoil, but they lack the unique and oppressive imagery of asylum walls. Response A is more imaginative and closely aligned with the intended concept, making it the clearer and more accurate representation. [RESULT] A"
The tunnel through darkness illuminated their metamorphosis.,she ran herself into a better situation.,A,"Feedback: Response A uses vivid imagery of a ""tunnel through darkness"" to symbolize a difficult journey, and ""illuminated their metamorphosis"" directly ties the struggle to transformation and growth, closely aligning with the implicit meaning. It effectively conveys the concept through coherent and imaginative language. Response B, while suggesting improvement (""ran herself into a better situation""), lacks the depth and imagery to capture the journey's difficulty and the transformative process. It is more literal and less imaginative. Response A better captures the implicit meaning with richer, more coherent imagery. [RESULT] A"
Her theory was a perfectly seasoned argument.,her theory was a symphony of logic and insight.,B,"Feedback: Both metaphors aim to convey the implicit meaning of well-balanced and refined intellectual work, but they differ in their approach and effectiveness. Response A, ""Her theory was a perfectly seasoned argument,"" uses the imagery of seasoning to suggest balance and refinement, which aligns with the implicit meaning. However, the metaphor is somewhat literal and lacks the depth and vividness needed to fully capture the intellectual sophistication implied. Response B, ""Her theory was a symphony of logic and insight,"" employs a more imaginative and vivid analogy, comparing the theory to a symphony, which inherently conveys harmony, complexity, and refinement. This metaphor not only aligns closely with the implicit meaning but also adds a layer of elegance and coherence that enhances the imagery. While both responses are adequate, Response B is more imaginative, vivid, and closely aligned with the intended concept. [RESULT] B"
Their love found shelter in life's storms.,the thrill of victory was a rollercoaster ride.,A,"Feedback: Response A directly aligns with the implicit meaning by using the metaphor of ""shelter in life's storms"" to vividly convey how love provides protection and safety during difficult times. The imagery is coherent and imaginative, effectively capturing the intended concept. Response B, while imaginative, does not align with the implicit meaning as it focuses on the thrill of victory rather than the protective aspect of love. The rollercoaster ride metaphor is vivid but fails to convey the idea of safety and protection. Therefore, Response A is a clearer and more accurate representation of the original idea. [RESULT] A"
"Memories are stored in mental hard drives, filed away in precise locations.",the brain is a filing cabinet of memories.,A,"Feedback: Both metaphors aim to compare human memory to a storage system, but they differ in their approach and vividness. Response A, ""Memories are stored in mental hard drives, filed away in precise locations,"" directly aligns with the implicit meaning by using the term ""hard drives,"" which is a clear and modern reference to computer storage. It also adds specificity with ""precise locations,"" enhancing the imagery. Response B, ""the brain is a filing cabinet of memories,"" while coherent, uses a more generic and outdated analogy (filing cabinet) that doesn't capture the technological aspect of computer storage as effectively. Response A is more vivid, imaginative, and closely aligned with the implicit meaning. [RESULT] A"
He deployed his vocabulary with sniper-like precision.,he was a wordsmith.,A,"Feedback: Response A (""He deployed his vocabulary with sniper-like precision"") aligns closely with the implicit meaning of extremely accurate and precise use of words, employing vivid and imaginative imagery that effectively conveys the intended concept. The metaphor of a sniper emphasizes both accuracy and precision, making it a clear and compelling representation. Response B (""he was a wordsmith"") loosely reflects the implicit meaning but uses generic imagery that lacks specificity and vividness, failing to capture the extreme precision implied. While both responses convey skill with words, Response A is more imaginative and precise in its alignment with the implicit meaning. [RESULT] A"
My inner council of advisors debates each choice.,my mind is a city with diverse districts offering unique views.,A,"Feedback: Both metaphors attempt to capture the internal thought process and decision-making conflict, but they differ in their approach and effectiveness. Response A, ""My inner council of advisors debates each choice,"" directly portrays the conflict as a discussion among advisors, which aligns well with the implicit meaning of decision-making conflict. The imagery is clear and coherent, though somewhat conventional. Response B, ""my mind is a city with diverse districts offering unique views,"" uses a more imaginative and vivid metaphor, comparing the mind to a city with varied perspectives. While it captures the diversity of thoughts, it is less direct in conveying the conflict aspect of decision-making. Response A more closely aligns with the implicit meaning and does so with straightforward imagery, whereas Response B is more imaginative but slightly less focused on the conflict. [RESULT] A"
The fog of this problem obscures our path forward.,the problem was a jigsaw puzzle with missing pieces.,A,"Feedback: Both metaphors aim to convey the implicit meaning of confusion and uncertainty blocking progress, but they differ in their approach and effectiveness. Response A uses the imagery of fog obscuring a path, which directly aligns with the idea of confusion blocking progress, creating a vivid and coherent picture. The fog metaphor is highly imaginative and effectively captures the intended concept, earning a score of 5. Response B, on the other hand, compares the problem to a jigsaw puzzle with missing pieces, which also reflects confusion but focuses more on the incompleteness of information rather than the direct obstruction of progress. While it aligns with the reference meaning, the imagery is slightly less vivid and original compared to Response A, earning a score of 4. [RESULT] A"
Love's warmth melted her frozen heart.,her love turned her heart into an open door.,A,"Feedback: Both metaphors aim to convey the emotional transformation from cold and distant to warm and loving, but they differ in their imagery and coherence. Response A uses the vivid imagery of ""Love's warmth melted her frozen heart,"" which directly aligns with the implicit meaning by contrasting the coldness of a frozen heart with the warmth of love, effectively capturing the transformation. Response B, ""her love turned her heart into an open door,"" while imaginative, is less precise in conveying the emotional shift from cold to warm, as an open door does not inherently imply warmth or coldness. Response A’s imagery is more coherent and closely aligned with the intended meaning, making it the clearer and more accurate representation. [RESULT] A"
Night's marble columns rose from the earth.,"the darkness was a solid, unyielding wall.",B,"Feedback: Both metaphors attempt to capture the essence of darkness ascending at dusk, but they differ in their approach and effectiveness. Response A, ""Night's marble columns rose from the earth,"" uses a more imaginative and vivid image, likening the night to grand, elegant columns rising, which subtly conveys the idea of darkness ascending with a sense of grandeur. However, it may not directly align with the immediate, oppressive feeling of dusk's darkness. Response B, ""the darkness was a solid, unyielding wall,"" directly captures the unyielding and overwhelming nature of darkness, aligning closely with the implicit meaning by emphasizing its solid, impenetrable quality. While less imaginative, it is more straightforward and coherent in conveying the intended concept. Response A scores a 4 for its vivid imagery and partial alignment, while Response B scores a 5 for its clear, direct, and accurate representation of the implicit meaning. [RESULT] B"
Cultural traditions are society's DNA.,the roots of culture are the foundation of a nation.,A,"Feedback: Both metaphors aim to convey the fundamental role of cultural traditions in shaping a society's identity. Response A, ""Cultural traditions are society's DNA,"" effectively captures the idea of traditions as unique, inherent, and essential components of a society, aligning closely with the implicit meaning. The imagery is vivid and scientifically resonant, making it highly imaginative and clear. Response B, ""the roots of culture are the foundation of a nation,"" also conveys the foundational aspect but shifts the focus from society to nation, which is a slight deviation. Additionally, while ""roots"" and ""foundation"" are coherent, they are more generic and less imaginative compared to the DNA analogy. Response A better aligns with the implicit meaning and uses more vivid, original imagery. [RESULT] A"
We're picking the lock of uncertainty.,a puzzle being solved piece by piece.,A,"Feedback: Both metaphors aim to convey the idea of tackling a complex problem, but they differ in their approach and vividness. Response A, ""We're picking the lock of uncertainty,"" uses a specific and imaginative image of lock-picking, which aligns well with the implicit meaning of solving a complex problem. It suggests a precise and deliberate action, capturing the essence of overcoming uncertainty. Response B, ""a puzzle being solved piece by piece,"" also aligns with the implicit meaning but uses a more common and less vivid metaphor. While it effectively conveys the incremental nature of problem-solving, it lacks the originality and specificity of Response A. In terms of coherence and clarity, both metaphors are effective, but Response A stands out for its more imaginative and precise imagery. [RESULT] A"
Vaccines are our strategic defense shield against disease.,her body's shield against diseases.,A,"Feedback: Both responses aim to convey the implicit meaning of protection and prevention from harm, but they differ in their scope and specificity. Response A uses ""vaccines"" as the subject, clearly linking the metaphor to a specific tool for defense, which aligns closely with the implicit meaning and provides a vivid, coherent image of strategic protection. Response B, while also conveying protection, is more generic and less imaginative, focusing on ""her body's shield"" without specifying the mechanism, which weakens its alignment with the intended concept. Response A’s imagery is more precise and effectively captures the idea of vaccines as a deliberate, strategic measure against disease. [RESULT] A"
The darkness was a granite fortress surrounding us.,she was locked in a prison of darkness.,A,"Feedback: Both metaphors aim to convey the implicit meaning of oppressive and inescapable confinement, but they differ in their approach and effectiveness. Response A, ""The darkness was a granite fortress surrounding us,"" uses a vivid and imaginative image of a granite fortress, which strongly evokes the idea of confinement and impenetrability. The metaphor aligns closely with the implicit meaning, as a fortress implies a structure designed to keep things out or in, and the material ""granite"" adds a sense of solidity and permanence. Response B, ""she was locked in a prison of darkness,"" directly uses the word ""prison,"" which is a clear and straightforward metaphor for confinement. However, it is less imaginative and relies on a more common and literal image. While both responses capture the intended concept, Response A stands out for its originality and vivid imagery, making it a more compelling and accurate representation of the implicit meaning. [RESULT] A"
Here is the root of reality's tree.,she is the anchor that holds her whole world together.,A,"Feedback: Response A uses the metaphor of a ""root of reality's tree"" to convey the idea of a fundamental basis, which aligns well with the implicit meaning of the origin of truth and existence. The imagery is coherent and suggests depth and foundational strength, earning a score of 4. Response B, however, uses the metaphor of an ""anchor"" to represent stability and centrality, which, while vivid and imaginative, does not directly capture the concept of the origin or basis of truth and existence, aligning more loosely with the implicit meaning and earning a score of 3. The key difference lies in how closely each metaphor reflects the fundamental nature of the implicit meaning, with Response A being more precise and Response B more metaphorically distant. [RESULT] A"
Her rage was a blinding flash of lightning.,her anger was a maelstrom that swirled through her thoughts.,B,"Feedback: Both metaphors effectively convey the intensity of anger, but they differ in their approach to capturing the implicit meaning of sudden, overwhelming emotion. Response A uses ""a blinding flash of lightning"" to emphasize the sudden and intense nature of the rage, aligning well with the ""sudden"" aspect of the implicit meaning. The imagery is vivid and coherent, though it primarily focuses on the momentary burst of anger. Response B, on the other hand, uses ""a maelstrom that swirled through her thoughts"" to depict anger as a chaotic, all-encompassing force, better capturing the ""overwhelms everything else"" part of the implicit meaning. While both metaphors are imaginative, Response B more fully encapsulates the dual aspects of suddenness and overwhelming intensity. [RESULT] B"
Time is a relentless wave rolling toward the shore of our present.,time is a relentless river of progress.,A,"Feedback: Both metaphors effectively convey the implicit meaning of time's unstoppable and continuous movement, but they differ in their imagery and coherence. Response A uses the image of a ""relentless wave rolling toward the shore,"" which vividly captures the idea of time's constant approach and inevitability, aligning closely with the implicit meaning. The wave imagery is dynamic and evokes a sense of urgency, enhancing the metaphor's impact. Response B, on the other hand, describes time as a ""relentless river of progress,"" which also conveys continuity but introduces the additional concept of ""progress,"" which is not present in the implicit meaning. While the river imagery is coherent and aligns with the idea of continuous movement, it is slightly less focused and introduces an extraneous element. Response A is more vivid, coherent, and directly aligned with the implicit meaning without adding unnecessary layers. [RESULT] A"
His romantic drive is like a rabbit in spring.,"a moth to a flame, he's drawn to love.",B,"Feedback: Both metaphors attempt to capture the implicit meaning of excessive and energetic romantic desire, but they differ in their approach and effectiveness. Response A, ""His romantic drive is like a rabbit in spring,"" uses the imagery of a rabbit's prolific breeding behavior in spring to convey energetic romantic desire. While it aligns with the meaning, the imagery is somewhat generic and lacks the intensity and urgency that the implicit meaning suggests. Response B, ""a moth to a flame, he's drawn to love,"" employs a more vivid and universally recognized metaphor, emphasizing irresistible attraction and potential self-destructive tendencies, which adds depth and coherence to the concept of excessive desire. Response B's imagery is more imaginative and closely aligns with the tone and intensity of the implicit meaning. [RESULT] B"
The rival theories played a high-stakes game of intellectual chess.,two warring giants battling for intellectual supremacy.,A,"Feedback: Both metaphors effectively convey the implicit meaning of complex competition between opposing ideas, but they differ in their imagery and specificity. Response A uses the metaphor of a ""high-stakes game of intellectual chess,"" which is vivid and aligns closely with the idea of strategic, calculated competition. It captures the intellectual nature of the rivalry and implies a structured, thoughtful engagement. Response B, on the other hand, describes ""two warring giants battling for intellectual supremacy,"" which is also vivid but leans more toward raw, intense conflict rather than the nuanced strategy implied in the implicit meaning. While both are imaginative, Response A’s imagery is more coherent and precise in reflecting the complexity and intellectual nature of the competition. [RESULT] A"
"Like mirrors, opportunities reflect what you present to them.",she ran herself into a better situation.,A,"Feedback: Response A uses a mirror metaphor to suggest that opportunities reflect one's actions, closely aligning with the implicit meaning that one's approach determines the outcome. The imagery is vivid and coherent, effectively conveying the concept. Response B, however, uses a running metaphor to imply self-improvement leading to better outcomes, which is less directly related to the idea of opportunities and their dependence on one's approach. While imaginative, it diverges from the implicit meaning and lacks the clarity and precision of Response A. [RESULT] A"
She hungrily consumed new experiences.,she was a firework exploding with excitement.,B,"Feedback: Both metaphors aim to capture the implicit meaning of eager and enthusiastic pursuit of new experiences, but they differ in their approach and effectiveness. Response A, ""She hungrily consumed new experiences,"" uses a direct and literal comparison to hunger, which aligns well with the idea of eagerness but lacks vividness and originality. The imagery is coherent but somewhat generic. Response B, ""she was a firework exploding with excitement,"" employs a more imaginative and vivid metaphor, capturing both the intensity and the dynamic nature of enthusiasm. It aligns closely with the implicit meaning and provides a clearer, more engaging representation of the concept. While both responses reflect the intended meaning, Response B excels in creativity and vividness, making it a more compelling choice. [RESULT] B"
Existence is a compass pointing toward countless destinations.,life is a compass with multiple paths to navigate.,A,"Feedback: Both metaphors effectively convey the implicit meaning of life offering multiple paths and choices, but they differ in their imagery and coherence. Response A, ""Existence is a compass pointing toward countless destinations,"" uses a more abstract and poetic approach, emphasizing the vastness of possibilities with ""countless destinations."" This creates a vivid and imaginative picture, aligning closely with the implicit meaning. Response B, ""Life is a compass with multiple paths to navigate,"" is more direct and literal, focusing on the act of navigation, which is coherent but slightly less imaginative. While both are strong, Response A stands out for its vividness and deeper alignment with the implicit meaning. [RESULT] A"
His values were refined like precious metals.,a rock solid foundation.,A,"Feedback: Response A (""His values were refined like precious metals"") aligns more closely with the implicit meaning of values becoming pure and valuable through experience and testing. It uses vivid and coherent imagery of refining precious metals, which directly parallels the process of purification and increased value. In contrast, Response B (""a rock solid foundation"") focuses on stability and strength rather than the transformation and enhancement implied in the implicit meaning. While both metaphors convey a positive attribute, Response A is more imaginative and accurate in representing the intended concept of values being refined and becoming more valuable. [RESULT] A"
The morning hours are a basket already filled with routine tasks.,her day was a script of tasks.,A,"Feedback: Both metaphors attempt to convey the implicit meaning of an overwhelming amount of tasks, but they differ in their approach and effectiveness. Response A uses the imagery of a ""basket already filled with routine tasks,"" which vividly suggests a container overflowing with items, aligning well with the idea of being overwhelmed. The metaphor is coherent and imaginative, directly linking the morning hours to a tangible, overfilled basket. In contrast, Response B describes the day as a ""script of tasks,"" which is less vivid and more abstract. While it implies a structured and potentially lengthy list of tasks, it lacks the immediate visual impact of a filled basket and does not as clearly convey the overwhelming nature of the tasks. Response A more closely captures the implicit meaning with clearer and more imaginative imagery. [RESULT] A"
Their relationship descended into the abyss.,their relationship was a shipwreck that sank into the depths.,B,"Feedback: Both metaphors aim to convey the implicit meaning of a relationship that has completely fallen apart and become dark and hopeless. Response A uses the phrase ""descended into the abyss,"" which effectively captures the idea of a downward spiral into darkness and hopelessness, aligning well with the implicit meaning. However, the imagery is somewhat generic and lacks the vividness that could make it more impactful. Response B, on the other hand, employs the metaphor of a ""shipwreck that sank into the depths,"" which not only conveys the idea of a relationship falling apart but also adds a layer of vivid imagery, suggesting a once-functional entity now lost and irretrievable. This makes Response B more imaginative and closely aligned with the implicit meaning in both tone and imagery. While both responses are coherent, Response B stands out for its more detailed and evocative imagery. [RESULT] B"
The pendulum of force swings between action and reaction.,a seesaw,A,"Feedback: Response A, ""The pendulum of force swings between action and reaction,"" effectively captures the implicit meaning of balance and reciprocity between opposing forces through its vivid imagery of a pendulum, which inherently conveys a back-and-forth motion. It aligns closely with the intended concept and uses coherent, imaginative language. Response B, ""a seesaw,"" also reflects the idea of balance and reciprocity but does so in a more straightforward and less vivid manner. While a seesaw inherently represents balance, it lacks the dynamic and continuous motion implied in the implicit meaning, making it less imaginative and slightly less aligned. Response A is more vivid, coherent, and closely aligned with the implicit meaning. [RESULT] A"
Ancient paths intersect with newly carved routes.,a traditional base propels a new launch.,A,"Feedback: Both metaphors aim to capture the implicit meaning of traditional ways meeting modern approaches, but they differ in their imagery and clarity. Response A, ""Ancient paths intersect with newly carved routes,"" uses a vivid and coherent image of paths intersecting, which effectively symbolizes the convergence of old and new. The metaphor is imaginative and aligns closely with the intended meaning, earning a score of 5. Response B, ""a traditional base propels a new launch,"" also conveys the idea of tradition supporting innovation but is less vivid and more abstract. The imagery of a base propelling a launch is coherent but less imaginative and slightly less aligned with the implicit meaning, earning a score of 4. [RESULT] A"
Rays of sunshine flowed between the clouds like liquid gold.,the sun's rays were a river flowing through the clouds.,A,"Feedback: Both responses effectively convey the fluidity of sunlight, but they differ in their approach to imagery and coherence. Response A uses ""liquid gold"" to emphasize the preciousness of sunlight, aligning closely with the implicit meaning, while Response B employs a river analogy, which is vivid but less directly tied to the idea of preciousness. Response A’s imagery is more precise and imaginative in capturing both the fluid and valuable aspects of sunlight, whereas Response B focuses more on the fluid motion without equally emphasizing the preciousness. Response A better balances the implicit meaning with vivid and coherent imagery. [RESULT] A"
Our deadlines are colliding with each other.,she ran herself into a better situation.,A,"Feedback: Response A (""Our deadlines are colliding with each other"") aligns more closely with the implicit meaning of multiple tasks creating conflict and chaos in scheduling. It uses vivid imagery of deadlines ""colliding,"" which effectively conveys the idea of overlapping and conflicting tasks. Response B (""she ran herself into a better situation"") diverges significantly from the implicit meaning, as it suggests improvement rather than conflict or chaos. While Response B is imaginative, it fails to capture the intended concept. Response A is more coherent and accurate in representing the original idea. [RESULT] A"
The solution finally made its way here.,the solution was a puzzle piece that fit perfectly.,B,"Feedback: Response A captures the idea of a slow arrival but lacks vivid imagery and does not explicitly convey the ""long journey"" aspect of the implicit meaning, resulting in a less imaginative and somewhat generic representation. Response B, on the other hand, uses the vivid imagery of a ""puzzle piece"" fitting perfectly, which not only conveys the slow discovery but also implies the satisfaction and precision of the solution after a long process, aligning more closely with the implicit meaning. While both responses touch on the concept, Response B is more imaginative and coherent in its imagery. [RESULT] B"
His gaming habit is a potent drug that's taken over his life.,his gaming addiction had become a raging wildfire.,A,"Feedback: Both metaphors aim to convey the destructive and controlling nature of gaming addiction, aligning with the implicit meaning. Response A compares gaming addiction to a ""potent drug,"" which directly parallels the idea of drug addiction, making it clear and coherent. The imagery is vivid and effectively conveys the intended concept. Response B uses the metaphor of a ""raging wildfire,"" which emphasizes the uncontrollable and destructive aspects of addiction but lacks the direct comparison to drug addiction. While both are imaginative, Response A more closely aligns with the implicit meaning by explicitly linking gaming addiction to drug addiction, making it a clearer and more accurate representation. [RESULT] A"
His happiness rose like a mighty skyscraper.,his joy reached the highest peak.,B,"Feedback: Both metaphors aim to convey the idea of happiness growing and reaching great heights, but they differ in their approach and effectiveness. Response A uses the imagery of a ""mighty skyscraper"" to represent happiness, which is vivid and aligns well with the concept of growth and expansion, as skyscrapers are symbols of vertical growth and grandeur. However, the metaphor might be seen as slightly less imaginative due to its common usage. Response B, on the other hand, uses ""the highest peak"" to symbolize joy, which is also vivid and directly relates to the idea of reaching great heights. This metaphor is more imaginative and directly aligns with the implicit meaning of growing happiness reaching its zenith. While both are effective, Response B captures the essence of the implicit meaning more precisely and with more imaginative imagery. [RESULT] B"
Her mind stockpiles ideas like a squirrel hoarding nuts for winter.,she stores her ideas like a squirrel stores nuts.,A,"Feedback: Both responses capture the implicit meaning of collecting and storing ideas for future use, but they differ in vividness and coherence. Response A, ""Her mind stockpiles ideas like a squirrel hoarding nuts for winter,"" adds the detail of ""winter,"" which enhances the imagery by emphasizing the purpose of storing ideas for a specific future need, aligning closely with the implicit meaning. Response B, ""she stores her ideas like a squirrel stores nuts,"" is more straightforward but lacks the additional layer of context that makes the metaphor vivid and coherent. While both are effective, Response A is more imaginative and aligns better with the intended concept. [RESULT] A"
Causes and effects are handcuffed together by time.,"life's chain is unbreakable, forever bound to its actions.",A,"Feedback: Both metaphors attempt to convey the inseparability of actions and their consequences, but they differ in their approach and effectiveness. Response A uses the imagery of ""handcuffs"" to emphasize the forced, unbreakable connection between causes and effects, which aligns well with the implicit meaning of temporal linkage. The imagery is vivid and directly captures the idea of being bound together. Response B, while also conveying an unbreakable connection, uses the metaphor of ""life's chain"" and ""actions,"" which is more abstract and less directly tied to the temporal aspect of the implicit meaning. It focuses more on the continuity of life and actions rather than the specific temporal progression. Response A is more precise and vivid in capturing the intended concept, earning a score of 4, while Response B, though imaginative, is slightly less aligned with the temporal aspect, earning a score of 3. [RESULT] A"
The void in his heart bled continuously.,a hollow feeling like a missing puzzle piece.,A,"Feedback: Both metaphors aim to convey emotional pain and ongoing suffering, but they differ in their approach and vividness. Response A uses the imagery of a ""void in his heart"" that ""bled continuously,"" which effectively captures the ongoing nature of the suffering through the metaphor of bleeding, suggesting a persistent and painful condition. This aligns closely with the implicit meaning and provides a vivid, coherent image. Response B, on the other hand, describes a ""hollow feeling like a missing puzzle piece,"" which conveys a sense of incompleteness but lacks the dynamic, ongoing aspect of suffering. While it is coherent and relatable, it is less vivid and less aligned with the continuous nature of the emotional pain described in the implicit meaning. Response A is more imaginative and accurately captures the intended concept. [RESULT] A"
The transparent containers revealed every obligation within.,they were accountable for all their visible responsibilities.,A,"Feedback: Both responses aim to convey the idea that responsibilities are clearly visible and cannot be hidden, but they differ in their approach and effectiveness. Response A uses the imagery of ""transparent containers"" to suggest that obligations are fully exposed, which aligns closely with the implicit meaning and provides a vivid, coherent picture. The metaphor is imaginative and directly reflects the concept of visibility and lack of concealment. In contrast, Response B states ""accountable for all their visible responsibilities,"" which is more literal and less imaginative. While it conveys the idea of visibility, it lacks the creative imagery and depth of Response A. Response A effectively captures the intended concept with clearer and more imaginative language. [RESULT] A"
"Some people are like solar-powered batteries, drawing strength from nature.",she was a flower that bloomed in the wild.,A,"Feedback: Both metaphors aim to capture the idea of individuals gaining energy and rejuvenation from nature, but they differ in their approach and effectiveness. Response A uses the metaphor of ""solar-powered batteries,"" which directly links the concept of drawing strength from nature to a familiar, energy-related object. This creates a clear and coherent image that aligns well with the implicit meaning, though it may lack a bit in vividness and originality. Response B, on the other hand, compares a person to ""a flower that bloomed in the wild,"" which is more imaginative and vivid, evoking a sense of natural growth and vitality. However, it is less direct in conveying the specific idea of gaining energy from being outdoors, as it focuses more on the idea of thriving in a natural environment rather than the energy transfer aspect. Response A more closely aligns with the implicit meaning in terms of clarity and directness, while Response B excels in vividness and imagination but is slightly less precise. [RESULT] A"
He lost his footing in the midst of crisis.,he was a shipwrecked sailor on a stormy sea.,B,"Feedback: Both metaphors aim to convey the implicit meaning of losing stability and control during difficult times. Response A, ""He lost his footing in the midst of crisis,"" directly addresses the loss of stability but lacks vivid imagery and imaginative depth, making it a more literal and less engaging representation. Response B, ""He was a shipwrecked sailor on a stormy sea,"" employs a more vivid and imaginative analogy, effectively capturing the sense of being overwhelmed and adrift in a chaotic situation. While both responses align with the implicit meaning, Response B excels in creating a more coherent and evocative image, making it a clearer and more accurate representation of the intended concept. [RESULT] B"
His enthusiasm was a flame that ignited the whole team.,she made the impossible look easy and achievable.,A,"Feedback: Response A effectively captures the implicit meaning of contagious motivation and energy spreading among people by using the vivid imagery of a flame igniting a team, which aligns closely with the concept of spreading enthusiasm. The metaphor is coherent and imaginative, clearly conveying the intended idea. Response B, while positive, focuses more on individual achievement (""making the impossible look easy"") rather than the spread of motivation and energy among a group. It does not align as closely with the implicit meaning and lacks the vivid, contagious imagery present in Response A. Therefore, Response A is the clearer, more accurate, and more imaginative representation. [RESULT] A"
Our sight is a box with transparent walls.,our visual field is a canvas with defined boundaries.,B,"Feedback: Both metaphors attempt to convey the idea of vision being limited despite its clarity, but they differ in their approach and effectiveness. Response A, ""Our sight is a box with transparent walls,"" captures the concept of transparency and limitation well, as a box implies boundaries while transparency suggests clarity. However, the imagery of a box is somewhat generic and lacks the vividness needed to fully evoke the intended meaning. Response B, ""our visual field is a canvas with defined boundaries,"" introduces a more imaginative and coherent image. A canvas inherently suggests a defined space, aligning with the idea of limitations, while the term ""visual field"" more accurately reflects the concept of vision. The canvas metaphor also evokes a sense of clarity and creativity, making it a more vivid and accurate representation of the implicit meaning. [RESULT] B"
The checkered flag waves for all who persist.,she ran herself into a better situation.,A,"Feedback: Both metaphors aim to convey the idea of perseverance leading to success, but they differ in their approach and effectiveness. Response A, ""The checkered flag waves for all who persist,"" uses a racing metaphor that aligns closely with the implicit meaning. The checkered flag is a clear symbol of success and achievement, and its association with persistence effectively captures the idea that success comes to those who endure. The imagery is vivid and coherent, making it a strong representation of the intended concept. Response B, ""She ran herself into a better situation,"" also conveys the idea of effort leading to improvement but is less precise and imaginative. The metaphor of running suggests perseverance, but the phrase ""ran herself into"" is somewhat ambiguous and less directly tied to the idea of success as a reward for persistence. While both responses reflect the implicit meaning, Response A does so with greater clarity, vividness, and coherence. [RESULT] A"
The theory's foundation has developed dangerous cracks.,the foundation of the theory is a house of cards.,B,"Feedback: Both metaphors aim to convey the instability of the theory's foundation, but they differ in their approach and vividness. Response A directly states that the foundation has ""dangerous cracks,"" which aligns with the implicit meaning of instability but lacks imaginative imagery. Response B, on the other hand, uses the metaphor of a ""house of cards,"" which is highly vivid and coherent, effectively conveying the idea that the foundation is fragile and could collapse at any moment. While both responses capture the intended concept, Response B does so with greater creativity and clarity, making it a more accurate and imaginative representation. [RESULT] B"
His anger was a boiling kettle ready to explode.,he was a volcano ready to erupt at any moment.,B,"Feedback: Both metaphors effectively convey the implicit meaning of intense, uncontrollable anger reaching a dangerous peak, but they differ in their imagery and coherence. Response A uses the image of a ""boiling kettle ready to explode,"" which captures the idea of anger building up to a critical point but lacks the natural, unstoppable force implied in the implicit meaning. Response B, with ""a volcano ready to erupt at any moment,"" aligns more closely with the implicit meaning by evoking a powerful, natural phenomenon that is both intense and uncontrollable, mirroring the dangerous peak of anger more vividly and coherently. [RESULT] B"
"Their attraction was a long-range missile, spanning continents.","they were two magnets with a strong, invisible force holding them together.",B,"Feedback: Both metaphors aim to convey the implicit meaning of powerful attraction across great distances, but they differ in their approach and effectiveness. Response A uses the imagery of a ""long-range missile spanning continents,"" which captures the idea of distance but leans more toward aggression and force rather than mutual attraction. The imagery is vivid but less aligned with the tone of the implicit meaning, which emphasizes a natural, almost magnetic pull. Response B, on the other hand, employs the metaphor of ""two magnets with a strong, invisible force,"" which directly and coherently conveys the concept of mutual, powerful attraction across a distance. The imagery is vivid, imaginative, and aligns closely with the intended meaning, making it a clearer and more accurate representation. [RESULT] B"
Hope is a beacon in the darkness.,hope is a guiding star in the storm of life.,B,"Feedback: Both metaphors effectively convey the implicit meaning that hope provides guidance and comfort in difficult times. Response A uses the imagery of a ""beacon in the darkness,"" which is vivid and aligns well with the idea of hope offering light and direction in challenging situations. Response B, with ""a guiding star in the storm of life,"" also captures the guidance aspect but adds the element of a storm, which enhances the imagery of navigating through turmoil. While both are strong, Response B's inclusion of the storm metaphor provides a more dynamic and vivid representation of life's difficulties, making it slightly more imaginative and aligned with the implicit meaning. [RESULT] B"
She flutters from partner to partner like a restless butterfly.,"she's a butterfly, always flitting from flower to flower.",A,"Feedback: Both responses effectively convey the implicit meaning of inconstancy and flightiness in romantic relationships, but they differ in their approach and vividness. Response A directly links the subject's behavior to a ""restless butterfly,"" emphasizing the restlessness and frequent changes in partners, which aligns closely with the implicit meaning. Response B, while also using the butterfly metaphor, focuses on the butterfly's movement from ""flower to flower,"" which is a common trope and slightly less vivid in conveying the specific context of romantic relationships. Response A's imagery is more direct and coherent in capturing the intended concept, making it a clearer and more accurate representation. [RESULT] A"
The winning theory took home the gold medal of peer acceptance.,the groundbreaking theory took root in the academic soil.,B,"Feedback: Both metaphors aim to convey the concept of academic recognition, but they differ in their approach and effectiveness. Response A uses a sports analogy, comparing the theory's acceptance to winning a gold medal, which is vivid and easily understandable, capturing the idea of achievement and recognition (Score: 4). However, it slightly deviates from the academic context, as sports competitions are not directly related to scientific validation. Response B, on the other hand, employs a nature-based metaphor, likening the theory's acceptance to a plant taking root, which is coherent and aligns well with the academic environment, symbolizing growth and establishment within the field (Score: 4). While both metaphors are imaginative and convey the implicit meaning, Response B is more contextually appropriate and maintains a stronger connection to the academic setting. [RESULT] B"
The cold grip of fear froze her thoughts in place.,she was a shipwreck in the storm of her own mind.,A,"Feedback: Both metaphors aim to capture the implicit meaning of being paralyzed by intense fear or anxiety, but they differ in their approach and effectiveness. Response A uses the imagery of a ""cold grip of fear"" freezing thoughts, which directly aligns with the idea of paralysis and immobility caused by fear. The metaphor is vivid and coherent, clearly conveying the intended concept through its literal and figurative freeze. Response B, on the other hand, compares the individual to a ""shipwreck in the storm of her own mind,"" which introduces a sense of chaos and loss of control but lacks the direct connection to paralysis. While imaginative, it is less precise in capturing the specific state of being frozen by fear. Response A more closely aligns with the implicit meaning and does so with clearer, more focused imagery. [RESULT] A"
Her lust burned like a raging inferno.,she was a flame that burned with unquenchable passion.,A,"Feedback: Both metaphors aim to convey the implicit meaning of intense, uncontrollable desire, but they differ in their approach and effectiveness. Response A uses the imagery of a ""raging inferno"" to emphasize the intensity and uncontrollability of the desire, which aligns closely with the implicit meaning and creates a vivid, powerful image. Response B, while also capturing the intensity with ""unquenchable passion,"" personifies the desire as a flame, which adds a layer of coherence and directness to the metaphor. However, Response A’s use of ""raging inferno"" is more imaginative and aligns more closely with the uncontrollable aspect of the desire, making it a clearer and more accurate representation. Response B is slightly less vivid in comparison but still effectively conveys the intended concept. [RESULT] A"
This problem is a Gordian knot of complications.,a mountain of obstacles stood in her way.,A,"Feedback: Both metaphors aim to convey the idea of an extremely complex and unsolvable problem, but they differ in their approach and effectiveness. Response A, ""This problem is a Gordian knot of complications,"" uses a historical and symbolic reference to the Gordian knot, which is known for its complexity and the legend of being unsolvable until Alexander the Great cut it with a sword. This metaphor aligns closely with the implicit meaning, as it directly references a complex and seemingly unsolvable issue, and its imagery is vivid and coherent. Response B, ""a mountain of obstacles stood in her way,"" while conveying the idea of significant challenges, does not inherently imply unsolvability or extreme complexity. It focuses more on the magnitude of obstacles rather than their intricate nature. Response A is more imaginative and aligns more closely with the intended meaning, capturing both the complexity and the unsolvable aspect of the problem. [RESULT] A"
His elation climbed to the summit of bliss.,he reached the peak of joy.,A,"Feedback: Both responses effectively convey the implicit meaning of reaching the highest level of happiness, but they differ in their imagery and coherence. Response A uses the metaphor of ""elation climbing to the summit of bliss,"" which is more vivid and imaginative, creating a stronger visual and emotional impact. It aligns closely with the implicit meaning by emphasizing the journey to the pinnacle of happiness. Response B, on the other hand, uses ""reached the peak of joy,"" which is more straightforward and less imaginative. While it accurately conveys the idea, it lacks the depth and richness of Response A's imagery. Both responses are coherent, but Response A stands out for its creativity and vividness. [RESULT] A"
The dawn tide washed over the sleeping city.,daybreak's warmth slowly unfolded like a sunrise.,A,"Feedback: Both responses aim to capture the implicit meaning of a gradual awakening and transition from night to day, but they differ in their approach and effectiveness. Response A uses the imagery of a ""dawn tide washing over the sleeping city,"" which vividly conveys the idea of a gentle, all-encompassing transition, akin to the gradual spread of light and life. The metaphor is coherent and imaginative, aligning closely with the intended meaning. Response B, on the other hand, describes ""daybreak's warmth slowly unfolding like a sunrise,"" which is more literal and less imaginative. While it captures the gradual nature of the transition, it lacks the vividness and originality of Response A. The imagery in Response B is somewhat generic and does not add as much depth or creativity to the concept. Therefore, Response A is the clearer, more accurate, and more imaginative representation of the original idea. [RESULT] A"
The committee members in my mind debate each decision.,my personality is a kaleidoscope of diverse pieces.,A,"Feedback: Response A captures the implicit meaning of internal conflict and competing thoughts during decision-making by depicting committee members debating in the mind, which aligns well with the concept of multiple perspectives clashing. However, the imagery is somewhat straightforward and lacks vividness. Response B, while imaginative and vivid with its kaleidoscope metaphor, diverges from the implicit meaning as it emphasizes diversity rather than conflict or competing thoughts. Both responses differ in their focus: Response A directly addresses decision-making conflict, whereas Response B highlights personality diversity without linking it to internal debate. Response A, despite its less vivid imagery, more accurately conveys the intended concept. [RESULT] A"
She's hooked on the high of constant productivity.,she is a runaway train.,A,"Feedback: Both metaphors attempt to convey the implicit meaning of addiction to work and productivity, but they differ in their approach and effectiveness. Response A, ""She's hooked on the high of constant productivity,"" directly links the concept of addiction to the feeling of being high, which is vivid and aligns well with the idea of being addicted to productivity. It clearly captures the compulsive nature of the behavior. Response B, ""she is a runaway train,"" uses a different imagery that suggests uncontrollable momentum and lack of restraint, which can imply addiction but is less direct and more open to interpretation. While both metaphors are coherent, Response A is more precise in reflecting the specific nature of work addiction, whereas Response B is more imaginative but slightly less aligned with the exact meaning. [RESULT] A"
Causal roots nourish the tree of logical reasoning.,"tags. remember, it must be 10 words or fewer, and should consist only of the metaphor itself.

<metaphor>
[your metaphor here, 10 words maximum]",A,"Feedback: Response A effectively captures the implicit meaning by using ""causal roots"" to represent foundational causes and ""tree of logical reasoning"" to symbolize structured thinking, creating a vivid and coherent image. Response B is incomplete and does not provide a metaphor for evaluation, making it impossible to assess its alignment with the implicit meaning or its imagery. Therefore, Response A is the only viable option for evaluation and clearly outperforms the absent Response B. [RESULT] A"
The meeting spiraled into chaos.,a well-organized meeting turned into a chaotic mess.,B,"Feedback: Both responses aim to convey the implicit meaning of loss of control and order descending into disorder, but they differ in their approach and effectiveness. Response A uses the verb ""spiraled"" to imply a rapid and uncontrollable descent into chaos, which aligns well with the implicit meaning and provides a vivid image of the situation deteriorating. However, it lacks the initial contrast of order that is present in the implicit meaning. Response B, on the other hand, explicitly mentions a ""well-organized meeting"" turning into a ""chaotic mess,"" which directly captures the transition from order to disorder and closely aligns with the implicit meaning. While Response B uses more straightforward language, it effectively conveys the intended concept with clear and coherent imagery. Response A is more imaginative with its use of ""spiraled,"" but it doesn’t fully capture the initial state of order. Based on the criteria, Response B better meets the requirements by clearly depicting the transition and maintaining coherence. [RESULT] B"
These possessions are chains that bind me.,my obligations are the weights that hold me back.,A,"Feedback: Both metaphors effectively convey the implicit meaning of feeling trapped or restricted by material possessions, but they differ in their imagery and specificity. Response A uses ""chains"" to symbolize the binding nature of possessions, which is vivid and directly aligns with the idea of being trapped. Response B, on the other hand, uses ""weights"" to represent obligations, which metaphorically conveys the burden but is slightly less specific to the concept of material possessions. While both are coherent and imaginative, Response A’s imagery of chains is more precise and vivid in capturing the restrictive nature of possessions compared to the more general concept of weights. [RESULT] A"
Anger accelerated through him like a rocket launch.,his anger was a ticking time bomb ready to explode.,B,"Feedback: Both metaphors aim to convey the sudden and explosive buildup of intense anger, but they differ in their approach and effectiveness. Response A, ""Anger accelerated through him like a rocket launch,"" captures the rapid and intense nature of anger with the imagery of a rocket launch, which aligns well with the sudden aspect of the implicit meaning. However, it lacks the element of impending explosion, focusing more on speed than the buildup. Response B, ""his anger was a ticking time bomb ready to explode,"" directly addresses both the buildup and the explosive nature of anger, using the vivid and coherent imagery of a ticking time bomb. This metaphor more closely aligns with the implicit meaning by emphasizing the tension and inevitability of the explosion. While both are imaginative, Response B is more comprehensive and vivid in conveying the intended concept. [RESULT] B"
Her leadership navigated the team through the crisis.,"she was a steady hand on the wheel, navigating the team through the crisis.",B,"Feedback: Both responses effectively convey the implicit meaning of ""guidance through difficulty,"" but they differ in the vividness and coherence of their imagery. Response A uses a straightforward metaphor of ""leadership navigating the team,"" which aligns well with the intended meaning but lacks the imaginative and detailed imagery that could make it more engaging. Response B, on the other hand, enhances the metaphor by adding ""a steady hand on the wheel,"" which provides a more vivid and coherent image of calm, controlled guidance through a crisis. This additional detail makes Response B more imaginative and aligns more closely with the implicit meaning by emphasizing the steady and reliable nature of the leadership. [RESULT] B"
The solution lies beneath these turbulent waters.,the solution was buried under the complexity of the problem.,A,"Feedback: Both metaphors attempt to convey the idea that the solution is obscured by challenging conditions, but they differ in their imagery and alignment with the implicit meaning. Response A uses ""turbulent waters"" to symbolize difficulty, which is vivid and evokes a sense of chaos and depth, closely aligning with the implicit meaning of something being hidden under difficult circumstances. Response B, on the other hand, uses ""buried under the complexity of the problem,"" which is more direct and literal, lacking the imaginative and vivid imagery of Response A. While both metaphors capture the core idea, Response A does so with more creativity and coherence, making it a clearer and more accurate representation of the original concept. [RESULT] A"
The body mobilizes its forces to fight off the viral invasion.,it fights off viruses like a mighty fortress defends its walls.,A,"Feedback: Both responses attempt to convey the immune system's defense mechanism through military metaphors, aligning with the implicit meaning. Response A directly compares the body's response to a military operation, using ""mobilizes its forces"" and ""viral invasion,"" which clearly reflects the army-invader analogy. Response B, however, introduces a fortress defending its walls, which, while imaginative, shifts the imagery from an army to a static defense structure, slightly diverging from the original concept. Response A’s imagery is more coherent and closely aligned with the implicit meaning, whereas Response B’s fortress metaphor, though vivid, is less precise in capturing the dynamic, active nature of an army fighting invaders. [RESULT] A"
Candlelight swirled through the room like a gentle current.,a flame of creativity dancing in the darkness.,A,"Feedback: Both metaphors attempt to capture the implicit meaning of light moving smoothly and fluidly like water, but they differ in their approach and effectiveness. Response A uses the imagery of ""candlelight swirling through the room like a gentle current,"" which directly compares light to a fluid motion, aligning closely with the implicit meaning. The imagery is vivid and coherent, effectively conveying the intended concept. Response B, on the other hand, describes ""a flame of creativity dancing in the darkness,"" which introduces a different concept (creativity) and lacks the direct comparison to fluid motion. While it is imaginative, it does not align as closely with the implicit meaning as Response A. Response A is more accurate and coherent in representing the original idea. [RESULT] A"
His emotional stability is a masterful balancing act.,he is a master juggler of emotional chaos.,B,"Feedback: Both metaphors effectively convey the implicit meaning of precarious control over emotions requiring constant effort and skill. Response A uses the imagery of a ""masterful balancing act,"" which aligns well with the idea of maintaining stability through effort and skill, but it is somewhat static and lacks dynamic tension. Response B, on the other hand, employs the imagery of a ""master juggler of emotional chaos,"" which is more vivid and dynamic, capturing the constant effort and skill required to manage turbulent emotions. While both metaphors are coherent and imaginative, Response B’s imagery is more engaging and closely aligns with the implicit meaning by emphasizing the active, ongoing struggle. [RESULT] B"
His grip on the business empire is unshakeable.,captain of his castle.,A,"Feedback: Both metaphors aim to convey absolute control and dominance, but they differ in their approach and effectiveness. Response A, ""His grip on the business empire is unshakeable,"" directly emphasizes control through the imagery of a firm, unyielding grip, aligning closely with the implicit meaning. The metaphor is vivid and coherent, clearly portraying dominance over a vast enterprise. Response B, ""captain of his castle,"" while suggesting leadership and authority, is less specific to a business context and more generic. The imagery of a captain and castle, though imaginative, does not as precisely capture the idea of absolute control over a business empire. Response A is more accurate and vivid in representing the intended concept. [RESULT] A"
A rainbow of opportunities emerges after the economic storm.,she opened doors to a world of new opportunities.,A,"Feedback: Both metaphors aim to convey the implicit meaning of hope and new possibilities after financial hardship, but they differ in their approach and effectiveness. Response A uses the imagery of a ""rainbow of opportunities"" emerging after an ""economic storm,"" which vividly captures the idea of a bright, colorful array of possibilities following a turbulent period. The metaphor aligns closely with the implicit meaning, offering a clear and imaginative representation. Response B, on the other hand, uses the phrase ""opened doors to a world of new opportunities,"" which is more literal and less vivid. While it conveys the idea of accessing new possibilities, it lacks the imaginative and symbolic depth of Response A. The imagery in Response B is more generic and does not evoke the same sense of transformation and renewal as the rainbow metaphor. Therefore, Response A is more effective in capturing the implicit meaning with its vivid and coherent imagery. [RESULT] A"
Time is an eroding coastline.,time ticks away like a clock's steady heartbeat.,A,"Feedback: Both metaphors attempt to capture the concept of gradual, inevitable decay and loss, but they differ in their approach and effectiveness. Response A, ""Time is an eroding coastline,"" uses a natural, visual image that aligns well with the implicit meaning, as it evokes the slow, relentless wearing away of something solid and permanent. The imagery is vivid and coherent, making it a strong representation of the intended concept. Response B, ""time ticks away like a clock's steady heartbeat,"" while clear and coherent, focuses more on the passage of time rather than its erosive nature. The metaphor of a clock's heartbeat is more about regularity and continuity than decay, making it less aligned with the implicit meaning. Response A is more imaginative and directly captures the essence of gradual, inevitable loss. [RESULT] A"
They chewed through the competition.,they outpaced the competition with their well-orchestrated plan.,A,"Feedback: Both responses aim to convey the idea of dominating opponents, but they differ in their approach and imagery. Response A uses the metaphor ""chewed through the competition,"" which vividly portrays a forceful and relentless action, aligning closely with the implicit meaning of easily defeating opponents. The imagery is strong and coherent, though it leans more toward aggression than precision. Response B, on the other hand, uses ""outpaced the competition with their well-orchestrated plan,"" which emphasizes strategy and speed but lacks the same level of vividness and directness in conveying dominance. While both metaphors capture the core idea, Response A is more imaginative and aligns better with the implicit meaning due to its vivid and forceful imagery. [RESULT] A"
They exchanged authority over the department.,"the city is a living, breathing organism.",A,"Feedback: Response A directly addresses the transfer of power or control with a clear and straightforward statement, but it lacks imaginative or vivid imagery, making it a literal rather than metaphorical representation. Response B, while highly imaginative and vivid in describing the city as a living organism, does not align with the implicit meaning of transferring power between individuals. Both responses fail to fully meet the criteria, but Response A more closely reflects the intended meaning, albeit in a literal and uninspired way. [RESULT] A"
That hedge fund is a golden purse with holes in its lining.,it's a snake eating its own tail.,A,"Feedback: Response A (""That hedge fund is a golden purse with holes in its lining"") aligns closely with the implicit meaning by directly addressing the appearance of wealth (golden purse) and the hidden flaws causing loss (holes in the lining). The imagery is vivid and coherent, effectively conveying the intended concept. Response B (""it's a snake eating its own tail"") is imaginative but less aligned with the implicit meaning, as it suggests self-destruction rather than hidden flaws causing financial loss. While both metaphors are creative, Response A more accurately captures the intended idea with clearer and more relevant imagery. [RESULT] A"
Love is a dance of yin and yang.,a quiet moment before a thunderous crash.,A,"Feedback: Response A, ""Love is a dance of yin and yang,"" effectively captures the implicit meaning of love as a harmonious balance between opposing forces, using the well-known concept of yin and yang to convey the idea of complementary opposites. The imagery is coherent and aligns closely with the intended meaning, though it relies on a familiar metaphor, which slightly reduces its originality. Response B, ""a quiet moment before a thunderous crash,"" introduces a contrast between tranquility and intensity, but it does not directly convey the idea of balance or opposing forces working together, making it less aligned with the implicit meaning. While Response B is vivid and imaginative, it fails to capture the core concept of harmony. Therefore, Response A is the better metaphor. [RESULT] A"
His anger was a volcanic wasteland.,a volcano of rage.,B,"Feedback: Both metaphors aim to convey the destructive and intense nature of rage, but they differ in their imagery and alignment with the implicit meaning. Response A, ""His anger was a volcanic wasteland,"" captures the aftermath of devastation but lacks the immediate intensity and active force implied in the implicit meaning. The imagery of a wasteland is vivid but focuses more on the result rather than the explosive nature of the rage itself. Response B, ""a volcano of rage,"" directly aligns with the implicit meaning by emphasizing the intense, explosive, and destructive nature of the emotion, using a more dynamic and coherent image. While both metaphors are imaginative, Response B more accurately and vividly conveys the intended concept. [RESULT] B"
The company is navigating through troubled waters.,they're navigating through rough seas.,A,"Feedback: Both Response A and Response B use the metaphor of navigating through challenging conditions to convey the implicit meaning of the company facing difficult challenges and uncertainty. The key difference lies in the specificity and vividness of the imagery. Response A uses ""troubled waters,"" which is a well-established metaphor that clearly aligns with the implicit meaning and evokes a sense of turbulence and danger. Response B uses ""rough seas,"" which is similarly effective in conveying difficulty but is slightly more generic and less imaginative compared to ""troubled waters."" Both responses are coherent and closely aligned with the implicit meaning, but Response A’s imagery is more vivid and original. [RESULT] A"
The economic forecast shows sunny skies ahead.,clouds are gathering on the horizon.,A,"Feedback: Response A (""The economic forecast shows sunny skies ahead"") aligns closely with the implicit meaning of a positive financial outlook and prosperity, using vivid and coherent imagery of sunny skies to convey optimism and clarity. In contrast, Response B (""clouds are gathering on the horizon"") suggests impending challenges or uncertainty, which directly contradicts the intended positive tone. While both metaphors use weather imagery, Response A effectively captures the optimistic essence, whereas Response B fails to align with the implicit meaning. [RESULT] A"
The weight of drinks stacked up like bricks on his consciousness.,he was losing control with each drink.,A,"Feedback: Response A uses a vivid and imaginative metaphor by comparing the ""weight of drinks"" to ""bricks stacked up on his consciousness,"" effectively capturing the implicit meaning of accumulating intoxication leading to mental heaviness and impairment. The imagery is coherent and aligns closely with the intended concept, making it a clear and accurate representation. In contrast, Response B directly states ""he was losing control with each drink,"" which, while accurate, lacks the imaginative and metaphorical depth of Response A. It conveys the idea of impairment but does not use vivid imagery or metaphorical language to enhance the meaning. Therefore, Response A better meets the criteria of being highly imaginative, vivid, and closely aligned with the implicit meaning. [RESULT] A"
Their words were landmines scattered throughout the conversation.,hidden arrows of hurt.,A,"Feedback: Both metaphors aim to convey the implicit meaning of dangerous and explosive speech, but they differ in their approach and effectiveness. Response A, ""Their words were landmines scattered throughout the conversation,"" uses the imagery of landmines, which aligns closely with the idea of unexpected harm and explosive consequences. The metaphor is vivid and coherent, effectively capturing the sudden and destructive nature of harmful speech. Response B, ""hidden arrows of hurt,"" while conveying the idea of concealed harm, lacks the explosive and unpredictable element present in the implicit meaning. The imagery of arrows suggests a more direct and intentional act of harm, which diverges slightly from the unintended and explosive nature of the original concept. Response A is more imaginative and aligns better with the implicit meaning, earning a score of 5, while Response B, though relevant, is less vivid and original, earning a score of 4. [RESULT] A"
He's dancing on thin ice.,he's on the edge of a cliff.,A,"Feedback: Both metaphors effectively convey the implicit meaning of engaging in risky behavior, but they differ in their imagery and vividness. Response A, ""He's dancing on thin ice,"" uses a dynamic and precarious image that directly implies risk and potential danger, aligning closely with the implicit meaning. The imagery is vivid and coherent, as dancing on thin ice clearly suggests a delicate balance between movement and the threat of breaking through. Response B, ""He's on the edge of a cliff,"" also conveys risk but with a more static and less imaginative image. While it aligns with the implicit meaning, it lacks the dynamic and precarious nuance of Response A. Therefore, Response A is more vivid, coherent, and imaginative in capturing the intended concept. [RESULT] A"
Their relationship is a well-tuned symphony.,a well-oiled machine with all parts moving in harmony.,A,"Feedback: Both metaphors aim to convey the idea of harmony and coordination, but they differ in their imagery and alignment with the implicit meaning. Response A, ""Their relationship is a well-tuned symphony,"" uses a musical analogy, which is vivid and imaginative, capturing the essence of harmony through the concept of a symphony where every instrument plays in perfect unison. This aligns closely with the implicit meaning of being ""harmonious and perfectly coordinated."" Response B, ""a well-oiled machine with all parts moving in harmony,"" employs a mechanical analogy, which is also coherent and conveys coordination but is slightly less imaginative and vivid compared to the symphony metaphor. While both metaphors are effective, Response A stands out for its more creative and evocative imagery that better resonates with the intended concept. [RESULT] A"
The artwork has reached its final destination.,"a masterpiece, complete and ready for the world to see.",B,"Feedback: Both responses aim to convey the implicit meaning of the artwork being complete, but they differ in their approach and effectiveness. Response A uses the metaphor of ""reaching its final destination,"" which aligns with the idea of completion but lacks vivid imagery and feels somewhat generic. It conveys the concept but does not evoke a strong visual or emotional response. Response B, on the other hand, describes the artwork as ""a masterpiece, complete and ready for the world to see,"" which not only aligns closely with the implicit meaning but also adds a layer of vividness and pride, enhancing the imagery. It effectively conveys both the completion and the readiness for presentation, making it more imaginative and coherent. While both responses capture the intended meaning, Response B does so with greater clarity, vividness, and emotional resonance. [RESULT] B"
Darkness wore its velvet cover like a cloak.,darkness was a smooth blanket that wrapped everything.,A,"Feedback: Both metaphors effectively convey the enveloping nature of darkness, aligning with the implicit meaning of night being enveloping and luxurious. However, Response A uses the imagery of a ""velvet cover like a cloak,"" which is more vivid and luxurious, closely matching the tone of the implicit meaning. Response B, while also conveying the enveloping aspect with ""smooth blanket,"" lacks the same level of luxury and vividness. The use of ""velvet"" and ""cloak"" in Response A enhances the imagery, making it more imaginative and coherent with the intended concept. [RESULT] A"
Her inner light illuminates her musical talents.,her natural understanding was her musical instrument's best friend.,A,"Feedback: Both metaphors aim to convey the implicit meaning of natural gifts shining through music, but they differ in their approach and effectiveness. Response A uses the imagery of an ""inner light"" to symbolize natural gifts, which is vivid and aligns closely with the idea of shining through. However, it directly mentions ""musical talents,"" which is more explicit and less imaginative compared to the implicit meaning. Response B, on the other hand, personifies the musical instrument as having a ""best friend"" in her natural understanding, which is a more creative and indirect way of expressing the concept. While it captures the relationship between natural gifts and music, the imagery of a ""best friend"" is less vivid and more abstract, making it slightly less aligned with the implicit meaning. Response A is more straightforward and vivid, whereas Response B is more imaginative but less clear. [RESULT] A"
We need to quarantine these toxic ideas before they spread further.,they are a cancer in the body of society.,B,"Feedback: Both metaphors effectively convey the implicit meaning that harmful thoughts can infect and spread like a disease, but they differ in their approach and vividness. Response A uses the concept of ""quarantine"" to emphasize containment and prevention, which aligns well with the idea of stopping the spread of harmful ideas. It is clear and coherent but slightly less vivid in its imagery compared to Response B. Response B, on the other hand, employs the metaphor of ""cancer,"" which is more vivid and directly evokes the destructive and invasive nature of harmful thoughts in society. While both are strong, Response B’s imagery is more powerful and aligns more closely with the implicit meaning in terms of tone and depth. [RESULT] B"
Their reputation sparkled like polished diamond.,they were the shining stars in the social firmament.,B,"Feedback: Both metaphors aim to convey the implicit meaning of a pure, valuable, and flawless character or standing in society. Response A, ""Their reputation sparkled like polished diamond,"" effectively captures the idea of purity and value through the imagery of a polished diamond, which is widely recognized as a symbol of clarity and worth. However, it slightly misses the ""flawless"" aspect, as diamonds can still have imperfections despite being polished. Response B, ""they were the shining stars in the social firmament,"" aligns well with the implicit meaning by emphasizing brilliance and prominence, which suggests both value and a flawless standing in society. The imagery of stars is vivid and coherent, though it leans more toward prominence and visibility rather than purity. Response B is more comprehensive in capturing all aspects of the implicit meaning, while Response A is more precise in symbolizing value and purity. [RESULT] B"
She invested her morning hours wisely.,she turned her morning into a well-organized and productive machine.,B,"Feedback: Both responses attempt to convey the idea of time as a valuable resource, but they differ in their approach and effectiveness. Response A uses the phrase ""invested her morning hours wisely,"" which aligns with the implicit meaning of treating time as a currency or resource that can be spent wisely. However, the metaphor is somewhat generic and lacks vivid imagery. Response B, on the other hand, uses the phrase ""turned her morning into a well-organized and productive machine,"" which introduces a more imaginative and vivid concept by comparing time management to a machine, emphasizing efficiency and productivity. While both responses capture the idea of time as a resource, Response B provides a more creative and engaging metaphor that better illustrates the concept of maximizing time's value. Response A scores a 3 for its loose reflection of the reference meaning and generic imagery, while Response B scores a 4 for its well-aligned meaning and more vivid, original imagery. [RESULT] B"
His eyes stretched across the vast horizon.,he gazed at the endless canvas of life.,B,"Feedback: Both metaphors aim to convey the implicit meaning of an intense, far-reaching gaze, but they differ in their approach and effectiveness. Response A, ""His eyes stretched across the vast horizon,"" uses a literal stretching of the eyes to symbolize the expansive nature of the gaze, which is imaginative but somewhat awkward and less vivid. Response B, ""he gazed at the endless canvas of life,"" employs a more coherent and poetic imagery of an endless canvas, which not only captures the far-reaching aspect but also adds a layer of depth and contemplation, aligning more closely with the intended meaning. While both responses reflect the implicit meaning, Response B does so with more vividness, coherence, and imaginative flair. [RESULT] B"
Her anger was a raging inferno that consumed everything in its path.,a storm of anger swept through the room.,A,"Feedback: Both metaphors aim to convey the destructive and uncontrollable nature of anger, but they differ in their imagery and alignment with the implicit meaning. Response A uses the imagery of a ""raging inferno,"" which vividly captures the destructive and all-consuming aspect of anger, closely aligning with the implicit meaning. The metaphor is highly imaginative and coherent, earning a score of 5. Response B, on the other hand, describes anger as a ""storm,"" which also conveys uncontrollability but lacks the same level of destructiveness and vivid imagery as Response A. While it aligns with the meaning, it is less imaginative and slightly less vivid, earning a score of 4. [RESULT] A"
The bridge of causality spans between action and reaction.,every action is a step on the path to its own outcome.,B,"Feedback: Both responses aim to convey the implicit meaning of direct consequences tied to actions, but they differ in their approach and effectiveness. Response A uses the metaphor of a ""bridge of causality"" to emphasize the connection between action and reaction, which is coherent and aligns well with the implicit meaning. However, the imagery is somewhat abstract and less vivid, making it slightly less engaging. Response B, on the other hand, likens actions to ""steps on a path,"" which is a more concrete and relatable image, effectively conveying the idea of a direct progression to outcomes. While both metaphors align with the implicit meaning, Response B stands out for its clearer and more imaginative representation. [RESULT] B"
His words were a shield against criticism.,a shield of words,A,"Feedback: Both responses aim to convey the implicit meaning of using words defensively, but they differ in structure and vividness. Response A, ""His words were a shield against criticism,"" directly aligns with the implicit meaning by clearly stating the defensive use of words as a shield against criticism, making it coherent and vivid. Response B, ""a shield of words,"" captures the essence but lacks the context and clarity provided in Response A, making it less vivid and slightly ambiguous. While both metaphors are imaginative, Response A more effectively conveys the intended concept with better clarity and alignment to the implicit meaning. [RESULT] A"
The economy plummeted into a bottomless pit.,the economy was a patient in critical condition.,A,"Feedback: Both metaphors aim to convey the severity of economic decline, but they differ in their approach and effectiveness. Response A uses the imagery of a ""bottomless pit,"" which vividly captures the idea of an endless and severe decline, aligning closely with the implicit meaning of a decline without a visible end. The imagery is stark and creates a sense of hopelessness, which is a key aspect of the intended concept. Response B, on the other hand, compares the economy to a ""patient in critical condition,"" which also conveys severity but focuses more on the critical state rather than the endless nature of the decline. While it is coherent and relatable, it doesn't capture the ""without visible end"" aspect as strongly as Response A. Response A's imagery is more imaginative and directly aligns with the implicit meaning, making it the clearer and more accurate representation. [RESULT] A"
Opportunities are seeds requiring fertile soil and care.,success is a seed that needs watered and nurtured to grow.,B,"Feedback: Both metaphors effectively convey the implicit meaning that success requires nurturing and the right environment, but they differ in their focus and imagery. Response A emphasizes ""opportunities"" as seeds, which slightly shifts the focus from ""success"" in the implicit meaning, while Response B directly aligns with ""success"" as the seed. Response B’s imagery of watering and nurturing is more vivid and specific, closely mirroring the idea of care and environment. Response A’s use of ""fertile soil and care"" is coherent but less imaginative compared to the direct action verbs in Response B. Overall, Response B captures the implicit meaning more accurately and vividly. [RESULT] B"
The judge within me sentences my heart to solitary confinement.,she is a puzzle piece that doesn't fit anywhere.,A,"Feedback: Response A effectively captures the implicit meaning of self-imposed emotional isolation and self-judgment by using the vivid imagery of a judge sentencing the heart to solitary confinement, which aligns closely with the concept of internal conflict and self-punishment. The metaphor is imaginative and coherent, clearly conveying the intended idea. Response B, while touching on the theme of not fitting in, does not directly address self-judgment or emotional isolation as strongly as Response A. It lacks the depth and specificity needed to fully capture the implicit meaning. Response A’s imagery is more vivid and directly aligned with the intended concept. [RESULT] A"
Vision's container holds our visual world captive.,the universe is a frame that holds all our visions.,B,"Feedback: Both metaphors aim to convey the idea that vision limits perception, but they differ in their approach and effectiveness. Response A uses the concept of a ""container"" to suggest that vision confines our visual world, which aligns well with the implicit meaning of vision as a limiting factor. However, the imagery is somewhat abstract and lacks vividness, making it less engaging. Response B, on the other hand, employs the idea of the ""universe as a frame,"" which is more imaginative and creates a broader, more encompassing image. It effectively conveys the notion that our visions are constrained within a larger, predefined structure. While both responses capture the implicit meaning, Response B does so with more clarity, originality, and coherence in its imagery. [RESULT] B"
He's my most guarded treasure in life's safe.,"my relationship is my safe harbor, my guiding light.",A,"Feedback: Both metaphors aim to convey the implicit meaning of someone precious who is protected with extreme care, but they differ in their approach and effectiveness. Response A uses the imagery of a ""guarded treasure in life's safe,"" which directly emphasizes protection and value, aligning closely with the implicit meaning. The metaphor is vivid and coherent, clearly portraying the idea of safeguarding something invaluable. Response B, on the other hand, uses ""safe harbor"" and ""guiding light,"" which evoke protection and guidance but are less focused on the extreme care aspect. While it is imaginative and conveys a sense of security, it dilutes the specific emphasis on guarded protection. Response A is more precise and vivid in capturing the intended concept. [RESULT] A"
Their love was a perpetual flame that never cooled.,her love was a beacon in the darkest of times.,B,"Feedback: Both metaphors aim to convey the idea of enduring and passionate love, but they differ in their imagery and alignment with the implicit meaning. Response A, ""Their love was a perpetual flame that never cooled,"" effectively captures the eternal and intense nature of love through the imagery of a flame, which is vivid and aligns well with the concept of passion. However, it lacks the specificity of enduring through difficult times, which is a key aspect of the implicit meaning. Response B, ""Her love was a beacon in the darkest of times,"" excels in conveying both the enduring and guiding nature of love, especially during challenging periods, making it more closely aligned with the implicit meaning. The imagery of a beacon is also vivid and imaginative, providing a clear and coherent representation of the intended concept. While both responses are strong, Response B better captures the full scope of the implicit meaning. [RESULT] B"
Events sprint forward like Olympic runners.,life is a train that speeds up with each new step.,B,"Feedback: Both metaphors attempt to convey the rapid and unstoppable nature of time, but they differ in their approach and effectiveness. Response A, ""Events sprint forward like Olympic runners,"" captures the speed and forward momentum of time, aligning well with the implicit meaning. However, it focuses on events rather than time itself, which slightly dilutes the directness of the metaphor. The imagery is vivid and coherent, though it leans on a common sports analogy, reducing its originality. Response B, ""Life is a train that speeds up with each new step,"" directly ties the concept of time to life's progression, emphasizing its unstoppable and accelerating nature. This metaphor is more imaginative and aligns closely with the implicit meaning, as it conveys both the rapidity and the inevitability of time's passage. While both responses are effective, Response B is more vivid, coherent, and directly aligned with the intended concept. [RESULT] B"
His ideologies were hand-me-down clothes that never quite fit.,he was a scale of justice.,A,"Feedback: Response A effectively captures the implicit meaning of ""borrowed beliefs that are uncomfortable and unsuitable"" by using the metaphor of ""hand-me-down clothes that never quite fit,"" which vividly conveys the idea of something inherited yet ill-fitting. The imagery is coherent and imaginative, aligning closely with the intended concept. Response B, however, fails to reflect the implicit meaning, as ""a scale of justice"" suggests balance and fairness rather than borrowed or unsuitable beliefs, making it unrelated and confusing in this context. Response A clearly outperforms Response B in both alignment with the implicit meaning and the vividness of its imagery. [RESULT] A"
Squares are boxes of perfect symmetry.,a square is a balanced work of art.,B,"Feedback: Both responses aim to convey the implicit meaning of mathematical precision and orderliness, but they differ in their approach and effectiveness. Response A, ""Squares are boxes of perfect symmetry,"" directly emphasizes symmetry, which is a key aspect of mathematical precision. However, the imagery of ""boxes"" is somewhat generic and lacks the imaginative flair needed to elevate the metaphor. Response B, ""a square is a balanced work of art,"" introduces the concept of balance, which is closely related to orderliness and precision, and uses the vivid and imaginative imagery of a ""work of art,"" making it more engaging and aligned with the intended concept. While both responses capture the implicit meaning, Response B does so with more vivid and coherent imagery, effectively conveying the intended concept in a clearer and more imaginative way. [RESULT] B"
The building's facade flows like a river.,it's a fluid sculpture.,A,"Feedback: Both responses aim to convey the implicit meaning of smooth, continuous movement and fluidity in architectural design, but they differ in their approach and effectiveness. Response A, ""The building's facade flows like a river,"" directly compares the building's design to a natural element known for its fluidity, creating a vivid and coherent image that aligns closely with the implicit meaning. Response B, ""it's a fluid sculpture,"" while capturing the essence of fluidity, lacks the same level of vividness and specificity as Response A. It is more abstract and less imaginative in comparison. Response A's use of a river as a metaphor provides a clearer and more accurate representation of the intended concept, making it the better choice. [RESULT] A"
Their opposing theories raced neck-and-neck toward the finish line of academic consensus.,two rival ideas stood face-to-face in perfect balance.,B,"Feedback: Both metaphors aim to capture the idea of two competing academic theories being equally matched. Response A uses a racing metaphor, which effectively conveys the competitive nature and the pursuit of a goal (academic consensus), but it slightly deviates from the implicit meaning by implying a dynamic, fast-paced race rather than a static balance. The imagery is vivid and coherent, though it emphasizes motion over equilibrium. Response B, on the other hand, directly portrays the theories as ""standing face-to-face in perfect balance,"" which aligns more closely with the implicit meaning of equal matching and static equilibrium. The imagery is clear and coherent, though less dynamic than Response A. Response B better captures the intended concept of equal balance, while Response A excels in depicting the competitive pursuit. [RESULT] B"
He's a lone wolf howling at every moon.,he's a magnet for female attention.,A,"Feedback: Response A captures the solitary and independent nature of the implicit meaning through the imagery of a ""lone wolf,"" which aligns well with the concept of being alone. However, the phrase ""howling at every moon"" suggests a constant, almost desperate attempt at connection, which partially aligns with the implicit meaning. The metaphor is vivid and coherent but slightly overemphasizes the seeking aspect. Response B, on the other hand, uses the imagery of a ""magnet for female attention,"" which directly conveys the idea of seeking connection but completely misses the solitary and independent aspect. It is vivid but fails to capture the full implicit meaning. Response A is more balanced and closer to the intended concept. [RESULT] A"
Each state is a room in America's house.,states are the pieces of a nation's puzzle.,A,"Feedback: Both metaphors aim to convey the idea of unity within diversity, but they differ in their imagery and coherence. Response A, ""Each state is a room in America's house,"" effectively captures the concept of distinct parts (states) contributing to a larger whole (America's house), with the house metaphor implying a structured and unified entity. The imagery is vivid and coherent, aligning well with the implicit meaning. Response B, ""states are the pieces of a nation's puzzle,"" also conveys the idea of distinct parts forming a whole, but the puzzle metaphor is slightly less vivid and more generic compared to the house metaphor. While both responses align with the implicit meaning, Response A's imagery is more imaginative and coherent, making it a clearer and more accurate representation. [RESULT] A"
"The researchers are architects, designing theoretical skyscrapers.","the researchers built a tower of knowledge, one block at a time.",A,"Feedback: Both metaphors aim to convey the idea that researchers construct complex theories akin to architects designing buildings. Response A directly compares researchers to architects and their theories to skyscrapers, which aligns closely with the implicit meaning and uses vivid, coherent imagery. Response B, while capturing the incremental nature of building knowledge, shifts the focus from designing to physically building, which slightly deviates from the architectural design analogy. Response A is more precise and imaginative in aligning with the implicit meaning, whereas Response B introduces a secondary concept (building blocks) that dilutes the direct comparison. [RESULT] A"
The project schedule is drifting aimlessly.,a ship without a rudder and a broken clock.,A,"Feedback: Both metaphors aim to convey the implicit meaning of a project lacking direction and control, but they differ in their approach and effectiveness. Response A, ""The project schedule is drifting aimlessly,"" directly captures the idea of lacking direction with the imagery of drifting, which aligns well with the implicit meaning. However, it is somewhat generic and lacks the vividness that could make the metaphor more impactful. Response B, ""a ship without a rudder and a broken clock,"" introduces two distinct images—a ship without a rudder (lacking control) and a broken clock (lacking direction). While this metaphor is more imaginative and vivid, it combines two separate ideas, which slightly dilutes the coherence and directness of the message. Response A is more straightforward and aligns closely with the implicit meaning, whereas Response B is more creative but less focused. [RESULT] A"
"Like children learning to walk, ideas take their first wobbly steps into existence.",a seedling grows into a mighty oak tree.,A,"Feedback: Both metaphors aim to convey the fragility and uncertainty of new ideas, but they differ in their approach and effectiveness. Response A directly compares new ideas to ""children learning to walk,"" emphasizing the wobbly, uncertain nature of both, which closely aligns with the implicit meaning. The imagery is vivid and coherent, capturing the essence of fragility and the process of growth. Response B, while imaginative, uses the metaphor of a ""seedling growing into a mighty oak tree,"" which primarily highlights growth and potential rather than the initial uncertainty and fragility. Although it conveys development, it does not as accurately capture the implicit meaning of new ideas being uncertain and fragile at first. Response A is more precise and vivid in representing the intended concept. [RESULT] A"
Window shopping through life's opportunities reveals endless possibilities.,life is a fluid dance where change is the constant rhythm.,A,"Feedback: Response A directly aligns with the implicit meaning by explicitly comparing life choices to window shopping, capturing the idea of browsing through opportunities that require decisions. The imagery is clear and coherent, though it lacks originality. Response B, while imaginative and vivid, diverges from the implicit meaning by focusing on life as a fluid dance with change as the rhythm, which does not emphasize the act of browsing or making decisions. Both responses are coherent, but Response A more accurately reflects the intended concept. [RESULT] A"
Stars connect their light in celestial dotted lines.,stars were a canvas of twinkling brushstrokes.,B,"Feedback: Both metaphors aim to capture the implicit meaning of stars creating patterns and connections across the night sky, but they differ in their approach and effectiveness. Response A uses the phrase ""celestial dotted lines"" to imply connections, which aligns with the idea of patterns but lacks vividness and originality, earning a score of 3. Response B, however, employs the imagery of a ""canvas of twinkling brushstrokes,"" which is more imaginative and vividly conveys the concept of stars forming patterns, closely aligning with the implicit meaning and earning a score of 5. While both responses attempt to capture the idea, Response B does so with greater clarity, creativity, and coherence. [RESULT] B"
We're dismantling this problem brick by brick.,she's a puzzle with many pieces to be solved.,A,"Feedback: Both metaphors attempt to convey the idea of tackling a complex problem systematically, but they differ in their approach and effectiveness. Response A, ""We're dismantling this problem brick by brick,"" directly aligns with the implicit meaning of methodically solving a problem step by step, using vivid and coherent imagery of deconstructing a structure piece by piece. It clearly conveys the systematic and deliberate nature of the process. Response B, ""She's a puzzle with many pieces to be solved,"" while imaginative, focuses more on the complexity of the problem (the puzzle) rather than the methodical process of solving it. It lacks the direct connection to the step-by-step approach emphasized in the implicit meaning. Response A is more vivid, coherent, and closely aligned with the intended concept. [RESULT] A"
Creative success blooms from the compost of failure.,her failures were the foundation of her success.,A,"Feedback: Both metaphors effectively convey the implicit meaning that growth and success emerge from past failures and mistakes. Response A uses the vivid imagery of ""blooms from the compost of failure,"" which is highly imaginative and aligns closely with the implicit meaning, emphasizing transformation and renewal. Response B, while clear and direct, uses more literal language (""foundation of her success"") that lacks the same level of vividness and creativity. Response A’s imagery is more coherent and evocative, making it a clearer and more imaginative representation of the original idea. [RESULT] A"
"Like sorting puzzle pieces, researchers must organize their data methodically.",she organized the data into a beautiful mosaic.,A,"Feedback: Both metaphors aim to convey the idea of careful organization in research, but they differ in their approach and effectiveness. Response A, ""Like sorting puzzle pieces, researchers must organize their data methodically,"" directly emphasizes the systematic and methodical nature of organizing data, aligning closely with the implicit meaning. The imagery of puzzle pieces is vivid and coherent, effectively conveying the concept of fitting disparate parts into a whole. Response B, ""She organized the data into a beautiful mosaic,"" while imaginative and visually appealing, focuses more on the aesthetic outcome rather than the process of systematic arrangement. It captures the idea of organization but lacks the emphasis on methodical steps, making it less aligned with the implicit meaning. Response A is more accurate and coherent in representing the intended concept. [RESULT] A"
Their democracy is an octagon with missing sides.,its democracy is a puzzle with many missing pieces.,B,"Feedback: Both metaphors effectively convey the implicit meaning that the democracy is incomplete and flawed. However, they differ in their imagery and coherence. Response A, ""Their democracy is an octagon with missing sides,"" uses a geometric shape to represent democracy, which is somewhat vivid but less intuitive in conveying incompleteness compared to Response B. The octagon metaphor might require more mental effort to grasp the intended flaw. On the other hand, Response B, ""Its democracy is a puzzle with many missing pieces,"" employs a puzzle, which is a more universally recognized symbol of incompleteness, making it more vivid and immediately understandable. Both metaphors align well with the implicit meaning, but Response B's imagery is more coherent and imaginative, better capturing the concept of incompleteness. [RESULT] B"
Love is an enchanted garden that grows with care.,love is a garden that needs regular watering and care.,A,"Feedback: Both metaphors effectively convey the implicit meaning that love requires nurturing and attention to flourish, but they differ in their imaginative and vivid qualities. Response A uses the phrase ""enchanted garden,"" which adds a layer of magic and allure, making the imagery more vivid and imaginative. It aligns closely with the implicit meaning while enhancing the emotional resonance. Response B, while clear and straightforward, uses more generic imagery (""garden that needs regular watering and care"") and lacks the creative flair of Response A. Therefore, Response A is more imaginative and vivid, better capturing the intended concept. [RESULT] A"
She cradles her memories like precious jewels.,she treasures her memories like a precious collection.,A,"Feedback: Both metaphors effectively convey the implicit meaning that memories are valuable and delicate treasures to be protected. However, Response A (""She cradles her memories like precious jewels"") uses more vivid and imaginative imagery by emphasizing the gentle, protective action of cradling, which aligns closely with the delicacy and value implied in the implicit meaning. Response B (""she treasures her memories like a precious collection"") is also accurate but slightly less vivid, as the concept of a ""collection"" is more generic and lacks the specific, tender action present in Response A. [RESULT] A"
She's a magpie chasing after every shiny thing.,she is a magnet that draws iron filings universally.,A,"Feedback: Both metaphors aim to convey the idea of being easily distracted by attractive or trendy things, but they differ in their approach and effectiveness. Response A, ""She's a magpie chasing after every shiny thing,"" directly aligns with the implicit meaning by using the well-known behavior of magpies being attracted to shiny objects, creating a vivid and coherent image. Response B, ""She is a magnet that draws iron filings universally,"" while imaginative, is less directly related to the idea of distraction by attractive things, as magnets attract iron filings due to their inherent properties rather than being distracted by them. Response A more closely captures the intended concept with clearer and more relevant imagery. [RESULT] A"
Life's struggles are like overpacked suitcases that need careful unpacking.,she unraveled the puzzle one thread at a time.,A,"Feedback: Both metaphors attempt to convey the idea of handling life's challenges with patience and methodical care. Response A uses the imagery of ""overpacked suitcases that need careful unpacking,"" which aligns well with the implicit meaning by emphasizing the need for careful and organized handling of problems. The metaphor is vivid and coherent, effectively conveying the concept of methodical resolution. Response B, on the other hand, uses the imagery of ""unraveling a puzzle one thread at a time,"" which also reflects the idea of patience and methodical handling but is less directly tied to the concept of ""unpacking"" problems. While both metaphors are imaginative, Response A more closely aligns with the implicit meaning by directly addressing the idea of ""unpacking"" life's struggles, making it a clearer and more accurate representation. [RESULT] A"
Her ideas are always perfectly tailored to the occasion.,she is a key that fits the lock perfectly.,A,"Feedback: Both metaphors aim to convey the idea of precision and customization, but they differ in their approach and imagery. Response A directly relates to the implicit meaning by comparing ideas to tailored clothing, which is vivid and aligns closely with the concept of customization. Response B, while imaginative, uses the metaphor of a key fitting a lock, which is more about compatibility than customization. Although both are coherent, Response A more accurately captures the implicit meaning of ideas being customized like fitted clothing, whereas Response B introduces a slightly different concept. [RESULT] A"
Laughter is an intoxicating elixir that flows through the room.,laughter is a warm hug.,A,"Feedback: Both metaphors attempt to capture the contagious nature of joy, but they differ in their approach and effectiveness. Response A uses the imagery of an ""intoxicating elixir"" to convey the idea of joy spreading like a substance, which aligns well with the implicit meaning of a contagious substance. The imagery is vivid and imaginative, capturing the idea of joy flowing and affecting everyone in the room. Response B, on the other hand, compares laughter to a ""warm hug,"" which conveys a sense of comfort and positivity but lacks the element of contagion and spread. While both metaphors are coherent, Response A more closely aligns with the implicit meaning and uses more vivid and imaginative imagery to convey the intended concept. [RESULT] A"
Her movements were carefully inventoried treasures.,she was a conductor of her life's symphony.,B,"Feedback: Both metaphors attempt to capture the implicit meaning of precise and precious movements performed with great care and value, but they differ in their approach and effectiveness. Response A, ""Her movements were carefully inventoried treasures,"" aligns well with the idea of preciousness and care, as it likens movements to valuable items that are meticulously accounted for. However, the imagery is somewhat static and lacks the dynamic quality of the implicit meaning. Response B, ""she was a conductor of her life's symphony,"" introduces a more vivid and dynamic image, emphasizing control, precision, and the orchestration of movements, which closely mirrors the implicit meaning. While Response A captures the preciousness, Response B better conveys the precision, care, and dynamic nature of the movements through its more imaginative and coherent imagery. [RESULT] B"
"Ideas need healthy environments to grow, just as children need nurturing homes.",ideas are plants that need soil to grow.,A,"Feedback: Both metaphors aim to convey the implicit meaning that growth requires proper care and support. Response A uses a more vivid and relatable analogy by comparing ideas to children and environments to nurturing homes, which effectively emphasizes the need for care and support. It also introduces a human element, making the metaphor more emotionally resonant and coherent. Response B, while simpler, is less imaginative and somewhat generic, as it only compares ideas to plants and environments to soil, missing the depth and emotional connection present in Response A. Therefore, Response A better captures the implicit meaning with more vivid and coherent imagery. [RESULT] A"
His gestures were stored in a locked cabinet.,he was a statue in a suit.,B,"Feedback: Both metaphors attempt to convey the idea of hidden or suppressed emotions and actions, but they differ in their approach and effectiveness. Response A, ""His gestures were stored in a locked cabinet,"" uses the imagery of a locked cabinet to suggest that emotions or actions are being kept hidden and inaccessible, which aligns well with the implicit meaning. However, the metaphor is somewhat abstract and may not be immediately vivid or imaginative. Response B, ""he was a statue in a suit,"" conveys suppression through the image of a statue, implying rigidity and lack of expression, which is a more direct and vivid representation of suppressed emotions. While both metaphors capture the implicit meaning, Response B does so with more clarity and imaginative imagery. [RESULT] B"
She's standing in the line of fire.,she's in a minefield.,B,"Feedback: Both metaphors effectively convey the implicit meaning of being in a dangerous or vulnerable position, but they differ in their imagery and specificity. Response A, ""She's standing in the line of fire,"" uses a direct and vivid image that clearly aligns with the idea of immediate danger, though it is a somewhat common phrase. Response B, ""She's in a minefield,"" introduces a more imaginative and nuanced image, suggesting not only danger but also the constant threat of unseen hazards, which adds depth to the metaphor. While both are strong, Response B stands out for its originality and the layered meaning it conveys. [RESULT] B"
Multiple targets overlap in this problem's shooting gallery.,the problem is a complex puzzle with many pieces.,A,"Feedback: Both metaphors attempt to convey the complexity of the problem, but they differ in their approach and effectiveness. Response A uses the imagery of a ""shooting gallery with overlapping targets,"" which captures the idea of multiple issues needing simultaneous attention, aligning well with the implicit meaning. The imagery is vivid and creates a clear mental picture of the challenge. Response B, on the other hand, describes the problem as a ""complex puzzle with many pieces,"" which also reflects complexity but focuses more on the interconnectedness of the issues rather than the need to address them simultaneously. While both metaphors are coherent, Response A is more imaginative and directly aligns with the implicit meaning by emphasizing the overlapping nature of the targets, which better represents the simultaneous addressing of issues. Response B is slightly less vivid and original in comparison. [RESULT] A"
"His energy levels are running low, time to recharge.",he is a spent battery that needs to recharge.,B,"Feedback: Both metaphors effectively convey the implicit meaning that the person is tired and needs rest, but they differ in their imagery and coherence. Response A uses the phrase ""energy levels are running low"" which is a common and clear way to describe fatigue, but it lacks the vividness and originality of a strong metaphor. Response B, on the other hand, employs the imagery of a ""spent battery,"" which is more imaginative and directly aligns with the concept of needing to recharge. The battery metaphor is coherent and provides a clear, relatable image that enhances the understanding of the person's state. While both responses are adequate, Response B stands out for its vividness and originality in capturing the intended concept. [RESULT] B"
The darkness crystallized into an obsidian dome.,the darkness was a solid shroud.,A,"Feedback: Both metaphors aim to convey the overwhelming and impenetrable nature of darkness, but they differ in their imagery and coherence. Response A, ""The darkness crystallized into an obsidian dome,"" uses vivid and imaginative language, creating a clear mental image of a solid, structured darkness. The term ""obsidian"" adds a sense of hardness and impenetrability, aligning closely with the implicit meaning. Response B, ""the darkness was a solid shroud,"" also conveys solidity but lacks the same level of vividness and specificity. While ""shroud"" implies envelopment, it does not evoke the same sense of unyielding structure as ""obsidian dome."" Response A is more imaginative and coherent in capturing the intended concept. [RESULT] A"
Our sight is a jar storing visual memories.,our visual field is a canvas awaiting the brushstrokes of experience.,B,"Feedback: Both metaphors attempt to capture the idea of vision as a collector and preserver of memories, but they differ in their approach and effectiveness. Response A directly compares sight to a jar, emphasizing the storage aspect of the implicit meaning, though it lacks vividness and originality. Response B, on the other hand, uses the imagery of a canvas and brushstrokes, which is more imaginative and vivid, but it focuses more on the accumulation of experiences rather than the preservation aspect. Response B aligns better with the implicit meaning in terms of creativity and imagery, even though it slightly deviates from the ""container"" concept. [RESULT] B"
She inventoried her beliefs like items in a storage room.,she was a detective with her own beliefs.,A,"Feedback: Response A more closely aligns with the implicit meaning of methodically examining and organizing thoughts, as it vividly portrays the act of inventorying beliefs like items in a storage room, which directly reflects a systematic and organized approach. The imagery is clear and coherent, effectively conveying the intended concept. Response B, while imaginative, does not capture the methodical and organizational aspect as strongly; instead, it suggests a more investigative or analytical approach, which is less aligned with the implicit meaning. The imagery in Response B is somewhat vivid but does not resonate as closely with the idea of organizing thoughts. [RESULT] A"
Their partnership orchestrates perfect harmony.,they were a symphony of teamwork and perfect harmony.,B,"Feedback: Both responses effectively convey the implicit meaning of smooth collaboration and synchronization, but they differ in their approach and vividness. Response A uses the verb ""orchestrates"" to imply a structured and harmonious partnership, which aligns well with the implicit meaning. However, it is somewhat direct and lacks the imaginative depth that a metaphor typically aims for. Response B, on the other hand, employs the metaphor of a ""symphony,"" which is highly vivid and coherent, capturing the essence of teamwork and harmony in a more imaginative and engaging way. While both responses align with the implicit meaning, Response B stands out for its richer imagery and more creative representation of the concept. [RESULT] B"
Social media is society's nervous system.,a social media network is like a highway system.,A,"Feedback: Both metaphors aim to capture the rapid flow and connectivity of information in society, but they differ in their imagery and alignment with the implicit meaning. Response A, ""Social media is society's nervous system,"" directly aligns with the neural pathway analogy, vividly conveying the idea of rapid, interconnected information flow. It effectively uses the nervous system's function to mirror social media's role in society. Response B, ""a social media network is like a highway system,"" while coherent, focuses more on the infrastructure of connectivity rather than the rapid, neural-like flow of information. It lacks the biological analogy that closely ties to the implicit meaning. Response A is more imaginative and accurate in representing the original idea. [RESULT] A"
The sunset melted into the horizon.,the sun's descent was a gentle slope into darkness.,B,"Feedback: Both metaphors aim to capture the implicit meaning of a gradual disappearance and transformation of light into darkness. Response A, ""The sunset melted into the horizon,"" uses the verb ""melted"" to convey a smooth, gradual transition, which aligns well with the implicit meaning. However, the imagery is somewhat generic and lacks the depth to fully evoke the transformation into darkness. Response B, ""the sun's descent was a gentle slope into darkness,"" more explicitly ties the gradual process to the concept of darkness, using ""gentle slope"" to emphasize the gradual nature and directly mentioning ""darkness."" This makes Response B more vivid and coherent in conveying the intended concept. While both responses are effective, Response B more closely aligns with the implicit meaning and provides clearer, more imaginative imagery. [RESULT] B"
The curtain rises on each new creation.,art is a flower that blooms in the world.,A,"Feedback: Both metaphors attempt to convey the idea of ""beginning or revealing something new,"" but they differ in their approach and effectiveness. Response A, ""The curtain rises on each new creation,"" uses the imagery of a theater curtain rising, which is a clear and vivid metaphor for revealing or beginning something, aligning closely with the implicit meaning. It effectively captures the moment of unveiling and has a strong, coherent image. Response B, ""art is a flower that blooms in the world,"" while imaginative, focuses more on the growth and presence of art rather than the act of beginning or revealing. The blooming of a flower is a beautiful image but is less directly tied to the concept of unveiling something new compared to the curtain rising. Therefore, Response A is more accurate and vivid in conveying the intended meaning. [RESULT] A"
My collection of belongings requires constant inventory checks.,responsibilities are like a garden that needs constant tending.,B,"Feedback: Response A focuses on the act of inventory checks, which somewhat reflects the obsessive-compulsive behavior towards possessions but lacks vivid imagery and depth. It directly mentions ""belongings"" and ""inventory checks,"" which are literal and less imaginative. Response B, on the other hand, uses the metaphor of a garden needing constant tending, which is more vivid and coherent. The garden metaphor effectively conveys the idea of ongoing care and attention, aligning closely with the obsessive-compulsive behavior implied in the implicit meaning. While both responses touch on the concept of constant attention, Response B does so with more imaginative and relatable imagery. [RESULT] B"
Comedy was the rehabilitation therapy for their troubled minds.,humor was a healing balm for the soul.,A,"Feedback: Both metaphors effectively convey the implicit meaning that comedy aids in healing mental distress, but they differ in their imagery and specificity. Response A uses ""rehabilitation therapy"" which is more clinical and specific, aligning closely with the idea of structured healing, while Response B employs ""healing balm"" which is more poetic and universal, evoking a sense of soothing relief. Response A’s imagery is vivid and coherent, directly linking comedy to a therapeutic process, whereas Response B’s imagery is equally vivid but leans more toward emotional comfort rather than a structured treatment. Response A slightly edges out due to its precise alignment with the clinical aspect of healing, making it a clearer representation of the intended concept. [RESULT] A"
Innovation is harvested from well-nurtured experience.,she grew knowledge into a garden of innovative ideas.,B,"Feedback: Both metaphors aim to convey the implicit meaning of growth and development of ideas through time and care, but they differ in their approach and effectiveness. Response A uses a more direct and straightforward metaphor, comparing innovation to a harvest from well-nurtured experience, which aligns well with the idea of growth over time. However, it lacks the vivid and imaginative imagery that could make the concept more engaging. Response B, on the other hand, employs a more elaborate metaphor by depicting knowledge as a garden where innovative ideas grow, which not only captures the implicit meaning but also creates a richer, more coherent visual representation. While both responses align with the implicit meaning, Response B excels in vividness and imaginative detail, making it a clearer and more engaging representation of the original idea. [RESULT] B"
Time's train carries passengers from cause to effect.,life is a river that flows forward with time.,A,"Feedback: Both metaphors aim to capture the linear progression of time and its connection to cause and effect. Response A uses the imagery of a train, which effectively conveys the idea of a structured, forward-moving journey from cause to effect, aligning well with the implicit meaning. The train metaphor is vivid and coherent, though it may be slightly less imaginative compared to other potential metaphors. Response B employs the river metaphor, which also signifies forward movement but focuses more on the continuous flow of life rather than the direct connection between actions and consequences. While the river imagery is vivid and imaginative, it is less precise in capturing the cause-and-effect relationship emphasized in the implicit meaning. Response A more closely aligns with the intended concept by explicitly linking cause to effect through the train's journey. [RESULT] A"
Opportunities are lightbulbs that need the right current to shine.,a seedling needs fertile soil to grow.,A,"Feedback: Both metaphors aim to convey the implicit meaning that opportunities require proper resources or support to be successful. Response A uses the imagery of a lightbulb needing the right current to shine, which is vivid and aligns well with the concept of opportunities needing specific conditions to flourish. The metaphor is imaginative and effectively conveys the idea that opportunities are dormant until activated by the right resources. Response B, on the other hand, uses the imagery of a seedling needing fertile soil to grow, which is also vivid and coherent but slightly more generic in its representation of the concept. While both metaphors are strong, Response A stands out for its originality and direct alignment with the implicit meaning, making it a clearer and more imaginative representation. [RESULT] A"
Each possession in my vault demands its share of attention.,juggling responsibilities with care and attention,A,"Feedback: Response A uses the metaphor of a ""vault"" and ""possessions demanding attention,"" which aligns well with the implicit meaning of material possessions being needy and demanding. The imagery is coherent and conveys the idea that each possession requires time and energy, much like needy entities. Response B, on the other hand, uses the metaphor of ""juggling responsibilities,"" which is more about managing multiple tasks rather than the specific concept of possessions being demanding. While it touches on the idea of attention, it lacks the direct connection to material possessions and their needy nature. Response A is more vivid and accurate in capturing the implicit meaning. [RESULT] A"
They drew a straight line between right and wrong.,they drew a clear line between right and wrong.,B,"Feedback: Both responses aim to convey the idea of clear moral boundaries, but they differ slightly in their execution. Response A uses ""straight line,"" which implies precision and directness, aligning well with the implicit meaning of clear moral boundaries. However, Response B uses ""clear line,"" which more explicitly emphasizes clarity and unambiguity, directly mirroring the implicit meaning. While both are coherent and effective, Response B’s imagery is more vivid and directly aligned with the intended concept of ""no room for ambiguity."" Response A is slightly less precise in capturing the nuance of clarity. [RESULT] B"
The problem is a bullseye waiting to be hit.,the solution was a hidden key to the puzzle.,A,"Feedback: Both metaphors aim to convey the idea of a clear target or solution, but they differ in their approach and effectiveness. Response A, ""The problem is a bullseye waiting to be hit,"" directly emphasizes the problem as the target, creating a vivid and action-oriented image that aligns well with the implicit meaning. The imagery is clear and coherent, making it easy to understand the goal. Response B, ""The solution was a hidden key to the puzzle,"" shifts the focus to the solution as a means to achieve the goal, which is less direct in conveying the idea of a clear target. While it introduces a metaphor of discovery, it is slightly less vivid and more abstract compared to the precision of a bullseye. Response A more closely aligns with the implicit meaning and uses more imaginative and coherent imagery. [RESULT] A"
His career flourishes like a well-nourished plant.,his career is a journey of steady progress.,A,"Feedback: Response A uses a plant metaphor to emphasize growth and the need for proper care, directly aligning with the implicit meaning of ""Growth and success through proper care and attention."" The imagery of a well-nourished plant is vivid and coherent, effectively conveying the concept. Response B, while capturing the idea of progress, lacks the specific imagery of care and nourishment, making it less aligned with the implicit meaning. Response A is more imaginative and accurate in representing the original idea. [RESULT] A"
Their hatred was a blinding sandstorm of bitter words.,they were two ships that could not navigate the same ocean.,A,"Feedback: Response A vividly captures the intense conflict and harmful communication through the imagery of a ""blinding sandstorm of bitter words,"" which aligns closely with the implicit meaning by emphasizing the overwhelming and destructive nature of the hatred. Response B, while imaginative, focuses more on the inability to coexist (""two ships that could not navigate the same ocean"") rather than the harmful communication aspect, making it less aligned with the implicit meaning. Response A’s imagery is more coherent and directly conveys the intended concept, whereas Response B is somewhat metaphorically distant from the core idea of harmful communication. [RESULT] A"
Her mind is a brilliant beacon in the darkness.,a beacon of understanding illuminates the path forward.,A,"Feedback: Both metaphors aim to convey the idea of intelligence guiding and illuminating others, but they differ in their focus and imagery. Response A, ""Her mind is a brilliant beacon in the darkness,"" directly attributes the guiding intelligence to a specific person, creating a vivid and personal image of a mind shining brightly in obscurity. This aligns closely with the implicit meaning by emphasizing the individual's role in illuminating others. Response B, ""a beacon of understanding illuminates the path forward,"" focuses more on the abstract concept of understanding as the guiding force, which is less personal but still conveys the idea of illumination and guidance. However, it lacks the specificity and vividness of Response A. While both are coherent and relevant, Response A is more imaginative and directly ties the metaphor to the individual, making it a clearer and more accurate representation of the intended concept. [RESULT] A"
His mind was suffering from emotional bruises.,his heart was a heavy anchor.,B,"Feedback: Both metaphors attempt to convey psychological pain and trauma, but they differ in their approach and effectiveness. Response A uses ""emotional bruises"" to liken mental suffering to physical injury, which aligns well with the implicit meaning and provides a vivid, relatable image. However, it is somewhat generic and lacks the depth of a more imaginative metaphor. Response B, on the other hand, uses ""a heavy anchor"" to symbolize the burden of trauma, which is highly imaginative and conveys a sense of enduring weight and immobility. While both metaphors are coherent and relevant, Response B stands out for its originality and the depth of its imagery, better capturing the enduring and oppressive nature of psychological pain. [RESULT] B"
Inspiration requires a well-tended greenhouse of focus.,"her mind was a garden, carefully tended for creativity to bloom.",B,"Feedback: Both responses capture the implicit meaning of creativity needing a nurturing and protected environment, but they differ in their focus and imagery. Response A uses the metaphor of a ""well-tended greenhouse of focus"" to emphasize the need for a controlled and dedicated space for inspiration, which aligns well with the idea of nurturing. However, it is slightly less vivid and more abstract compared to Response B. Response B, with its ""mind as a garden"" metaphor, directly ties the concept of creativity to a living, growing entity that requires care, making the imagery more vivid and coherent. While both are effective, Response B more closely aligns with the implicit meaning by explicitly connecting the mind's environment to the growth of creativity. [RESULT] B"
Love is a magical potion brewing in life's cauldron.,a mosaic of love.,A,"Feedback: Response A, ""Love is a magical potion brewing in life's cauldron,"" effectively captures the implicit meaning of love as a mysterious and transformative force. The imagery of a magical potion brewing in a cauldron vividly conveys the idea of a powerful, alchemical process, aligning well with the transformative aspect of love. The metaphor is imaginative and coherent, earning a score of 4. Response B, ""a mosaic of love,"" while creative, does not clearly convey the transformative or mysterious nature of love. Instead, it suggests a collection of pieces forming a whole, which is less aligned with the implicit meaning. The imagery is somewhat vivid but lacks the depth and coherence of Response A, earning a score of 3. [RESULT] A"
My internal jury weighs the evidence of each emotion.,my mind is a council of wise judges.,B,"Feedback: Both metaphors aim to capture the implicit meaning of an internal decision-making process about feelings. Response A uses the imagery of an ""internal jury weighing evidence of each emotion,"" which aligns well with the concept of evaluating feelings but lacks the vividness and coherence of a structured decision-making body. Response B, on the other hand, portrays the mind as a ""council of wise judges,"" which is more vivid and coherent, effectively conveying the idea of a thoughtful and organized internal process. While both metaphors reflect the intended meaning, Response B does so with greater clarity and imaginative imagery. [RESULT] B"
Moonbeams rippled across the lake's surface.,she was a painting in the night sky.,A,"Feedback: Response A (""Moonbeams rippled across the lake's surface"") directly aligns with the implicit meaning of light moving like water waves, using vivid and coherent imagery that clearly conveys the intended concept. Response B (""she was a painting in the night sky"") diverges from the implicit meaning, focusing on a static, artistic comparison rather than the dynamic movement of light as waves. While Response B is imaginative, it fails to capture the core idea of light’s fluid motion. Response A is more accurate, vivid, and aligned with the implicit meaning. [RESULT] A"
The investment in better education purchased a brighter future for the community.,education is a seed sown for a brighter community.,B,"Feedback: Both metaphors aim to convey the implicit meaning that education leads to positive community outcomes. Response A uses a transactional metaphor, likening investment in education to purchasing a brighter future, which aligns well with the intended meaning but lacks vivid imagery and originality. Response B employs a more imaginative and vivid metaphor by comparing education to a seed sown for a brighter community, effectively capturing the idea of growth and long-term benefits. While both responses are coherent, Response B stands out for its creativity and closer alignment with the implicit meaning through its use of natural imagery. [RESULT] B"
Laughter distilled the essence of their friendship.,laughter was a mirror to their hearts.,A,"Feedback: Both metaphors aim to capture the implicit meaning of friendship being purified and strengthened through shared joy, but they do so with differing levels of clarity and vividness. Response A, ""Laughter distilled the essence of their friendship,"" effectively conveys the idea of purification through the act of distillation, which aligns well with the concept of refining and strengthening. The imagery is coherent and imaginative, earning a score of 4. Response B, ""Laughter was a mirror to their hearts,"" focuses on reflection rather than purification, which is a less direct representation of the implicit meaning. While the mirror metaphor is vivid, it does not as closely capture the idea of strengthening through joy, earning a score of 3. [RESULT] A"
Our possessions are the footprints of our property journey.,her possessions are a timeline of her life's journey.,B,"Feedback: Both metaphors aim to convey the idea that material items mark our path through life, but they differ in their approach and effectiveness. Response A uses the imagery of ""footprints"" to represent possessions, which aligns with the implicit meaning of ""tracks in sand,"" creating a vivid and coherent picture. However, it focuses on the concept of a ""property journey,"" which is less personal and more abstract compared to the implicit meaning. Response B, on the other hand, directly ties possessions to a ""timeline of her life's journey,"" making it more personal and closely aligned with the idea of marking one's path through life. While both metaphors are imaginative, Response B more accurately captures the intended concept by emphasizing the personal and temporal aspect of the journey. Response A's imagery is slightly less vivid in conveying the personal narrative. [RESULT] B"
His masterpiece has landed.,he has sculpted a work of art in his mind.,B,"Feedback: Both metaphors aim to convey the implicit meaning of a successfully completed achievement, but they differ in their approach and effectiveness. Response A, ""His masterpiece has landed,"" uses the imagery of a landing, which suggests a final, impactful arrival, aligning well with the idea of a completed achievement. However, it lacks the vividness and imaginative depth needed to fully capture the creative process behind the achievement. Response B, ""he has sculpted a work of art in his mind,"" introduces the concept of sculpting, which implies a deliberate, creative process, adding a layer of vividness and coherence to the imagery. It more effectively conveys the idea of a mental achievement, aligning closely with the implicit meaning and providing a clearer, more imaginative representation. While both responses reflect the intended meaning, Response B excels in vividness and coherence, making it the better choice. [RESULT] B"
Time is the great metamorphosis master.,time is a catalyst for change.,A,"Feedback: Both metaphors aim to capture the idea that time brings about transformation, but they differ in their approach and effectiveness. Response A, ""Time is the great metamorphosis master,"" uses the term ""metamorphosis,"" which directly implies a profound and complete transformation, aligning closely with the implicit meaning of gradual and inevitable change. The imagery is vivid and evokes a sense of time as a powerful, guiding force. Response B, ""time is a catalyst for change,"" while accurate in suggesting that time facilitates transformation, is less vivid and more generic. The term ""catalyst"" is scientifically precise but lacks the imaginative and emotional depth of ""metamorphosis master."" Response A better captures the implicit meaning with more vivid and coherent imagery. [RESULT] A"
She had an insatiable appetite for knowledge.,"a sponge for knowledge, she soaked up new ideas eagerly.",B,"Feedback: Both responses aim to convey the implicit meaning of an eager and passionate desire to learn continuously. Response A uses the metaphor of an ""insatiable appetite for knowledge,"" which aligns well with the idea of continuous learning but lacks vivid imagery and originality, earning a score of 4. Response B, ""a sponge for knowledge, she soaked up new ideas eagerly,"" is more imaginative and vivid, effectively capturing the concept of absorbing knowledge with enthusiasm. It closely aligns with the implicit meaning and provides a clearer, more engaging representation, earning a score of 5. [RESULT] B"
Every step on this journey of change leaves footprints in the sands of progress.,steps in progress create the foundation of a solid structure.,A,"Feedback: Both metaphors aim to convey the idea that personal growth leaves lasting marks, but they differ in their approach and effectiveness. Response A uses the imagery of ""footprints in the sands of progress,"" which is vivid and aligns closely with the implicit meaning, as it directly evokes the idea of leaving marks on a journey. The metaphor is imaginative and coherent, capturing the essence of personal growth as a continuous, traceable path. Response B, on the other hand, compares steps in progress to the foundation of a solid structure, which is less vivid and more abstract. While it conveys the idea of building something lasting, it lacks the direct connection to the journey aspect of personal growth and feels less imaginative. Response A better captures the implicit meaning with clearer and more vivid imagery. [RESULT] A"
She handed life to her characters on blank pages.,she painted vivid characters on the canvas of her stories.,B,"Feedback: Both metaphors aim to capture the implicit meaning of creating and bringing fictional characters to life through writing. Response A uses the imagery of ""handing life to her characters on blank pages,"" which aligns well with the concept of creation but lacks the vividness and dynamism of Response B. Response B, with ""painted vivid characters on the canvas of her stories,"" employs more vibrant and artistic imagery, directly linking the act of writing to the creative process of painting, which enhances the metaphor's coherence and imaginative appeal. While both responses convey the intended meaning, Response B does so with greater clarity, vividness, and originality. [RESULT] B"
Their ideas have reached a dead end.,their ideas were stuck in a rut.,A,"Feedback: Both Response A and Response B aim to convey the implicit meaning of ideas that can no longer progress or develop further. Response A uses the phrase ""dead end,"" which directly implies a complete halt in progress, aligning closely with the implicit meaning and offering clear, vivid imagery. Response B uses ""stuck in a rut,"" which suggests repetitive, unproductive patterns but does not explicitly convey the idea of a complete stop in progress. While both metaphors are coherent and relatable, Response A is more precise in capturing the absolute stagnation implied in the implicit meaning. Response B, though imaginative, is slightly less aligned due to its focus on repetition rather than a definitive end. [RESULT] A"
Success fed his appetite for more challenges.,his success was a stepping stone to more difficult challenges.,B,"Feedback: Both metaphors aim to convey the idea that success fuels the desire for greater achievements. Response A uses the imagery of ""feeding an appetite,"" which is vivid and effectively captures the concept of success creating a hunger for more challenges. However, it slightly deviates from the implicit meaning by focusing on the appetite rather than the direct progression toward greater accomplishments. Response B, on the other hand, uses the imagery of a ""stepping stone,"" which is coherent and directly aligns with the idea of success leading to more difficult challenges. While both metaphors are clear, Response B more accurately and imaginatively represents the implicit meaning by emphasizing the progression and connection between achievements. [RESULT] B"
Each possession is an anchor dragging me down.,her obligations were a chain that bound her.,B,"Feedback: Both metaphors effectively convey the implicit meaning that material possessions or obligations are burdensome and restrictive. Response A uses the imagery of an ""anchor dragging me down,"" which vividly captures the weight and immobilizing effect of possessions. Response B employs the imagery of a ""chain that bound her,"" which similarly conveys restriction and entrapment. The key difference lies in the specificity and directness of the imagery: Response A focuses on the downward pull of an anchor, emphasizing the struggle against gravity, while Response B uses a chain, which more directly symbolizes binding and limitation. Both are imaginative and coherent, but Response B’s use of a chain aligns more closely with the idea of being bound or restricted, making it a slightly clearer and more accurate representation of the implicit meaning. [RESULT] B"
His anger was a pressure cooker building steam.,his rage was a ticking time bomb.,A,"Feedback: Both metaphors effectively convey the implicit meaning of increasing anger about to explode, but they differ in their imagery and coherence. Response A, ""His anger was a pressure cooker building steam,"" uses a vivid and relatable image of a pressure cooker, which clearly represents the gradual build-up of anger. The imagery is coherent and aligns well with the idea of increasing tension. Response B, ""His rage was a ticking time bomb,"" also captures the imminent explosion but focuses more on the sudden and destructive nature of the anger, emphasizing the unpredictability and danger. While both are strong, Response A's imagery is slightly more vivid and coherent in depicting the gradual build-up, making it a clearer representation of the implicit meaning. [RESULT] A"
The machine's pressure gauge was in the red zone.,his sexual tension was a ticking time bomb.,B,"Feedback: Both metaphors aim to convey the implicit meaning of a dangerous level of pressure or stress reaching critical limits, but they differ in their approach and effectiveness. Response A uses a mechanical analogy, comparing pressure to a gauge in the red zone, which is straightforward and clear but lacks imaginative depth. It aligns well with the meaning but feels somewhat generic. Response B, on the other hand, employs a more vivid and imaginative analogy by comparing sexual tension to a ticking time bomb, which not only captures the critical and dangerous nature of the situation but also adds a layer of urgency and unpredictability. While both metaphors are coherent, Response B stands out for its creativity and ability to evoke a stronger emotional response, making it a clearer and more accurate representation of the intended concept. [RESULT] B"
Achievement climbs its own mountain.,she built her own ladder to success.,B,"Feedback: Both metaphors aim to convey the idea that success requires personal effort and determination. Response A, ""Achievement climbs its own mountain,"" effectively captures the struggle and challenge inherent in achieving success, as climbing a mountain is a vivid and universally understood metaphor for overcoming obstacles. It aligns well with the implicit meaning, though it is somewhat generic and lacks a personal touch. Response B, ""She built her own ladder to success,"" introduces a more personal and active element, emphasizing the individual's role in creating their path to success. This metaphor is more imaginative and specific, clearly highlighting personal struggle and determination. While both are coherent, Response B stands out for its originality and direct connection to the individual's effort. [RESULT] B"
His anger is a bitter pill he keeps swallowing.,"a kaleidoscope of perspectives, reflecting the world's diverse view.",A,"Feedback: Response A effectively captures the implicit meaning of repeatedly suppressing negative emotions, using the vivid and coherent imagery of a ""bitter pill"" to symbolize the unpleasantness of anger. It aligns closely with the intended concept, conveying the idea of enduring something undesirable. In contrast, Response B, while imaginative, does not relate to the implicit meaning of suppressing emotions; instead, it describes a diverse range of perspectives, which is unrelated to the theme of emotional suppression. Response A is clearer, more accurate, and directly relevant to the intended concept. [RESULT] A"
Their values stood as straight as a pillar.,they were rocks that stood firm in the storm.,B,"Feedback: Both metaphors aim to convey the idea of unwavering moral principles and strong integrity, but they differ in their imagery and alignment with the implicit meaning. Response A uses the image of a pillar, which is a straightforward symbol of strength and stability, but it lacks the dynamic context of facing adversity, which is a key aspect of the implicit meaning. Response B, on the other hand, employs the metaphor of rocks standing firm in a storm, which not only signifies strength and stability but also explicitly incorporates the idea of enduring challenges, closely aligning with the implicit meaning. The imagery in Response B is more vivid and imaginative, as it evokes a powerful scene of resilience against external forces. Therefore, Response B better captures the intended concept with clearer and more engaging imagery. [RESULT] B"
The shapes drift like autumn leaves.,the shapes fall into place like a puzzle.,A,"Feedback: Both metaphors attempt to capture the implicit meaning of gentle, floating movement without direction or purpose, but they differ in their approach and effectiveness. Response A, ""The shapes drift like autumn leaves,"" aligns closely with the implicit meaning by evoking the image of leaves gently floating in the wind, which inherently lacks direction or purpose. The imagery is vivid and coherent, directly reflecting the intended concept. In contrast, Response B, ""the shapes fall into place like a puzzle,"" suggests a movement that is purposeful and directed, as puzzle pieces fit together with intention, which contradicts the implicit meaning. While Response B uses coherent imagery, it fails to capture the lack of direction or purpose. Therefore, Response A is a clearer, more accurate, and more imaginative representation of the original idea. [RESULT] A"
The question has become a permanent tenant in my thoughts.,she's a detective on the case.,A,"Feedback: Response A uses the metaphor of a ""permanent tenant"" to convey the persistence of a question in one's thoughts, which aligns well with the implicit meaning of a nagging, unyielding thought. The imagery is coherent and effectively captures the idea of something that refuses to leave. Response B, on the other hand, compares the question to a ""detective on the case,"" which implies active pursuit rather than persistence. While imaginative, it diverges from the implicit meaning by focusing on investigation rather than the intrusive nature of the question. Response A more closely aligns with the intended concept and uses more vivid, fitting imagery. [RESULT] A"
She maintains her image like a carefully preserved manuscript cover.,a well-maintained vessel that never shows its age.,A,"Feedback: Both metaphors attempt to convey the idea of meticulous self-preservation, but they differ in their approach and effectiveness. Response A uses the imagery of a ""carefully preserved manuscript cover,"" which aligns well with the delicate and meticulous nature of the implicit meaning, as manuscripts are often handled with great care to maintain their condition. The metaphor is vivid and coherent, capturing the essence of preserving something valuable. Response B, on the other hand, compares the subject to a ""well-maintained vessel that never shows its age,"" which also conveys the idea of preservation but leans more towards durability and timelessness rather than the delicate care implied in the implicit meaning. While both metaphors are imaginative, Response A more closely aligns with the nuanced concept of delicate and meticulous self-preservation, making it a clearer and more accurate representation. [RESULT] A"
The pit stops of preparation fuel victory.,she prepared the field for victory before the game.,A,"Feedback: Both responses aim to convey the implicit meaning that proper preparation leads to success, but they differ in their approach and effectiveness. Response A uses the metaphor of ""pit stops of preparation fuel victory,"" which creates a vivid and coherent image of preparation as a necessary and energizing process, akin to refueling in a race. This aligns closely with the implicit meaning and provides a clear, imaginative representation. Response B, on the other hand, states ""she prepared the field for victory before the game,"" which is more literal and less imaginative. While it conveys the idea of preparation leading to success, it lacks the vivid imagery and metaphorical depth of Response A. Response A is more imaginative, coherent, and closely aligned with the implicit meaning. [RESULT] A"
Their romance sparked and blazed like a wildfire.,they were like fireflies in the darkness.,A,"Feedback: Response A captures the implicit meaning more effectively by using the metaphor of a wildfire, which conveys intensity, passion, and rapid growth, aligning closely with the intended concept. The imagery is vivid and coherent, emphasizing the uncontrollable and powerful nature of their romance. Response B, while imaginative, uses fireflies to represent the couple, which suggests a gentle, fleeting beauty rather than intense passion. Although fireflies in darkness evoke a sense of uniqueness and attraction, they do not fully capture the rapid and overwhelming nature of the love described. Response A’s metaphor is more accurate and imaginative in representing the implicit meaning. [RESULT] A"
Their friendship needed a software patch.,the couple had to oil their relationship engine to run smoother.,B,"Feedback: Both metaphors attempt to convey the idea of a relationship needing repair, but they differ in their approach and effectiveness. Response A, ""Their friendship needed a software patch,"" uses a technical analogy that aligns with the concept of fixing something broken, but it lacks vivid imagery and feels somewhat generic. It captures the idea of a necessary fix but doesn't evoke a strong emotional or visual connection. Response B, ""The couple had to oil their relationship engine to run smoother,"" employs a more dynamic and vivid analogy, comparing a relationship to a machine that requires maintenance to function properly. This metaphor is more imaginative and coherent, as it creates a clear mental image of the relationship as a functioning system that needs care to operate efficiently. While both responses reflect the implicit meaning, Response B does so with greater clarity, vividness, and originality. [RESULT] B"
The team leader distributed power among the members.,she was the conductor of a symphony of ideas.,B,"Feedback: Response A directly states the action of distributing power, which aligns with the implicit meaning of sharing authority but lacks imaginative or vivid imagery, making it more literal than metaphorical. Response B, on the other hand, uses the metaphor of a conductor leading a symphony of ideas, which is highly imaginative and vividly conveys the concept of guiding and harmonizing diverse contributions, closely aligning with the implicit meaning of sharing control and authority. While both responses capture the core idea, Response B does so with greater creativity and coherence, effectively using metaphorical language to enhance the imagery. [RESULT] B"
The lid of darkness closed over the landscape.,the darkness fell like a heavy blanket.,B,"Feedback: Both metaphors effectively convey the implicit meaning of night falling and covering the land, but they differ in their imagery and vividness. Response A, ""The lid of darkness closed over the landscape,"" uses a more mechanical and less natural image, which slightly detracts from its vividness and coherence. In contrast, Response B, ""the darkness fell like a heavy blanket,"" employs a more relatable and sensory image, creating a stronger sense of envelopment and completeness. While both align closely with the intended meaning, Response B’s imagery is more imaginative and coherent, making it a clearer and more accurate representation. [RESULT] B"
Her mind needed time to stretch after waking.,she needed to thaw her mental ice before she could function.,B,"Feedback: Both metaphors attempt to convey the idea of mental flexibility and gradual awakening, but they differ in their approach and effectiveness. Response A uses the imagery of ""stretching"" the mind, which aligns with the concept of flexibility but lacks the vividness and depth needed to fully capture the gradual awakening aspect. Response B, on the other hand, employs the metaphor of ""thawing mental ice,"" which is more imaginative and vivid. It effectively conveys both the gradual process of awakening and the transition from a rigid to a flexible state. While both responses reflect the implicit meaning, Response B does so with greater clarity, coherence, and imaginative imagery. [RESULT] B"
"Like a skilled tracker, time never loses sight of its prey.",time is a master clockmaker of life's every moment.,A,"Feedback: Both metaphors attempt to capture the relentless nature of time, but they differ in their approach and effectiveness. Response A uses the imagery of a ""skilled tracker"" to convey time's unyielding pursuit, which aligns closely with the implicit meaning of time catching up with everyone. The metaphor is vivid and coherent, effectively portraying time as an unstoppable force. Response B, on the other hand, describes time as a ""master clockmaker,"" which emphasizes time's role in shaping moments but lacks the direct pursuit and inevitability implied in the reference. While imaginative, it diverges slightly from the intended meaning by focusing more on creation than relentless pursuit. Response A more accurately and vividly captures the implicit meaning. [RESULT] A"
She tasted sweet success at last.,she found a sweet spot of success.,B,"Feedback: Both Response A and Response B aim to convey the implicit meaning that achievement feels pleasurable and satisfying. Response A uses the phrase ""tasted sweet success,"" which directly links success to a sensory experience of sweetness, effectively capturing the pleasurable aspect of achievement. However, it is a common metaphor and may lack originality. Response B, on the other hand, introduces the idea of a ""sweet spot,"" which adds a layer of precision and balance to the concept of success, suggesting not just pleasure but also an optimal state. While both metaphors align well with the implicit meaning, Response B offers a more nuanced and imaginative imagery by combining the sensory experience with the idea of finding an ideal point. Response A scores a 4 for its clear alignment with the meaning but slightly generic imagery, while Response B scores a 5 for its vividness, originality, and closer alignment with the implicit meaning. [RESULT] B"
Our eyes' territory has strict borders.,our view is a window through which we look.,B,"Feedback: Both metaphors attempt to convey the idea of limited perspective, but they differ in their approach and effectiveness. Response A uses the concept of ""territory"" and ""borders"" to imply restrictions, which aligns with the implicit meaning but lacks vivid imagery and feels somewhat abstract. Response B, on the other hand, employs the metaphor of a ""window,"" which is more concrete and relatable, effectively conveying the idea of a limited view. While both responses capture the essence of restricted vision, Response B does so with clearer and more coherent imagery. [RESULT] B"
We're following the trail markers of those who succeeded before us.,building a house with the stones of their successes.,A,"Feedback: Both metaphors aim to convey the idea of learning from predecessors to achieve success. Response A uses the imagery of ""following trail markers,"" which directly aligns with the concept of following established paths. It is clear and coherent, effectively capturing the implicit meaning. Response B, on the other hand, uses the metaphor of ""building a house with the stones of their successes,"" which is more imaginative and vivid. While it conveys the idea of utilizing past achievements, it slightly deviates from the direct path-following concept, introducing a construction analogy that is less aligned with the implicit meaning. Response A is more straightforward and accurate, whereas Response B is more creative but less precise. [RESULT] A"
Their minds are dim candles in a vast hall.,they were lost in a sea of insurmountable complexity.,A,"Feedback: Both metaphors aim to convey the idea of limited intellectual capacity in a vast context, but they differ in their approach and effectiveness. Response A uses the imagery of ""dim candles in a vast hall,"" which vividly captures the contrast between the small, weak light (limited understanding) and the expansive space (large context). This metaphor is coherent and aligns closely with the implicit meaning, earning a score of 5. Response B, on the other hand, describes being ""lost in a sea of insurmountable complexity,"" which emphasizes the overwhelming nature of the context but less directly addresses the limited intellectual capacity. While it conveys a sense of being overwhelmed, it is less precise in capturing the intended meaning and uses more generic imagery, earning a score of 3. [RESULT] A"
Their love danced like leaves in the autumn wind.,"love was a playful, unpredictable dance between two souls.",B,"Feedback: Both metaphors attempt to capture the essence of love as graceful and fleeting, but they differ in their approach and effectiveness. Response A uses the imagery of leaves dancing in the autumn wind, which vividly conveys the fleeting nature of love through the seasonal reference to autumn, a time of change and transience. However, it primarily emphasizes the movement and grace, slightly missing the ""playful"" aspect of love. Response B, on the other hand, directly describes love as a ""playful, unpredictable dance,"" which aligns well with the implicit meaning by incorporating both grace and the unpredictable, fleeting nature of love. While Response B lacks the seasonal imagery of Response A, it more directly and coherently captures the dual aspects of grace and transience. Response B is more imaginative and aligns closely with the intended meaning, making it the better choice. [RESULT] B"
They orbited each other like binary stars.,two hearts beating as one.,B,"Feedback: Both metaphors aim to capture the implicit meaning of a close, interdependent relationship, but they differ in their approach and effectiveness. Response A, ""They orbited each other like binary stars,"" uses a scientific analogy that emphasizes mutual dependence and a balanced, cyclical interaction, aligning well with the concept of interdependence. The imagery is vivid and coherent, though it may feel less emotionally resonant. Response B, ""two hearts beating as one,"" directly evokes emotional unity and synchronization, which is highly imaginative and aligns closely with the implicit meaning by emphasizing emotional closeness. While both are strong, Response B more effectively conveys the emotional depth and unity inherent in the implicit meaning, making it the clearer and more imaginative representation. [RESULT] B"
The artist bestowed colors to the empty canvas.,she conducted her creativity onto the canvas.,B,"Feedback: Both responses aim to capture the implicit meaning of creation and transformation through artistic expression, but they differ in their approach and effectiveness. Response A uses the verb ""bestowed,"" which implies a generous and deliberate act of giving, aligning well with the idea of creation. However, the imagery of ""colors to the empty canvas"" is somewhat generic and lacks the depth of transformation. Response B, on the other hand, employs the metaphor of ""conducted her creativity,"" which introduces a dynamic and guiding element, better capturing the transformative aspect of artistic expression. The imagery in Response B is more vivid and coherent, as it suggests a process of directing and shaping creativity, which aligns closely with the implicit meaning. While both responses reflect the intended concept, Response B does so with greater clarity, originality, and depth. [RESULT] B"
Understanding clicks into place like perfect puzzle pieces.,pieces of a puzzle fit together to form a complete picture.,A,"Feedback: Both responses aim to convey the implicit meaning of sudden mental clarity and comprehension, but they differ in their approach and effectiveness. Response A, ""Understanding clicks into place like perfect puzzle pieces,"" directly links the act of understanding to the precise and satisfying fit of puzzle pieces, creating a vivid and coherent image that aligns closely with the sudden clarity implied. It emphasizes the moment of realization, making it highly imaginative and accurate. Response B, ""pieces of a puzzle fit together to form a complete picture,"" while related, focuses more on the process of assembling a puzzle rather than the moment of clarity itself. It is less vivid and more generic in conveying the sudden aspect of comprehension. Therefore, Response A better captures the implicit meaning with more clarity, imagination, and coherence. [RESULT] A"
Vision's chamber holds our perceptual universe.,a room of our vision.,A,"Feedback: Response A, ""Vision's chamber holds our perceptual universe,"" is more imaginative and vivid, effectively capturing the implicit meaning by likening the eyes to a chamber that contains and processes the entire perceptual universe. It aligns closely with the intended concept and uses coherent, evocative imagery. In contrast, Response B, ""a room of our vision,"" is less imaginative and lacks the depth and clarity of Response A. It conveys the idea of containment but fails to capture the complexity of processing and understanding the world, resulting in a more generic and less vivid metaphor. [RESULT] A"
Their competing frameworks entered the intellectual Olympics.,her theories were put under a microscope.,A,"Feedback: Both metaphors attempt to capture the idea of competition among theories or ideas in an academic setting, but they differ in their approach and effectiveness. Response A uses the imagery of the ""intellectual Olympics,"" which is vivid and aligns well with the concept of competition, emphasizing a grand, structured event where frameworks compete. This metaphor is imaginative and coherent, clearly conveying the idea of rigorous comparison. Response B, on the other hand, uses the imagery of theories being ""put under a microscope,"" which focuses more on scrutiny and analysis rather than direct competition. While it is coherent and vivid, it does not as strongly capture the competitive aspect of the implicit meaning. Response A better aligns with the intended concept of competing theories in an academic context due to its clearer and more direct representation of competition. [RESULT] A"
The theory's family tree branches into multiple disciplines.,a web of influence in the academic world.,A,"Feedback: Both metaphors aim to convey the idea of a theory extending into various academic fields, but they differ in their imagery and alignment with the implicit meaning. Response A uses the metaphor of a ""family tree branching into multiple disciplines,"" which effectively captures the concept of division and extension, aligning well with the implicit meaning. The imagery is coherent and vivid, suggesting growth and diversification. Response B, on the other hand, describes a ""web of influence in the academic world,"" which emphasizes interconnectedness rather than division and extension. While it is imaginative, it does not as closely align with the implicit meaning, as it lacks the clear sense of branching or spreading into distinct fields. Response A is more accurate and vivid in representing the original idea. [RESULT] A"
"He's a high-capacity battery, always ready to take on more tasks.",he's a jack-of-all-trades with a master's touch.,A,"Feedback: Both metaphors aim to convey the implicit meaning of being energetic and capable of handling multiple responsibilities, but they differ in their approach and effectiveness. Response A uses the imagery of a ""high-capacity battery,"" which vividly captures the idea of sustained energy and readiness to take on tasks, aligning closely with the implicit meaning. The metaphor is coherent and imaginative, effectively conveying the concept of reliability and endurance. Response B, on the other hand, describes the individual as a ""jack-of-all-trades with a master's touch,"" which emphasizes versatility and skill but lacks the direct connection to sustained energy and readiness. While it captures capability, it does not as clearly convey the energetic aspect. Response A is more vivid and directly aligned with the implicit meaning, making it the better choice. [RESULT] A"
These facts orbit around the main argument.,the supporting evidence is the anchor of the argument.,B,"Feedback: Both metaphors attempt to convey the relationship between supporting evidence and the central argument, but they differ in their approach and effectiveness. Response A uses the imagery of ""facts orbiting around the main argument,"" which captures the idea of circulation but lacks the stability and centrality implied in the implicit meaning. The orbit metaphor suggests movement and distance, which might not fully align with the concept of evidence being closely tied to the central point. Response B, on the other hand, uses the metaphor of ""supporting evidence as the anchor of the argument,"" which emphasizes stability, centrality, and essential support, aligning more closely with the implicit meaning. The anchor metaphor is vivid and coherent, effectively conveying the intended concept of evidence being foundational and integral to the argument. While both metaphors are imaginative, Response B better captures the implicit meaning with clearer and more accurate imagery. [RESULT] B"
Their love crossed many bridges.,a puzzle coming together to form a complete picture.,B,"Feedback: Response A (""Their love crossed many bridges"") and Response B (""a puzzle coming together to form a complete picture"") both aim to convey the implicit meaning of overcoming obstacles, but they do so with differing levels of clarity and vividness. Response A uses the imagery of crossing bridges, which metaphorically aligns with the idea of overcoming challenges, but it lacks specificity and depth, making it somewhat generic. Response B, on the other hand, employs the metaphor of a puzzle coming together, which more vividly and coherently captures the process of overcoming obstacles to achieve a complete, unified outcome. While both metaphors reflect the implicit meaning, Response B is more imaginative and provides a clearer, more detailed representation of the concept. [RESULT] B"
Our possessions are the chapters in our property story.,each possession is a chapter in the story of our lives.,B,"Feedback: Both responses aim to convey the implicit meaning that material belongings represent different periods of our life journey. Response A uses the phrase ""our possessions are the chapters in our property story,"" which is somewhat aligned with the implicit meaning but introduces an unnecessary and confusing term, ""property story,"" that detracts from the clarity and vividness of the imagery. Response B, on the other hand, states ""each possession is a chapter in the story of our lives,"" which more directly and vividly captures the implicit meaning by clearly linking each possession to a chapter in the broader narrative of life. The imagery in Response B is more coherent and effectively conveys the intended concept without introducing confusing elements. Therefore, Response B better meets the criteria of being a clearer, more accurate, and more imaginative representation of the original idea. [RESULT] B"
Love's lunacy dances in wisdom's grave.,romance is a thief of wisdom and good judgment.,A,"Feedback: Both metaphors attempt to convey the implicit meaning of passion and emotion triumphing over rational thought, but they differ in their approach and effectiveness. Response A, ""Love's lunacy dances in wisdom's grave,"" uses vivid and imaginative imagery, depicting love's irrationality as a celebratory dance over the death of wisdom. This aligns closely with the implicit meaning, though it may be slightly abstract and require more interpretation. Response B, ""romance is a thief of wisdom and good judgment,"" is more direct and clear, explicitly stating that romance steals away rational thought. While it lacks the poetic flair of Response A, it more straightforwardly captures the intended concept. Response A scores a 4 for its imaginative and vivid imagery, though it could be more direct. Response B scores a 3 for its clarity and directness but lacks the originality and vividness of Response A. [RESULT] A"
The crowd's hunger for entertainment grew ravenous.,the audience's desire for amusement was a growing fire.,A,"Feedback: Both metaphors aim to convey the intense, desperate desire for entertainment, but they differ in their imagery and alignment with the implicit meaning. Response A uses the metaphor of a ""ravenous hunger,"" which effectively captures the intensity and urgency of the desire, aligning closely with the implicit meaning. The imagery is vivid and coherent, evoking a strong, immediate sense of need. Response B, on the other hand, compares the desire to a ""growing fire,"" which also conveys intensity but with a more gradual, spreading quality. While it aligns well with the meaning, the imagery is slightly less direct and vivid compared to the ravenous hunger metaphor. Both responses are imaginative, but Response A more accurately and vividly represents the intense, desperate nature of the desire. [RESULT] A"
Their desire sparked like a match striking flint.,two sparks of electricity met in the air.,A,"Feedback: Both metaphors aim to capture the sudden and intense nature of passion or attraction, but they differ in their approach and effectiveness. Response A, ""Their desire sparked like a match striking flint,"" uses a tangible, action-oriented image that directly links the physical act of striking a match to the ignition of desire, creating a vivid and coherent picture. It aligns closely with the implicit meaning by emphasizing the immediate and intense nature of the passion. Response B, ""Two sparks of electricity met in the air,"" while imaginative, is less grounded and more abstract. It captures the suddenness but lacks the tangible, fiery intensity that a match striking flint conveys. The imagery in Response A is more vivid and directly tied to the concept of passion, making it a clearer and more accurate representation. [RESULT] A"
His rage was a straitjacket of burning sensations.,his anger was a heavy chain around his heart.,A,"Feedback: Both metaphors effectively convey the restrictive and painful nature of uncontrollable anger, aligning well with the implicit meaning. Response A uses ""straitjacket of burning sensations,"" which vividly captures the suffocating and intense physical discomfort associated with rage, offering a highly imaginative and sensory-rich image. Response B employs ""heavy chain around his heart,"" which clearly conveys restriction and emotional burden but is slightly more conventional and less vivid in its imagery compared to Response A. While both are strong, Response A’s use of ""burning sensations"" and ""straitjacket"" provides a more intense and multifaceted representation of the implicit meaning. [RESULT] A"
White blood cells are the soldiers patrolling our bloodstream.,white blood cells are like bodyguards for the bloodstream.,A,"Feedback: Both metaphors effectively convey the implicit meaning of protection and defense, but they differ in their imagery and specificity. Response A uses the metaphor of ""soldiers patrolling,"" which evokes a sense of active surveillance and combat, aligning closely with the defensive role of white blood cells. The imagery is vivid and coherent, capturing the idea of constant vigilance. Response B, on the other hand, compares white blood cells to ""bodyguards,"" which also conveys protection but is slightly less vivid and more passive in its imagery. While both metaphors are clear and accurate, Response A’s use of ""soldiers"" provides a more dynamic and imaginative representation of the active defense mechanism. [RESULT] A"
Their hypothesis is a lighthouse guiding future research.,the compass of their hypothesis guides the ship of further studies.,A,"Feedback: Both metaphors aim to convey the idea of providing direction and illumination, but they differ in their imagery and coherence. Response A uses a lighthouse, which directly aligns with the concept of illumination and guidance, making it a clear and vivid representation of the implicit meaning. Response B, while also conveying guidance through the compass, introduces the additional element of a ship, which slightly dilutes the focus on illumination. The lighthouse metaphor in Response A is more straightforward and aligns more closely with the dual aspects of direction and illumination, whereas the compass and ship metaphor in Response B is slightly less direct and vivid in capturing both elements. [RESULT] A"
Their friendship resonates at the same frequency.,they were two sides of the same coin.,B,"Feedback: Both metaphors aim to convey the idea of perfect harmony and deep connection, but they differ in their approach and effectiveness. Response A, ""Their friendship resonates at the same frequency,"" uses a scientific analogy to suggest alignment and harmony, which aligns well with the implicit meaning. However, it may lack vividness and originality, as the imagery is somewhat abstract and less imaginative. Response B, ""they were two sides of the same coin,"" employs a common idiom that directly implies unity and inseparability, making it more vivid and coherent. While both metaphors capture the essence of deep connection, Response B does so with clearer and more relatable imagery. [RESULT] B"
Life's difficulties are sealed jars that require strength to open.,she ran herself into a better situation.,A,"Feedback: Response A effectively captures the implicit meaning by comparing life's difficulties to sealed jars that require strength to open, directly linking effort and determination to overcoming challenges. The imagery is vivid and coherent, clearly conveying the intended concept. Response B, while suggesting improvement, lacks the explicit connection to effort and determination, focusing more on the outcome rather than the process of overcoming challenges. The metaphor in Response B is less imaginative and less aligned with the implicit meaning compared to Response A. [RESULT] A"
The temperature of the argument rose to dangerous levels.,a new idea was a missing puzzle piece.,A,"Feedback: Response A directly aligns with the implicit meaning by using the metaphor of temperature rising to dangerous levels, which vividly and coherently conveys the idea of an argument becoming increasingly heated and intense. It effectively captures the escalation and intensity, making it a clear and accurate representation. Response B, on the other hand, uses the metaphor of a missing puzzle piece, which does not align with the implicit meaning of a heated argument. Instead, it suggests a sense of completion or fitting in, which is unrelated to the concept of intensity or conflict. Response A’s imagery is more vivid and relevant, while Response B’s imagery is generic and mismatched. [RESULT] A"
Her stock portfolio is a steel vault protecting her wealth.,her portfolio is a solid foundation for her future.,A,"Feedback: Both metaphors aim to convey the implicit meaning of security and protection of financial assets, but they differ in their approach and vividness. Response A uses the imagery of a ""steel vault,"" which is a strong and specific visual representation of protection, directly aligning with the concept of safeguarding wealth. This metaphor is vivid and coherent, clearly emphasizing the protective aspect. Response B, on the other hand, describes the portfolio as a ""solid foundation,"" which is more abstract and focuses on stability rather than direct protection. While it conveys security, it is less vivid and more generic compared to the steel vault imagery. Response A more closely captures the implicit meaning with its precise and imaginative depiction of protection. [RESULT] A"
"Time is a relentless pursuer, always at our heels.",life is a river that never stops flowing.,A,"Feedback: Both metaphors attempt to convey the unstoppable nature of time, but they differ in their approach and imagery. Response A, ""Time is a relentless pursuer, always at our heels,"" directly aligns with the implicit meaning by emphasizing the chasing aspect of time, creating a vivid and urgent image. Response B, ""Life is a river that never stops flowing,"" while imaginative, shifts the focus from time to life and uses a flowing river as a metaphor, which is less direct in capturing the chasing or pursuing aspect of the implicit meaning. Response A more closely aligns with the intended concept and uses more precise imagery to convey the relentless nature of time. [RESULT] A"
They climbed toward their ideal selves.,they sculpted themselves into their envisioned better versions.,B,"Feedback: Both metaphors aim to convey the implicit meaning of personal growth and self-improvement through effort. Response A, ""They climbed toward their ideal selves,"" uses the imagery of climbing, which suggests a challenging and upward journey, aligning well with the idea of effort and progress. However, it is somewhat generic and lacks the specificity of active transformation. Response B, ""they sculpted themselves into their envisioned better versions,"" employs the metaphor of sculpting, which vividly conveys the idea of deliberate, hands-on self-improvement and the shaping of one’s identity. It is more imaginative and coherent in depicting the active process of personal growth. While both responses capture the implicit meaning, Response B does so with greater vividness and specificity, making it a clearer and more accurate representation. [RESULT] B"
"Some ideas, like vintage clothing, never go out of style.",a steady course,A,"Feedback: Response A uses the metaphor of ""vintage clothing"" to convey the timeless and enduring quality of certain concepts, which aligns closely with the implicit meaning. The imagery is vivid and coherent, effectively capturing the idea that some ideas remain valuable and relevant over time, much like classic fashion pieces. Response B, ""a steady course,"" while suggesting consistency, does not directly evoke the timeless or enduring nature of the concept. It lacks the imaginative and vivid imagery present in Response A, making it less aligned with the implicit meaning. [RESULT] A"
Her rage was a thermal explosion that left only ashes.,the city was a jungle full of danger and opportunity.,A,"Feedback: Response A directly aligns with the implicit meaning of destructive and intense anger by using the vivid imagery of a ""thermal explosion"" that leaves ""only ashes,"" effectively conveying the consuming and devastating nature of rage. Response B, while imaginative, diverges from the implicit meaning as it describes a city as a ""jungle full of danger and opportunity,"" which emphasizes complexity and duality rather than destruction and intensity. Response A’s imagery is more coherent and closely captures the intended concept, whereas Response B’s metaphor is less relevant to the specific meaning of destructive anger. [RESULT] A"
My possessions are demanding children crying for attention.,my obligations are a weight that i carry everywhere.,A,"Feedback: Both metaphors attempt to convey the burden of constant attention and maintenance, but they differ in their approach and effectiveness. Response A uses the imagery of ""demanding children crying for attention,"" which vividly captures the neediness and constant demands of possessions, aligning closely with the implicit meaning. The metaphor is imaginative and creates a clear, relatable image. Response B, on the other hand, describes obligations as ""a weight that I carry everywhere,"" which, while conveying a sense of burden, does not directly address the neediness or constant maintenance aspect of material belongings. It is more generic and less aligned with the specific implicit meaning. Response A is more vivid, coherent, and accurate in representing the original idea. [RESULT] A"
The light of hope pierces through storm clouds.,hope is a light that shines through the darkness.,A,"Feedback: Both metaphors aim to convey the idea of optimism persisting through difficult times, but they differ in their imagery and alignment with the implicit meaning. Response A, ""The light of hope pierces through storm clouds,"" uses vivid and dynamic imagery, effectively capturing the struggle and breakthrough inherent in the concept. The storm clouds symbolize adversity, and the piercing light emphasizes the active, forceful nature of hope overcoming challenges. Response B, ""Hope is a light that shines through the darkness,"" while clear and coherent, employs more generic imagery. The darkness represents difficulty, but the metaphor lacks the same level of vividness and specificity as Response A. Both responses align with the implicit meaning, but Response A does so with greater imaginative depth and clarity. [RESULT] A"
These belongings are hungry mouths that need constant feeding.,her obligations were a heavy weight to carry daily.,A,"Feedback: Both metaphors attempt to convey the burden of maintaining material possessions, but they differ in their approach and effectiveness. Response A uses the imagery of ""hungry mouths"" to depict the constant demand for resources, which is imaginative and aligns well with the implicit meaning. It vividly portrays the idea that belongings require continuous feeding, mirroring the financial drain. Response B, on the other hand, compares obligations to a ""heavy weight,"" which is a more generic and less imaginative metaphor. While it conveys the burden, it does not specifically capture the constant demand for resources as effectively as Response A. Response A’s imagery is more vivid and coherent in representing the intended concept. [RESULT] A"
Ideas are untapped mines waiting to be excavated.,a seed that needs watering to grow.,A,"Feedback: Both metaphors aim to convey the implicit meaning that ideas are valuable resources requiring effort for development. Response A, ""Ideas are untapped mines waiting to be excavated,"" effectively captures the concept of hidden value and the need for active effort (excavation) to uncover it, aligning closely with the implicit meaning. The imagery is vivid and coherent, emphasizing the potential wealth within ideas. Response B, ""a seed that needs watering to grow,"" also reflects the idea of potential and the necessity of nurturing, but it focuses more on gradual development rather than the initial discovery of value. While both metaphors are imaginative, Response A more directly aligns with the dual aspects of value and effort in the implicit meaning, particularly the act of discovery. Response B, though vivid, is slightly less precise in capturing the ""untapped"" and ""excavation"" elements. [RESULT] A"
Each cause hooks into its effect like a zipper's teeth.,"life is a chain of cause and effect, linked together.",A,"Feedback: Both metaphors aim to convey the idea of interconnectedness and sequence in events. Response A uses the imagery of a zipper's teeth hooking together, which is vivid and creates a clear mental picture of how causes and effects connect tightly and sequentially. This aligns closely with the implicit meaning and adds a unique, imaginative twist. Response B, while accurately conveying the concept of a chain of cause and effect, uses more generic imagery that lacks the specificity and vividness of Response A. The chain metaphor is coherent but less original and impactful. Therefore, Response A better captures the implicit meaning with more imaginative and vivid imagery. [RESULT] A"
"Some ideas are mischievous toddlers, refusing to stay within boundaries.",a storm that broke through established boundaries.,A,"Feedback: Both metaphors attempt to convey the uncontrollable nature of ideas, but they differ in their approach and vividness. Response A uses the imagery of ""mischievous toddlers"" to highlight the playful yet uncontrollable aspect of ideas, which aligns well with the implicit meaning. The metaphor is coherent and imaginative, effectively capturing the idea's tendency to defy boundaries. Response B, on the other hand, uses a ""storm"" to represent ideas breaking through boundaries, which is vivid and powerful but slightly less aligned with the playful and persistent nature implied in the implicit meaning. While both metaphors are strong, Response A more closely captures the intended concept with its precise and imaginative imagery. [RESULT] A"
She built a bridge across the space between them.,she was a puzzle piece in the human jigsaw.,A,"Feedback: Both metaphors aim to convey the idea of creating connection and reconciliation, but they differ in their approach and effectiveness. Response A, ""She built a bridge across the space between them,"" directly addresses the concept of bridging a gap, which is a clear and vivid metaphor for fostering connection. The imagery of a bridge is coherent and widely understood as a means of linking two separate entities, aligning closely with the implicit meaning. Response B, ""she was a puzzle piece in the human jigsaw,"" while imaginative, focuses more on the individual's role in a larger system rather than the act of creating connection between two people. The puzzle piece metaphor is less direct in conveying reconciliation and may require more interpretation to connect it to the intended meaning. Response A is more vivid, coherent, and directly aligned with the implicit meaning. [RESULT] A"
Her joy scaled the peaks of ecstasy.,she was on cloud nine.,A,"Feedback: Both metaphors aim to convey extreme happiness, but they differ in their approach and vividness. Response A, ""Her joy scaled the peaks of ecstasy,"" uses a more elaborate and imaginative imagery by comparing joy to scaling mountain peaks, which aligns closely with the implicit meaning of reaching the highest point of happiness. It is vivid and coherent, effectively capturing the intensity and elevation of the emotion. Response B, ""she was on cloud nine,"" is a common idiom that also conveys extreme happiness but lacks the originality and depth of Response A. While it aligns with the implicit meaning, it is less imaginative and relies on a well-known phrase, making it less vivid and impactful. Therefore, Response A better captures the implicit meaning with more imaginative and coherent imagery. [RESULT] A"
The temperature of desire rose steadily between them.,the train was a force that reshaped the earth.,A,"Feedback: Response A effectively captures the implicit meaning of growing romantic or sexual tension by using the metaphor of ""temperature rising,"" which vividly conveys the intensifying emotional heat between two people. It aligns closely with the intended concept and employs coherent, relatable imagery. In contrast, Response B, which compares a train to a force reshaping the earth, does not relate to the implicit meaning of romantic tension; its imagery is vivid but entirely unrelated to the intended concept. Response A is clearer, more accurate, and more imaginative in representing the original idea. [RESULT] A"
The child within me dances with delight.,she felt like a carefree child.,A,"Feedback: Both responses aim to convey the implicit meaning of feeling pure, innocent joy and happiness, but they differ in their approach and effectiveness. Response A, ""The child within me dances with delight,"" uses a vivid and dynamic image of a child dancing, which strongly aligns with the idea of pure joy and happiness. The metaphor is imaginative and coherent, capturing the essence of carefree delight. Response B, ""She felt like a carefree child,"" directly states the comparison but lacks the vivid imagery and depth of Response A. It is more straightforward and less imaginative, making it less effective in conveying the same level of joy and innocence. Response A better captures the implicit meaning with its more vivid and imaginative imagery. [RESULT] A"
Time is an unstoppable train barreling towards us on a one-way track.,time is a river.,A,"Feedback: Both metaphors aim to capture the relentless and inevitable forward movement of time, but they differ significantly in their vividness and coherence. Response A, ""Time is an unstoppable train barreling towards us on a one-way track,"" effectively conveys the idea of inevitability and forward motion with vivid imagery of a train on a one-way track, aligning closely with the implicit meaning. It also adds a sense of urgency and power, enhancing the metaphor's impact. Response B, ""Time is a river,"" while capturing the continuous flow of time, lacks the same level of vividness and specificity. The river metaphor is more generic and does not emphasize the unstoppable or one-directional nature of time as strongly as the train metaphor. Therefore, Response A is more imaginative, coherent, and aligned with the implicit meaning. [RESULT] A"
Browsing through life's aisles reveals unexpected treasures.,she dove into the unknown and found her treasure.,A,"Feedback: Both metaphors aim to convey the idea that life is full of surprising discoveries and opportunities. Response A uses the imagery of ""browsing through life's aisles"" to suggest a deliberate yet open-minded approach to life, which aligns well with the implicit meaning. The metaphor is coherent and evokes a sense of exploration, though it is somewhat generic in its imagery. Response B, on the other hand, employs the imagery of ""diving into the unknown,"" which emphasizes a more adventurous and spontaneous approach to discovering opportunities. While it captures the element of surprise, it slightly deviates from the deliberate exploration implied in the implicit meaning. Response A is more aligned with the intended concept and uses clearer, more coherent imagery. [RESULT] A"
The carousel of change revolves eternally.,"change is a river of life, constantly flowing and evolving.",B,"Feedback: Both metaphors aim to capture the idea of life's unending transformation, but they differ in their approach and effectiveness. Response A, ""The carousel of change revolves eternally,"" uses the imagery of a carousel to represent cycles, which aligns with the concept of constant transformation. However, the metaphor is somewhat static, as a carousel moves in a predictable, repetitive pattern, which may not fully convey the dynamic and evolving nature of change. Response B, ""Change is a river of life, constantly flowing and evolving,"" employs the imagery of a river, which is more vivid and dynamic, effectively capturing the fluid, continuous, and ever-changing nature of life. While both metaphors reflect the implicit meaning, Response B does so with more clarity, coherence, and imaginative imagery. [RESULT] B"
His jealousy was a padded room with no windows.,a shroud that suffocates his thoughts.,B,"Feedback: Both metaphors aim to capture the suffocating and isolating nature of jealousy, but they differ in their approach and effectiveness. Response A, ""His jealousy was a padded room with no windows,"" vividly conveys isolation and confinement, aligning well with the implicit meaning. The imagery of a padded room suggests a stifling environment, though it leans more toward physical isolation rather than mental suffocation. Response B, ""a shroud that suffocates his thoughts,"" directly addresses mental suffocation and the oppressive nature of jealousy, making it more precise in capturing the intended concept. While both are imaginative, Response B is more coherent and accurate in reflecting the implicit meaning, especially in its focus on the mind being trapped. Response A is slightly less vivid in conveying mental suffocation, though it remains a strong metaphor. [RESULT] B"
Properties are pressure vessels containing potential.,a seed planted in fertile soil can grow into a tree.,A,"Feedback: Response A uses the metaphor of ""pressure vessels containing potential"" to convey the idea of untapped value in real estate properties. This metaphor aligns closely with the implicit meaning, as it emphasizes containment and potential release, mirroring the concept of untapped value. The imagery is vivid and coherent, effectively capturing the idea that properties hold significant, yet unreleased, potential. Response B, on the other hand, uses the metaphor of ""a seed planted in fertile soil can grow into a tree,"" which focuses on growth and development rather than containment and release. While it conveys the idea of potential, it does not as directly align with the implicit meaning of untapped value being held within properties. The imagery in Response B is vivid but less specific to the concept of real estate. Response A is more accurate and imaginative in representing the original idea. [RESULT] A"
He clutches his principles tightly.,a compass for his heart and soul.,A,"Feedback: Response A (""He clutches his principles tightly"") directly conveys the idea of holding onto beliefs with a sense of tightness and determination, aligning well with the implicit meaning of stubborn commitment. The imagery is clear and coherent, though somewhat literal and less imaginative. Response B (""a compass for his heart and soul"") introduces a more creative metaphor, suggesting guidance and consistency, but it lacks the connotation of stubbornness or rigidity, deviating slightly from the intended meaning. While Response B is more vivid and imaginative, it fails to capture the core aspect of stubborn commitment as effectively as Response A. [RESULT] A"
Time is a tireless transformer of landscapes.,time is a sculptor of landscapes.,A,"Feedback: Both metaphors effectively convey the implicit meaning that time brings about gradual and inevitable change. However, they differ in their imagery and specificity. Response A, ""Time is a tireless transformer of landscapes,"" emphasizes the continuous and unyielding nature of time's changes, aligning closely with the idea of gradual transformation. The imagery of a ""transformer"" is vivid and suggests a dynamic, ongoing process. Response B, ""Time is a sculptor of landscapes,"" also captures the idea of change but focuses more on the shaping and molding aspect, which is slightly more specific and artistic. While both are strong, Response A's imagery of a ""tireless transformer"" more fully captures the relentless and pervasive nature of time's changes, making it a clearer and more imaginative representation of the implicit meaning. [RESULT] A"
Stars are spiky vessels of celestial geometry.,many points combine to form a larger whole.,A,"Feedback: Response A uses vivid and imaginative imagery (""spiky vessels of celestial geometry"") that captures the complexity and mathematical nature of stars, aligning closely with the implicit meaning. However, it introduces an additional concept of ""vessels"" that slightly deviates from the purely mathematical focus. Response B, while concise and accurate in conveying the idea of ""many points combining to form a larger whole,"" lacks the vividness and specificity needed to fully capture the complexity of stars as mathematical patterns. Response A is more imaginative and aligns better with the implicit meaning despite its minor deviation, whereas Response B is more literal but less evocative. [RESULT] A"
The relentless chase of time corners us all in the end.,life is a slow-moving train that eventually derails.,A,"Feedback: Both metaphors attempt to convey the inevitability of time's passage, but they differ in their approach and effectiveness. Response A uses the imagery of a ""relentless chase"" and ""corners us all,"" which aligns closely with the implicit meaning of time as an unstoppable predator. The language is vivid and creates a sense of urgency and inescapability, mirroring the tone of the reference. Response B, on the other hand, compares life to a ""slow-moving train that eventually derails,"" which captures the idea of an inevitable end but lacks the predatory and relentless aspect of the implicit meaning. The imagery is coherent but less vivid and imaginative compared to Response A. While both metaphors reflect the concept of time's inevitability, Response A more accurately and vividly conveys the idea of time as an unstoppable force. [RESULT] A"
My possessions are relentless creditors demanding payment.,my responsibilities are a mountain i can't climb.,A,"Feedback: Both metaphors attempt to convey the burden of external demands, but they differ in their alignment with the implicit meaning and the vividness of their imagery. Response A, ""My possessions are relentless creditors demanding payment,"" directly links material things to constant demands, closely mirroring the implicit meaning of material things burdening and controlling one's life. The imagery of creditors demanding payment is vivid and coherent, effectively capturing the relentless nature of the burden. Response B, ""my responsibilities are a mountain I can't climb,"" while conveying a sense of overwhelming burden, shifts the focus from material possessions to responsibilities, which does not align as closely with the implicit meaning. The imagery of a mountain is vivid but less specific to the concept of material things controlling one's life. Response A is more accurate and imaginative in representing the original idea. [RESULT] A"
Their concept has arrived at fruition.,they brought their idea to life.,B,"Feedback: Both metaphors aim to convey the implicit meaning of an idea reaching full development and maturity. Response A, ""Their concept has arrived at fruition,"" uses the metaphor of fruition, which directly aligns with the idea of completion and maturity, capturing the implicit meaning accurately. However, the imagery is somewhat generic and lacks vividness, as ""fruition"" is a common term for completion. Response B, ""they brought their idea to life,"" introduces a more imaginative and vivid metaphor by comparing the development of an idea to bringing something to life, which implies growth, vitality, and completion. While both responses align with the implicit meaning, Response B offers a more creative and engaging imagery. [RESULT] B"
The moon's reflection lined the river with silver.,life is a canvas of dreams and possibilities.,A,"Feedback: Response A effectively captures the implicit meaning by vividly depicting the moon's reflection transforming the river into a silver-lined scene, which aligns closely with the idea of natural beauty and luminescence elevating an ordinary setting. The imagery is coherent and imaginative, directly reflecting the intended concept. In contrast, Response B, while poetic, diverges from the implicit meaning by focusing on life as a canvas of dreams and possibilities, which does not relate to natural beauty or luminescence transforming an ordinary scene. Response A’s metaphor is more precise and visually evocative, whereas Response B’s metaphor is generic and unrelated to the specific imagery required. [RESULT] A"
Writing is a garden where ideas bloom.,writing is a garden where ideas grow and flourish.,B,"Feedback: Both responses capture the nurturing aspect of writing, but Response B more closely aligns with the implicit meaning by explicitly mentioning that ideas ""grow and flourish,"" which directly reflects the development and beauty of expressions. Response A, while vivid, only states that ideas ""bloom,"" which is less comprehensive in conveying the full process of growth and development. Response B's imagery is more detailed and coherent, making it a clearer and more accurate representation of the original idea. [RESULT] B"
States are chapters in America's story.,each state is a chapter in america's diverse storybook.,B,"Feedback: Both responses effectively convey the idea that each state contributes to America's collective history, but they differ in their vividness and coherence. Response A, ""States are chapters in America's story,"" aligns well with the implicit meaning but lacks the specificity and richness of imagery found in Response B. Response B, ""each state is a chapter in America's diverse storybook,"" enhances the metaphor by emphasizing the diversity of states, which more closely captures the distinct contributions implied in the implicit meaning. The addition of ""diverse storybook"" provides a more vivid and imaginative representation, making it a clearer and more accurate metaphor. [RESULT] B"
Their traits are borrowed and lent like precious books.,"she became a chameleon, adopting colors of those she met.",B,"Feedback: Both metaphors attempt to convey the idea of shared and temporary personal traits, but they differ in their approach and effectiveness. Response A uses the analogy of borrowing and lending precious books, which captures the temporary nature of traits but lacks vividness and direct connection to the sharing aspect between people. Response B, on the other hand, employs the chameleon metaphor, which is highly vivid and directly aligns with the idea of adopting traits from others, making it a clearer and more imaginative representation of the implicit meaning. While both metaphors are coherent, Response B excels in both imagery and alignment with the intended concept. [RESULT] B"
The edges of vision are like a container's rim.,our vision's edges are the borders of our sight.,A,"Feedback: Both responses aim to convey the implicit meaning of vision having boundaries and limitations, but they differ in their approach and effectiveness. Response A uses a more imaginative and vivid metaphor by comparing the edges of vision to a container's rim, which suggests a clear, defined boundary and aligns well with the concept of limitations. This imagery is coherent and evokes a sense of containment, closely reflecting the intended meaning. In contrast, Response B is more literal and less imaginative, stating that the edges of vision are the borders of sight, which, while accurate, lacks the creative and evocative quality of Response A. Response B aligns with the meaning but does not enhance it through vivid or original imagery. Therefore, Response A is the clearer, more accurate, and more imaginative representation of the original idea. [RESULT] A"
His mind shattered like fine crystal under the pressure.,he was drowning in his own anxiety.,A,"Feedback: Both metaphors aim to convey the implicit meaning of a mental breakdown from stress or pressure, but they differ in their approach and effectiveness. Response A uses the imagery of ""fine crystal shattering under pressure"" to depict the fragility and sudden collapse of the mind, which is vivid and aligns well with the concept of a mental breakdown. The metaphor is imaginative and coherent, capturing the abrupt and destructive nature of the event. Response B, on the other hand, uses the imagery of ""drowning in anxiety,"" which is also vivid but focuses more on the overwhelming and suffocating aspect of stress rather than the sudden breakdown. While both metaphors are effective, Response A more closely aligns with the implicit meaning by emphasizing the shattering effect of pressure on the mind, making it a clearer and more accurate representation. [RESULT] A"
Money flows like a rushing river through the economy.,money is a flowing river of commerce.,A,"Feedback: Both metaphors aim to convey the rapid and continuous movement of money through economic systems, aligning with the implicit meaning. However, Response A (""Money flows like a rushing river through the economy"") uses more vivid and dynamic imagery by explicitly comparing money to a ""rushing river,"" which emphasizes speed and force, closely mirroring the intended concept. Response B (""money is a flowing river of commerce"") is less vivid and slightly more generic, as it lacks the specificity of ""rushing"" to highlight the rapid movement. While both are coherent, Response A’s imagery is more imaginative and precise in capturing the implicit meaning. [RESULT] A"
The weight of intoxication pressed down on his shoulders.,"he was a ship in a storm, heavy with liquor.",A,"Feedback: Both metaphors attempt to convey the implicit meaning of intoxication as a heavy physical burden, but they differ in their approach and effectiveness. Response A directly uses the imagery of ""weight"" and ""pressed down on his shoulders,"" which clearly aligns with the idea of a physical burden, earning it a score of 4 for its straightforward and coherent representation. Response B, however, introduces a more complex metaphor by comparing the intoxicated person to ""a ship in a storm, heavy with liquor,"" which, while imaginative, slightly dilutes the direct connection to the physical burden of being drunk. The storm and ship imagery, though vivid, adds an extra layer that may distract from the core concept, earning it a score of 3. Response A is the clearer and more direct representation of the implicit meaning. [RESULT] A"
The schedule is racing down a steep hill.,her train to success is leaving the station.,B,"Feedback: Both metaphors attempt to convey the idea of time moving rapidly and uncontrollably, but they differ in their approach and effectiveness. Response A, ""The schedule is racing down a steep hill,"" captures the speed and lack of control but focuses on the schedule rather than time itself, which slightly dilutes the intended meaning. The imagery is vivid and coherent, though it doesn’t directly address the broader concept of time. Response B, ""her train to success is leaving the station,"" uses the train as a metaphor for progress or opportunity, which aligns more closely with the idea of time slipping away, as trains are often associated with schedules and deadlines. However, it introduces an additional layer of ""success"" that isn’t present in the implicit meaning, making it less precise. Response B’s imagery is more imaginative and directly ties to the concept of time passing, despite the slight detour into success. Overall, Response B better captures the implicit meaning with clearer and more relevant imagery. [RESULT] B"
The sunbeam drew a straight line through the darkness.,a guiding light through the darkness.,A,"Feedback: Both metaphors aim to convey the idea of light creating a path through darkness, but they differ in their approach and vividness. Response A, ""The sunbeam drew a straight line through the darkness,"" uses a specific and vivid image of a sunbeam creating a straight line, which closely aligns with the implicit meaning of a visible path. The imagery is clear and imaginative, effectively capturing the concept. Response B, ""a guiding light through the darkness,"" while accurate in meaning, is more generic and less vivid. It lacks the specificity and visual clarity of Response A, making it a less imaginative representation. Therefore, Response A better meets the criteria of being a clearer, more accurate, and more imaginative metaphor. [RESULT] A"
Time flows like liquid assets through our fingers.,time is a runaway train.,A,"Feedback: Both metaphors attempt to convey the fleeting nature of valuable resources, but they differ in their approach and effectiveness. Response A, ""Time flows like liquid assets through our fingers,"" directly links time and money (liquid assets) with the imagery of slipping away, closely aligning with the implicit meaning. The metaphor is vivid and coherent, effectively capturing the idea that both time and money are valuable yet can easily be lost. Response B, ""time is a runaway train,"" conveys the uncontrollable and rapid loss of time but lacks the direct connection to money and the nuanced imagery of slipping through fingers. While it is imaginative, it does not align as closely with the implicit meaning as Response A. [RESULT] A"
He prowls through the nightclub like a hungry wolf.,he was a shark in a sea of lonely hearts.,A,"Feedback: Both metaphors effectively convey the implicit meaning of predatory and aggressive behavior, but they differ in their imagery and setting. Response A uses the image of a ""hungry wolf"" prowling through a nightclub, which aligns well with the idea of searching for prey in a confined, social environment. The wolf metaphor is vivid and coherent, capturing the aggressive and predatory nature of the behavior. Response B, on the other hand, uses the image of a ""shark in a sea of lonely hearts,"" which also conveys predation but in a more abstract and emotional setting. While both metaphors are imaginative, Response A’s imagery is more directly tied to the physical and active pursuit of victims in a specific location, making it slightly more vivid and aligned with the implicit meaning. Response B’s metaphor is slightly less vivid in comparison, as the ""sea of lonely hearts"" is more metaphorical and less concrete. [RESULT] A"
Her inner fire fuels her creative abilities.,she was a spark that ignited her ideas.,B,"Feedback: Both metaphors aim to convey the implicit meaning that passion drives creativity, but they differ in their approach and effectiveness. Response A uses the imagery of ""inner fire"" to represent passion, which is a strong and vivid metaphor that aligns closely with the idea of passion as a driving force. However, it is somewhat direct and lacks the element of surprise or novelty. Response B, on the other hand, employs the imagery of a ""spark"" that ignites ideas, which is more dynamic and imaginative, capturing the transformative power of passion in a more engaging way. While both metaphors are coherent and relevant, Response B stands out for its creativity and ability to evoke a clearer mental image of the process by which passion fuels creativity. [RESULT] B"
The shifting tides of change deepen the gulf between us.,"life is a canvas of contrasts, each brushstroke revealing differences.",A,"Feedback: Both metaphors attempt to capture the implicit meaning of growing distance and separation in a relationship, but they differ in their approach and effectiveness. Response A uses the imagery of ""shifting tides of change"" and a ""deepening gulf,"" which directly conveys the idea of increasing separation and the irreversible nature of the distance, aligning closely with the implicit meaning. The imagery is vivid and coherent, effectively capturing the emotional weight of the concept. Response B, while imaginative, uses the metaphor of a ""canvas of contrasts"" and ""brushstrokes revealing differences,"" which is more abstract and less directly tied to the idea of growing distance. It focuses more on the existence of differences rather than the process of separation, making it less aligned with the implicit meaning. Response A is more vivid, coherent, and accurate in conveying the intended concept. [RESULT] A"
Time is a sealed vessel that can only hold so many moments.,time is a finite thread that can't be rewound.,B,"Feedback: Both metaphors effectively convey the implicit meaning that time is finite and limited, but they differ in their imagery and coherence. Response A uses the concept of a ""sealed vessel"" to emphasize the limited capacity of time, which is vivid and aligns well with the idea of finiteness. However, the imagery of a vessel might suggest containment rather than the passage or irreversibility of time. Response B, on the other hand, employs the metaphor of a ""finite thread that can't be rewound,"" which not only highlights the limited nature of time but also emphasizes its linear and irreversible quality. This imagery is more dynamic and closely aligns with the implicit meaning by capturing both the finiteness and the unrecoverable nature of time. While both are strong, Response B is more imaginative and coherent in conveying the intended concept. [RESULT] B"
She hoards her beliefs like precious jewels.,a rock in her convictions,A,"Feedback: Both metaphors aim to convey the idea of protectively guarding and valuing personal beliefs, but they differ in their approach and effectiveness. Response A, ""She hoards her beliefs like precious jewels,"" vividly portrays the act of safeguarding beliefs with a sense of treasure and rarity, aligning closely with the implicit meaning. The imagery of jewels emphasizes value and care, making it highly imaginative and coherent. In contrast, Response B, ""a rock in her convictions,"" uses a more static and less vivid image. While it conveys steadfastness, it lacks the nuanced sense of protective valuing and is less imaginative. Response A better captures the implicit meaning with clearer, more accurate, and more imaginative imagery. [RESULT] A"
The anger bubbling inside him erupted into violent force.,his anger was a ticking time bomb ready to explode.,A,"Feedback: Both metaphors effectively convey the implicit meaning of an uncontrolled emotional outburst, but they differ in their imagery and vividness. Response A uses the imagery of ""bubbling"" and ""erupting,"" which creates a dynamic and immediate sense of anger building up and suddenly exploding, closely aligning with the implicit meaning. Response B, on the other hand, employs the metaphor of a ""ticking time bomb,"" which also conveys the idea of an impending explosion but with a more predictable and ominous tone. While both are vivid, Response A’s imagery is more directly tied to the spontaneous and uncontrollable nature of the outburst, making it a clearer and more accurate representation. Response B, though imaginative, introduces a slight nuance of predictability that is not as central to the implicit meaning. [RESULT] A"
"Some people are like rechargeable batteries, bouncing back after every drain.","she is a phoenix, rising from the ashes of exhaustion.",B,"Feedback: Both metaphors aim to convey resilience and recovery from exhaustion, but they differ in their imagery and alignment with the implicit meaning. Response A uses the analogy of rechargeable batteries, which effectively captures the idea of bouncing back after being drained, aligning well with the concept of resilience. However, the imagery is somewhat generic and lacks the vividness and imaginative depth that could elevate the metaphor. Response B, on the other hand, employs the phoenix rising from the ashes, which is a highly vivid and imaginative image that strongly resonates with the idea of recovering from exhaustion. The phoenix metaphor not only aligns closely with the implicit meaning but also adds a layer of transformative power and renewal, making it more compelling and coherent. While both responses are effective, Response B surpasses Response A in terms of vividness, originality, and depth of imagery. [RESULT] B"
The immune system is our body's front-line defense troops.,the immune system is the body's shield against disease.,A,"Feedback: Both metaphors aim to convey the implicit meaning of protection and active defense, but they differ in their imagery and specificity. Response A uses the metaphor of ""front-line defense troops,"" which emphasizes the active, dynamic, and organized nature of the immune system's role, aligning closely with the implicit meaning of active defense. The imagery is vivid and coherent, effectively conveying the idea of a proactive force. Response B, on the other hand, uses the metaphor of a ""shield,"" which primarily emphasizes protection but lacks the active, dynamic aspect present in Response A. While the shield metaphor is clear and coherent, it is less imaginative and does not fully capture the active defense component as well as Response A. Therefore, Response A better aligns with the implicit meaning and is more vivid and imaginative. [RESULT] A"
Her words were sharp daggers that pierced through his defenses.,"her words were a sharp, piercing knife to his heart.",A,"Feedback: Both metaphors effectively convey the implicit meaning that words can be hurtful and emotionally wounding, but they differ in their imagery and specificity. Response A uses ""daggers"" and ""pierced through his defenses,"" which creates a vivid and aggressive image of emotional harm, emphasizing the penetration and breaking of barriers. Response B, on the other hand, uses ""knife to his heart,"" which is equally vivid but more directly targets emotional vulnerability by focusing on the heart. While both are strong, Response A’s imagery of ""daggers"" and ""defenses"" adds a layer of complexity and depth, making it slightly more imaginative and aligned with the implicit meaning. Response B is more straightforward and emotionally resonant but lacks the same level of originality. [RESULT] A"
The darkness was a concrete wall before me.,darkness was a wall that stood between us and our destination.,B,"Feedback: Both metaphors aim to convey the idea of impenetrable and oppressive darkness blocking one's path. Response A uses ""concrete wall"" to emphasize the solid, unyielding nature of the darkness, which aligns well with the implicit meaning of impenetrability. However, it lacks the context of movement or progress, which is crucial to the idea of blocking a path. Response B, on the other hand, explicitly mentions the wall ""stood between us and our destination,"" directly capturing both the obstruction and the sense of journey. While Response A’s imagery is vivid, it is slightly less coherent with the full implicit meaning compared to Response B. Response B’s imagery is clear and effectively conveys the intended concept, making it a more accurate and imaginative representation. [RESULT] B"
The mind is a muscle that needs regular exercise.,her mind grew stronger with every mental workout.,A,"Feedback: Both responses aim to convey the implicit meaning that mental capabilities can be strengthened through practice and training. Response A uses the metaphor ""the mind is a muscle that needs regular exercise,"" which directly aligns with the implicit meaning by comparing the mind to a muscle, emphasizing the need for consistent training. The imagery is clear and coherent, effectively conveying the concept. Response B, ""her mind grew stronger with every mental workout,"" also aligns with the implicit meaning but focuses more on the progression and result of mental training rather than the analogy itself. While both responses are effective, Response A is more direct and uses a more vivid and widely recognized analogy, making it a clearer and more imaginative representation of the original idea. [RESULT] A"
Their relationship is a family tree with deep roots.,"her roots run deep, and they're a strong foundation.",B,"Feedback: Both responses aim to convey the implicit meaning of a strong, enduring connection with historical depth, but they differ in their approach and effectiveness. Response A uses the metaphor of a ""family tree with deep roots,"" which aligns well with the concept of historical depth and enduring connection, as family trees inherently imply generational ties and longevity. However, the imagery is somewhat generic and lacks the vividness that could make it more impactful. Response B, on the other hand, focuses on ""her roots run deep, and they're a strong foundation,"" which directly emphasizes strength and stability, closely mirroring the implicit meaning. The imagery of roots as a foundation is more vivid and coherent, providing a clearer and more imaginative representation of the intended concept. While both responses capture the essence of the implicit meaning, Response B does so with greater clarity and vividness. [RESULT] B"
The blanket of darkness wrapped around the world.,"darkness covered the world like a thick, black blanket.",A,"Feedback: Both metaphors effectively convey the implicit meaning of complete darkness enveloping everything, but they differ in their approach and vividness. Response A uses a more active and personified imagery with ""wrapped around,"" which adds a sense of movement and engagement, aligning closely with the enveloping nature of the darkness. Response B, while clear and direct, uses a more static and descriptive approach with ""covered like a thick, black blanket,"" which is vivid but slightly less imaginative in its portrayal of the darkness's enveloping quality. Response A's imagery is more dynamic and coherent with the implicit meaning, making it a clearer and more imaginative representation. [RESULT] A"
She's a bower bird collecting admirers.,he is a time-traveler to his future.,A,"Feedback: Response A (""She's a bower bird collecting admirers"") aligns closely with the implicit meaning of attracting and collecting multiple romantic interests, as the bower bird is known for its elaborate displays to attract mates, which parallels the idea of gathering admirers. The imagery is vivid and coherent, effectively conveying the intended concept. Response B (""he is a time-traveler to his future"") does not align with the implicit meaning, as it suggests a focus on personal growth or future self rather than romantic attraction. The imagery in Response B is imaginative but fails to capture the core idea of collecting romantic interests. Response A is clearer, more accurate, and more imaginative in representing the original idea. [RESULT] A"
His obligations were packed into containers too small to hold them.,he was drowning in his responsibilities.,B,"Feedback: Both metaphors aim to convey the feeling of being overwhelmed by responsibilities, but they differ in their approach and effectiveness. Response A uses the imagery of ""obligations packed into containers too small to hold them,"" which metaphorically suggests a sense of confinement and inadequacy, aligning well with the implicit meaning. However, the imagery is somewhat abstract and less vivid compared to Response B. Response B, ""drowning in his responsibilities,"" employs a more direct and universally understood metaphor of drowning, which vividly and immediately conveys the overwhelming nature of the responsibilities. While both responses capture the implicit meaning, Response B does so with more clarity, vividness, and coherence, making it a more effective and imaginative representation. [RESULT] B"
Their appearance is a protective shell.,the armor they wear is a shield for their heart.,B,"Feedback: Both metaphors aim to convey the idea of using outward appearance to shield one's true self, but they differ in their approach and vividness. Response A, ""Their appearance is a protective shell,"" directly links appearance to protection, capturing the implicit meaning clearly but with somewhat generic imagery. Response B, ""the armor they wear is a shield for their heart,"" introduces a more vivid and layered image by specifying the armor as a shield for the heart, which adds depth and emotional resonance. While both responses align with the implicit meaning, Response B excels in creating a more imaginative and coherent metaphor that effectively conveys the intended concept with greater specificity and emotional impact. [RESULT] B"
This theory gave birth to numerous new research directions.,the theory was a seed that grew many branches.,B,"Feedback: Both metaphors aim to convey the idea that the theory originated multiple new ideas, but they differ in their imagery and coherence. Response A uses the metaphor of ""giving birth,"" which is vivid and aligns well with the concept of creation, but it is somewhat literal and lacks the organic growth imagery that the implicit meaning suggests. Response B, on the other hand, employs the metaphor of a ""seed growing many branches,"" which is highly imaginative and vividly captures the idea of a single origin (the theory) leading to diverse developments (new ideas). The imagery in Response B is more coherent and aligns closely with the implicit meaning, making it a clearer and more accurate representation. [RESULT] B"
He marched into a new phase of life.,he steered his life into a new course.,B,"Feedback: Both metaphors aim to convey a confident transition to a new life stage, but they differ in their imagery and alignment with the implicit meaning. Response A uses ""marched,"" which implies a deliberate and purposeful movement, aligning well with the confidence aspect. However, ""marching"" can also suggest rigidity or military precision, which might not fully capture the fluidity of transitioning to a new life stage. Response B uses ""steered,"" which conveys control and direction, closely aligning with the idea of confidently navigating a new course. The imagery of steering is more dynamic and adaptable, better reflecting the nuanced transition. While both responses are coherent, Response B’s metaphor is more vivid and accurately captures the intended concept of a confident, guided transition. [RESULT] B"
Time bankruptcy left him with nothing but regrets.,she ran out of time and missed her chance.,A,"Feedback: Both metaphors aim to convey the idea of emotional loss due to wasted time, but they differ in their approach and effectiveness. Response A uses the term ""time bankruptcy,"" which is a creative and vivid way to describe the depletion of time, aligning closely with the implicit meaning of emotional emptiness. The imagery of bankruptcy evokes a sense of finality and loss, making it a strong representation of the intended concept. Response B, while clear and straightforward, uses a more literal and less imaginative phrase, ""ran out of time,"" which, although it captures the idea of missed opportunities, lacks the depth and vividness of Response A. The imagery in Response B is coherent but less original and impactful. Therefore, Response A better meets the criteria of being highly imaginative, vivid, and closely aligned with the implicit meaning. [RESULT] A"
He guarded his reactions like precious jewels.,he was a ship without a compass.,A,"Feedback: Response A (""He guarded his reactions like precious jewels"") aligns closely with the implicit meaning of being extremely protective of showing emotions. The metaphor effectively conveys the idea of safeguarding one's reactions as if they were valuable and rare, which matches the intended concept. The imagery is vivid and coherent, making it a clear and accurate representation. In contrast, Response B (""he was a ship without a compass"") does not directly relate to the implicit meaning. While it suggests a lack of direction or emotional control, it fails to capture the protective aspect of guarding emotions. Response A is more imaginative, vivid, and aligned with the intended meaning. [RESULT] A"
He nibbled cautiously at the edges of opportunity.,he approached opportunities like a hesitant bird.,A,"Feedback: Both metaphors effectively convey the implicit meaning of hesitation in seizing opportunities, but they differ in their imagery and coherence. Response A, ""He nibbled cautiously at the edges of opportunity,"" uses the action of nibbling to symbolize hesitation, which is vivid and aligns well with the implicit meaning. The imagery of nibbling at the edges suggests a tentative approach without fully committing, capturing the essence of hesitation. Response B, ""he approached opportunities like a hesitant bird,"" also conveys hesitation but relies on a more common metaphor of a hesitant bird, which, while clear, is less original and vivid compared to the nibbling imagery. The bird metaphor is coherent but slightly more generic. Therefore, Response A is more imaginative and aligns more closely with the implicit meaning. [RESULT] A"
Pentagons are vaults of five-sided wisdom.,a symphony of five equal parts in perfect harmony.,A,"Feedback: Response A uses the imagery of ""vaults of five-sided wisdom,"" which directly ties the pentagon's shape to the idea of hidden knowledge, aligning well with the implicit meaning. However, the metaphor is somewhat static and lacks the dynamic quality that could make it more vivid. Response B, on the other hand, employs the metaphor of a ""symphony of five equal parts in perfect harmony,"" which emphasizes balance and unity but does not directly convey the concept of hidden knowledge or secrets. While both metaphors are imaginative, Response A more closely captures the implicit meaning by explicitly linking the geometric shape to the idea of concealed wisdom, whereas Response B focuses more on harmony and structure rather than hidden knowledge. [RESULT] A"
The locomotive of circumstance steams ahead relentlessly.,life is a train that moves steadily and unrelentingly.,A,"Feedback: Both metaphors effectively convey the implicit meaning of an unstoppable force moving forward without control, but they differ in their imagery and specificity. Response A uses the phrase ""locomotive of circumstance,"" which is more vivid and imaginative, directly linking the force of events to a powerful, relentless locomotive. This imagery is more coherent and aligns closely with the implicit meaning, capturing the sense of inevitability and power. Response B, while clear and straightforward, uses a more generic metaphor of ""life as a train,"" which, although relatable, lacks the specificity and vividness of Response A. The imagery in Response A is more original and evocative, making it a clearer and more imaginative representation of the intended concept. [RESULT] A"
Her brilliant idea was a beacon in the darkness.,a lighthouse guided her through dark times.,A,"Feedback: Both metaphors aim to convey the implicit meaning of guidance and clarity in a confusing situation, but they differ in their approach and effectiveness. Response A, ""Her brilliant idea was a beacon in the darkness,"" directly links the idea to the source of light, emphasizing its brilliance and immediate impact. The imagery is vivid and coherent, clearly aligning with the implicit meaning by portraying the idea as a direct source of clarity. Response B, ""a lighthouse guided her through dark times,"" shifts the focus to the guiding entity (the lighthouse) rather than the idea itself, which slightly dilutes the direct connection to the implicit meaning. While both metaphors use light as a symbol of guidance, Response A is more precise in attributing the clarity to the idea itself, making it a clearer and more imaginative representation. [RESULT] A"
She loaded her argument with verbal ammunition.,she built a solid foundation for her argument.,A,"Feedback: Response A uses the metaphor of ""verbal ammunition"" to directly align with the implicit meaning of words as weapons in an aggressive debate, effectively capturing the aggressive tone and vivid imagery. Response B, while coherent, focuses on building a foundation, which does not reflect the aggressive or weaponized aspect of the implicit meaning. Response A is more imaginative and closely aligns with the intended concept, whereas Response B is more generic and misses the key elements of aggression and weaponry. [RESULT] A"
His mind was starving for new ideas.,she was a queen of her kingdom.,A,"Feedback: Response A directly captures the implicit meaning of ""intellectual hunger and desperate need for mental stimulation"" by using the vivid metaphor of a starving mind, which clearly conveys the concept of a severe lack of new ideas. The imagery is coherent and effectively aligns with the intended tone. Response B, while imaginative, does not relate to the implicit meaning; it describes a sense of authority and control rather than intellectual hunger. The metaphor of a queen in her kingdom lacks the connection to mental stimulation and desperation for new ideas. Therefore, Response A is more accurate, vivid, and aligned with the implicit meaning. [RESULT] A"
His authority rose to new heights.,he had a firm grip on the situation.,B,"Feedback: Both metaphors aim to convey the implicit meaning of increasing power and influence, but they do so with differing levels of vividness and coherence. Response A, ""His authority rose to new heights,"" uses a vertical ascent metaphor, which aligns well with the idea of increasing power, as it suggests a clear progression upward. However, it lacks specificity and vivid imagery, making it somewhat generic. Response B, ""he had a firm grip on the situation,"" employs a tactile metaphor that conveys control and dominance, which is closely related to power and influence. This metaphor is more vivid and coherent, as it provides a clear, tangible image of someone firmly in control. While both responses capture the implicit meaning, Response B does so with greater clarity and imaginative detail. [RESULT] B"
She wears her appearance like a removable book sleeve.,"she was a chameleon, changing her look to fit in.",B,"Feedback: Both metaphors aim to convey the idea that the woman's appearance is artificial and easily changeable. Response A uses the imagery of a ""removable book sleeve,"" which effectively suggests that her appearance is something she can put on and take off at will, aligning well with the implicit meaning. However, the metaphor is somewhat abstract and may not be immediately vivid or intuitive for all readers. Response B, on the other hand, uses the imagery of a ""chameleon,"" which is a more commonly understood and vivid metaphor for adaptability and change. It directly conveys the idea of changing appearance to fit in, closely aligning with the implicit meaning and offering clearer, more relatable imagery. While both metaphors are coherent, Response B is more imaginative and vivid in its representation of the concept. [RESULT] B"
The train of consequences follows its causal tracks.,the chain of cause and effect is a straight line.,A,"Feedback: Both metaphors aim to convey the idea of inevitable, sequential outcomes resulting from actions. Response A uses the imagery of a ""train of consequences"" following ""causal tracks,"" which effectively captures the predetermined and sequential nature of the implicit meaning. The train metaphor implies a steady, unstoppable progression, aligning well with the inevitability of results. Response B, on the other hand, describes the ""chain of cause and effect"" as a ""straight line,"" which emphasizes linearity but lacks the vividness and dynamism of Response A. While both metaphors convey the core idea, Response A’s imagery is more imaginative and coherent, making it a clearer and more engaging representation of the implicit meaning. [RESULT] A"
Their ethics were as unsullied as morning dew.,her moral compass was a shining beacon.,B,"Feedback: Both metaphors aim to convey the idea of a pure and untainted moral character, but they differ in their approach and vividness. Response A uses the imagery of ""morning dew"" to symbolize purity, which is a common and somewhat generic metaphor, aligning loosely with the implicit meaning (Score: 3). Response B, on the other hand, employs the imagery of a ""shining beacon,"" which is more vivid and imaginative, effectively conveying the idea of a clear and unwavering moral guide, closely aligning with the implicit meaning (Score: 5). While both responses capture the essence of purity, Response B does so with greater clarity, originality, and coherence. [RESULT] B"
The river of time carries cause to effect's shore.,she is a seed that blooms into a better situation with her efforts and determination.,A,"Feedback: Response A directly aligns with the implicit meaning by depicting time as a river flowing linearly from cause to effect, using vivid and coherent imagery that captures the concept of linear progression. Response B, while imaginative, diverges from the implicit meaning by focusing on personal growth and transformation rather than the linear flow of time. Although both responses use metaphors, only Response A accurately reflects the intended concept with clarity and precision. [RESULT] A"
Properties are friction points in economic motion.,properties shape the river of economic activity.,A,"Feedback: Both metaphors attempt to convey the implicit meaning of property ownership creating resistance in economic flow, but they differ in their approach and effectiveness. Response A uses ""friction points"" to directly imply resistance, which aligns closely with the implicit meaning and provides a vivid, tangible image of disruption. Response B, while imaginative, uses ""shape the river"" which suggests influence rather than resistance, making it less accurate in capturing the intended concept of hindrance. Response A's imagery is more coherent and directly tied to the idea of resistance, whereas Response B's metaphor is more abstract and less precise. [RESULT] A"
He's standing on shaky emotional terrain.,his emotional stability is a house of cards.,B,"Feedback: Both metaphors aim to convey emotional instability and uncertainty, but they differ in their imagery and coherence. Response A uses the phrase ""shaky emotional terrain,"" which effectively captures the idea of instability but lacks the vividness and complexity of Response B. Response B, with ""his emotional stability is a house of cards,"" creates a more imaginative and coherent image, directly linking emotional stability to a fragile, precarious structure. While both responses align with the implicit meaning, Response B excels in vividness and originality, making it a clearer and more accurate representation. [RESULT] B"
States are waypoints on the journey of progress.,a nation is a mosaic of its stages.,A,"Feedback: Both metaphors attempt to capture the idea of progress as a journey with distinct stages, but they differ in their approach and effectiveness. Response A uses the concept of ""waypoints,"" which clearly conveys the idea of milestones along a journey, aligning well with the implicit meaning. The imagery is coherent and directly relates to the concept of progress. Response B, on the other hand, uses the metaphor of a ""mosaic,"" which suggests a collection of pieces forming a whole but does not as clearly emphasize the sequential or continuous nature of progress. While both metaphors are imaginative, Response A more accurately and vividly captures the intended meaning of progress as a continuous journey with distinct stages. [RESULT] A"
Her gaze stroked the delicate flower petals.,a flower of beauty bloomed in her mind.,A,"Feedback: Response A (""Her gaze stroked the delicate flower petals"") more effectively captures the implicit meaning of gentle and tender observation with care and affection. It uses vivid and coherent imagery, directly linking the act of stroking (a tender gesture) to the fragility of flower petals, which aligns closely with the intended tone. Response B (""a flower of beauty bloomed in her mind"") is less precise, as it focuses on the emergence of beauty rather than the act of observation, and its imagery is less vivid and more abstract. While both responses touch on the concept of beauty and delicacy, Response A is clearer and more imaginative in conveying the specific act of gentle observation. [RESULT] A"
Their business practices were crystal clear.,they ran a business with integrity and open books.,B,"Feedback: Both responses aim to convey the implicit meaning of transparent and honest business operations, but they differ in their approach and effectiveness. Response A uses the metaphor ""crystal clear,"" which directly relates to transparency but lacks depth in conveying honesty. It scores a 3 due to its generic imagery and partial alignment with the implicit meaning. Response B, on the other hand, explicitly mentions ""integrity and open books,"" which more comprehensively captures both transparency and honesty. The imagery is vivid and coherent, aligning closely with the intended concept. Response B scores a 5 for its imaginative and accurate representation. [RESULT] B"
The students devoured every new concept.,they soaked up knowledge like sponges.,B,"Feedback: Both metaphors aim to convey the idea of eager and rapid learning, but they differ in their imagery and alignment with the implicit meaning. Response A, ""The students devoured every new concept,"" uses the verb ""devoured"" to imply rapid and enthusiastic consumption of knowledge, which aligns well with the ""eager and rapid learning"" aspect. However, ""devoured"" might carry a slightly aggressive or intense connotation that could be seen as less vivid or imaginative compared to the intended enthusiasm. Response B, ""they soaked up knowledge like sponges,"" directly evokes the image of absorption, which is highly vivid and coherent, perfectly capturing the idea of eager and rapid learning without any aggressive undertones. While both metaphors are effective, Response B more closely aligns with the implicit meaning by using a more imaginative and universally relatable image. [RESULT] B"
His anger made a U-turn into calm understanding.,he went from a raging storm to a calm sea.,B,"Feedback: Both metaphors effectively convey the sudden emotional transformation from anger to calmness, aligning closely with the implicit meaning. Response A uses the imagery of a ""U-turn,"" which is a clear and coherent representation of a sudden change in direction, mirroring the abrupt shift in emotion. Response B employs the imagery of a ""raging storm"" turning into a ""calm sea,"" which is vivid and evocative, capturing the intensity of anger and the serenity of calmness. However, Response B’s imagery is more dynamic and universally relatable, as the contrast between a storm and a calm sea is a well-known and powerful metaphor for emotional shifts. While both are strong, Response B’s imagery is slightly more vivid and imaginative. [RESULT] B"
My possessions have become my masters.,her life was a puppet on strings of responsibility.,A,"Feedback: Both metaphors aim to convey the idea of being controlled by external forces, but they differ in their approach and effectiveness. Response A directly states that possessions have become masters, which aligns closely with the implicit meaning of material things dominating one's life. The imagery is clear and coherent, though somewhat straightforward. Response B, on the other hand, uses the metaphor of a puppet controlled by strings of responsibility, which introduces an additional layer of complexity by focusing on responsibility rather than material possessions. While it captures the concept of control, it diverges from the specific focus on material things. Response A is more precise and directly aligned with the implicit meaning, whereas Response B is more imaginative but less accurate in its representation. [RESULT] A"
They shared the same emotional address.,they were two sides of the same heart.,B,"Feedback: Both metaphors aim to convey the idea of two people sharing identical emotional states, but they differ in their approach and effectiveness. Response A, ""They shared the same emotional address,"" uses the concept of an 'address' to symbolize emotional connection, which is somewhat imaginative but lacks vividness and clarity. The imagery is not as strong or intuitive as it could be, making the metaphor feel somewhat abstract and less impactful. Response B, ""they were two sides of the same heart,"" employs a more vivid and coherent image by directly linking the two individuals to a shared, vital organ, symbolizing unity and identical emotional states. This metaphor is more imaginative, aligns closely with the implicit meaning, and effectively conveys the intended concept with stronger, more resonant imagery. [RESULT] B"
His heart needed a hardware upgrade.,he needed to become a sponge and mirror.,A,"Feedback: Response A (""His heart needed a hardware upgrade"") aligns more closely with the implicit meaning of emotional capacity needing improvement or updating. It uses a vivid and coherent metaphor by comparing emotional growth to a hardware upgrade, which is a clear and imaginative representation of the concept. The imagery is relatable and effectively conveys the idea of enhancing one’s emotional capabilities. In contrast, Response B (""he needed to become a sponge and mirror"") is less coherent and less aligned with the implicit meaning. While it suggests absorbing and reflecting, it lacks clarity in directly addressing emotional capacity improvement and feels more abstract and less focused. Response A is the better metaphor as it is more vivid, accurate, and imaginative in capturing the intended concept. [RESULT] A"
The parent theory has spawned many offspring in different fields.,the original theory has grown a family of ideas.,A,"Feedback: Both responses effectively convey the implicit meaning of one main idea giving birth to multiple related ideas, but they differ in their imagery and coherence. Response A uses the metaphor of a ""parent theory spawning offspring,"" which is vivid and directly aligns with the concept of giving birth, capturing the generative nature of the main idea. Response B, on the other hand, uses the metaphor of a ""family of ideas growing from the original theory,"" which is coherent but slightly less vivid and imaginative compared to the parent-offspring relationship. While both metaphors are clear and accurate, Response A’s imagery is more striking and closely aligns with the implicit meaning, making it a more imaginative and precise representation. [RESULT] A"
Her appetite for knowledge was insatiable.,she was a sponge for knowledge.,A,"Feedback: Both metaphors aim to convey the implicit meaning of an endless desire to learn and acquire knowledge. Response A, ""Her appetite for knowledge was insatiable,"" uses the imagery of an insatiable appetite, which effectively captures the idea of an unending hunger for knowledge. The metaphor is vivid and aligns closely with the implicit meaning, earning a score of 5. Response B, ""she was a sponge for knowledge,"" employs the imagery of a sponge, which also conveys absorption and retention of knowledge. However, the sponge metaphor is slightly less vivid and original compared to the insatiable appetite, as it is a more commonly used analogy for learning. Response B aligns well with the implicit meaning but scores a 4 due to its less imaginative imagery. The key difference lies in the originality and vividness of the imagery, with Response A being more striking and memorable. [RESULT] A"
The medicine of compromise healed the rift between them.,mixing different ingredients to settle a dispute and rekindle a fire.,A,"Feedback: Response A directly aligns with the implicit meaning by explicitly stating that compromise ""healed the rift,"" clearly conveying the idea of resolving conflicts and repairing relationships. The imagery of ""medicine"" is vivid and coherent, effectively capturing the healing aspect of compromise. Response B, while imaginative, is less direct; the metaphor of ""mixing ingredients"" to settle disputes is more abstract and does not explicitly tie back to the repair of relationships. It lacks the clarity and precision of Response A in conveying the intended concept. [RESULT] A"
She handed him the responsibility of leadership.,she handed him the keys to her kingdom.,B,"Feedback: Both metaphors convey the transfer of leadership responsibility as a physical object, aligning with the implicit meaning. However, Response B (""she handed him the keys to her kingdom"") uses more vivid and imaginative imagery, evoking a sense of authority and dominion, which enhances the concept of leadership. Response A (""She handed him the responsibility of leadership"") is more literal and less creative, lacking the same level of coherence and depth. While both responses meet the core meaning, Response B excels in imagery and clarity. [RESULT] B"
Her presence faded like a dimming light.,her life was a vibrant painting of self-expression.,A,"Feedback: Response A effectively captures the implicit meaning of gradual disappearance by using the metaphor of a ""dimming light,"" which clearly conveys the idea of fading presence. The imagery is vivid and coherent, aligning closely with the intended concept. In contrast, Response B, while imaginative and vivid, does not align with the implicit meaning of gradual disappearance. Instead, it portrays a vibrant and expressive life, which contradicts the idea of diminishing presence. Response A is more accurate and directly reflects the intended meaning. [RESULT] A"
Their relationship was stuck in an infinite loop.,they were stuck in a cycle of love and hate.,B,"Feedback: Both metaphors capture the essence of a repetitive, cyclical pattern, but they differ in their specificity and vividness. Response A uses the phrase ""infinite loop,"" which is a technical term that conveys repetition but lacks emotional depth and specificity to the context of a relationship. Response B, on the other hand, specifies ""a cycle of love and hate,"" which not only aligns closely with the implicit meaning but also adds emotional and relational context, making the imagery more vivid and coherent. While both responses are effective, Response B better meets the criteria by providing a clearer, more accurate, and more imaginative representation of the original idea. [RESULT] B"
His gaze grasped every detail of the painting.,he grasped the painting with his eyes.,A,"Feedback: Both responses aim to convey the implicit meaning of intense, thorough observation and attention to detail, but they differ in their approach and effectiveness. Response A, ""His gaze grasped every detail of the painting,"" uses a more vivid and imaginative metaphor by personifying the gaze as an active agent that ""grasps"" details, aligning closely with the implicit meaning and creating a clear, coherent image. Response B, ""He grasped the painting with his eyes,"" is more literal and less imaginative, as it directly equates the act of grasping with visual observation, which weakens the metaphorical impact and coherence. While both responses capture the core idea, Response A does so with greater clarity, vividness, and alignment with the intended concept. [RESULT] A"
Their minds were immune to rational arguments after exposure to propaganda.,"they were like a ship stuck in the mud, unable to change course.",B,"Feedback: Both responses aim to convey the idea of minds becoming resistant to logic due to propaganda, but they differ in their approach and effectiveness. Response A directly states the concept of immunity to rational arguments, which aligns closely with the implicit meaning but lacks imaginative imagery, earning a score of 4. Response B, on the other hand, uses the vivid metaphor of a ship stuck in the mud to represent the inability to change course, which is imaginative and coherent, effectively capturing the intended concept with a score of 5. While both responses are clear, Response B excels in creativity and vividness, making it a more compelling representation of the implicit meaning. [RESULT] B"
They skipped toward their transformation.,they were on a mission to reinvent themselves.,A,"Feedback: Both responses aim to convey the implicit meaning of a joyful journey toward change or growth, but they differ in their approach and effectiveness. Response A, ""They skipped toward their transformation,"" uses vivid and dynamic imagery of skipping, which inherently conveys joy and lightness, aligning well with the joyful aspect of the journey. However, the term ""transformation"" is somewhat generic and lacks the specificity needed to fully capture the growth aspect. Response B, ""they were on a mission to reinvent themselves,"" emphasizes purpose and intentionality with ""mission"" and ""reinvent,"" which clearly conveys the idea of change and growth. However, it lacks the joyful, lighthearted tone present in Response A, as ""mission"" suggests a more serious or determined effort. In terms of imagery, Response A is more vivid and imaginative, while Response B is more precise in conveying the concept of growth. Considering the criteria, Response A scores a 4 for its vivid imagery and alignment with the joyful tone, while Response B scores a 3 for its clear conveyance of growth but less imaginative and joyful imagery. [RESULT] A"
The management climbed to absolute control.,she was the conductor of the orchestra.,B,"Feedback: Both metaphors attempt to convey the idea of acquiring power, but they differ in their approach and effectiveness. Response A, ""The management climbed to absolute control,"" uses a vertical ascent metaphor, which aligns with the gradual acquisition of power but lacks vivid imagery and feels somewhat generic. It does not fully capture the process or the dynamic nature of gaining dominance. Response B, ""She was the conductor of the orchestra,"" employs a more imaginative and vivid metaphor, suggesting leadership and control over a complex system, which closely mirrors the gradual and strategic acquisition of power. It effectively conveys the intended concept with clearer and more coherent imagery. While both responses reflect the implicit meaning, Response B does so with greater creativity and precision. [RESULT] B"
His temper simmered just below the surface.,he held a fire in a contained vessel.,A,"Feedback: Both metaphors aim to convey the implicit meaning of suppressed anger ready to erupt, but they differ in their approach and effectiveness. Response A, ""His temper simmered just below the surface,"" uses the imagery of simmering, which directly relates to the idea of something being held back but still active and potentially volatile. This metaphor is vivid and coherent, clearly aligning with the implicit meaning. Response B, ""he held a fire in a contained vessel,"" also captures the concept of containment and potential eruption but introduces an additional layer of imagery (the vessel) that, while imaginative, slightly dilutes the directness of the metaphor. The fire in a vessel is a strong visual, but it requires more interpretation to connect to the specific idea of suppressed anger. Response A is more straightforward and aligns more closely with the implicit meaning, making it the clearer and more accurate representation. [RESULT] A"
Life is a canvas painting existence's story.,life is a tapestry of moments stitched by our experiences and actions.,B,"Feedback: Both metaphors aim to capture the idea that life is an ongoing creative process shaped by experiences. Response A uses the imagery of a ""canvas painting existence's story,"" which aligns with the creative aspect but lacks the dynamic and cumulative nature of experiences. It suggests a static artwork rather than an evolving process. Response B, on the other hand, employs the metaphor of a ""tapestry of moments stitched by our experiences and actions,"" which vividly conveys the ongoing, layered, and interconnected nature of life shaped by experiences. It is more coherent and imaginative in representing the implicit meaning. While both metaphors are somewhat aligned, Response B is more vivid and accurately captures the intended concept. [RESULT] B"
Their savings pooled together created a reservoir of opportunity.,a treasure trove of savings for a sea of opportunities.,B,"Feedback: Both metaphors aim to convey the idea of combined financial resources leading to abundant possibilities. Response A uses the imagery of a ""reservoir of opportunity,"" which effectively captures the concept of a substantial, accumulated resource (savings) providing a steady supply of chances. The metaphor is coherent and aligns well with the implicit meaning, though it is somewhat straightforward and lacks highly imaginative or vivid imagery. Response B, on the other hand, employs the imagery of a ""treasure trove of savings for a sea of opportunities,"" which is more vivid and imaginative. The ""treasure trove"" and ""sea of opportunities"" create a richer, more dynamic picture that enhances the sense of abundance and potential. While both responses align with the implicit meaning, Response B excels in vividness and imaginative appeal, making it a clearer and more engaging representation of the original idea. [RESULT] B"
Each team member carries their own backpack of responsibilities.,a team is a well-oiled machine with moving parts.,A,"Feedback: Response A directly emphasizes individual burden and personal accountability by using the metaphor of each team member carrying their own backpack of responsibilities, which clearly aligns with the implicit meaning. The imagery is vivid and coherent, effectively conveying the concept of personal accountability. Response B, while coherent, focuses more on the collective efficiency of a team as a well-oiled machine, which does not directly address individual burden or personal accountability. It aligns less closely with the implicit meaning and lacks the personal focus of Response A. [RESULT] A"
He's my prized masterpiece in life's gallery.,he is the anchor of my life's journey.,A,"Feedback: Both metaphors aim to convey the implicit meaning of someone being highly valued and cherished, but they do so through different imagery. Response A uses the metaphor of a ""prized masterpiece in life's gallery,"" which effectively captures the idea of uniqueness and high value, aligning well with the implicit meaning. The imagery is vivid and coherent, suggesting that the person is a singular, cherished creation. Response B, on the other hand, uses the metaphor of an ""anchor of my life's journey,"" which conveys stability and indispensability but is less imaginative and slightly less aligned with the implicit meaning of being cherished above all others. While both metaphors are coherent, Response A is more vivid and directly reflects the idea of being prized and unique, making it a clearer and more imaginative representation of the original idea. [RESULT] A"
She circles potential mates like a shark sensing blood.,she stalks her prey with the focus of a tiger.,A,"Feedback: Both metaphors effectively convey the predatory and calculating behavior in dating, aligning closely with the implicit meaning. Response A uses the imagery of a shark sensing blood, which vividly captures the relentless and instinctual nature of the behavior, emphasizing the sense of urgency and danger. Response B, on the other hand, employs the image of a tiger stalking its prey, which highlights focus and precision but lacks the same level of urgency and instinctual drive. While both are imaginative and coherent, Response A’s shark metaphor more accurately and vividly represents the calculating and relentless aspect of the behavior, making it a clearer and more accurate representation of the intended concept. [RESULT] A"
Medical specialists are the commanding officers in the war room.,she ran herself into a better situation.,A,"Feedback: Response A effectively captures the implicit meaning by portraying medical specialists as authoritative leaders through the vivid imagery of commanding officers in a war room, which aligns closely with the concept of making critical decisions. It uses a coherent and imaginative analogy that emphasizes leadership and strategic decision-making. In contrast, Response B, ""she ran herself into a better situation,"" does not relate to the implicit meaning of medical specialists as authoritative leaders; instead, it focuses on personal improvement, which is unrelated to the intended concept. Response A’s metaphor is highly imaginative, vivid, and aligns closely with the implicit meaning, while Response B fails to reflect the intended idea at all. [RESULT] A"
Fresh ideas are bright lanterns in the dark.,navigated through the fog with clarity.,A,"Feedback: Response A directly aligns with the implicit meaning by explicitly comparing fresh ideas to ""bright lanterns in the dark,"" effectively conveying illumination and guidance through uncertainty. The imagery is vivid and coherent, clearly capturing the intended concept. Response B, while suggesting clarity in navigating uncertainty, lacks the direct connection to ""illumination"" and is less imaginative in its metaphorical representation. It implies guidance but does not explicitly evoke the idea of light or brightness, which is central to the implicit meaning. Response A is more accurate, vivid, and aligned with the intended concept. [RESULT] A"
She sealed her obligations in airtight containers.,she anchored her commitments to the ground of her heart.,B,"Feedback: Both metaphors aim to convey the idea of strict commitment to responsibilities, but they differ in their approach and effectiveness. Response A uses the imagery of ""airtight containers"" to suggest a sense of finality and security, implying that obligations are sealed away and cannot be easily altered or escaped. This aligns well with the implicit meaning, as it conveys a strong sense of commitment. However, the imagery is somewhat static and lacks the emotional depth that might enhance the metaphor's impact. Response B, on the other hand, employs the metaphor of ""anchoring commitments to the ground of her heart,"" which introduces a more dynamic and emotionally resonant image. The idea of anchoring suggests a deep, unyielding connection, and the reference to the heart adds a layer of personal and emotional commitment. This metaphor not only aligns closely with the implicit meaning but also enhances it with vivid and coherent imagery that captures both the strength and the emotional investment in the commitment. While both responses are effective, Response B stands out for its more imaginative and emotionally engaging imagery. [RESULT] B"
Her eyes reached out and caressed the landscape.,"she was a canvas, painting the world with her eyes.",A,"Feedback: Both metaphors aim to capture the implicit meaning of gentle, loving observation of scenery, but they differ in their approach and effectiveness. Response A, ""Her eyes reached out and caressed the landscape,"" directly conveys the act of observing with a tender, tactile quality, aligning closely with the intended meaning. The imagery is vivid and coherent, creating a clear picture of gentle interaction. Response B, ""she was a canvas, painting the world with her eyes,"" introduces a creative twist by comparing the observer to a canvas, but it shifts the focus from observation to creation, which slightly deviates from the implicit meaning. While imaginative, it is less precise in capturing the gentle, loving observation. Response A is more aligned with the intended meaning and uses more direct, vivid imagery. [RESULT] A"
The manager passed the decision-making power to his team.,the manager gave his team the keys to the kingdom.,B,"Feedback: Both metaphors aim to convey the transfer of authority and responsibility, but they differ in their imagery and impact. Response A, ""The manager passed the decision-making power to his team,"" directly states the transfer of authority but lacks vivid or imaginative imagery, making it more literal and less engaging. Response B, ""the manager gave his team the keys to the kingdom,"" uses a more vivid and imaginative metaphor, evoking a sense of complete control and trust, which aligns closely with the implicit meaning. While both responses capture the core idea, Response B does so with greater creativity and clarity, making it a more effective representation. [RESULT] B"
His movements were precious commodities under lock and key.,he was a conductor of his own life's symphony.,A,"Feedback: Response A uses the metaphor of ""movements as precious commodities under lock and key,"" which directly conveys the idea of restricted and controlled movement through the imagery of valuable items being secured and inaccessible. This metaphor is vivid and aligns closely with the implicit meaning, effectively capturing the concept of limitation. Response B, on the other hand, describes the individual as ""a conductor of his own life's symphony,"" which implies control and direction but does not directly address the idea of restricted movement. While imaginative, it diverges from the implicit meaning by suggesting autonomy rather than constraint. Response A is more accurate and coherent in representing the intended concept. [RESULT] A"
Each option is a product on the shelf of possibilities.,a fork in the road of life.,A,"Feedback: Both metaphors attempt to convey the idea of choices being available for selection, but they differ in their approach and effectiveness. Response A, ""Each option is a product on the shelf of possibilities,"" aligns closely with the implicit meaning by directly comparing choices to items on a shelf, which are clearly available for selection. The imagery is coherent and vivid, effectively conveying the concept of multiple options being readily accessible. Response B, ""a fork in the road of life,"" while imaginative, focuses more on the act of choosing between paths rather than the availability of options. It captures the idea of decision-making but less directly reflects the implicit meaning of choices being like items available for selection. Response A is more precise and vivid in representing the original idea. [RESULT] A"
He sprinted toward personal growth.,he was a dog with a bone of knowledge.,A,"Feedback: Response A directly conveys the idea of rapid and determined self-improvement through the action of sprinting, which aligns well with the implicit meaning. However, it lacks vivid imagery and originality, making it somewhat generic. Response B uses the metaphor of a dog with a bone to represent determination, but it introduces an element of persistence rather than speed, which only partially captures the ""rapid"" aspect of the implicit meaning. Additionally, the imagery is more vivid but less coherent with the full concept of self-improvement. Both responses have strengths and weaknesses, but Response A more closely aligns with the implicit meaning despite its lack of vividness. [RESULT] A"
"Like a software update, the replacement fixed old bugs.",she turned the engine into a more efficient machine.,A,"Feedback: Both metaphors aim to convey the idea of improvement through replacement or upgrade, but they differ in their approach and effectiveness. Response A uses the analogy of a ""software update"" to describe the replacement fixing old bugs, which directly aligns with the implicit meaning of improvement through an upgrade. The imagery is clear and coherent, as software updates are commonly associated with fixing issues and enhancing performance. Response B, on the other hand, describes turning an engine into a more efficient machine, which also implies improvement but focuses more on the transformation of an existing system rather than a direct replacement or upgrade. While both metaphors are relevant, Response A more closely captures the implicit meaning by explicitly linking the replacement to the resolution of old problems, making it a clearer and more accurate representation. Response A also employs more vivid and specific imagery, enhancing its effectiveness. [RESULT] A"
The project timeline is sliding on ice.,a boulder that weighed her down with its unpredictability.,A,"Feedback: Response A (""The project timeline is sliding on ice"") captures the implicit meaning of instability and lack of control more directly than Response B. The imagery of sliding on ice effectively conveys the idea of something being unpredictable and difficult to manage, aligning well with the intended concept. Response B (""a boulder that weighed her down with its unpredictability"") introduces a metaphor of a heavy, burdensome object, which partially reflects the idea of being out of control but focuses more on the weight and burden rather than the instability. While both metaphors have some relevance, Response A is more vivid and coherent in representing the specific idea of instability. [RESULT] A"
The lighthouse beam drew lines of hope across the sea.,a path of hope guiding sailors through the darkness.,B,"Feedback: Both responses aim to convey the implicit meaning of light as guidance and salvation in darkness, but they differ in their approach and effectiveness. Response A uses the imagery of a lighthouse beam drawing ""lines of hope across the sea,"" which is vivid and aligns well with the concept of light providing direction. However, the metaphor is somewhat static and lacks the dynamic element of guiding through darkness. Response B, on the other hand, directly describes ""a path of hope guiding sailors through the darkness,"" which more explicitly captures the idea of light as a guiding force in adversity. While both metaphors are coherent, Response B is more imaginative and closely aligns with the implicit meaning by emphasizing the active role of light in providing salvation. [RESULT] B"
The economy is climbing out of recession.,the economy is a ship that's slowly rising from the depths.,B,"Feedback: Response B is more imaginative and vivid, using the imagery of a ship rising from the depths to convey the idea of economic recovery and upward progress from a difficult situation, which closely aligns with the implicit meaning. It effectively captures the struggle and gradual improvement implied in the concept. Response A, while accurate, is more literal and lacks the creative imagery that makes Response B more engaging and memorable. Response B’s metaphor is coherent and enhances the understanding of the intended concept. [RESULT] B"
His obligations were stacked like overflowing containers.,he was drowning in a sea of responsibilities.,B,"Feedback: Both metaphors aim to convey the overwhelming nature of responsibilities, but they differ in their approach and vividness. Response A uses the imagery of ""stacked like overflowing containers,"" which effectively conveys the idea of accumulation and excess, aligning well with the implicit meaning. However, the imagery is somewhat static and lacks the dynamic sense of being overwhelmed. Response B, on the other hand, employs the metaphor of ""drowning in a sea of responsibilities,"" which is highly vivid and dynamic, capturing both the overwhelming quantity and the emotional distress associated with it. While both metaphors align with the implicit meaning, Response B's imagery is more imaginative and emotionally resonant, making it a clearer and more accurate representation of the original idea. [RESULT] B"
The magnetic field of commitment drew him back to his promises.,he was bound by duty to fulfill his promises.,A,"Feedback: Both responses aim to convey the implicit meaning of an irresistible force of obligation, but they differ in their approach and effectiveness. Response A uses the metaphor of a ""magnetic field of commitment,"" which is highly imaginative and vivid, creating a strong visual and conceptual link to the idea of being irresistibly drawn back to one's promises. The imagery is coherent and aligns closely with the implicit meaning, earning a score of 5. Response B, on the other hand, uses the phrase ""bound by duty,"" which is more literal and less imaginative. While it conveys the idea of obligation, it lacks the vividness and originality of Response A, making it less effective in capturing the implicit meaning. Response B aligns well with the reference meaning but falls short in imagery, earning a score of 4. [RESULT] A"
His reasoning reached new heights.,his mind became a finely-tuned machine.,B,"Feedback: Both metaphors aim to convey the achievement of advanced intellectual understanding, but they differ in their approach and effectiveness. Response A, ""His reasoning reached new heights,"" uses a spatial metaphor to suggest progress and elevation in thinking, which aligns with the implicit meaning but lacks vivid imagery and specificity. Response B, ""his mind became a finely-tuned machine,"" employs a mechanical metaphor that emphasizes precision, efficiency, and advanced capability, closely mirroring the concept of advanced intellectual understanding with more coherent and imaginative imagery. While both responses capture the implicit meaning, Response B does so with greater clarity and vividness. [RESULT] B"
"Like stepping stones across a river, each mark bridges gaps in the scale.",life is a ruler with marks of progress.,A,"Feedback: Response A uses the metaphor of ""stepping stones across a river"" to represent progressive steps toward a goal, which aligns closely with the implicit meaning. The imagery is vivid and coherent, effectively conveying the idea of bridging gaps and moving forward. Response B, while capturing the concept of progress with ""marks of progress,"" lacks the depth and vividness of Response A's imagery. It is more literal and less imaginative, failing to create a strong visual or emotional connection to the idea of progressive steps. Response A's metaphor is more imaginative, vivid, and aligned with the implicit meaning, making it the better representation. [RESULT] A"
She stands at the crossroads of conflicting beliefs.,she stood at the crossroads of faith and doubt.,B,"Feedback: Both responses effectively convey the implicit meaning of being in a state of difficult decision-making between different ideological choices, but they differ in specificity and vividness. Response A uses ""conflicting beliefs,"" which is a broader and less vivid phrase compared to Response B's ""faith and doubt."" The latter provides a more concrete and emotionally resonant contrast, making the imagery clearer and more engaging. While both metaphors align well with the implicit meaning, Response B excels in capturing the tension and depth of the decision-making process through its more precise and evocative language. [RESULT] B"
His mind digested the new information slowly.,he was a sponge for new ideas and knowledge.,A,"Feedback: Response A directly aligns with the implicit meaning by comparing the process of understanding information to digesting food, emphasizing the time and effort required, which matches the intended concept well. The imagery is coherent and vivid, though somewhat conventional. Response B, while imaginative, diverges from the implicit meaning by portraying the individual as a sponge, which implies quick absorption rather than the slow, deliberate process of digestion. This mismatch in imagery and meaning makes Response A the clearer and more accurate representation. [RESULT] A"
She leaped into a new mindset.,she turned a new page in her life.,A,"Feedback: Both metaphors aim to convey a sudden change, but they differ in their approach and alignment with the implicit meaning of a ""sudden transformation of thinking."" Response A, ""She leaped into a new mindset,"" uses the imagery of leaping, which suggests a sudden, dynamic shift, closely aligning with the idea of a rapid transformation in thinking. The metaphor is vivid and coherent, effectively capturing the essence of a sudden mental shift. Response B, ""she turned a new page in her life,"" while suggesting a change, leans more toward a broader life transition rather than a specific transformation in thinking. The imagery of turning a page is less vivid and more generic compared to leaping, which directly implies movement and change in a mental context. Response A better captures the implicit meaning with more imaginative and precise imagery. [RESULT] A"
"This idea is a renewable energy source, generating endless possibilities.",the wellspring of ideas never runs dry.,B,"Feedback: Both metaphors aim to convey the inexhaustible nature of the idea, but they differ in their approach and vividness. Response A uses the concept of a ""renewable energy source"" to symbolize endless possibilities, which aligns well with the implicit meaning but lacks the immediacy and natural imagery of Response B. Response B employs the metaphor of a ""wellspring,"" a natural and vivid image that directly evokes the idea of an unending source, closely mirroring the implicit meaning with more imaginative and coherent imagery. While both are effective, Response B is more vivid and directly captures the essence of the implicit meaning. [RESULT] B"
Economics is a weather system of fluctuating patterns and predictions.,she navigates the economy with precision and foresight.,A,"Feedback: Response A directly aligns with the implicit meaning by comparing economics to a weather system, emphasizing unpredictability and constant change through ""fluctuating patterns and predictions,"" which mirrors weather's inherent variability. The imagery is vivid and coherent, effectively conveying the intended concept. Response B, while imaginative, focuses on a person navigating the economy with precision and foresight, which does not capture the unpredictability and constant change of economics as clearly as the weather metaphor in Response A. Response B’s imagery is more about skill and control rather than the inherent unpredictability of the system itself. Therefore, Response A better meets the criteria by closely aligning with the implicit meaning and using more vivid, coherent imagery. [RESULT] A"
Their relationship hit a roadblock.,they hit a brick wall.,B,"Feedback: Both metaphors convey the idea of progress being halted, but they differ in their imagery and specificity. Response A uses ""roadblock,"" which is a common metaphor for obstacles but lacks the vividness and immediacy of Response B's ""brick wall."" A brick wall implies a more sudden, solid, and insurmountable barrier, aligning more closely with the implicit meaning of a sudden stop. While both are coherent, Response B's imagery is more striking and directly captures the abruptness of the hindrance. [RESULT] B"
"Like a speeding train, the force crashes through all barriers.",she pressed her way through life.,A,"Feedback: Response A effectively captures the implicit meaning of unstoppable power and momentum by using the vivid imagery of a speeding train crashing through barriers, which aligns closely with the intended concept. The metaphor is highly imaginative and coherent, clearly conveying the idea of overwhelming force. In contrast, Response B, ""she pressed her way through life,"" loosely reflects the idea of persistence but lacks the vivid imagery and direct alignment with unstoppable power and momentum. It is more generic and less imaginative compared to Response A. Therefore, Response A better meets the criteria for clarity, accuracy, and imaginative representation. [RESULT] A"
Language is a garden where meaning blooms.,her mind was a garden that grew with knowledge.,A,"Feedback: Both metaphors use the garden imagery, but they differ in their focus and alignment with the implicit meaning. Response A directly links language to the garden, emphasizing the growth of meaning, which closely aligns with the implicit meaning of language developing like flowers. The imagery is vivid and coherent, capturing the essence of the idea. Response B, while imaginative, shifts the focus to a person's mind growing with knowledge, which is a related but slightly different concept. It does not directly address the growth of language itself, making it less aligned with the implicit meaning. Response A is more accurate and imaginative in representing the original idea. [RESULT] A"
"These facts are floating in space, disconnected from reality.",a ship without an anchor is a lost voyage.,A,"Feedback: Response A uses the imagery of ""facts floating in space, disconnected from reality,"" which directly aligns with the implicit meaning of information lacking context or grounding. The metaphor is vivid and coherent, effectively conveying the idea of disconnection and lack of grounding. Response B, ""a ship without an anchor is a lost voyage,"" while imaginative, focuses more on the idea of being lost or directionless rather than specifically addressing the lack of context or grounding in reality. Although both metaphors are imaginative, Response A more closely captures the implicit meaning with clearer and more direct imagery. [RESULT] A"
These treasures I guard are the duties I must protect.,she managed her responsibilities with a firm grip.,A,"Feedback: Response A directly aligns with the implicit meaning by explicitly comparing duties to treasures and emphasizing their need for protection, creating a vivid and coherent image that closely mirrors the intended concept. Response B, while conveying responsibility management, lacks the explicit treasure analogy and protection aspect, making it less aligned with the implicit meaning. Both responses are coherent, but Response A is more imaginative and accurate in capturing the idea of duties as valuable treasures requiring safeguarding. [RESULT] A"
The community developed antibodies against extremist propaganda.,it had a shell of resistance around it.,A,"Feedback: Both metaphors aim to convey the community's defense against harmful ideologies, but they differ in their approach and effectiveness. Response A, ""The community developed antibodies against extremist propaganda,"" directly aligns with the implicit meaning by using the biological concept of antibodies, which are natural defenses, to represent the community's resistance. This metaphor is vivid and coherent, clearly linking the community's actions to a well-understood natural process. Response B, ""it had a shell of resistance around it,"" while suggesting protection, lacks the specificity and natural defense analogy present in Response A. The imagery of a shell is somewhat generic and does not as strongly evoke the idea of a built-in, natural defense mechanism. Therefore, Response A more closely captures the implicit meaning with clearer and more imaginative imagery. [RESULT] A"
Their relationship conducts a harmonious ensemble.,their relationship is like a thread that weaves people together in harmony.,B,"Feedback: Both metaphors aim to convey the implicit meaning of perfect synchronization and balance, but they differ in their approach and effectiveness. Response A uses the metaphor of a ""harmonious ensemble,"" which captures the idea of balance and synchronization but lacks specificity in how the relationship achieves this harmony. The imagery is somewhat abstract and could be more vivid. Response B, on the other hand, employs the metaphor of a ""thread that weaves people together in harmony,"" which more clearly illustrates the active process of maintaining balance and connection. The imagery in Response B is more concrete and imaginative, effectively conveying the intended concept. While both responses align with the implicit meaning, Response B does so with greater clarity and vividness. [RESULT] B"
The media's bias induced a national nausea of disgust.,the media's reporting was a plague on public trust.,A,"Feedback: Both metaphors aim to convey the negative impact of media bias on the nation, but they differ in their approach and effectiveness. Response A uses ""national nausea of disgust"" to directly link the media's bias with a physical and emotional reaction, aligning closely with the implicit meaning of the nation feeling sick and disgusted. The imagery is vivid and coherent, effectively capturing the intended concept. Response B, on the other hand, compares the media's reporting to a ""plague on public trust,"" which is a strong metaphor but focuses more on the erosion of trust rather than the emotional and physical reaction of disgust. While it aligns with the broader negative impact, it is less precise in conveying the specific feeling of sickness and disgust. Response A is more imaginative and directly captures the implicit meaning, making it the clearer and more accurate representation. [RESULT] A"
Life's conveyor belt carries events steadily ahead.,"the train of life keeps moving forward, no matter what.",B,"Feedback: Both metaphors effectively convey the implicit meaning of life's continuous and mechanical progression. Response A uses the imagery of a ""conveyor belt,"" which aligns well with the mechanical aspect but lacks the dynamic movement implied in the implicit meaning. Response B employs the metaphor of a ""train,"" which more vividly captures the idea of steady, unstoppable forward motion. While both are coherent and relevant, Response B's imagery is more dynamic and aligns more closely with the intended concept of continuous movement. [RESULT] B"
His mind climbed to clearer perspectives.,he opened his mind to new perspectives.,A,"Feedback: Both responses aim to convey the implicit meaning of achieving better understanding or clarity of thought, but they differ in their approach and effectiveness. Response A uses the metaphor of ""climbing to clearer perspectives,"" which vividly conveys effort and progression toward clarity, aligning well with the implicit meaning. The imagery of climbing suggests a journey or struggle, adding depth and coherence. Response B, on the other hand, uses the metaphor of ""opening his mind to new perspectives,"" which is more straightforward but less imaginative. While it captures the idea of gaining new insights, it lacks the vividness and effort implied in the implicit meaning. Response A’s imagery is more coherent and closely aligned with the intended concept, making it the stronger choice. [RESULT] A"
We're scaling the cliffs of passing seconds.,life is a journey.,A,"Feedback: Response A (""We're scaling the cliffs of passing seconds"") aligns closely with the implicit meaning of time as a challenging upward struggle, using vivid and coherent imagery that captures the effort and difficulty inherent in the concept. The metaphor of scaling cliffs effectively conveys the struggle and upward motion, making it highly imaginative and accurate. In contrast, Response B (""life is a journey"") is a generic metaphor that, while widely understood, does not specifically capture the challenging or upward struggle aspect of time. It lacks the vividness and specificity needed to align closely with the implicit meaning. Therefore, Response A is the clearer, more accurate, and more imaginative representation. [RESULT] A"
Writing is the compass that guides wandering ideas home.,writing is the map to navigate the labyrinth of thoughts.,B,"Feedback: Both metaphors effectively convey the implicit meaning that writing provides direction and structure to scattered thoughts. Response A uses the imagery of a ""compass"" guiding ""wandering ideas home,"" which is vivid and aligns closely with the idea of direction. However, it emphasizes guidance more than structure. Response B employs the imagery of a ""map"" to ""navigate the labyrinth of thoughts,"" which is equally vivid and directly incorporates both direction and structure through the concept of a map and labyrinth. While both are imaginative and coherent, Response B more comprehensively captures the dual aspects of direction and structure inherent in the implicit meaning. [RESULT] B"
These scattered facts need to be mapped out.,she organized her thoughts into a cohesive framework.,B,"Feedback: Both responses aim to convey the implicit meaning of organizing disorganized information, but they differ in their approach and effectiveness. Response A uses the metaphor of ""mapping out scattered facts,"" which aligns with the idea of structuring information but lacks vivid imagery and feels somewhat generic. It suggests a process of organizing but doesn't fully capture the transformation from chaos to order. Response B, on the other hand, uses the metaphor of ""organizing thoughts into a cohesive framework,"" which is more vivid and directly aligns with the implicit meaning. It effectively conveys the transformation of disorganized thoughts into a structured system, making it clearer and more imaginative. While both responses reflect the intended meaning, Response B does so with greater clarity and coherence. [RESULT] B"
The river of events flows endlessly downstream.,life moves forward like an unstoppable freight train.,B,"Feedback: Both metaphors effectively convey the implicit meaning of time and events being continuous and unstoppable. Response A uses the imagery of a ""river of events"" flowing ""endlessly downstream,"" which aligns well with the idea of continuity and inevitability, though it is somewhat generic and lacks a strong sense of urgency or force. Response B, on the other hand, employs the metaphor of ""life mov[ing] forward like an unstoppable freight train,"" which is more vivid and dynamic, emphasizing the unstoppable and powerful nature of time and events. While both metaphors capture the intended concept, Response B does so with more imaginative and compelling imagery, making it a clearer and more accurate representation. [RESULT] B"
She walked herself into a new career path.,she charted a course and sailed through her career.,B,"Feedback: Both metaphors aim to convey the idea of progressing towards a new professional direction, but they differ in their imagery and alignment with the implicit meaning. Response A, ""She walked herself into a new career path,"" uses a straightforward and literal action (walking) to represent the transition, which aligns with the idea of making progress but lacks vividness and imaginative depth. Response B, ""she charted a course and sailed through her career,"" employs a more elaborate and vivid metaphor involving navigation and sailing, which not only captures the concept of progress but also adds a sense of purpose, direction, and smooth advancement. While both responses reflect the implicit meaning, Response B is more imaginative and coherent in its imagery, effectively conveying the intended concept with greater clarity and creativity. [RESULT] B"
The fog lifts to reveal countless trails ahead.,"as clarity rises, a new landscape unfolds.",A,"Feedback: Both responses aim to capture the implicit meaning of clarity emerging from confusion about life choices, but they differ in their approach and effectiveness. Response A uses the imagery of ""fog lifting to reveal countless trails ahead,"" which vividly conveys the idea of confusion clearing to present multiple options. The metaphor is coherent and aligns well with the implicit meaning, though it could be more imaginative by exploring the emotional or psychological aspects of the transition. Response B, ""as clarity rises, a new landscape unfolds,"" is more abstract and less vivid in its imagery. While it captures the emergence of clarity, the ""new landscape"" is a more generic representation of new possibilities compared to the specific and tangible ""trails"" in Response A. Response A is more imaginative and coherent in conveying the intended concept. [RESULT] A"
His time account was running dangerously low.,he was racing against the clock to finish.,A,"Feedback: Response A directly aligns with the implicit meaning by comparing time to a bank account, emphasizing its precious and finite nature, which mirrors the concept of money in an account. The imagery is vivid and coherent, effectively conveying the urgency and scarcity of time. Response B, while capturing the urgency of time running out, does not explicitly link time to a bank account or money, making it less aligned with the implicit meaning. It uses a common racing metaphor, which is less imaginative and original compared to Response A. Therefore, Response A better captures the intended concept with clearer and more imaginative imagery. [RESULT] A"
The lines waltz around the composition.,a harmonious dance of lines and shapes.,B,"Feedback: Both responses aim to convey the implicit meaning of graceful and flowing movement, but they differ in their approach and effectiveness. Response A, ""The lines waltz around the composition,"" uses the specific imagery of a waltz, which inherently conveys grace and flow, aligning closely with the implicit meaning. However, it focuses solely on the lines and their movement, which is vivid but somewhat limited in scope. Response B, ""a harmonious dance of lines and shapes,"" broadens the imagery by including both lines and shapes, creating a more comprehensive and harmonious scene that still captures the graceful and flowing movement. The use of ""harmonious dance"" is highly imaginative and vivid, enhancing the coherence and richness of the metaphor. While both responses are effective, Response B better captures the implicit meaning with its broader and more imaginative imagery. [RESULT] B"
The news struck her mind like a hammer on glass.,the news was a bombshell that shattered her world.,B,"Feedback: Both metaphors effectively convey the implicit meaning of a sudden, devastating psychological impact, but they differ in their imagery and coherence. Response A uses the image of a hammer striking glass, which vividly captures the sudden and sharp nature of the impact but may be less imaginative and slightly more literal. Response B employs the metaphor of a bombshell shattering her world, which is highly imaginative and aligns closely with the implicit meaning by emphasizing both the suddenness and the devastating effect on her entire reality. While both are strong, Response B’s imagery is more vivid and coherent in conveying the intended concept. [RESULT] B"
"The footsteps of time echo behind us, growing ever closer.",time is a shadow that lengthens our lives.,A,"Feedback: Both metaphors attempt to capture the implicit meaning of time pursuing and catching up to us, but they differ in their approach and effectiveness. Response A uses the imagery of ""footsteps of time"" echoing and growing closer, which directly conveys the idea of time as a pursuer, creating a sense of urgency and proximity. The metaphor is vivid and aligns closely with the implicit meaning, earning a score of 5. Response B, on the other hand, describes time as a ""shadow that lengthens our lives,"" which is more abstract and less directly tied to the concept of pursuit. While it suggests the omnipresence of time, it lacks the immediacy and clarity of Response A, earning a score of 4. The commonality between the two is their attempt to personify time, but Response A does so more effectively by using a more dynamic and relatable image. [RESULT] A"
She's mainlining validation through constant selfie-posting.,she was a moth to the flame of social validation.,A,"Feedback: Both metaphors effectively convey the implicit meaning of addiction to social media validation, but they differ in their approach and vividness. Response A uses a direct and modern analogy of ""mainlining validation,"" which is a strong and clear image that aligns closely with the addictive nature of the behavior. It is highly imaginative and directly ties the action of posting selfies to the need for validation. Response B, on the other hand, employs a classic and universally understood metaphor of a ""moth to the flame,"" which is vivid and coherent but slightly less original. While it captures the irresistible draw and potential danger of seeking validation, it is a more generic image compared to the specificity of Response A. Both are strong, but Response A edges out due to its modern relevance and precise imagery. [RESULT] A"
Each second is a meteor hurtling toward Earth's atmosphere.,time is a relentless tide that pulls us toward the future.,B,"Feedback: Both metaphors aim to convey the rapid and dramatic passage of time, but they differ in their approach and effectiveness. Response A, ""Each second is a meteor hurtling toward Earth's atmosphere,"" uses a vivid and dramatic image of a meteor, which aligns well with the implicit meaning of time passing rapidly and dramatically. However, it focuses on individual seconds, which might not fully capture the continuous flow of time. Response B, ""time is a relentless tide that pulls us toward the future,"" employs the imagery of a tide, which effectively conveys the relentless and unstoppable nature of time's passage. The tide metaphor is more coherent in representing the continuous and inescapable movement of time, aligning closely with the implicit meaning. While both metaphors are imaginative, Response B's imagery is more consistent with the concept of time as a continuous force. [RESULT] B"
The chef extended flavors to simple ingredients.,she cooked life's recipe with a pinch of love.,B,"Feedback: Response A directly addresses the transformation of simple ingredients into complex flavors, aligning closely with the implicit meaning. However, it lacks vivid imagery and creativity, making it somewhat generic. Response B introduces a more imaginative and vivid metaphor by comparing cooking to ""life's recipe with a pinch of love,"" which adds emotional depth but slightly deviates from the specific focus on transforming basic ingredients. While both responses capture the core idea, Response B is more imaginative and engaging, though less precise in conveying the exact transformation process. [RESULT] B"
The competing theories engaged in a survival of the fittest.,"theories competed like athletes in a race, with the strongest emerging victorious.",B,"Feedback: Both responses effectively convey the concept of academic competition and dominance, but they differ in their imagery and alignment with the implicit meaning. Response A uses the phrase ""survival of the fittest,"" which is a well-known concept from evolutionary biology, creating a vivid and coherent image of theories competing for dominance. However, it may be slightly less imaginative as it relies on a pre-existing phrase. Response B, on the other hand, introduces a new analogy of theories competing like athletes in a race, which is more original and imaginative. It also clearly highlights the idea of the strongest emerging victorious, aligning closely with the implicit meaning. While both responses are strong, Response B's more creative and precise imagery gives it a slight edge. [RESULT] B"
Our schedule is bouncing like a rubber ball.,life's timeline is a rollercoaster of twists and turns.,B,"Feedback: Both metaphors aim to convey the idea of unpredictability and constant change, but they differ in their approach and effectiveness. Response A, ""Our schedule is bouncing like a rubber ball,"" captures the unpredictability through the imagery of a rubber ball's erratic movement, which aligns with the implicit meaning. However, the metaphor is somewhat generic and lacks the depth to fully convey the constant and dynamic nature of change. Response B, ""Life's timeline is a rollercoaster of twists and turns,"" uses a more vivid and imaginative analogy, effectively capturing both the unpredictability and the continuous, dramatic shifts implied in the implicit meaning. The rollercoaster metaphor is more coherent and richer in imagery, making it a clearer and more accurate representation of the original idea. [RESULT] B"
Their love hit a dead end.,her heart was a stone wall.,B,"Feedback: Both metaphors attempt to convey the idea of a relationship with no future, but they differ in their approach and effectiveness. Response A, ""Their love hit a dead end,"" directly implies a lack of progress or resolution, aligning well with the implicit meaning. However, it uses a common phrase that lacks vivid or imaginative imagery, earning it a score of 3. Response B, ""her heart was a stone wall,"" introduces a more vivid and imaginative image, effectively symbolizing emotional impenetrability and a lack of future. This metaphor aligns closely with the implicit meaning and uses coherent, evocative imagery, earning it a score of 5. [RESULT] B"
The memories fractured like a dropped mirror in her mind.,her memories were a jigsaw puzzle with missing pieces.,A,"Feedback: Both metaphors aim to convey the implicit meaning of broken and scattered thoughts causing mental distress, but they differ in their approach and vividness. Response A, ""The memories fractured like a dropped mirror in her mind,"" uses the imagery of a shattered mirror to represent fragmented memories, which is highly vivid and aligns closely with the idea of brokenness and scattering. The metaphor effectively captures the mental distress by implying sharp, uncontrollable fragments, mirroring the chaos in the mind. Response B, ""her memories were a jigsaw puzzle with missing pieces,"" while conveying the idea of incompleteness and fragmentation, lacks the same level of vividness and immediacy. The jigsaw puzzle metaphor is more structured and implies a potential for reassembly, which slightly diverges from the implicit meaning of uncontrollable scattering and distress. Response A’s imagery is more imaginative and coherent with the intended concept, making it a clearer and more accurate representation. [RESULT] A"
The government is society's brain.,the conductor orchestrates society's symphony of needs and actions.,B,"Feedback: Both metaphors aim to convey control and direction, but they differ in their approach and vividness. Response A directly likens the government to ""society's brain,"" which aligns closely with the implicit meaning of control and direction, akin to a brain controlling a body. However, the imagery is somewhat generic and lacks depth. Response B, on the other hand, uses the metaphor of a ""conductor orchestrating society's symphony of needs and actions,"" which is more imaginative and vivid. It not only captures the idea of control and direction but also adds a layer of harmony and coordination, enhancing the imagery. While both metaphors align with the implicit meaning, Response B does so with greater creativity and coherence. [RESULT] B"
Their public image is a glossy magazine cover.,she was a finely polished piece of art.,A,"Feedback: Both metaphors aim to convey the idea of a superficial and artificially polished appearance, but they differ in their approach and effectiveness. Response A, ""Their public image is a glossy magazine cover,"" directly links the concept of a polished appearance to a tangible, widely recognized object, making it clear and relatable. The imagery is vivid and aligns well with the implicit meaning, as glossy magazine covers are often associated with artificial enhancement and superficial beauty. Response B, ""She was a finely polished piece of art,"" also conveys the idea of artificial refinement but is more abstract and less directly tied to the concept of superficiality. While the metaphor is imaginative and coherent, it leans more toward suggesting a high level of craftsmanship or perfection rather than explicitly highlighting the artificial or superficial nature. Response A more closely captures the intended meaning with clearer and more direct imagery. [RESULT] A"
Philosophy is an endless ocean with depths yet to be explored.,a sea of endless questions to navigate.,A,"Feedback: Both metaphors aim to convey the vastness and mystery of philosophy, but they differ in their imagery and alignment with the implicit meaning. Response A uses the metaphor of an ""endless ocean with depths yet to be explored,"" which vividly captures the idea of vastness, mystery, and undiscovered knowledge, aligning closely with the implicit meaning. The imagery is coherent and highly imaginative, earning a score of 5. Response B, on the other hand, describes philosophy as ""a sea of endless questions to navigate,"" which emphasizes the vastness and the act of exploration but focuses more on questions rather than the depth of knowledge. While it aligns with the idea of vastness, it is less vivid and slightly less aligned with the implicit meaning, particularly the aspect of undiscovered knowledge, earning a score of 4. [RESULT] A"
The body's fever is its thermal weapon against pathogens.,the body's temperature is a warrior's shield against invaders.,A,"Feedback: Both metaphors effectively convey the implicit meaning that fever is a defense mechanism against disease, but they differ in their imagery and coherence. Response A uses the phrase ""thermal weapon,"" which is vivid and aligns closely with the idea of fever as an active, aggressive defense. It directly links the body's heat to a weapon, creating a clear and imaginative picture. Response B, on the other hand, describes temperature as a ""warrior's shield,"" which is also vivid but slightly less direct in conveying the active nature of fever. The shield metaphor implies protection but lacks the aggressive, weapon-like imagery of Response A. Both are coherent, but Response A’s imagery is more precise and aligns better with the intended concept of fever as an active defense mechanism. [RESULT] A"
Love is two melodies weaving into one song.,love is a symphony of two unique melodies in harmony.,B,"Feedback: Both metaphors effectively convey the implicit meaning of two separate entities becoming harmoniously united, but they differ in their vividness and coherence. Response A, ""Love is two melodies weaving into one song,"" captures the idea of unity through the act of weaving, which is a clear and imaginative image. However, it is slightly less vivid compared to Response B, ""Love is a symphony of two unique melodies in harmony,"" which enhances the imagery by introducing the concept of a symphony, adding depth and grandeur to the metaphor. Response B also emphasizes the uniqueness of the melodies, aligning more closely with the implicit meaning of separate entities. While both are strong, Response B stands out for its richer and more detailed imagery. [RESULT] B"
Yesterday's seeds grow into tomorrow's consequences.,her life is a river constantly flowing and changing.,A,"Feedback: Both metaphors aim to convey the idea that present actions have future effects, but they differ in their approach and effectiveness. Response A directly links ""yesterday's seeds"" to ""tomorrow's consequences,"" creating a clear and vivid image of cause and effect, which aligns closely with the implicit meaning. The imagery is coherent and imaginative, effectively capturing the intended concept. Response B, while poetic, uses the metaphor of a ""river constantly flowing and changing"" to represent life, which is more abstract and less directly tied to the idea of present actions shaping future outcomes. Although it conveys change and progression, it lacks the specificity and clarity of Response A in relation to the implicit meaning. Therefore, Response A is more successful in its alignment with the intended concept, vividness, and coherence. [RESULT] A"
His emotional equilibrium is a well-calibrated scale.,a calm sea is his emotional state.,A,"Feedback: Both metaphors aim to convey the idea of perfect emotional balance and stability, but they differ in their approach and effectiveness. Response A, ""His emotional equilibrium is a well-calibrated scale,"" directly references balance through the imagery of a scale, which is a precise and clear metaphor for equilibrium. It aligns closely with the implicit meaning and uses coherent imagery, though it may lack vividness and imagination. Response B, ""a calm sea is his emotional state,"" uses the imagery of a calm sea to represent emotional stability, which is vivid and evocative. However, it focuses more on the absence of turmoil rather than the concept of balance, making it slightly less aligned with the implicit meaning of perfect emotional balance. Response A is more accurate in capturing the intended concept, while Response B is more imaginative but less precise. [RESULT] A"
Untrodden paths hold treasures waiting to be discovered.,a hidden treasure trove of potential success.,A,"Feedback: Both responses aim to convey the implicit meaning of new opportunities leading to valuable discoveries, but they differ in their approach and effectiveness. Response A uses the imagery of ""untrodden paths"" and ""treasures waiting to be discovered,"" which vividly captures the idea of exploring new opportunities and finding hidden value. The metaphor is coherent and imaginative, aligning closely with the implicit meaning. Response B, while also touching on the concept of hidden value with ""treasure trove,"" focuses more on ""potential success"" rather than the act of discovery, making it slightly less aligned with the implicit meaning of new opportunities leading to discoveries. Additionally, the imagery in Response B is less vivid and more generic compared to Response A. Therefore, Response A better captures the implicit meaning with more vivid and coherent imagery. [RESULT] A"
His emotions are earthed like a lightning rod.,he is a calm sea in a storm.,B,"Feedback: Both metaphors aim to convey the idea of controlled and grounded emotions, but they differ in their approach and effectiveness. Response A, ""His emotions are earthed like a lightning rod,"" uses the imagery of grounding to suggest emotional stability, which aligns well with the implicit meaning. However, the metaphor is somewhat abstract and may require more interpretation to fully grasp the intended concept. Response B, ""He is a calm sea in a storm,"" directly contrasts tranquility with chaos, providing a vivid and coherent image that clearly conveys emotional control in turbulent situations. While both metaphors are imaginative, Response B excels in clarity and vividness, making it a more effective representation of the implicit meaning. [RESULT] B"
The research team's efforts pulse with vital energy.,a well-oiled machine of productivity.,A,"Feedback: Both metaphors aim to convey the team's dynamic and lively work, but they differ in their approach and effectiveness. Response A uses the imagery of ""pulsing with vital energy,"" which captures the liveliness and intensity of the team's efforts, aligning closely with the implicit meaning. The metaphor is vivid and evokes a sense of vitality and movement. Response B, on the other hand, describes the team as a ""well-oiled machine of productivity,"" which emphasizes efficiency and smoothness but lacks the dynamic and alive aspect of the implicit meaning. While it conveys productivity, it doesn’t fully capture the energetic and vibrant nature intended. Response A’s imagery is more imaginative and coherent with the implicit meaning, making it the better choice. [RESULT] A"
Their passion was a blinding sunrise that consumed the dawn.,their love was a storm that engulfed all else.,B,"Feedback: Both metaphors aim to convey overwhelming intensity, but they differ in their approach and alignment with the implicit meaning. Response A uses the imagery of a ""blinding sunrise consuming the dawn,"" which captures intensity but focuses more on a radiant, illuminating quality rather than overshadowing. The metaphor is vivid and coherent but slightly misaligned with the idea of overshadowing everything else. Response B, with ""a storm that engulfed all else,"" directly aligns with the implicit meaning by emphasizing overwhelming force and all-encompassing nature, effectively overshadowing everything. While both are imaginative, Response B more accurately and vividly conveys the intended concept. [RESULT] B"
His determination was an unstoppable momentum carrying him through obstacles.,his strong resolve was a shield against setbacks.,A,"Feedback: Both metaphors aim to capture the implicit meaning of unwavering persistence against challenges, but they differ in their approach and effectiveness. Response A uses the imagery of ""unstoppable momentum,"" which vividly conveys the idea of continuous forward movement despite obstacles, aligning closely with the concept of persistence. The metaphor is dynamic and imaginative, earning a score of 5. Response B, on the other hand, likens strong resolve to a ""shield against setbacks,"" which effectively conveys protection and resilience but lacks the same sense of forward motion and dynamism. While it aligns well with the meaning, the imagery is slightly less vivid and original, earning a score of 4. [RESULT] A"
We need to navigate through these murky waters carefully.,she navigated the fog of uncertainty with care.,B,"Feedback: Both metaphors effectively convey the implicit meaning of dealing with an uncertain or risky situation, but they differ in their imagery and specificity. Response A uses ""murky waters"" to symbolize uncertainty, which is a common and clear metaphor, though somewhat generic. Response B, on the other hand, employs ""fog of uncertainty,"" which is more vivid and directly ties the imagery to the concept of uncertainty, enhancing its coherence and imaginative appeal. While both are strong, Response B’s imagery is more precise and evocative, aligning closely with the intended meaning and tone. [RESULT] B"
The whiskey was a tornado that tore through his balance.,"tags. remember, it must be 10 words or fewer, and should consist only of the metaphor itself.

<metaphor>
[your metaphor here, 10 words maximum]",A,"Feedback: Response A effectively captures the destructive nature of alcohol on coordination and stability by comparing it to a tornado, which is vivid and aligns closely with the implicit meaning. However, Response B is incomplete and does not provide a metaphor to evaluate, making it impossible to assess its quality or alignment with the implicit meaning. Therefore, based on the given criteria, Response A is the only viable option for evaluation. [RESULT] A"
The team members are notes in a perfect chord.,each member is a note in a symphony of collaboration.,B,"Feedback: Both metaphors effectively convey the implicit meaning of harmony and perfect collaboration, but they differ in their scope and imagery. Response A uses the concept of a ""perfect chord,"" which is a concise and vivid representation of harmony, directly aligning with the idea of a small, perfectly balanced group. Response B expands the imagery to a ""symphony of collaboration,"" which is more elaborate and suggests a larger, ongoing process of teamwork, adding depth and a sense of progression. While both are imaginative and coherent, Response B’s use of ""symphony"" provides a richer and more dynamic imagery that better captures the complexity and continuity of collaboration. Response A, though precise, is slightly more limited in its scope. [RESULT] B"
Their communication interface was incompatible.,two ships passing in the night.,B,"Feedback: Response B, ""two ships passing in the night,"" is more imaginative and vivid compared to Response A, which merely states ""Their communication interface was incompatible."" Response B effectively captures the implicit meaning of two people unable to understand or connect with each other by using a well-known metaphor that conveys the idea of missed opportunities and lack of interaction. The imagery of ships passing in the night is coherent and evocative, aligning closely with the intended concept. In contrast, Response A, while accurate, lacks the imaginative and emotional depth that Response B provides. It relies on a technical description rather than a creative metaphor, making it less engaging and less aligned with the implicit meaning. Therefore, Response B better meets the criteria of being clearer, more accurate, and more imaginative. [RESULT] B"
Time hands wisdom to those who wait.,time is a sculptor of wisdom.,B,"Feedback: Both metaphors aim to convey the implicit meaning that patience leads to knowledge and understanding. Response A, ""Time hands wisdom to those who wait,"" directly links waiting (patience) with receiving wisdom, aligning well with the implicit meaning. However, the imagery is somewhat passive and lacks vividness, as it merely describes a transaction rather than creating a dynamic or transformative image. Response B, ""Time is a sculptor of wisdom,"" uses a more imaginative and vivid analogy, portraying time as an active force that shapes wisdom over time, which better captures the transformative aspect of patience leading to understanding. While both responses align with the implicit meaning, Response B excels in imagery and coherence, making it a clearer and more imaginative representation. [RESULT] B"
Love is two hands completing one embrace.,a relationship is a dance of two partners moving in harmony.,A,"Feedback: Both metaphors aim to capture the implicit meaning of unity and connection, but they differ in their approach and effectiveness. Response A, ""Love is two hands completing one embrace,"" directly emphasizes the physical and emotional unity of two individuals, creating a vivid and coherent image of togetherness. It aligns closely with the implicit meaning by focusing on the act of embracing, which symbolizes a deep, mutual connection. Response B, ""a relationship is a dance of two partners moving in harmony,"" also conveys unity and connection but does so through the metaphor of a dance, which introduces an element of dynamic interaction and mutual adaptation. While both metaphors are imaginative and coherent, Response A is more direct and vivid in its representation of unity, as it avoids the additional layer of complexity introduced by the dance metaphor. Response B, however, offers a broader and more nuanced perspective on connection by emphasizing the ongoing, harmonious interaction between partners. Based on the criteria, Response A scores a 5 for its highly imaginative, vivid, and direct alignment with the implicit meaning, while Response B scores a 4 for its well-aligned but slightly less vivid and more abstract imagery. [RESULT] A"
Events are racing down a highway of change.,the world is moving forward with unstoppable momentum.,B,"Feedback: Both metaphors aim to convey the rapid and unstoppable progression of events, but they differ in their approach and effectiveness. Response A uses the imagery of ""events racing down a highway of change,"" which captures the speed and directionality of progression but lacks the sense of inevitability and forcefulness present in the implicit meaning. The highway metaphor is somewhat vivid but doesn't fully emphasize the unstoppable nature of the progression. Response B, on the other hand, states that ""the world is moving forward with unstoppable momentum,"" which directly aligns with the implicit meaning by highlighting both the rapidity and the unyielding force of the progression. The imagery in Response B is more coherent and vivid in conveying the intended concept, making it a clearer and more accurate representation. [RESULT] B"
Laughter is a volatile compound of friendship.,laughter is the glue that binds friendships together gently.,B,"Feedback: Response A uses the metaphor of laughter as a ""volatile compound,"" which captures the explosive nature of joy in friendship but leans more toward unpredictability and instability, slightly diverging from the implicit meaning of consistent, shared happiness. Response B, however, describes laughter as ""glue,"" emphasizing its role in binding friendships together, which aligns more closely with the idea of friendship creating moments of joy and happiness, though it lacks the explosive imagery intended. Both metaphors are coherent but differ in their focus: Response A on volatility and Response B on unity. Response B better conveys the implicit meaning by directly linking laughter to the strengthening of friendships, albeit with less vivid imagery compared to the explosive concept. [RESULT] B"
Love is the inheritance they share.,their love is a solid rock built from shared life experiences.,A,"Feedback: Both responses aim to convey the idea of love as a shared, enduring legacy, but they differ in their approach and effectiveness. Response A uses the metaphor of ""inheritance,"" which aligns with the implicit meaning of love being passed down like a family heirloom, capturing the concept of intergenerational sharing. However, it lacks vivid imagery and feels somewhat abstract, making it less engaging. Response B, on the other hand, employs the metaphor of a ""solid rock built from shared life experiences,"" which emphasizes the enduring and foundational nature of love. While it conveys strength and stability, it diverges slightly from the heirloom analogy by focusing more on the accumulation of experiences rather than the passing down of something precious. Response B is more vivid and coherent in its imagery but less closely aligned with the implicit meaning of love as a familial inheritance. Response A, despite its abstractness, more directly reflects the intended concept of love as a passed-down heirloom. [RESULT] A"
She labeled each obligation container with careful precision.,a well-organized desk with a prioritized to-do list.,A,"Feedback: Response A uses the metaphor of ""labeling obligation containers with careful precision,"" which effectively conveys meticulous organization through the imagery of handling and categorizing responsibilities as if they were physical items. This aligns closely with the implicit meaning of organizing responsibilities meticulously, offering a vivid and coherent picture. Response B, on the other hand, describes ""a well-organized desk with a prioritized to-do list,"" which is more literal and less imaginative. While it captures the concept of organization, it lacks the depth and creativity of Response A in portraying meticulousness. Response A is more vivid and aligns better with the implicit meaning, making it the superior metaphor. [RESULT] A"
The conference was an intellectual buffet.,a smorgasbord of ideas to choose from.,A,"Feedback: Both metaphors aim to convey the implicit meaning of an abundant variety of ideas and knowledge available for consumption. Response A, ""The conference was an intellectual buffet,"" aligns closely with the implicit meaning by using the term ""intellectual"" to emphasize the nature of the content and ""buffet"" to suggest a wide array of choices. Response B, ""a smorgasbord of ideas to choose from,"" also captures the idea of variety but lacks the explicit connection to the intellectual or knowledge aspect, relying solely on ""ideas."" While both are vivid and coherent, Response A is more precise in aligning with the implicit meaning by incorporating the intellectual dimension, making it a clearer and more accurate representation. [RESULT] A"
The company digested the new acquisition slowly.,the company became a well-fitting puzzle piece in the business.,A,"Feedback: Response A uses the metaphor of ""digesting"" to convey the gradual process of integrating a new acquisition, which aligns well with the implicit meaning of a company slowly processing a new business purchase. The imagery is coherent and effectively captures the idea of a slow, methodical integration. Response B, on the other hand, compares the company to a ""well-fitting puzzle piece,"" which suggests a seamless fit but does not explicitly convey the gradual nature of the integration process. While both metaphors are relevant, Response A more closely aligns with the implicit meaning by emphasizing the slow and deliberate nature of the integration. Response B, while imaginative, lacks the specificity needed to fully capture the gradual aspect. [RESULT] A"
Love is a winding road with unexpected turns.,she ran herself into a better situation.,A,"Feedback: Response A effectively captures the implicit meaning by using the metaphor of a ""winding road with unexpected turns,"" which vividly conveys the unpredictability and surprises inherent in love. The imagery is coherent and aligns closely with the intended concept, making it a clear and imaginative representation. In contrast, Response B, ""she ran herself into a better situation,"" does not directly relate to the implicit meaning of love's unpredictability and surprises. It focuses more on personal improvement rather than the inherent nature of love, making it less aligned with the intended concept. Response A is more vivid, coherent, and accurate in conveying the implicit meaning. [RESULT] A"
Each fork in the road branches into new horizons.,every decision is a crossroads to new possibilities.,A,"Feedback: Both Response A and Response B effectively convey the implicit meaning that life choices lead to different opportunities and possibilities. However, they differ in their imagery and coherence. Response A uses the metaphor of ""each fork in the road branches into new horizons,"" which is vivid and aligns well with the idea of branching paths leading to new opportunities. It captures the concept of multiple directions and the expansive nature of possibilities. Response B, on the other hand, uses ""every decision is a crossroads to new possibilities,"" which is equally clear and coherent but slightly less imaginative. While it accurately reflects the idea of decisions leading to new paths, the imagery of a crossroads is more common and less vivid compared to the branching horizons in Response A. Both metaphors align closely with the implicit meaning, but Response A stands out for its more original and evocative imagery. [RESULT] A"
We're traversing the rocky valleys of our past.,our struggles are the shadows of our past.,A,"Feedback: Both metaphors attempt to convey the implicit meaning of dealing with difficult memories and experiences, but they differ in their approach and effectiveness. Response A uses the imagery of ""rocky valleys"" to symbolize the challenges and hardships of the past, which is vivid and coherent, aligning well with the implicit meaning (Score: 4). Response B, on the other hand, compares struggles to ""shadows of our past,"" which is a more abstract and less vivid imagery, though it still captures the idea of past difficulties lingering (Score: 3). Response A is more imaginative and directly ties the metaphor to the act of traversing through difficulties, making it a clearer and more accurate representation. [RESULT] A"
She stands firm like a deeply rooted tree in emotional storms.,she was a lioness in the jungle.,A,"Feedback: Both metaphors aim to convey emotional stability and resilience, but they differ in their approach and effectiveness. Response A, ""She stands firm like a deeply rooted tree in emotional storms,"" directly aligns with the implicit meaning by emphasizing stability and resilience through the imagery of a deeply rooted tree, which is vivid and coherent. It clearly captures the idea of remaining steadfast in difficult times. Response B, ""she was a lioness in the jungle,"" while imaginative, focuses more on strength and dominance rather than emotional stability. The lioness metaphor is vivid but less aligned with the specific concept of resilience in emotional storms, as it leans more toward physical or assertive strength. Response A better captures the intended meaning with clearer and more relevant imagery. [RESULT] A"
He devoured every opportunity that came his way.,a hungry man devours every chance that comes his way.,A,"Feedback: Both metaphors effectively convey the implicit meaning of eagerly seizing opportunities with intense hunger for success. However, Response A is more direct and concise, focusing solely on the action of devouring opportunities, which aligns closely with the intended concept. Response B introduces the additional imagery of a ""hungry man,"" which, while vivid, slightly dilutes the metaphor's focus by adding an unnecessary layer of personification. Response A's simplicity and directness make it a clearer and more accurate representation of the original idea. [RESULT] A"
Her feet are firmly planted in reality.,she is a calm sea in a storm.,A,"Feedback: Both metaphors attempt to convey the idea of being grounded and practical, but they differ in their approach and effectiveness. Response A directly links the concept to a physical action (""feet firmly planted in reality""), which is straightforward and aligns well with the implicit meaning, though it lacks imaginative depth. Response B uses a more creative image (""a calm sea in a storm""), which is vivid and conveys resilience and stability, but it slightly deviates from the focus on practicality and real-world thinking. While Response B is more imaginative, it doesn’t capture the implicit meaning as precisely as Response A. Response A, though less imaginative, is clearer and more accurate in representing the intended concept. [RESULT] A"
The alcohol demolished his composure like a wrecking ball.,a wild animal in a cage.,A,"Feedback: Response A effectively captures the implicit meaning by using the vivid imagery of a wrecking ball to convey the complete destruction of composure, aligning closely with the idea of alcohol demolishing self-control and dignity. The metaphor is coherent and imaginative, directly linking the action of demolition to the loss of control. Response B, while suggesting a loss of control with the image of a wild animal in a cage, does not explicitly convey the complete destruction of self-control and dignity as clearly as Response A. The imagery in Response B is somewhat vivid but lacks the directness and specificity needed to fully align with the implicit meaning. Response A is more accurate and imaginative in representing the original idea. [RESULT] A"
The facts lined up perfectly in the investigation.,a puzzle piece fit perfectly into place.,B,"Feedback: Both metaphors aim to convey the idea of evidence aligning in an orderly and conclusive manner. Response A, ""The facts lined up perfectly in the investigation,"" directly references the alignment of facts, which aligns well with the implicit meaning but lacks vivid imagery and creativity, earning a score of 3. Response B, ""a puzzle piece fit perfectly into place,"" uses a more imaginative and vivid analogy, effectively capturing the concept of orderly alignment and conclusiveness, earning a score of 5. While both responses convey the intended meaning, Response B does so with greater clarity, creativity, and vividness. [RESULT] B"
His jokes left deep emotional scars that never fully healed.,her jokes were the sunshine of their lives.,A,"Feedback: Response A aligns closely with the implicit meaning of ""Hurtful words cause lasting emotional damage"" by using vivid imagery of ""deep emotional scars that never fully healed,"" which effectively conveys the lasting and profound impact of hurtful words. The metaphor is coherent and imaginative, capturing the intended concept with clarity. In contrast, Response B, ""her jokes were the sunshine of their lives,"" diverges significantly from the implicit meaning, as it portrays jokes positively rather than addressing the harm caused by hurtful words. While the imagery in Response B is vivid, it fails to align with the intended concept, making it incoherent in this context. [RESULT] A"
Her feelings raced through her mind like a speeding train.,she was a stormy sea of emotions.,A,"Feedback: Both metaphors aim to capture the overwhelming rush of emotions, but they differ in their approach and effectiveness. Response A uses the imagery of a ""speeding train"" to convey the quick and intense movement of feelings, which aligns well with the implicit meaning of rapid and powerful emotions. The train metaphor is vivid and coherent, effectively suggesting a sense of urgency and force. Response B, on the other hand, compares the individual to a ""stormy sea of emotions,"" which captures the intensity and turbulence but lacks the element of speed and direction present in the implicit meaning. While both metaphors are imaginative, Response A more closely aligns with the intended concept of a quick and overwhelming emotional rush. [RESULT] A"
Possessions are the anchors of property ownership.,her belongings were her passport to a secure future.,A,"Feedback: Both metaphors attempt to convey the idea of material belongings having a restrictive effect, but they differ in their approach and effectiveness. Response A uses the metaphor of ""anchors,"" which aligns with the implicit meaning of being weighed down and fixed in place, capturing the restrictive aspect well. However, it lacks vividness and originality, as anchors are a common metaphor for something holding one back. Response B, on the other hand, uses ""passport"" to suggest that belongings provide security, which is a more imaginative and vivid image but diverges from the implicit meaning of being weighed down, as a passport implies freedom rather than restriction. Response A more closely aligns with the intended meaning despite its lack of originality, while Response B is more imaginative but less accurate. [RESULT] A"
